idx,ppq,per_block_sample,per_block_exact_offset
0,0.0,0,0.0
1,0.010416666666666666,230,37.68749999999999
2,0.020833333333333332,459,11.374999999999975
3,0.03125,689,241.0625
4,0.041666666666666664,919,470.74999999999994
5,0.05208333333333333,1148,124.43749999999987
6,0.071875,1585,176.8437499999998
7,0.08229166666666667,1815,406.5312499999999
8,0.09270833333333332,2044,60.21874999999982
9,0.103125,2274,161.90624999999974
10,0.11354166666666665,2504,135.5937499999998
11,0.12395833333333332,2733,365.2812499999999
12,0.125,2756,388.2500000000001
13,0.13541666666666666,2986,41.937500000000064
14,0.14583333333333334,3216,143.62500000000028
15,0.15625,3445,117.31249999999974
16,0.16666666666666666,3675,346.99999999999955
17,0.17708333333333331,3905,0.6874999999997702
18,0.196875,4341,53.09375000000014
19,0.20729166666666665,4571,282.78124999999994
20,0.21770833333333334,4800,0.4687500000002606
21,0.228125,5030,38.156249999999794
22,0.23854166666666665,5260,11.843749999999853
23,0.24895833333333334,5490,241.53125000000026
24,0.25,5513,264.50000000000017
25,0.2604166666666667,5742,494.18750000000057
26,0.2708333333333333,5972,19.875000000000036
27,0.28125,6202,249.56250000000045
28,0.2916666666666667,6431,223.2500000000005
29,0.3020833333333333,6661,452.93749999999966
30,0.321875,7097,185.34375000000085
31,0.3322916666666667,7327,159.0312500000009
32,0.34270833333333334,7557,388.7187500000001
33,0.353125,7786,42.40625000000093
34,0.3635416666666667,8016,144.09375000000117
35,0.37395833333333334,8246,117.78125
36,0.375,8269,140.74999999999991
37,0.3854166666666667,8498,370.43750000000034
38,0.3958333333333333,8728,24.12499999999995
39,0.40625,8958,125.81250000000018
40,0.4166666666666667,9188,99.50000000000024
41,0.4270833333333333,9417,329.18749999999943
42,0.446875,9854,61.59375000000058
43,0.4572916666666667,10083,35.28125000000065
44,0.46770833333333334,10313,264.96874999999983
45,0.478125,10543,494.6562500000002
46,0.4885416666666667,10772,20.343750000000906
47,0.49895833333333334,11002,250.03125000000009
48,0.5,11025,16.99999999999966
49,0.5104166666666666,11255,246.68749999999883
50,0.5208333333333334,11484,476.37500000000045
51,0.53125,11714,2.0624999999999227
52,0.5416666666666666,11944,231.74999999999912
53,0.5520833333333334,12173,205.4375000000004
54,0.571875,12610,65.8437500000005
55,0.5822916666666667,12840,167.53124999999952
56,0.5927083333333334,13069,141.2187500000008
57,0.603125,13299,370.90625
58,0.6135416666666667,13529,24.5937499999996
59,0.6239583333333334,13758,126.28125000000105
60,0.625,13781,149.24999999999974
61,0.6354166666666666,14011,122.93749999999858
62,0.6458333333333334,14241,352.6250000000002
63,0.65625,14470,6.3124999999998375
64,0.6666666666666666,14700,107.99999999999885
65,0.6770833333333334,14930,81.68750000000013
66,0.696875,15366,6.0937500000015525
67,0.7072916666666667,15596,43.78124999999925
68,0.7177083333333334,15825,17.468750000000533
69,0.728125,16055,247.15624999999972
70,0.7385416666666667,16285,476.8437499999989
71,0.7489583333333334,16515,2.5312500000007954
72,0.75,16537,25.49999999999949
73,0.7604166666666666,16767,255.18749999999866
74,0.7708333333333334,16997,228.87499999999994
75,0.78125,17227,458.56249999999915
76,0.7916666666666666,17456,112.24999999999876
77,0.8020833333333334,17686,213.93750000000023
78,0.821875,18122,394.34374999999955
79,0.8322916666666667,18352,48.03124999999916
80,0.8427083333333334,18582,149.71875000000063
81,0.853125,18811,123.40624999999946
82,0.8635416666666667,19041,353.09374999999864
83,0.8739583333333334,19271,6.7812500000007105
84,0.875,19294,29.749999999999403
85,0.8854166666666666,19523,131.4374999999984
86,0.8958333333333334,19753,105.1249999999997
87,0.90625,19983,334.81249999999886
88,0.9166666666666666,20212,52.499999999999815
89,0.9270833333333334,20442,90.18749999999996
90,0.946875,20879,270.59374999999926
91,0.9572916666666667,21108,500.28124999999847
92,0.9677083333333334,21338,25.968750000000362
93,0.978125,21568,255.65624999999955
94,0.9885416666666667,21797,229.34375000000082
95,0.9989583333333334,22027,459.03125000000244
96,1.0,22050,482.00000000000114
97,1.0104166666666667,22280,7.687500000000602
98,1.0208333333333333,22509,237.37499999999733
99,1.03125,22739,211.0624999999986
100,1.0416666666666667,22969,440.7500000000002
101,1.0520833333333333,23198,94.43749999999987
102,1.071875,23635,146.8437499999966
103,1.0822916666666667,23865,376.5312499999982
104,1.0927083333333332,24094,30.21874999999783
105,1.103125,24324,131.90624999999685
106,1.1135416666666667,24554,105.59374999999812
107,1.1239583333333332,24783,335.2812499999949
108,1.125,24806,358.24999999999847
109,1.1354166666666667,25036,11.937500000002965
110,1.1458333333333333,25266,113.62499999999707
111,1.15625,25495,87.31249999999837
112,1.1666666666666667,25725,317.0
113,1.1770833333333333,25955,34.68749999999603
114,1.196875,26391,23.093749999996316
115,1.2072916666666667,26621,252.78124999999795
116,1.2177083333333332,26850,482.46874999999466
117,1.228125,27080,8.156249999996579
118,1.2385416666666667,27310,237.8437499999982
119,1.2489583333333332,27540,211.5312499999946
120,1.25,27562,234.49999999999818
121,1.2604166666666667,27792,464.18749999999983
122,1.2708333333333333,28022,117.87499999999945
123,1.28125,28252,219.56249999999844
124,1.2916666666666667,28481,193.24999999999974
125,1.3020833333333333,28711,422.9374999999965
126,1.321875,29147,155.34374999999642
127,1.3322916666666667,29377,129.0312499999977
128,1.3427083333333332,29607,358.71874999999443
129,1.353125,29836,12.406249999998941
130,1.3635416666666667,30066,114.09374999999795
131,1.3739583333333332,30296,87.78124999999434
132,1.375,30319,110.74999999999793
133,1.3854166666666667,30548,340.43749999999955
134,1.3958333333333333,30778,58.12500000000049
135,1.40625,31008,95.8124999999982
136,1.4166666666666667,31237,69.49999999999947
137,1.4270833333333333,31467,299.1874999999962
138,1.446875,31904,31.593749999996145
139,1.4572916666666667,32133,5.281249999997428
140,1.4677083333333332,32363,234.96874999999417
141,1.478125,32593,464.6562499999958
142,1.4885416666666667,32822,118.34375000000031
143,1.4989583333333332,33052,220.03124999999443
144,1.5,33075,242.999999999998
145,1.5104166666666667,33305,216.6874999999993
146,1.5208333333333333,33534,446.374999999996
147,1.53125,33764,100.06250000000055
148,1.5416666666666667,33994,201.74999999999957
149,1.5520833333333333,34223,175.43749999999594
150,1.571875,34660,35.84374999999851
151,1.5822916666666667,34890,137.53124999999753
152,1.5927083333333332,35119,111.2187499999988
153,1.603125,35349,340.90625000000045
154,1.6135416666666667,35579,58.593750000001364
155,1.6239583333333332,35808,96.28124999999417
156,1.625,35831,119.24999999999775
157,1.6354166666666667,36061,92.93750000000394
158,1.6458333333333333,36291,322.6250000000007
159,1.65625,36520,40.312500000001606
160,1.6666666666666667,36750,77.9999999999993
161,1.6770833333333333,36980,51.68750000000058
162,1.696875,37416,488.0937500000003
163,1.7072916666666667,37646,13.781249999997257
164,1.7177083333333332,37875,243.468749999994
165,1.728125,38105,217.15625000000017
166,1.7385416666666667,38335,446.8437500000018
167,1.7489583333333332,38565,100.53124999999653
168,1.75,38588,123.50000000000011
169,1.7604166666666667,38817,225.18750000000404
170,1.7708333333333333,39047,198.87500000000043
171,1.78125,39277,428.56250000000205
172,1.7916666666666667,39506,82.25000000000166
173,1.8020833333333333,39736,183.93750000000068
174,1.821875,40172,364.34375
175,1.8322916666666667,40402,18.03124999999962
176,1.8427083333333332,40632,119.71874999999864
177,1.853125,40861,93.40624999999991
178,1.8635416666666667,41091,323.09375000000153
179,1.8739583333333332,41321,40.781249999997584
180,1.875,41344,63.75000000000117
181,1.8854166666666667,41573,101.43750000000377
182,1.8958333333333333,41803,75.12500000000016
183,1.90625,42033,304.81250000000176
184,1.9166666666666667,42263,22.500000000002718
185,1.9270833333333333,42492,60.18750000000041
186,1.946875,42929,240.59374999999974
187,1.9572916666666667,43158,470.28125000000136
188,1.9677083333333332,43388,123.96874999999609
189,1.978125,43618,225.65625
190,1.9885416666666667,43847,199.34375000000128
191,1.9989583333333332,44077,429.031249999998
192,2.0,44100,452.0000000000016
193,2.0104166666666665,44330,105.68749999999633
194,2.0208333333333335,44559,207.37500000000026
195,2.03125,44789,181.06250000000153
196,2.0416666666666665,45019,410.74999999999824
197,2.0520833333333335,45248,64.43750000000767
198,2.071875,45685,116.84374999999459
199,2.0822916666666664,45915,346.5312499999913
200,2.0927083333333334,46144,0.21875000000073364
201,2.103125,46374,101.90624999999484
202,2.1135416666666664,46604,75.59374999999613
203,2.1239583333333334,46833,305.2812500000027
204,2.125,46856,328.25000000000136
205,2.1354166666666665,47086,45.937499999997385
206,2.1458333333333335,47316,83.62500000000487
207,2.15625,47545,57.31249999999637
208,2.1666666666666665,47775,286.9999999999931
209,2.1770833333333335,48005,4.687499999998934
210,2.196875,48441,249.09374999999469
211,2.2072916666666664,48671,222.78124999999596
212,2.2177083333333334,48900,452.4687500000025
213,2.228125,49130,106.1562500000021
214,2.2385416666666664,49360,207.84374999999622
215,2.2489583333333334,49590,181.5312499999975
216,2.25,49612,204.4999999999962
217,2.2604166666666665,49842,434.18749999999295
218,2.2708333333333335,50072,87.87500000000234
219,2.28125,50302,189.56249999999645
220,2.2916666666666665,50531,163.24999999999775
221,2.3020833333333335,50761,392.93750000000426
222,2.321875,51197,125.3437499999993
223,2.3322916666666664,51427,99.0312499999908
224,2.3427083333333334,51657,328.7187499999973
225,2.353125,51886,46.40624999999336
226,2.3635416666666664,52116,84.09374999999106
227,2.3739583333333334,52346,57.78125000000214
228,2.375,52369,80.75000000000084
229,2.3854166666666665,52598,310.43749999999756
230,2.3958333333333335,52828,28.125000000003396
231,2.40625,53058,65.8125000000011
232,2.4166666666666665,53287,39.49999999999258
233,2.4270833333333335,53517,269.1874999999991
234,2.446875,53954,1.593749999994154
235,2.4572916666666664,54183,231.28124999999088
236,2.4677083333333334,54413,204.96875000000196
237,2.478125,54643,434.6562499999987
238,2.4885416666666664,54872,88.34374999999832
239,2.4989583333333334,55102,190.03125000000222
240,2.5,55125,213.0000000000009
241,2.5104166666666665,55355,186.6874999999924
242,2.5208333333333335,55584,416.3749999999989
243,2.53125,55814,70.06249999999856
244,2.5416666666666665,56044,171.74999999999267
245,2.5520833333333335,56273,145.43750000000375
246,2.571875,56710,5.843750000001413
247,2.5822916666666664,56940,107.53124999999552
248,2.5927083333333334,57169,81.2187499999968
249,2.603125,57399,310.9062499999935
250,2.6135416666666664,57629,28.593749999999375
251,2.6239583333333334,57858,66.28124999999707
252,2.625,57881,89.24999999999577
253,2.6354166666666665,58111,62.93749999999705
254,2.6458333333333335,58341,292.6250000000036
255,2.65625,58570,10.312499999999613
256,2.6666666666666665,58800,47.999999999997314
257,2.6770833333333335,59030,21.687499999998593
258,2.696875,59466,458.09374999999335
259,2.7072916666666664,59696,111.781249999993
260,2.7177083333333334,59925,213.4687499999969
261,2.728125,60155,187.15624999999818
262,2.7385416666666664,60385,416.84374999999494
263,2.7489583333333334,60615,70.53125000000433
264,2.75,60638,93.50000000000303
265,2.7604166666666665,60867,195.18749999999713
266,2.7708333333333335,61097,168.8749999999984
267,2.78125,61327,398.56249999999517
268,2.7916666666666665,61556,52.24999999999478
269,2.8020833333333335,61786,153.9374999999987
270,2.821875,62222,334.343749999998
271,2.8322916666666664,62452,52.031249999994046
272,2.8427083333333334,62682,89.71875000000153
273,2.853125,62911,63.406250000002814
274,2.8635416666666664,63141,293.09374999999955
275,2.8739583333333334,63371,10.781250000005382
276,2.875,63394,33.75000000000408
277,2.8854166666666665,63623,71.43749999999199
278,2.8958333333333335,63853,45.125000000003055
279,2.90625,64083,274.8124999999998
280,2.9166666666666665,64312,504.49999999999653
281,2.9270833333333335,64542,30.18750000000332
282,2.946875,64979,210.59375000000264
283,2.9572916666666664,65208,440.2812499999994
284,2.9677083333333334,65438,93.968749999999
285,2.978125,65668,195.6562500000029
286,2.9885416666666664,65897,169.3437499999944
287,2.9989583333333334,66127,399.0312500000009
288,3.0,66150,421.9999999999996
289,3.0104166666666665,66380,75.68749999999925
290,3.0208333333333335,66609,177.37500000000315
291,3.03125,66839,151.06250000000443
292,3.0416666666666665,67069,380.75000000000114
293,3.0520833333333335,67298,34.43750000000079
294,3.071875,67735,86.84374999999748
295,3.0822916666666664,67965,316.5312499999942
296,3.0927083333333334,68194,34.21875000000006
297,3.103125,68424,71.90624999999775
298,3.1135416666666664,68654,45.593749999999034
299,3.1239583333333334,68883,275.28125000000557
300,3.125,68906,298.25000000000426
301,3.1354166666666665,69136,15.937500000000293
302,3.1458333333333335,69366,53.62500000000778
303,3.15625,69595,27.312499999999275
304,3.1666666666666665,69825,256.999999999996
305,3.1770833333333335,70055,486.68750000000256
306,3.196875,70491,219.09374999999758
307,3.2072916666666664,70721,192.78124999999886
308,3.2177083333333334,70950,422.4687500000054
309,3.228125,71180,76.15624999999523
310,3.2385416666666664,71410,177.84374999999912
311,3.2489583333333334,71640,151.5312500000004
312,3.25,71662,174.4999999999991
313,3.2604166666666665,71892,404.18749999999585
314,3.2708333333333335,72122,57.87500000000525
315,3.28125,72352,159.56249999999937
316,3.2916666666666665,72581,133.25000000000065
317,3.3020833333333335,72811,362.93750000000716
318,3.321875,73247,95.34375000000222
319,3.3322916666666664,73477,69.0312499999937
320,3.3427083333333334,73707,298.7187500000002
321,3.353125,73936,16.40624999999627
322,3.3635416666666664,74166,54.09374999999397
323,3.3739583333333334,74396,27.78125000000504
324,3.375,74419,50.75000000000374
325,3.3854166666666665,74648,280.43750000000045
326,3.3958333333333335,74878,510.125000000007
327,3.40625,75108,35.812500000004
328,3.4166666666666665,75337,9.49999999999549
329,3.4270833333333335,75567,239.18750000000202
330,3.446875,76004,99.59374999999969
331,3.4572916666666664,76233,201.2812499999938
332,3.4677083333333334,76463,174.96875000000486
333,3.478125,76693,404.6562500000016
334,3.4885416666666664,76922,58.34374999999143
335,3.4989583333333334,77152,160.03125000000514
336,3.5,77175,183.00000000000384
337,3.5104166666666665,77405,156.6874999999953
338,3.5208333333333335,77634,386.3750000000018
339,3.53125,77864,40.062500000001464
340,3.5416666666666665,78094,141.74999999999557
341,3.5520833333333335,78323,115.43750000000665
342,3.571875,78760,39.84375000000073
343,3.5822916666666664,78990,77.53124999999844
344,3.5927083333333334,79219,51.218749999999716
345,3.603125,79449,280.9062499999965
346,3.6135416666666664,79679,510.5937499999932
347,3.6239583333333334,79908,36.28124999999998
348,3.625,79931,59.24999999999867
349,3.6354166666666665,80161,32.93749999999995
350,3.6458333333333335,80391,262.6250000000065
351,3.65625,80620,492.31250000000324
352,3.6666666666666665,80850,18.000000000000217
353,3.6770833333333335,81080,247.68750000000674
354,3.696875,81516,428.09374999999625
355,3.7072916666666664,81746,81.7812499999959
356,3.7177083333333334,81975,183.4687499999998
357,3.728125,82205,157.15625000000108
358,3.7385416666666664,82435,386.84374999999784
359,3.7489583333333334,82665,40.53124999999744
360,3.75,82687,63.499999999996135
361,3.7604166666666665,82917,165.18750000000006
362,3.7708333333333335,83147,138.87500000000134
363,3.78125,83377,368.56249999999807
364,3.7916666666666665,83606,22.249999999997684
365,3.8020833333333335,83836,123.93750000000159
366,3.821875,84272,304.3437500000009
367,3.8322916666666664,84502,22.031249999996948
368,3.8427083333333334,84732,59.71875000000444
369,3.853125,84961,33.40624999999593
370,3.8635416666666664,85191,263.09374999999267
371,3.8739583333333334,85421,492.7812499999992
372,3.875,85444,3.749999999997189
373,3.8854166666666665,85673,41.437499999994884
374,3.8958333333333335,85903,15.125000000005961
375,3.90625,86133,244.8125000000027
376,3.9166666666666665,86362,474.49999999999943
377,3.9270833333333335,86592,0.18750000000622435
378,3.946875,87029,180.59374999999577
379,3.9572916666666664,87258,410.2812499999925
380,3.9677083333333334,87488,63.968750000001904
381,3.978125,87718,165.65624999999602
382,3.9885416666666664,87947,139.3437499999973
383,3.9989583333333334,88177,369.0312500000038
384,4.0,88200,392.0000000000025
385,4.010416666666667,88430,45.687500000002146
386,4.020833333333333,88659,147.37499999999625
387,4.03125,88889,121.06249999999754
388,4.041666666666667,89119,350.7500000000041
389,4.052083333333333,89348,4.437499999984107
390,4.071875,89785,56.84375000000039
391,4.082291666666667,90015,286.53125000000693
392,4.092708333333333,90244,4.218750000002958
393,4.103125,90474,41.906250000000654
394,4.113541666666667,90704,15.593750000021522
395,4.123958333333333,90933,245.28125000000847
396,4.125,90956,268.25000000000716
397,4.135416666666667,91186,497.9375000000137
398,4.145833333333333,91416,23.625000000000895
399,4.15625,91645,253.31250000000742
400,4.166666666666667,91875,227.0000000000087
401,4.177083333333333,92105,456.6874999999956
402,4.196875,92541,189.0937500000103
403,4.207291666666667,92771,162.78125000001157
404,4.217708333333333,93000,392.4687499999985
405,4.228125,93230,46.156249999998124
406,4.238541666666667,93460,147.84375000001182
407,4.248958333333333,93690,121.53124999999352
408,4.25,93712,144.4999999999922
409,4.260416666666667,93942,374.18749999999875
410,4.270833333333333,94172,27.874999999998362
411,4.28125,94402,129.56249999999247
412,4.291666666666667,94631,103.25000000001334
413,4.302083333333333,94861,332.9375000000003
414,4.321875,95297,65.34375000001491
415,4.332291666666667,95527,39.03125000001619
416,4.342708333333333,95757,268.7187500000031
417,4.353125,95986,498.40625000000966
418,4.363541666666667,96216,24.093750000016456
419,4.373958333333333,96446,253.7812500000034
420,4.375,96469,20.74999999999685
421,4.385416666666667,96698,250.43750000000338
422,4.395833333333333,96928,480.12499999999034
423,4.40625,97158,5.812499999997112
424,4.416666666666667,97388,235.50000000000364
425,4.427083333333333,97617,209.18749999998533
426,4.446875,98054,69.59375000001238
427,4.457291666666667,98283,171.28125000000648
428,4.467708333333333,98513,144.9687500000078
429,4.478125,98743,374.6562500000143
430,4.488541666666667,98972,28.343750000013923
431,4.498958333333333,99202,130.03125000000804
432,4.5,99225,153.00000000000674
433,4.510416666666667,99455,126.68750000000801
434,4.520833333333333,99684,356.37499999999494
435,4.53125,99914,10.062499999994579
436,4.541666666666667,100144,111.75000000000827
437,4.552083333333333,100373,85.43749999998997
438,4.571875,100810,9.84375000001343
439,4.582291666666667,101040,47.53125000001113
440,4.592708333333333,101269,21.218749999992824
441,4.603125,101499,250.90624999999935
442,4.613541666666667,101729,480.59375000000585
443,4.623958333333333,101958,6.281249999993088
444,4.625,101981,29.249999999991783
445,4.635416666666667,102211,2.9375000000126494
446,4.645833333333333,102441,232.6249999999996
447,4.65625,102670,462.31250000000614
448,4.666666666666667,102900,116.00000000000574
449,4.677083333333333,103130,217.68749999999986
450,4.696875,103566,398.093750000009
451,4.707291666666667,103796,51.7812500000086
452,4.717708333333333,104025,153.4687500000027
453,4.728125,104255,127.156250000004
454,4.738541666666667,104485,356.8437500000105
455,4.748958333333333,104715,10.53125000001014
456,4.75,104738,33.50000000000883
457,4.760416666666667,104967,135.18750000000296
458,4.770833333333333,105197,108.87499999998465
459,4.78125,105427,338.5624999999912
460,4.791666666666667,105656,56.25000000000679
461,4.802083333333333,105886,93.93749999998491
462,4.821875,106322,274.3437500000136
463,4.832291666666667,106552,504.0312500000201
464,4.842708333333333,106782,29.718750000007343
465,4.853125,107011,3.406250000008626
466,4.863541666666667,107241,233.09375000001515
467,4.873958333333333,107471,462.7812500000021
468,4.875,107494,485.7500000000008
469,4.885416666666667,107723,11.437500000007583
470,4.895833333333333,107953,241.12499999999451
471,4.90625,108183,214.81249999999582
472,4.916666666666667,108413,444.50000000000233
473,4.927083333333333,108642,98.18750000000196
474,4.946875,109079,150.59374999999866
475,4.957291666666667,109308,380.2812500000052
476,4.967708333333333,109538,33.96875000000481
477,4.978125,109768,135.65624999999892
478,4.988541666666667,109997,109.3437500000198
479,4.998958333333333,110227,339.0312500000067
480,5.0,110250,362.00000000000546
481,5.010416666666667,110480,15.68750000000505
482,5.020833333333333,110709,117.37499999999916
483,5.03125,110939,91.06250000000044
484,5.041666666666667,111169,320.750000000007
485,5.052083333333333,111398,38.43750000000301
486,5.071875,111835,26.843750000003297
487,5.082291666666667,112065,256.53125000000983
488,5.092708333333333,112294,486.21874999999676
489,5.103125,112524,11.90625000000356
490,5.113541666666667,112754,241.5937500000101
491,5.123958333333333,112983,215.2812499999918
492,5.125,113006,238.24999999999048
493,5.135416666666667,113236,467.937499999997
494,5.145833333333333,113466,121.62499999999663
495,5.15625,113695,223.31249999999073
496,5.166666666666667,113925,197.0000000000116
497,5.177083333333333,114155,426.6874999999986
498,5.196875,114591,159.0937500000132
499,5.207291666666667,114821,132.78125000001447
500,5.217708333333333,115050,362.4687500000014
501,5.228125,115280,16.156250000001027
502,5.238541666666667,115510,117.84375000001472
503,5.248958333333333,115740,91.53124999999642
504,5.25,115762,114.49999999999511
505,5.260416666666667,115992,344.18750000000165
506,5.270833333333333,116222,61.874999999997684
507,5.28125,116452,99.56249999999538
508,5.291666666666667,116681,73.25000000001624
509,5.302083333333333,116911,302.9375000000032
510,5.321875,117347,35.34374999999823
511,5.332291666666667,117577,9.031250000019098
512,5.342708333333333,117807,238.71875000000605
513,5.353125,118036,468.40625000001256
514,5.363541666666667,118266,122.0937500000122
515,5.373958333333333,118496,223.7812500000063
516,5.375,118519,246.750000000005
517,5.385416666666667,118748,220.43750000000628
518,5.395833333333333,118978,450.12499999999324
519,5.40625,119208,103.81249999999285
520,5.416666666666667,119438,205.50000000000654
521,5.427083333333333,119667,179.18749999998823
522,5.446875,120104,39.593750000015284
523,5.457291666666667,120333,141.2812500000094
524,5.467708333333333,120563,114.96875000001067
525,5.478125,120793,344.6562500000172
526,5.488541666666667,121022,62.343750000013245
527,5.498958333333333,121252,100.03125000001094
528,5.5,121275,123.00000000000963
529,5.510416666666667,121505,96.68750000001091
530,5.520833333333333,121734,326.37499999999784
531,5.53125,121964,44.062499999993896
532,5.541666666666667,122194,81.75000000001118
533,5.552083333333333,122423,55.43749999999288
534,5.571875,122860,491.8437500000072
535,5.582291666666667,123090,17.531250000014033
536,5.592708333333333,123319,247.21875000000097
537,5.603125,123549,220.90625000000225
538,5.613541666666667,123779,450.5937500000088
539,5.623958333333333,124008,104.28125000000841
540,5.625,124031,127.2500000000071
541,5.635416666666667,124261,228.93750000000122
542,5.645833333333333,124491,202.6250000000025
543,5.65625,124720,432.31250000000904
544,5.666666666666667,124950,86.00000000000864
545,5.677083333333333,125180,187.68750000000276
546,5.696875,125616,368.0937500000119
547,5.707291666666667,125846,21.781250000011497
548,5.717708333333333,126075,123.46875000000561
549,5.728125,126305,97.15625000000689
550,5.738541666666667,126535,326.8437500000134
551,5.748958333333333,126765,44.53125000000946
552,5.75,126787,3.499999999992154
553,5.760416666666667,127017,105.18750000000585
554,5.770833333333333,127247,78.87499999998755
555,5.78125,127477,308.5624999999941
556,5.791666666666667,127706,26.2500000000097
557,5.802083333333333,127936,63.937499999987814
558,5.821875,128372,244.3437500000165
559,5.832291666666667,128602,474.031250000023
560,5.842708333333333,128832,127.71875000000308
561,5.853125,129061,229.40625000001677
562,5.863541666666667,129291,203.09375000001805
563,5.873958333333333,129521,432.781250000005
564,5.875,129544,455.7500000000037
565,5.885416666666667,129773,109.43750000000333
566,5.895833333333333,130003,211.12499999999744
567,5.90625,130233,184.81249999999872
568,5.916666666666667,130463,414.50000000000523
569,5.927083333333333,130692,68.18749999998528
570,5.946875,131129,120.59375000000156
571,5.957291666666667,131358,350.2812500000081
572,5.967708333333333,131588,3.9687500000077147
573,5.978125,131818,105.65625000000183
574,5.988541666666667,132047,79.3437500000227
575,5.998958333333333,132277,309.03125000000966
576,6.0,132300,332.00000000000836
577,6.010416666666667,132530,49.68750000000437
578,6.020833333333333,132759,87.37500000000207
579,6.03125,132989,61.062500000003354
580,6.041666666666667,133219,290.7500000000099
581,6.052083333333333,133448,8.437499999986331
582,6.071875,133885,252.84375000001145
583,6.082291666666667,134115,226.53125000001273
584,6.092708333333333,134344,456.21874999999966
585,6.103125,134574,109.90624999999929
586,6.113541666666667,134804,211.593750000013
587,6.123958333333333,135033,185.28124999999469
588,6.125,135056,208.24999999999338
589,6.135416666666667,135286,437.9374999999999
590,6.145833333333333,135516,91.62499999999953
591,6.15625,135745,193.31249999999363
592,6.166666666666667,135975,167.00000000001452
593,6.177083333333333,136205,396.6875000000015
594,6.196875,136641,129.0937500000161
595,6.207291666666667,136871,102.78125000001737
596,6.217708333333333,137100,332.4687500000043
597,6.228125,137330,50.15625000000035
598,6.238541666666667,137560,87.84375000001762
599,6.248958333333333,137790,61.531249999999325
600,6.25,137812,84.49999999999802
601,6.260416666666667,138042,314.18750000000455
602,6.270833333333333,138272,31.875000000000586
603,6.28125,138502,69.56249999999828
604,6.291666666666667,138731,43.24999999999957
605,6.302083333333333,138961,272.9374999999865
606,6.321875,139397,5.343750000001135
607,6.332291666666667,139627,235.03125000000767
608,6.342708333333333,139857,208.71875000000895
609,6.353125,140086,438.40625000001546
610,6.363541666666667,140316,92.09375000001509
611,6.373958333333333,140546,193.7812500000092
612,6.375,140569,216.7500000000079
613,6.385416666666667,140798,190.43750000000918
614,6.395833333333333,141028,420.12499999999613
615,6.40625,141258,73.81249999999575
616,6.416666666666667,141488,175.50000000000944
617,6.427083333333333,141717,149.18749999999113
618,6.446875,142154,9.593749999998602
619,6.457291666666667,142383,111.2812500000123
620,6.467708333333333,142613,84.968749999994
621,6.478125,142843,314.6562500000005
622,6.488541666666667,143072,32.34375000001614
623,6.498958333333333,143302,70.03124999999426
624,6.5,143325,92.99999999999295
625,6.510416666666667,143555,66.68750000001383
626,6.520833333333333,143784,296.37500000000074
627,6.53125,144014,14.062499999996803
628,6.541666666666667,144244,51.75000000001408
629,6.552083333333333,144473,25.437499999995783
630,6.571875,144910,461.8437500000101
631,6.582291666666667,145140,115.53125000000976
632,6.592708333333333,145369,217.21875000000387
633,6.603125,145599,190.90625000000517
634,6.613541666666667,145829,420.5937500000117
635,6.623958333333333,146058,74.28124999999173
636,6.625,146081,97.24999999999042
637,6.635416666666667,146311,198.93750000000412
638,6.645833333333333,146541,172.62499999998582
639,6.65625,146770,402.3124999999923
640,6.666666666666667,147000,56.00000000001155
641,6.677083333333333,147230,157.68749999998607
642,6.696875,147666,338.0937500000148
643,6.707291666666667,147896,55.781250000010814
644,6.717708333333333,148125,93.46875000000851
645,6.728125,148355,67.1562500000098
646,6.738541666666667,148585,296.8437500000163
647,6.748958333333333,148815,14.531249999992779
648,6.75,148837,37.49999999999147
649,6.760416666666667,149067,75.18750000000875
650,6.770833333333333,149297,48.87499999999045
651,6.78125,149527,278.562499999997
652,6.791666666666667,149756,508.2500000000035
653,6.802083333333333,149986,33.93749999999072
654,6.821875,150422,214.34374999999983
655,6.832291666666667,150652,444.03125000000637
656,6.842708333333333,150882,97.71875000000598
657,6.853125,151111,199.40625000000009
658,6.863541666666667,151341,173.09375000002098
659,6.873958333333333,151571,402.7812500000079
660,6.875,151594,425.7500000000066
661,6.885416666666667,151823,79.43750000000622
662,6.895833333333333,152053,181.12500000000034
663,6.90625,152283,154.81250000000162
664,6.916666666666667,152513,384.50000000000813
665,6.927083333333333,152742,38.187499999988184
666,6.946875,153179,90.59375000000446
667,6.957291666666667,153408,320.28125000001097
668,6.967708333333333,153638,37.968750000007034
669,6.978125,153868,75.65625000000473
670,6.988541666666667,154097,49.34375000000601
671,6.998958333333333,154327,279.03124999999295
672,7.0,154350,301.99999999999164
673,7.010416666666667,154580,19.687500000007276
674,7.020833333333333,154809,57.37499999998539
675,7.03125,155039,31.062500000006253
676,7.041666666666667,155269,260.7500000000128
677,7.052083333333333,155498,490.4374999999997
678,7.071875,155935,222.84375000001435
679,7.082291666666667,156165,196.53125000001563
680,7.092708333333333,156394,426.21875000000256
681,7.103125,156624,79.9062500000022
682,7.113541666666667,156854,181.5937500000159
683,7.123958333333333,157083,155.28124999999758
684,7.125,157106,178.24999999999628
685,7.135416666666667,157336,407.93750000000284
686,7.145833333333333,157566,61.62500000000244
687,7.15625,157795,163.31249999999656
688,7.166666666666667,158025,136.99999999999784
689,7.177083333333333,158255,366.68749999998477
690,7.196875,158691,99.0937499999994
691,7.207291666666667,158921,72.78125000002026
692,7.217708333333333,159150,302.4687500000072
693,7.228125,159380,20.15625000000325
694,7.238541666666667,159610,57.843750000020535
695,7.248958333333333,159840,31.53125000000223
696,7.25,159863,54.500000000000924
697,7.260416666666667,160092,284.18750000000745
698,7.270833333333333,160322,1.8749999999839062
699,7.28125,160552,39.56250000000119
700,7.291666666666667,160781,13.250000000002471
701,7.302083333333333,161011,242.93749999998943
702,7.321875,161447,103.34375000001646
703,7.332291666666667,161677,205.03125000001057
704,7.342708333333333,161907,178.71874999999227
705,7.353125,162136,408.4062499999988
706,7.363541666666667,162366,62.093750000018
707,7.373958333333333,162596,163.78124999999253
708,7.375,162619,186.74999999999122
709,7.385416666666667,162848,160.43750000001208
710,7.395833333333333,163078,390.12499999999903
711,7.40625,163308,43.81249999999866
712,7.416666666666667,163538,145.50000000001236
713,7.427083333333333,163767,119.18749999999405
714,7.446875,164204,43.59375000001751
715,7.457291666666667,164433,81.2812500000152
716,7.467708333333333,164663,54.9687499999969
717,7.478125,164893,284.6562500000034
718,7.488541666666667,165122,2.3437500000190514
719,7.498958333333333,165352,40.031249999997165
720,7.5,165375,62.99999999999586
721,7.510416666666667,165605,36.687499999997144
722,7.520833333333333,165834,266.3749999999841
723,7.53125,166064,496.0624999999906
724,7.541666666666667,166294,21.749999999997407
725,7.552083333333333,166523,251.43749999998434
726,7.571875,166960,431.8437500000131
727,7.582291666666667,167190,85.53125000001268
728,7.592708333333333,167419,187.2187500000068
729,7.603125,167649,160.90625000000807
730,7.613541666666667,167879,390.5937500000146
731,7.623958333333333,168108,44.28124999999463
732,7.625,168131,67.24999999999332
733,7.635416666666667,168361,168.93750000000702
734,7.645833333333333,168591,142.62499999998872
735,7.65625,168820,372.3124999999952
736,7.666666666666667,169050,26.000000000014456
737,7.677083333333333,169280,127.68749999998899
738,7.696875,169716,308.0937499999981
739,7.707291666666667,169946,25.78125000001372
740,7.717708333333333,170175,63.468749999991836
741,7.728125,170405,37.156250000012705
742,7.738541666666667,170635,266.8437500000192
743,7.748958333333333,170865,496.5312500000062
744,7.75,170887,7.499999999994378
745,7.760416666666667,171117,45.18750000001166
746,7.770833333333333,171347,18.874999999993356
747,7.78125,171577,248.5624999999999
748,7.791666666666667,171806,478.2500000000064
749,7.802083333333333,172036,3.937499999993621
750,7.821875,172472,184.34375000000273
751,7.832291666666667,172702,414.03125000000927
752,7.842708333333333,172932,67.71875000000888
753,7.853125,173161,169.406250000003
754,7.863541666666667,173391,143.09375000002387
755,7.873958333333333,173621,372.7812500000108
756,7.875,173644,395.7500000000095
757,7.885416666666667,173873,49.43750000000912
758,7.895833333333333,174103,151.12500000000324
759,7.90625,174333,124.81250000000452
760,7.916666666666667,174563,354.500000000011
761,7.927083333333333,174792,8.187499999991088
762,7.946875,175229,60.593750000007375
763,7.957291666666667,175458,290.2812500000139
764,7.967708333333333,175688,7.968750000009939
765,7.978125,175918,45.65625000000764
766,7.988541666666667,176147,19.343750000008917
767,7.998958333333333,176377,249.03124999999585
768,8.0,176400,271.99999999999454
769,8.010416666666666,176630,501.6874999999815
770,8.020833333333334,176859,27.375000000007876
771,8.03125,177089,1.062500000009159
772,8.041666666666666,177319,230.7499999999961
773,8.052083333333334,177548,460.4375000000222
774,8.071875,177985,192.84375000001725
775,8.082291666666666,178215,166.53124999997937
776,8.092708333333334,178444,396.21875000000546
777,8.103125,178674,49.906250000024684
778,8.113541666666666,178904,151.59374999997962
779,8.123958333333334,179133,125.28125000002008
780,8.125,179156,148.2499999999992
781,8.135416666666666,179386,377.93749999998613
782,8.145833333333334,179616,31.625000000005343
783,8.15625,179845,133.31249999999946
784,8.166666666666666,180075,107.00000000000074
785,8.177083333333334,180305,336.68750000002683
786,8.196875,180741,69.09375000002188
787,8.207291666666666,180971,42.781249999984006
788,8.217708333333334,181200,272.4687500000101
789,8.228125,181430,502.15624999999704
790,8.238541666666666,181660,27.84374999998427
791,8.248958333333334,181890,1.5312500000247198
792,8.25,181913,24.50000000000383
793,8.260416666666666,182142,254.18749999999076
794,8.270833333333334,182372,483.8750000000169
795,8.28125,182602,9.562500000004093
796,8.291666666666666,182831,239.24999999999105
797,8.302083333333334,183061,212.9375000000315
798,8.321875,183497,73.34375000001936
799,8.332291666666666,183727,175.03125000001347
800,8.342708333333334,183957,148.71875000001475
801,8.353125,184186,378.4062500000017
802,8.363541666666666,184416,32.09374999998174
803,8.373958333333334,184646,133.781250000015
804,8.375,184669,156.74999999999412
805,8.385416666666666,184898,130.4374999999954
806,8.395833333333334,185128,360.12500000002154
807,8.40625,185358,13.81250000000156
808,8.416666666666666,185587,115.49999999999568
809,8.427083333333334,185817,89.18749999999696
810,8.446875,186254,13.59375000002041
811,8.457291666666666,186483,51.28124999997894
812,8.467708333333334,186713,24.96875000001939
813,8.478125,186943,254.65625000000634
814,8.488541666666666,187172,484.3437499999933
815,8.498958333333334,187402,10.031250000019654
816,8.5,187425,32.999999999998764
817,8.510416666666666,187655,6.687500000000046
818,8.520833333333334,187884,236.37500000002615
819,8.53125,188114,466.0625000000131
820,8.541666666666666,188344,119.74999999999314
821,8.552083333333334,188573,221.43750000002643
822,8.571875,189010,401.84374999999636
823,8.582291666666666,189240,55.53124999997641
824,8.592708333333334,189469,157.2187500000097
825,8.603125,189699,130.90625000001097
826,8.613541666666666,189929,360.5937499999979
827,8.623958333333334,190158,14.28125000001712
828,8.625,190181,37.249999999996234
829,8.635416666666666,190411,138.93749999999034
830,8.645833333333334,190641,112.6250000000308
831,8.65625,190870,342.31250000001774
832,8.666666666666666,191100,59.99999999999419
833,8.677083333333334,191330,97.68750000003106
834,8.696875,191766,278.093750000001
835,8.707291666666666,191996,507.78124999998795
836,8.717708333333334,192225,33.468750000014325
837,8.728125,192455,7.156250000015607
838,8.738541666666666,192685,236.84375000000256
839,8.748958333333334,192915,466.53125000002865
840,8.75,192938,489.5000000000078
841,8.760416666666666,193167,15.18749999999498
842,8.770833333333334,193397,244.8750000000211
843,8.78125,193627,218.5624999999832
844,8.791666666666666,193856,448.24999999997016
845,8.802083333333334,194086,101.93750000002852
846,8.821875,194522,154.34375000000563
847,8.832291666666666,194752,384.0312499999926
848,8.842708333333334,194982,37.718750000011795
849,8.853125,195211,139.4062500000059
850,8.863541666666666,195441,113.09375000000719
851,8.873958333333334,195671,342.7812500000333
852,8.875,195694,365.7500000000124
853,8.885416666666666,195923,19.437499999992447
854,8.895833333333334,196153,121.12500000002572
855,8.90625,196383,94.81249999998784
856,8.916666666666666,196612,324.49999999997476
857,8.927083333333334,196842,42.18750000002957
858,8.946875,197279,30.593750000010278
859,8.957291666666666,197508,260.2812499999972
860,8.967708333333334,197738,489.9687500000233
861,8.978125,197968,15.656250000010541
862,8.988541666666666,198197,245.3437499999975
863,8.998958333333334,198427,219.03125000003794
864,9.0,198450,242.00000000001705
865,9.010416666666666,198680,471.687500000004
866,9.020833333333334,198909,125.37500000002319
867,9.03125,199139,227.0625000000173
868,9.041666666666666,199369,200.74999999997942
869,9.052083333333334,199598,430.4375000000055
870,9.071875,200035,162.84375000000057
871,9.082291666666666,200265,136.53125000000185
872,9.092708333333334,200494,366.21875000002797
873,9.103125,200724,19.906250000008008
874,9.113541666666666,200954,121.59375000000212
875,9.123958333333334,201183,95.28125000000341
876,9.125,201206,118.24999999998252
877,9.135416666666666,201436,347.9374999999695
878,9.145833333333334,201666,1.625000000027832
879,9.15625,201895,103.31249999998278
880,9.166666666666666,202125,76.99999999998406
881,9.177083333333334,202355,306.6875000000102
882,9.196875,202791,39.093750000005215
883,9.207291666666666,203021,12.781250000006494
884,9.217708333333334,203250,242.4687500000326
885,9.228125,203480,472.15625000001955
886,9.238541666666666,203710,125.84374999999959
887,9.248958333333334,203940,227.53125000003286
888,9.25,203963,250.500000000012
889,9.260416666666666,204192,224.18749999997408
890,9.270833333333334,204422,453.8750000000002
891,9.28125,204652,107.56250000001941
892,9.291666666666666,204881,209.24999999997436
893,9.302083333333334,205111,182.9375000000148
894,9.321875,205547,43.34375000000268
895,9.332291666666666,205777,145.0312499999968
896,9.342708333333334,206007,118.71875000003725
897,9.353125,206236,348.4062500000242
898,9.363541666666666,206466,2.093750000004224
899,9.373958333333334,206696,103.7812500000375
900,9.375,206719,126.75000000001661
901,9.385416666666666,206948,100.43749999997873
902,9.395833333333334,207178,330.12500000000483
903,9.40625,207408,47.8124999999813
904,9.416666666666666,207637,85.499999999979
905,9.427083333333334,207867,59.18750000001944
906,9.446875,208304,495.5937500000142
907,9.457291666666666,208533,21.281250000001428
908,9.467708333333334,208763,250.96875000002754
909,9.478125,208993,224.65624999998965
910,9.488541666666666,209222,454.3437499999766
911,9.498958333333334,209452,108.03125000003497
912,9.5,209475,2.9999999999820837
913,9.510416666666666,209705,232.68749999996902
914,9.520833333333334,209934,206.3750000000095
915,9.53125,210164,436.0624999999964
916,9.541666666666666,210394,89.74999999997647
917,9.552083333333334,210623,191.43750000000975
918,9.571875,211060,371.8437500000189
919,9.582291666666666,211290,25.531249999998895
920,9.592708333333334,211519,127.21875000003217
921,9.603125,211749,100.90624999999429
922,9.613541666666666,211979,330.59374999998124
923,9.623958333333334,212208,48.281250000036025
924,9.625,212231,7.250000000018719
925,9.635416666666666,212461,108.93749999997367
926,9.645833333333334,212691,82.62500000001411
927,9.65625,212920,312.3125000000011
928,9.666666666666666,213150,29.99999999997751
929,9.677083333333334,213380,67.68750000001438
930,9.696875,213816,248.0937500000235
931,9.707291666666666,214046,477.78125000001046
932,9.717708333333334,214275,3.468750000036813
933,9.728125,214505,233.15625000002376
934,9.738541666666666,214735,206.84374999998587
935,9.748958333333334,214965,436.531250000012
936,9.75,214987,459.4999999999911
937,9.760416666666666,215217,113.18749999997112
938,9.770833333333334,215447,214.8750000000044
939,9.78125,215677,188.56250000000568
940,9.791666666666666,215906,418.2499999999926
941,9.802083333333334,216136,71.93750000001185
942,9.821875,216572,124.34374999998896
943,9.832291666666666,216802,354.0312499999759
944,9.842708333333334,217032,7.71875000003428
945,9.853125,217261,109.40624999998923
946,9.863541666666666,217491,83.09374999999051
947,9.873958333333334,217721,312.7812500000166
948,9.875,217744,335.74999999999574
949,9.885416666666666,217973,53.43749999997218
950,9.895833333333334,218203,91.12500000000905
951,9.90625,218433,64.81250000001033
952,9.916666666666666,218662,294.49999999999727
953,9.927083333333334,218892,12.187500000012896
954,9.946875,219329,0.593749999993598
955,9.957291666666666,219558,230.28124999998053
956,9.967708333333334,219788,459.96875000000665
957,9.978125,220018,113.65625000002586
958,9.988541666666666,220247,215.34374999998082
959,9.998958333333334,220477,189.03125000002126
960,10.0,220500,212.00000000000037
961,10.010416666666666,220730,441.6874999999873
962,10.020833333333334,220959,95.37500000000651
963,10.03125,221189,197.06250000000063
964,10.041666666666666,221419,170.7500000000019
965,10.052083333333334,221648,400.437500000028
966,10.071875,222085,132.84375000002308
967,10.082291666666666,222315,106.53124999998518
968,10.092708333333334,222544,336.2187500000113
969,10.103125,222774,53.906250000026915
970,10.113541666666666,223004,91.59374999998545
971,10.123958333333334,223233,65.28125000002589
972,10.125,223256,88.250000000005
973,10.135416666666666,223486,317.9374999999919
974,10.145833333333334,223716,35.62500000000757
975,10.15625,223945,73.31250000000526
976,10.166666666666666,224175,46.99999999996738
977,10.177083333333334,224405,276.6874999999935
978,10.196875,224841,9.093749999988532
979,10.207291666666666,225071,238.78124999997547
980,10.217708333333334,225300,212.46875000001592
981,10.228125,225530,442.15625000000284
982,10.238541666666666,225760,95.8437499999829
983,10.248958333333334,225990,197.5312500000162
984,10.25,226012,220.4999999999953
985,10.260416666666666,226242,194.1874999999966
986,10.270833333333334,226472,423.8750000000227
987,10.28125,226702,77.56250000000273
988,10.291666666666666,226931,179.24999999999685
989,10.302083333333334,227161,152.93749999999812
990,10.321875,227597,13.343750000025167
991,10.332291666666666,227827,115.0312499999801
992,10.342708333333334,228057,88.71875000002056
993,10.353125,228286,318.4062500000075
994,10.363541666666666,228516,36.093749999983956
995,10.373958333333334,228746,73.78125000002083
996,10.375,228769,96.74999999999994
997,10.385416666666666,228998,70.43750000000122
998,10.395833333333334,229228,300.12500000002734
999,10.40625,229458,17.812500000003784
1000,10.416666666666666,229688,55.50000000000148
1001,10.427083333333334,229917,29.187500000002764
1002,10.446875,230354,465.59374999999756
1003,10.457291666666666,230583,119.28124999997758
1004,10.467708333333334,230813,220.96875000001086
1005,10.478125,231043,194.65625000001214
1006,10.488541666666666,231272,424.3437499999991
1007,10.498958333333334,231502,78.03125000001829
1008,10.5,231525,100.9999999999974
1009,10.510416666666666,231755,202.68749999999153
1010,10.520833333333334,231984,176.37500000003197
1011,10.53125,232214,406.06250000001893
1012,10.541666666666666,232444,59.74999999999895
1013,10.552083333333334,232673,161.43750000003223
1014,10.571875,233110,341.84375000000216
1015,10.582291666666666,233340,59.53124999997863
1016,10.592708333333334,233569,97.21875000001549
1017,10.603125,233799,70.90625000001678
1018,10.613541666666666,234029,300.59375000000375
1019,10.623958333333334,234258,18.281250000019345
1020,10.625,234281,41.24999999999845
1021,10.635416666666666,234511,78.93749999999615
1022,10.645833333333334,234741,52.624999999997435
1023,10.65625,234970,282.31249999998437
1024,10.666666666666666,235200,511.99999999997135
1025,10.677083333333334,235430,37.6874999999977
1026,10.696875,235866,218.09375000000682
1027,10.707291666666666,236096,447.78124999999375
1028,10.717708333333334,236325,101.46875000001296
1029,10.728125,236555,203.15625000000708
1030,10.738541666666666,236785,176.84375000000836
1031,10.748958333333334,237015,406.53125000003445
1032,10.75,237038,429.5000000000136
1033,10.760416666666666,237267,83.18749999999362
1034,10.770833333333334,237497,184.8750000000269
1035,10.78125,237727,158.56249999998903
1036,10.791666666666666,237956,388.24999999997596
1037,10.802083333333334,238186,41.93749999999517
1038,10.821875,238622,94.34375000001145
1039,10.832291666666666,238852,324.0312499999984
1040,10.842708333333334,239082,41.71875000001401
1041,10.853125,239311,79.40625000001171
1042,10.863541666666666,239541,53.093750000012996
1043,10.873958333333334,239771,282.7812500000391
1044,10.875,239794,305.7500000000182
1045,10.885416666666666,240023,23.43749999999467
1046,10.895833333333334,240253,61.125000000031534
1047,10.90625,240483,34.81249999999365
1048,10.916666666666666,240712,264.4999999999806
1049,10.927083333333334,240942,494.1875000000067
1050,10.946875,241379,226.59375000000176
1051,10.957291666666666,241608,200.28125000000304
1052,10.967708333333334,241838,429.96875000002916
1053,10.978125,242068,83.65625000000918
1054,10.988541666666666,242297,185.3437500000033
1055,10.998958333333334,242527,159.03125000000458
1056,11.0,242550,181.9999999999837
1057,11.010416666666666,242780,411.6874999999706
1058,11.020833333333334,243009,65.375000000029
1059,11.03125,243239,167.06249999998394
1060,11.041666666666666,243469,140.74999999998522
1061,11.052083333333334,243698,370.43750000001137
1062,11.071875,244135,102.84375000000638
1063,11.082291666666666,244365,76.53125000000767
1064,11.092708333333334,244594,306.21875000003376
1065,11.103125,244824,23.906250000010232
1066,11.113541666666666,245054,61.59375000000793
1067,11.123958333333334,245283,35.28125000000921
1068,11.125,245306,58.24999999998832
1069,11.135416666666666,245536,287.9374999999753
1070,11.145833333333334,245766,5.625000000030056
1071,11.15625,245995,43.31249999998859
1072,11.166666666666666,246225,16.999999999989868
1073,11.177083333333334,246455,246.68750000001597
1074,11.196875,246891,107.09375000000385
1075,11.207291666666666,247121,208.78124999999795
1076,11.217708333333334,247350,182.46875000003843
1077,11.228125,247580,412.15625000002535
1078,11.238541666666666,247810,65.8437500000054
1079,11.248958333333334,248040,167.53125000003868
1080,11.25,248063,190.5000000000178
1081,11.260416666666666,248292,164.1874999999799
1082,11.270833333333334,248522,393.875000000006
1083,11.28125,248752,47.56249999998605
1084,11.291666666666666,248981,149.24999999998016
1085,11.302083333333334,249211,122.93750000002062
1086,11.321875,249647,47.3437500000049
1087,11.332291666666666,249877,85.0312500000026
1088,11.342708333333334,250107,58.71875000000388
1089,11.353125,250336,288.40624999999085
1090,11.363541666666666,250566,6.093750000006448
1091,11.373958333333334,250796,43.78125000000415
1092,11.375,250819,66.74999999998326
1093,11.385416666666666,251048,40.43749999998454
1094,11.395833333333334,251278,270.12500000001063
1095,11.40625,251508,499.8124999999976
1096,11.416666666666666,251737,25.4999999999848
1097,11.427083333333334,251967,255.1875000000109
1098,11.446875,252404,435.59375000002
1099,11.457291666666666,252633,89.28125000000007
1100,11.467708333333334,252863,190.96875000003334
1101,11.478125,253093,164.65624999999545
1102,11.488541666666666,253322,394.3437499999824
1103,11.498958333333334,253552,48.03125000000161
1104,11.5,253575,70.99999999998073
1105,11.510416666666666,253805,172.68749999997485
1106,11.520833333333334,254034,146.3750000000153
1107,11.53125,254264,376.0625000000022
1108,11.541666666666666,254494,29.74999999998227
1109,11.552083333333334,254723,131.43750000001555
1110,11.571875,255160,311.84375000002467
1111,11.582291666666666,255390,29.53125000000112
1112,11.592708333333334,255619,67.21875000003799
1113,11.603125,255849,40.9062500000001
1114,11.613541666666666,256079,270.59374999998704
1115,11.623958333333334,256308,500.28125000001313
1116,11.625,256331,11.249999999981775
1117,11.635416666666666,256561,48.93749999997947
1118,11.645833333333334,256791,22.625000000019924
1119,11.65625,257020,252.31250000000688
1120,11.666666666666666,257250,481.9999999999938
1121,11.677083333333334,257480,7.6875000000201865
1122,11.696875,257916,188.09374999999014
1123,11.707291666666666,258146,417.7812499999771
1124,11.717708333333334,258375,71.46875000003546
1125,11.728125,258605,173.1562499999904
1126,11.738541666666666,258835,146.84374999999167
1127,11.748958333333334,259065,376.5312500000178
1128,11.75,259087,399.49999999999693
1129,11.760416666666666,259317,53.187499999976936
1130,11.770833333333334,259547,154.87500000001023
1131,11.78125,259777,128.5625000000115
1132,11.791666666666666,260006,358.24999999999847
1133,11.802083333333334,260236,11.937500000017653
1134,11.821875,260672,64.34374999999477
1135,11.832291666666666,260902,294.0312499999817
1136,11.842708333333334,261132,11.718750000036504
1137,11.853125,261361,49.40624999999503
1138,11.863541666666666,261591,23.093749999996316
1139,11.873958333333334,261821,252.78125000002242
1140,11.875,261844,275.75000000000153
1141,11.885416666666666,262073,505.43749999998846
1142,11.895833333333334,262303,31.125000000014857
1143,11.90625,262533,4.81250000001614
1144,11.916666666666666,262763,234.50000000000307
1145,11.927083333333334,262992,464.1875000000292
1146,11.946875,263429,196.59375000002424
1147,11.957291666666666,263658,170.28124999998636
1148,11.967708333333334,263888,399.96875000001245
1149,11.978125,264118,53.6562499999925
1150,11.988541666666666,264347,155.3437499999866
1151,11.998958333333334,264577,129.03125000002706
1152,12.0,264600,152.00000000000617
1153,12.010416666666666,264830,381.6874999999931
1154,12.020833333333334,265059,35.37500000001232
1155,12.03125,265289,137.06250000000642
1156,12.041666666666666,265519,110.74999999996855
1157,12.052083333333334,265748,340.43749999999466
1158,12.071875,266185,72.84374999998971
1159,12.082291666666666,266415,46.53124999999099
1160,12.092708333333334,266644,276.2187500000171
1161,12.103125,266874,505.90625000000404
1162,12.113541666666666,267104,31.59374999999125
1163,12.123958333333334,267333,5.281250000031701
1164,12.125,267356,28.25000000001081
1165,12.135416666666666,267586,257.9374999999977
1166,12.145833333333334,267816,487.6250000000239
1167,12.15625,268045,13.312500000011074
1168,12.166666666666666,268275,242.999999999998
1169,12.177083333333334,268505,216.6874999999993
1170,12.196875,268941,77.09375000002635
1171,12.207291666666666,269171,178.7812499999813
1172,12.217708333333334,269400,152.46875000002174
1173,12.228125,269630,382.1562500000087
1174,12.238541666666666,269860,35.84374999998872
1175,12.248958333333334,270090,137.531250000022
1176,12.25,270113,160.5000000000011
1177,12.260416666666666,270342,134.1875000000024
1178,12.270833333333334,270572,363.8750000000285
1179,12.28125,270802,17.56250000000854
1180,12.291666666666666,271031,119.25000000000266
1181,12.302083333333334,271261,92.93750000000394
1182,12.321875,271697,17.34375000002739
1183,12.332291666666666,271927,55.03124999998592
1184,12.342708333333334,272157,28.718750000026372
1185,12.353125,272386,258.4062500000133
1186,12.363541666666666,272616,488.0937500000003
1187,12.373958333333334,272846,13.781250000026635
1188,12.375,272869,36.75000000000574
1189,12.385416666666666,273098,10.437499999967859
1190,12.395833333333334,273328,240.12499999999397
1191,12.40625,273558,469.8124999999809
1192,12.416666666666666,273788,123.50000000000011
1193,12.427083333333334,274017,225.18749999999423
1194,12.446875,274454,405.59375000000335
1195,12.457291666666666,274683,59.28124999998339
1196,12.467708333333334,274913,160.96875000001666
1197,12.478125,275143,134.65625000001796
1198,12.488541666666666,275372,364.3437500000049
1199,12.498958333333334,275602,18.0312500000241
1200,12.5,275625,41.00000000000321
1201,12.510416666666666,275855,142.68749999999733
1202,12.520833333333334,276084,116.37499999999861
1203,12.53125,276314,346.06249999998556
1204,12.541666666666666,276544,63.75000000000117
1205,12.552083333333334,276773,101.43749999999886
1206,12.571875,277210,281.84375000000796
1207,12.582291666666666,277440,511.53124999999494
1208,12.592708333333334,277669,37.2187500000213
1209,12.603125,277899,10.906250000022588
1210,12.613541666666666,278129,240.59375000000952
1211,12.623958333333334,278358,470.28125000003564
1212,12.625,278381,493.2500000000148
1213,12.635416666666666,278611,18.93750000000196
1214,12.645833333333334,278841,248.62500000002808
1215,12.65625,279070,222.3124999999902
1216,12.666666666666666,279300,451.99999999997715
1217,12.677083333333334,279530,105.68749999999633
1218,12.696875,279966,158.09375000001262
1219,12.707291666666666,280196,387.78124999999955
1220,12.717708333333334,280425,41.46875000001877
1221,12.728125,280655,143.15625000001288
1222,12.738541666666666,280885,116.84375000001417
1223,12.748958333333334,281115,346.5312500000403
1224,12.75,281138,369.5000000000194
1225,12.760416666666666,281367,23.187499999999428
1226,12.770833333333334,281597,124.87499999999355
1227,12.78125,281827,98.56249999999483
1228,12.791666666666666,282056,328.24999999998175
1229,12.802083333333334,282286,45.937499999997385
1230,12.821875,282722,34.34375000001726
1231,12.832291666666666,282952,264.0312500000042
1232,12.842708333333334,283182,493.7187500000303
1233,12.853125,283411,19.406250000017522
1234,12.863541666666666,283641,249.09375000000446
1235,12.873958333333334,283871,222.78125000000574
1236,12.875,283894,245.74999999998485
1237,12.885416666666666,284123,475.4374999999718
1238,12.895833333333334,284353,1.1249999999981775
1239,12.90625,284583,230.8124999999851
1240,12.916666666666666,284812,204.49999999998641
1241,12.927083333333334,285042,434.1875000000125
1242,12.946875,285479,166.59375000000756
1243,12.957291666666666,285708,140.28125000000884
1244,12.967708333333334,285938,369.96875000003496
1245,12.978125,286168,23.65625000001499
1246,12.988541666666666,286397,125.3437500000091
1247,12.998958333333334,286627,99.03125000001039
1248,13.0,286650,121.9999999999895
1249,13.010416666666666,286880,351.68749999997647
1250,13.020833333333334,287109,5.374999999995644
1251,13.03125,287339,107.06249999998975
1252,13.041666666666666,287569,80.74999999999105
1253,13.052083333333334,287798,310.43750000001717
1254,13.071875,288235,42.84375000001219
1255,13.082291666666666,288465,16.531250000013475
1256,13.092708333333334,288694,246.2187500000396
1257,13.103125,288924,475.90625000002655
1258,13.113541666666666,289154,1.5937500000137383
1259,13.123958333333334,289383,231.28125000003985
1260,13.125,289406,254.25000000001896
1261,13.135416666666666,289636,227.93749999998107
1262,13.145833333333334,289866,457.62500000000716
1263,13.15625,290095,111.31249999998722
1264,13.166666666666666,290325,212.99999999998133
1265,13.177083333333334,290555,186.6875000000218
1266,13.196875,290991,47.09375000000966
1267,13.207291666666666,291221,148.78125000000378
1268,13.217708333333334,291450,122.46875000000506
1269,13.228125,291680,352.156249999992
1270,13.238541666666666,291910,5.843750000011205
1271,13.248958333333334,292140,107.53125000000531
1272,13.25,292162,130.49999999998442
1273,13.260416666666666,292392,104.1874999999857
1274,13.270833333333334,292622,333.8750000000118
1275,13.28125,292852,51.562499999988276
1276,13.291666666666666,293081,89.24999999998597
1277,13.302083333333334,293311,62.937500000026425
1278,13.321875,293747,499.3437500000212
1279,13.332291666666666,293977,25.03125000000841
1280,13.342708333333334,294207,254.71875000003453
1281,13.353125,294436,228.40624999999665
1282,13.363541666666666,294666,458.0937499999836
1283,13.373958333333334,294896,111.78125000000279
1284,13.375,294919,6.749999999989065
1285,13.385416666666666,295148,236.437499999976
1286,13.395833333333334,295378,210.12500000001646
1287,13.40625,295608,439.8125000000034
1288,13.416666666666666,295837,93.49999999998344
1289,13.427083333333334,296067,195.1875000000167
1290,13.446875,296504,375.59375000002586
1291,13.457291666666666,296733,29.281250000005876
1292,13.467708333333334,296963,130.96875000003917
1293,13.478125,297193,104.65625000000128
1294,13.488541666666666,297422,334.34374999998823
1295,13.498958333333334,297652,52.03125000000384
1296,13.5,297675,10.999999999986532
1297,13.510416666666666,297905,112.68749999998064
1298,13.520833333333334,298134,86.37500000002109
1299,13.53125,298364,316.062500000008
1300,13.541666666666666,298594,33.749999999984496
1301,13.552083333333334,298823,71.43750000002136
1302,13.571875,299260,251.8437499999913
1303,13.582291666666666,299490,481.53124999997823
1304,13.592708333333334,299719,7.218750000004626
1305,13.603125,299949,236.90624999999156
1306,13.613541666666666,300179,210.59374999999284
1307,13.623958333333334,300408,440.281250000019
1308,13.625,300431,463.24999999999807
1309,13.635416666666666,300661,116.93749999997812
1310,13.645833333333334,300891,218.6250000000114
1311,13.65625,301120,192.31250000001268
1312,13.666666666666666,301350,421.9999999999996
1313,13.677083333333334,301580,75.68750000001883
1314,13.696875,302016,128.09374999999594
1315,13.707291666666666,302246,357.7812499999829
1316,13.717708333333334,302475,11.468750000002093
1317,13.728125,302705,113.1562499999962
1318,13.738541666666666,302935,86.84374999999748
1319,13.748958333333334,303165,316.5312500000236
1320,13.75,303188,339.50000000000273
1321,13.760416666666666,303417,57.18749999997917
1322,13.770833333333334,303647,94.87500000001603
1323,13.78125,303877,68.56250000001731
1324,13.791666666666666,304106,298.25000000000426
1325,13.802083333333334,304336,15.937500000019877
1326,13.821875,304772,4.343750000000579
1327,13.832291666666666,305002,234.03124999998752
1328,13.842708333333334,305232,463.71875000001364
1329,13.853125,305461,117.40624999999368
1330,13.863541666666666,305691,219.09374999998778
1331,13.873958333333334,305921,192.78125000002825
1332,13.875,305944,215.75000000000733
1333,13.885416666666666,306173,445.4374999999943
1334,13.895833333333334,306403,99.1250000000135
1335,13.90625,306633,200.81250000000762
1336,13.916666666666666,306862,174.49999999996973
1337,13.927083333333334,307092,404.18749999999585
1338,13.946875,307529,136.59374999999088
1339,13.957291666666666,307758,110.28124999999216
1340,13.967708333333334,307988,339.96875000001825
1341,13.978125,308218,57.65624999999473
1342,13.988541666666666,308447,95.34374999999243
1343,13.998958333333334,308677,69.03125000003287
1344,14.0,308700,92.00000000001198
1345,14.010416666666666,308930,321.6874999999989
1346,14.020833333333334,309159,39.37500000001455
1347,14.03125,309389,77.06250000001225
1348,14.041666666666666,309619,50.749999999974364
1349,14.052083333333334,309848,280.43750000000045
1350,14.071875,310285,12.843749999995513
1351,14.082291666666666,310515,242.53124999998246
1352,14.092708333333334,310744,216.2187500000229
1353,14.103125,310974,445.90625000000983
1354,14.113541666666666,311204,99.59374999998988
1355,14.123958333333334,311433,201.28125000002316
1356,14.125,311456,224.25000000000227
1357,14.135416666666666,311686,197.93750000000355
1358,14.145833333333334,311916,427.6250000000297
1359,14.15625,312145,81.31250000000972
1360,14.166666666666666,312375,183.00000000000384
1361,14.177083333333334,312605,156.68750000000512
1362,14.196875,313041,17.09374999999298
1363,14.207291666666666,313271,118.7812499999871
1364,14.217708333333334,313500,92.46875000002754
1365,14.228125,313730,322.1562500000145
1366,14.238541666666666,313960,39.84374999999094
1367,14.248958333333334,314190,77.53125000002781
1368,14.25,314213,100.50000000000692
1369,14.260416666666666,314442,74.18749999996903
1370,14.270833333333334,314672,303.87499999999517
1371,14.28125,314902,21.562500000010765
1372,14.291666666666666,315131,59.24999999996929
1373,14.302083333333334,315361,32.93750000000975
1374,14.321875,315797,469.34375000000455
1375,14.332291666666666,316027,123.03124999998457
1376,14.342708333333334,316257,224.71875000001785
1377,14.353125,316486,198.40625000001913
1378,14.363541666666666,316716,428.0937500000061
1379,14.373958333333334,316946,81.78125000002527
1380,14.375,316969,104.75000000000438
1381,14.385416666666666,317198,206.4374999999985
1382,14.395833333333334,317428,180.12499999999977
1383,14.40625,317658,409.8124999999867
1384,14.416666666666666,317888,63.500000000005926
1385,14.427083333333334,318117,165.18750000000006
1386,14.446875,318554,345.59375000000915
1387,14.457291666666666,318783,63.28124999998561
1388,14.467708333333334,319013,100.96875000002248
1389,14.478125,319243,74.65625000002376
1390,14.488541666666666,319472,304.3437500000107
1391,14.498958333333334,319702,22.031250000026326
1392,14.5,319725,45.000000000005436
1393,14.510416666666666,319955,82.68750000000313
1394,14.520833333333334,320184,56.37500000000442
1395,14.53125,320414,286.06249999999136
1396,14.541666666666666,320644,3.7499999999678124
1397,14.552083333333334,320873,41.437500000004675
1398,14.571875,321310,221.84375000001378
1399,14.582291666666666,321540,451.53125000000074
1400,14.592708333333334,321769,105.21875000001995
1401,14.603125,321999,206.90625000001407
1402,14.613541666666666,322229,180.59374999997618
1403,14.623958333333334,322458,410.2812500000023
1404,14.625,322481,433.2499999999814
1405,14.635416666666666,322711,86.9375000000006
1406,14.645833333333334,322941,188.6249999999947
1407,14.65625,323170,162.312499999996
1408,14.666666666666666,323400,391.99999999998295
1409,14.677083333333334,323630,45.687500000002146
1410,14.696875,324066,98.09375000001843
1411,14.707291666666666,324296,327.7812500000054
1412,14.717708333333334,324525,45.468750000021
1413,14.728125,324755,83.1562500000187
1414,14.738541666666666,324985,56.84374999998081
1415,14.748958333333334,325215,286.53125000000693
1416,14.75,325237,309.499999999986
1417,14.760416666666666,325467,27.187500000001652
1418,14.770833333333334,325697,64.87499999999935
1419,14.78125,325927,38.56250000000063
1420,14.791666666666666,326156,268.24999999998755
1421,14.802083333333334,326386,497.9375000000137
1422,14.821875,326822,230.34375000000873
1423,14.832291666666666,327052,204.03125000001
1424,14.842708333333334,327282,433.71875000003615
1425,14.853125,327511,87.40625000001616
1426,14.863541666666666,327741,189.0937500000103
1427,14.873958333333334,327971,162.78125000001157
1428,14.875,327994,185.74999999999068
1429,14.885416666666666,328223,415.4374999999776
1430,14.895833333333334,328453,69.12499999999682
1431,14.90625,328683,170.81249999999093
1432,14.916666666666666,328912,144.4999999999922
1433,14.927083333333334,329142,374.1875000000183
1434,14.946875,329579,106.59375000001336
1435,14.957291666666666,329808,80.28124999997547
1436,14.967708333333334,330038,309.9687500000016
1437,14.978125,330268,27.656250000017213
1438,14.988541666666666,330497,65.34374999997574
1439,14.998958333333334,330727,39.03125000001619
1440,15.0,330750,61.9999999999953
1441,15.010416666666666,330980,291.68749999998226
1442,15.020833333333334,331209,9.374999999997868
1443,15.03125,331439,47.062499999995566
1444,15.041666666666666,331669,20.74999999999685
1445,15.052083333333334,331898,250.43750000002296
1446,15.071875,332335,110.84375000001083
1447,15.082291666666666,332565,212.53125000000495
1448,15.092708333333334,332794,186.21875000000622
1449,15.103125,333024,415.9062499999932
1450,15.113541666666666,333254,69.59375000001238
1451,15.123958333333334,333483,171.28125000000648
1452,15.125,333506,194.2499999999856
1453,15.135416666666666,333736,167.93749999998687
1454,15.145833333333334,333966,397.625000000013
1455,15.15625,334195,51.31249999999304
1456,15.166666666666666,334425,152.99999999998715
1457,15.177083333333334,334655,126.6875000000276
1458,15.196875,335091,51.09375000001188
1459,15.207291666666666,335321,88.78125000000958
1460,15.217708333333334,335550,62.468750000010864
1461,15.228125,335780,292.1562499999978
1462,15.238541666666666,336010,9.84375000001343
1463,15.248958333333334,336240,47.53125000001113
1464,15.25,336262,70.49999999999024
1465,15.260416666666666,336492,44.187499999991516
1466,15.270833333333334,336722,273.8750000000176
1467,15.28125,336952,503.56250000000455
1468,15.291666666666666,337181,29.249999999991783
1469,15.302083333333334,337411,2.9375000000322338
1470,15.321875,337847,439.343750000027
1471,15.332291666666666,338077,93.03125000000705
1472,15.342708333333334,338307,194.71875000004033
1473,15.353125,338536,168.40625000000244
1474,15.363541666666666,338766,398.09374999998937
1475,15.373958333333334,338996,51.7812500000086
1476,15.375,339019,74.74999999998771
1477,15.385416666666666,339248,176.4374999999818
1478,15.395833333333334,339478,150.12500000002228
1479,15.40625,339708,379.8125000000092
1480,15.416666666666666,339937,33.49999999998925
1481,15.427083333333334,340167,135.18750000002254
1482,15.446875,340604,315.5937499999925
1483,15.457291666666666,340833,33.2812500000081
1484,15.467708333333334,341063,70.9687500000058
1485,15.478125,341293,44.65625000000708
1486,15.488541666666666,341522,274.34374999999403
1487,15.498958333333334,341752,504.0312500000201
1488,15.5,341775,14.999999999988756
1489,15.510416666666666,342005,52.68749999998646
1490,15.520833333333334,342234,26.375000000026905
1491,15.53125,342464,256.06250000001387
1492,15.541666666666666,342694,485.7500000000008
1493,15.552083333333334,342923,11.437500000027168
1494,15.571875,343360,191.8437499999971
1495,15.582291666666666,343590,421.5312499999841
1496,15.592708333333334,343819,75.21875000000327
1497,15.603125,344049,176.90624999999739
1498,15.613541666666666,344279,150.59374999999866
1499,15.623958333333334,344508,380.2812500000248
1500,15.625,344531,403.25000000000387
1501,15.635416666666666,344761,56.93749999998392
1502,15.645833333333334,344991,158.6250000000172
1503,15.65625,345220,132.31250000001847
1504,15.666666666666666,345450,362.00000000000546
1505,15.677083333333334,345680,15.687500000024635
1506,15.696875,346116,68.09375000000175
1507,15.707291666666666,346346,297.7812499999887
1508,15.717708333333334,346575,15.468750000004317
1509,15.728125,346805,53.15625000000202
1510,15.738541666666666,347035,26.843750000003297
1511,15.748958333333334,347265,256.5312500000294
1512,15.75,347288,279.5000000000085
1513,15.760416666666666,347517,509.18749999999545
1514,15.770833333333334,347747,34.87500000002184
1515,15.78125,347977,8.562499999983952
1516,15.791666666666666,348206,238.2499999999709
1517,15.802083333333334,348436,467.937499999997
1518,15.821875,348872,200.34374999999204
1519,15.832291666666666,349102,174.03124999999332
1520,15.842708333333334,349332,403.71875000001944
1521,15.853125,349561,57.40624999999948
1522,15.863541666666666,349791,159.0937499999936
1523,15.873958333333334,350021,132.78125000003405
1524,15.875,350044,155.75000000001316
1525,15.885416666666666,350273,385.4375000000001
1526,15.895833333333334,350503,39.125000000019305
1527,15.90625,350733,140.81250000001342
1528,15.916666666666666,350962,114.49999999997553
1529,15.927083333333334,351192,344.18750000000165
1530,15.946875,351629,76.59374999999669
1531,15.957291666666666,351858,50.28124999999797
1532,15.967708333333334,352088,279.9687500000241
1533,15.978125,352318,509.656250000011
1534,15.988541666666666,352547,35.34374999999823
1535,15.998958333333334,352777,9.031250000038682
1536,16.0,352800,32.00000000001779
1537,16.010416666666668,353030,261.6875000000439
1538,16.020833333333332,353259,491.3749999999917
1539,16.03125,353489,17.062500000018055
1540,16.041666666666668,353719,246.75000000004417
1541,16.052083333333332,353948,220.43750000000628
1542,16.071875,354385,80.84374999999415
1543,16.082291666666666,354615,182.53125000002743
1544,16.09270833333333,354844,156.2187499999112
1545,16.103125,355074,385.9062499999373
1546,16.113541666666666,355304,39.59374999995653
1547,16.12395833333333,355533,141.28124999991147
1548,16.125,355556,164.2499999999689
1549,16.135416666666668,355786,137.93750000000938
1550,16.145833333333332,356016,367.62499999995714
1551,16.15625,356245,21.312499999976353
1552,16.166666666666668,356475,123.00000000000963
1553,16.177083333333332,356705,96.68749999997175
1554,16.196875,357141,21.093749999995204
1555,16.207291666666666,357371,58.7812499999929
1556,16.21770833333333,357600,32.468749999955016
1557,16.228125,357830,262.1562499999811
1558,16.238541666666666,358060,491.8437500000072
1559,16.24895833333333,358290,17.53124999995528
1560,16.25,358313,40.500000000012726
1561,16.260416666666668,358542,14.187500000053177
1562,16.270833333333332,358772,243.87500000000097
1563,16.28125,359002,473.56250000002706
1564,16.291666666666668,359231,127.25000000004627
1565,16.302083333333332,359461,228.93750000000122
1566,16.321875,359897,409.343749999932
1567,16.332291666666666,360127,63.03125000002954
1568,16.34270833333333,360357,164.71874999990615
1569,16.353125,360586,138.4062499999466
1570,16.363541666666666,360816,368.0937499999727
1571,16.37395833333333,361046,21.781249999913577
1572,16.375,361069,44.749999999971024
1573,16.385416666666668,361298,146.43750000000432
1574,16.395833333333332,361528,120.12499999996642
1575,16.40625,361758,349.81249999999255
1576,16.416666666666668,361988,3.500000000011738
1577,16.427083333333332,362217,105.18749999996669
1578,16.446875,362654,285.5937499999758
1579,16.457291666666666,362883,3.281250000030589
1580,16.46770833333333,363113,40.96874999994995
1581,16.478125,363343,14.6562499999904
1582,16.488541666666666,363572,244.3437500000165
1583,16.49895833333333,363802,474.0312499999643
1584,16.5,363825,497.0000000000217
1585,16.510416666666668,364055,22.68750000004811
1586,16.520833333333332,364284,252.37499999999588
1587,16.53125,364514,226.06250000003632
1588,16.541666666666668,364744,455.75000000006247
1589,16.552083333333332,364973,109.43750000000333
1590,16.571875,365410,161.84374999994128
1591,16.582291666666666,365640,391.5312499999674
1592,16.59270833333333,365869,45.21874999990825
1593,16.603125,366099,146.90624999994154
1594,16.613541666666666,366329,120.59374999998198
1595,16.62395833333333,366558,350.28124999992974
1596,16.625,366581,373.2499999999872
1597,16.635416666666668,366811,26.93750000000641
1598,16.645833333333332,367041,128.62499999996135
1599,16.65625,367270,102.3125000000018
1600,16.666666666666668,367500,332.0000000000279
1601,16.677083333333332,367730,49.68750000000437
1602,16.696875,368166,38.09374999998507
1603,16.707291666666666,368396,267.7812500000112
1604,16.71770833333333,368625,497.46874999995896
1605,16.728125,368855,23.156249999985334
1606,16.738541666666666,369085,252.84375000001145
1607,16.74895833333333,369315,226.53124999997357
1608,16.75,369338,249.500000000031
1609,16.760416666666668,369567,479.1875000000571
1610,16.770833333333332,369797,4.8750000000051585
1611,16.78125,370027,234.56250000003126
1612,16.791666666666668,370256,208.24999999999338
1613,16.802083333333332,370486,437.93749999994117
1614,16.821875,370922,170.3437499999362
1615,16.832291666666666,371152,144.03124999997664
1616,16.84270833333333,371382,373.7187499999244
1617,16.853125,371611,27.406249999943633
1618,16.863541666666666,371841,129.09374999997692
1619,16.87395833333333,372071,102.78124999993904
1620,16.875,372094,125.74999999999648
1621,16.885416666666668,372323,355.43750000002257
1622,16.895833333333332,372553,9.124999999963457
1623,16.90625,372783,110.81249999999673
1624,16.916666666666668,373013,84.50000000003719
1625,16.927083333333332,373242,314.187499999985
1626,16.946875,373679,46.593749999980005
1627,16.957291666666666,373908,20.281250000020457
1628,16.96770833333333,374138,249.96874999996822
1629,16.978125,374368,479.6562499999943
1630,16.988541666666666,374597,5.343750000020719
1631,16.99895833333333,374827,235.0312499999685
1632,17.0,374850,1.9999999999619433
1633,17.010416666666668,375080,231.68749999998806
1634,17.020833333333332,375309,461.3749999999358
1635,17.03125,375539,115.06250000003337
1636,17.041666666666668,375769,216.74999999998832
1637,17.052083333333332,375998,190.43749999995043
1638,17.071875,376435,50.843749999938304
1639,17.082291666666666,376665,152.53124999997158
1640,17.09270833333333,376894,126.21874999993369
1641,17.103125,377124,355.9062499999598
1642,17.113541666666666,377354,9.593749999979018
1643,17.12395833333333,377583,111.28124999993396
1644,17.125,377606,134.24999999999142
1645,17.135416666666668,377836,107.93750000003186
1646,17.145833333333332,378066,337.62499999997965
1647,17.15625,378295,55.312500000034426
1648,17.166666666666668,378525,93.00000000003212
1649,17.177083333333332,378755,66.68749999999423
1650,17.196875,379191,503.09374999998903
1651,17.207291666666666,379421,28.78125000001539
1652,17.21770833333333,379650,2.468749999977504
1653,17.228125,379880,232.1562500000036
1654,17.238541666666666,380110,461.84375000002973
1655,17.24895833333333,380340,115.5312499999706
1656,17.25,380363,10.500000000035214
1657,17.260416666666668,380592,240.18750000006133
1658,17.270833333333332,380822,213.8749999999451
1659,17.28125,381052,443.56249999997124
1660,17.291666666666668,381281,97.24999999999042
1661,17.302083333333332,381511,198.93749999994537
1662,17.321875,381947,379.34374999995447
1663,17.332291666666666,382177,33.03124999997369
1664,17.34270833333333,382407,134.71874999992863
1665,17.353125,382636,108.40624999996908
1666,17.363541666666666,382866,338.0937499999952
1667,17.37395833333333,383096,55.78124999997165
1668,17.375,383119,14.749999999993513
1669,17.385416666666668,383348,116.4375000000268
1670,17.395833333333332,383578,90.12499999998892
1671,17.40625,383808,319.812500000015
1672,17.416666666666668,384037,37.49999999999147
1673,17.427083333333332,384267,75.18749999998917
1674,17.446875,384704,255.5937499999983
1675,17.457291666666666,384933,485.2812500000244
1676,17.46770833333333,385163,10.968749999972438
1677,17.478125,385393,240.65624999999855
1678,17.488541666666666,385622,214.34374999996066
1679,17.49895833333333,385852,444.0312499999084
1680,17.5,385875,466.9999999999659
1681,17.510416666666668,386105,120.68750000006344
1682,17.520833333333332,386334,222.37499999994003
1683,17.53125,386564,196.0624999999805
1684,17.541666666666668,386794,425.7500000000066
1685,17.552083333333332,387023,79.43749999994748
1686,17.571875,387460,131.84374999996376
1687,17.582291666666666,387690,361.5312499999899
1688,17.59270833333333,387919,15.218749999930736
1689,17.603125,388149,116.90624999996402
1690,17.613541666666666,388379,90.59375000000446
1691,17.62395833333333,388608,320.28124999995225
1692,17.625,388631,343.25000000000966
1693,17.635416666666668,388861,60.93750000006448
1694,17.645833333333332,389091,98.62499999998384
1695,17.65625,389320,72.3125000000243
1696,17.666666666666668,389550,302.0000000000504
1697,17.677083333333332,389780,19.68749999994852
1698,17.696875,390216,8.09375000000756
1699,17.707291666666666,390446,237.78125000003368
1700,17.71770833333333,390675,467.46874999998147
1701,17.728125,390905,121.15625000000065
1702,17.738541666666666,391135,222.84375000003394
1703,17.74895833333333,391365,196.53124999991772
1704,17.75,391387,219.49999999997516
1705,17.760416666666668,391617,449.18750000000125
1706,17.770833333333332,391847,102.87499999994213
1707,17.78125,392077,204.56249999997542
1708,17.791666666666668,392306,178.25000000001586
1709,17.802083333333332,392536,407.9374999999636
1710,17.821875,392972,140.34374999995867
1711,17.832291666666666,393202,114.03124999999915
1712,17.84270833333333,393432,343.7187499999469
1713,17.853125,393661,61.406250000001705
1714,17.863541666666666,393891,99.0937499999994
1715,17.87395833333333,394121,72.78124999996152
1716,17.875,394144,95.75000000001896
1717,17.885416666666668,394373,325.4375000000451
1718,17.895833333333332,394603,43.12499999994319
1719,17.90625,394833,80.81250000001923
1720,17.916666666666668,395063,54.50000000005968
1721,17.927083333333332,395292,284.18750000000745
1722,17.946875,395729,16.593750000002494
1723,17.957291666666666,395958,246.2812500000286
1724,17.96770833333333,396188,219.96874999991238
1725,17.978125,396418,449.6562499999385
1726,17.988541666666666,396647,103.34374999995771
1727,17.99895833333333,396877,205.03124999991263
1728,18.0,396900,227.9999999999701
1729,18.010416666666668,397130,201.68750000001054
1730,18.020833333333332,397359,431.37499999995833
1731,18.03125,397589,85.06249999997752
1732,18.041666666666668,397819,186.7500000000108
1733,18.052083333333332,398048,160.4374999999729
1734,18.071875,398485,20.843749999960792
1735,18.082291666666666,398715,122.53124999999407
1736,18.09270833333333,398944,96.21874999995619
1737,18.103125,399174,325.9062499999823
1738,18.113541666666666,399404,43.59374999995875
1739,18.12395833333333,399633,81.28124999995646
1740,18.125,399656,104.2500000000139
1741,18.135416666666668,399886,77.93750000005434
1742,18.145833333333332,400116,307.6250000000021
1743,18.15625,400345,25.312499999978577
1744,18.166666666666668,400575,63.00000000005461
1745,18.177083333333332,400805,36.68749999993839
1746,18.196875,401241,473.09374999993315
1747,18.207291666666666,401471,126.78125000003071
1748,18.21770833333333,401700,228.46874999990732
1749,18.228125,401930,202.15624999994776
1750,18.238541666666666,402160,431.84374999997385
1751,18.24895833333333,402390,85.53124999991475
1752,18.25,402412,108.4999999999722
1753,18.260416666666668,402642,210.18750000000549
1754,18.270833333333332,402872,183.8749999999676
1755,18.28125,403102,413.5624999999937
1756,18.291666666666668,403331,67.2500000000129
1757,18.302083333333332,403561,168.93749999996786
1758,18.321875,403997,349.343749999977
1759,18.332291666666666,404227,3.0312499999961773
1760,18.34270833333333,404457,104.71874999995111
1761,18.353125,404686,78.40624999999157
1762,18.363541666666666,404916,308.0937500000177
1763,18.37395833333333,405146,25.7812499999158
1764,18.375,405169,48.74999999997325
1765,18.385416666666668,405398,86.43750000004928
1766,18.395833333333332,405628,60.1250000000114
1767,18.40625,405858,289.8125000000375
1768,18.416666666666668,406088,7.500000000013962
1769,18.427083333333332,406317,45.18750000001166
1770,18.446875,406754,225.59374999994245
1771,18.457291666666666,406983,455.28124999996857
1772,18.46770833333333,407213,108.96874999990942
1773,18.478125,407443,210.6562499999427
1774,18.488541666666666,407672,184.34374999998315
1775,18.49895833333333,407902,414.03124999993094
1776,18.5,407925,436.9999999999884
1777,18.510416666666668,408155,90.68750000000759
1778,18.520833333333332,408384,192.37499999996254
1779,18.53125,408614,166.06250000000298
1780,18.541666666666668,408844,395.7500000000291
1781,18.552083333333332,409073,49.43749999996996
1782,18.571875,409510,101.84374999998624
1783,18.582291666666666,409740,331.53125000001234
1784,18.59270833333333,409969,49.21874999991047
1785,18.603125,410199,86.9062499999865
1786,18.613541666666666,410429,60.59375000002696
1787,18.62395833333333,410658,290.28124999997476
1788,18.625,410681,313.2500000000322
1789,18.635416666666668,410911,30.937500000008633
1790,18.645833333333332,411141,68.62500000000634
1791,18.65625,411370,42.312499999968445
1792,18.666666666666668,411600,271.99999999999454
1793,18.677083333333332,411830,501.68749999994236
1794,18.696875,412266,234.09374999993736
1795,18.707291666666666,412496,207.78124999997783
1796,18.71770833333333,412725,437.4687499999256
1797,18.728125,412955,91.1562499999448
1798,18.738541666666666,413185,192.8437499999781
1799,18.74895833333333,413415,166.5312499999402
1800,18.75,413437,189.49999999999764
1801,18.760416666666668,413667,419.18750000002376
1802,18.770833333333332,413897,72.87499999996463
1803,18.78125,414127,174.5624999999979
1804,18.791666666666668,414356,148.25000000003837
1805,18.802083333333332,414586,377.93749999998613
1806,18.821875,415022,110.34374999998118
1807,18.832291666666666,415252,84.03125000002163
1808,18.84270833333333,415482,313.7187499999694
1809,18.853125,415711,31.406249999945857
1810,18.863541666666666,415941,69.09375000002188
1811,18.87395833333333,416171,42.78124999990567
1812,18.875,416194,65.74999999996311
1813,18.885416666666668,416423,295.4374999999892
1814,18.895833333333332,416653,13.12499999996568
1815,18.90625,416883,50.81249999996338
1816,18.916666666666668,417113,24.50000000000383
1817,18.927083333333332,417342,254.1874999999516
1818,18.946875,417779,114.59374999993948
1819,18.957291666666666,418008,216.28124999997277
1820,18.96770833333333,418238,189.96874999993486
1821,18.978125,418468,419.656249999961
1822,18.988541666666666,418697,73.34374999998019
1823,18.99895833333333,418927,175.03124999993514
1824,19.0,418950,197.99999999999258
1825,19.010416666666668,419180,171.68750000003303
1826,19.020833333333332,419409,401.3749999999808
1827,19.03125,419639,55.062500000000014
1828,19.041666666666668,419869,156.7500000000333
1829,19.052083333333332,420098,130.4374999999954
1830,19.071875,420535,54.84374999994053
1831,19.082291666666666,420765,92.53125000001657
1832,19.09270833333333,420994,66.21874999997868
1833,19.103125,421224,295.9062500000048
1834,19.113541666666666,421454,13.593749999981242
1835,19.12395833333333,421683,51.28124999997894
1836,19.125,421706,74.25000000003638
1837,19.135416666666668,421936,47.9374999999985
1838,19.145833333333332,422166,277.6249999999463
1839,19.15625,422395,507.3124999999724
1840,19.166666666666668,422625,32.999999999998764
1841,19.177083333333332,422855,6.6874999999608775
1842,19.196875,423291,443.09374999995566
1843,19.207291666666666,423521,96.78124999997486
1844,19.21770833333333,423750,198.4687499999298
1845,19.228125,423980,172.15624999997027
1846,19.238541666666666,424210,401.84374999999636
1847,19.24895833333333,424440,55.53124999993724
1848,19.25,424462,78.49999999999469
1849,19.260416666666668,424692,180.18750000002797
1850,19.270833333333332,424922,153.87499999999008
1851,19.28125,425152,383.5625000000162
1852,19.291666666666668,425381,37.2500000000354
1853,19.302083333333332,425611,138.93749999999034
1854,19.321875,426047,319.34374999999943
1855,19.332291666666666,426277,37.03124999997591
1856,19.34270833333333,426507,74.71874999997361
1857,19.353125,426736,48.406249999935724
1858,19.363541666666666,426966,278.09374999996186
1859,19.37395833333333,427196,507.7812499999096
1860,19.375,427219,18.749999999995737
1861,19.385416666666668,427448,56.437499999993435
1862,19.395833333333332,427678,30.12499999995555
1863,19.40625,427908,259.81249999998164
1864,19.416666666666668,428138,489.5000000000078
1865,19.427083333333332,428367,15.187499999955811
1866,19.446875,428804,195.59374999996493
1867,19.457291666666666,429033,425.281249999991
1868,19.46770833333333,429263,78.9687499999319
1869,19.478125,429493,180.65624999996518
1870,19.488541666666666,429722,154.34375000000563
1871,19.49895833333333,429952,384.0312499999534
1872,19.5,429975,407.00000000001086
1873,19.510416666666668,430205,60.68750000003007
1874,19.520833333333332,430434,162.37499999998502
1875,19.53125,430664,136.06250000002547
1876,19.541666666666668,430894,365.75000000005156
1877,19.552083333333332,431123,19.437499999992447
1878,19.571875,431560,71.8437499999304
1879,19.582291666666666,431790,301.5312499999565
1880,19.59270833333333,432019,19.21874999993296
1881,19.603125,432249,56.90624999993066
1882,19.613541666666666,432479,30.59374999997111
1883,19.62395833333333,432708,260.2812499999189
1884,19.625,432731,283.24999999997635
1885,19.635416666666668,432961,0.9375000000311218
1886,19.645833333333332,433191,38.62499999995048
1887,19.65625,433420,12.312499999990933
1888,19.666666666666668,433650,242.00000000001705
1889,19.677083333333332,433880,471.6874999999648
1890,19.696875,434316,204.09374999995987
1891,19.707291666666666,434546,177.7812500000003
1892,19.71770833333333,434775,407.4687499999481
1893,19.728125,435005,61.156249999967294
1894,19.738541666666666,435235,162.84375000000057
1895,19.74895833333333,435465,136.53124999996268
1896,19.75,435488,159.50000000002012
1897,19.760416666666668,435717,389.18750000004627
1898,19.770833333333332,435947,42.87499999998712
1899,19.78125,436177,144.5625000000204
1900,19.791666666666668,436406,118.25000000006085
1901,19.802083333333332,436636,347.93750000000864
1902,19.821875,437072,80.34375000000367
1903,19.832291666666666,437302,54.03124999996578
1904,19.84270833333333,437532,283.71874999991354
1905,19.853125,437761,1.4062499999683453
1906,19.863541666666666,437991,39.09374999996604
1907,19.87395833333333,438221,12.781249999928157
1908,19.875,438244,35.749999999985604
1909,19.885416666666668,438473,265.4375000000117
1910,19.895833333333332,438703,495.12499999995947
1911,19.90625,438933,20.812499999985867
1912,19.916666666666668,439163,250.500000000012
1913,19.927083333333332,439392,224.18749999997408
1914,19.946875,439829,84.59374999996197
1915,19.957291666666666,440058,186.28124999999525
1916,19.96770833333333,440288,159.96874999995737
1917,19.978125,440518,389.65624999998346
1918,19.988541666666666,440747,43.34375000000268
1919,19.99895833333333,440977,145.03124999995762
1920,20.0,441000,168.00000000001506
1921,20.010416666666668,441230,141.68750000005554
1922,20.020833333333332,441459,371.3750000000033
1923,20.03125,441689,25.062500000022503
1924,20.041666666666668,441919,126.75000000005579
1925,20.052083333333332,442148,100.43749999993956
1926,20.071875,442585,24.843749999963016
1927,20.082291666666666,442815,62.531249999960714
1928,20.09270833333333,443044,36.21874999992283
1929,20.103125,443274,265.90624999994895
1930,20.113541666666666,443504,495.59374999997505
1931,20.12395833333333,443733,21.28124999992309
1932,20.125,443756,44.24999999998054
1933,20.135416666666668,443986,17.93750000002099
1934,20.145833333333332,444216,247.62499999996876
1935,20.15625,444445,477.3124999999949
1936,20.166666666666668,444675,3.0000000000212523
1937,20.177083333333332,444905,232.68749999996902
1938,20.196875,445341,413.0937499999782
1939,20.207291666666666,445571,66.78124999999736
1940,20.21770833333333,445800,168.4687499999523
1941,20.228125,446030,142.15624999999275
1942,20.238541666666666,446260,371.8437500000189
1943,20.24895833333333,446490,25.531249999959726
1944,20.25,446513,48.500000000017174
1945,20.260416666666668,446742,150.18750000005045
1946,20.270833333333332,446972,123.87500000001256
1947,20.28125,447202,353.56250000003865
1948,20.291666666666668,447431,7.250000000057888
1949,20.302083333333332,447661,108.93750000001283
1950,20.321875,448097,289.3437499999436
1951,20.332291666666666,448327,7.031249999998401
1952,20.34270833333333,448557,44.71874999991776
1953,20.353125,448786,18.406249999958213
1954,20.363541666666666,449016,248.0937499999843
1955,20.37395833333333,449246,477.78124999993213
1956,20.375,449269,500.74999999998954
1957,20.385416666666668,449498,26.437500000015923
1958,20.395833333333332,449728,0.12499999997803712
1959,20.40625,449958,229.81250000000415
1960,20.416666666666668,450188,459.50000000003024
1961,20.427083333333332,450417,113.18749999997112
1962,20.446875,450854,165.5937499999874
1963,20.457291666666666,451083,395.28125000001353
1964,20.46770833333333,451313,48.9687499999544
1965,20.478125,451543,150.65624999998766
1966,20.488541666666666,451772,124.34375000002814
1967,20.49895833333333,452002,354.0312499999759
1968,20.5,452025,377.00000000003337
1969,20.510416666666668,452255,30.68750000005256
1970,20.520833333333332,452484,132.3750000000075
1971,20.53125,452714,106.06249999996962
1972,20.541666666666668,452944,335.74999999999574
1973,20.552083333333332,453173,53.43749999997218
1974,20.571875,453610,41.843749999952884
1975,20.582291666666666,453840,271.53124999997897
1976,20.59270833333333,454069,501.2187499999268
1977,20.603125,454299,26.906249999953147
1978,20.613541666666666,454529,0.593749999993598
1979,20.62395833333333,454758,230.28124999994137
1980,20.625,454781,253.2499999999988
1981,20.635416666666668,455011,482.93750000002495
1982,20.645833333333332,455241,8.624999999972971
1983,20.65625,455470,238.3124999999991
1984,20.666666666666668,455700,212.00000000003953
1985,20.677083333333332,455930,441.6874999999873
1986,20.696875,456366,174.09374999998235
1987,20.707291666666666,456596,147.7812500000228
1988,20.71770833333333,456825,377.46874999997056
1989,20.728125,457055,31.156249999989782
1990,20.738541666666666,457285,132.84375000002308
1991,20.74895833333333,457515,106.53124999990683
1992,20.75,457537,129.4999999999643
1993,20.760416666666668,457767,359.1874999999904
1994,20.770833333333332,457997,12.875000000009607
1995,20.78125,458227,114.56249999996456
1996,20.791666666666668,458456,88.250000000005
1997,20.802083333333332,458686,317.93749999995276
1998,20.821875,459122,50.34374999994782
1999,20.832291666666666,459352,24.03124999998827
2000,20.84270833333333,459582,253.71874999993605
2001,20.853125,459811,483.40624999996214
2002,20.863541666666666,460041,9.093749999988532
2003,20.87395833333333,460271,238.7812499999363
2004,20.875,460294,5.750000000008093
2005,20.885416666666668,460523,235.43750000003422
2006,20.895833333333332,460753,465.124999999982
2007,20.90625,460983,118.8125000000012
2008,20.916666666666668,461213,220.50000000003448
2009,20.927083333333332,461442,194.1874999999966
2010,20.946875,461879,54.59374999998445
2011,20.957291666666666,462108,156.28125000001774
2012,20.96770833333333,462338,129.96874999997985
2013,20.978125,462568,359.65625000000597
2014,20.988541666666666,462797,13.343750000025167
2015,20.99895833333333,463027,115.0312499999801
2016,21.0,463050,138.00000000003757
2017,21.010416666666668,463280,111.68749999999967
2018,21.020833333333332,463509,341.3749999999475
2019,21.03125,463739,59.06250000000224
2020,21.041666666666668,463969,96.74999999999994
2021,21.052083333333332,464198,70.43749999996206
2022,21.071875,464635,506.8437499999568
2023,21.082291666666666,464865,32.5312499999832
2024,21.09270833333333,465094,6.218749999945317
2025,21.103125,465324,235.90624999997144
2026,21.113541666666666,465554,465.59374999999756
2027,21.12395833333333,465783,119.28124999993841
2028,21.125,465806,14.250000000003027
2029,21.135416666666668,466036,243.93750000002913
2030,21.145833333333332,466266,217.62499999999125
2031,21.15625,466495,447.3125000000174
2032,21.166666666666668,466725,101.00000000003658
2033,21.177083333333332,466955,202.68749999999153
2034,21.196875,467391,383.0937500000006
2035,21.207291666666666,467621,36.78125000001984
2036,21.21770833333333,467850,138.4687499999748
2037,21.228125,468080,112.1562499999369
2038,21.238541666666666,468310,341.843749999963
2039,21.24895833333333,468540,59.53124999993946
2040,21.25,468562,18.499999999961325
2041,21.260416666666668,468792,120.1874999999946
2042,21.270833333333332,469022,93.87499999995671
2043,21.28125,469252,323.56249999998283
2044,21.291666666666668,469481,41.25000000003762
2045,21.302083333333332,469711,78.93749999995698
2046,21.321875,470147,259.3437499999661
2047,21.332291666666666,470377,489.0312499999922
2048,21.34270833333333,470607,14.71874999994025
2049,21.353125,470836,244.40624999996635
2050,21.363541666666666,471066,218.09375000000682
2051,21.37395833333333,471296,447.7812499999546
2052,21.375,471319,470.75000000001205
2053,21.385416666666668,471548,124.43750000003124
2054,21.395833333333332,471778,226.1249999999862
2055,21.40625,472008,199.81250000002663
2056,21.416666666666668,472238,429.50000000005275
2057,21.427083333333332,472467,83.18749999999362
2058,21.446875,472904,135.59374999993156
2059,21.457291666666666,473133,365.2812499999577
2060,21.46770833333333,473363,18.968749999976886
2061,21.478125,473593,120.65624999993183
2062,21.488541666666666,473822,94.34374999997229
2063,21.49895833333333,474052,324.0312499999201
2064,21.5,474075,346.9999999999775
2065,21.510416666666668,474305,0.6874999999967102
2066,21.520833333333332,474534,102.37499999995165
2067,21.53125,474764,76.0624999999921
2068,21.541666666666668,474994,305.7500000000182
2069,21.552083333333332,475223,23.43749999999467
2070,21.571875,475660,11.843749999975373
2071,21.582291666666666,475890,241.53125000000148
2072,21.59270833333333,476119,471.21874999994924
2073,21.603125,476349,124.90624999996847
2074,21.613541666666666,476579,226.59375000000176
2075,21.62395833333333,476808,200.28124999996385
2076,21.625,476831,223.25000000002132
2077,21.635416666666668,477061,452.9375000000474
2078,21.645833333333332,477291,106.62499999998829
2079,21.65625,477520,208.31250000002157
2080,21.666666666666668,477750,182.00000000006202
2081,21.677083333333332,477980,411.6875000000098
2082,21.696875,478416,144.09375000000483
2083,21.707291666666666,478646,117.78124999996695
2084,21.71770833333333,478875,347.46874999991473
2085,21.728125,479105,1.1562499999339337
2086,21.738541666666666,479335,102.84374999996722
2087,21.74895833333333,479565,76.53124999992933
2088,21.75,479587,99.49999999998678
2089,21.760416666666668,479817,329.1875000000129
2090,21.770833333333332,480047,46.87499999998934
2091,21.78125,480277,84.56249999998704
2092,21.791666666666668,480506,58.25000000002749
2093,21.802083333333332,480736,287.9374999999753
2094,21.821875,481172,20.343749999970306
2095,21.832291666666666,481402,250.03124999999642
2096,21.84270833333333,481632,223.71874999995853
2097,21.853125,481861,453.40624999998465
2098,21.863541666666666,482091,107.09375000000385
2099,21.87395833333333,482321,208.7812499999588
2100,21.875,482344,231.75000000001626
2101,21.885416666666668,482573,205.4375000000567
2102,21.895833333333332,482803,435.1250000000045
2103,21.90625,483033,88.81250000002368
2104,21.916666666666668,483263,190.50000000005696
2105,21.927083333333332,483492,164.18749999994074
2106,21.946875,483929,24.593750000006942
2107,21.957291666666666,484158,126.28124999996189
2108,21.96770833333333,484388,99.968749999924
2109,21.978125,484618,329.6562499999501
2110,21.988541666666666,484847,47.3437500000049
2111,21.99895833333333,485077,85.03124999992426
2112,22.0,485100,107.99999999998171
2113,22.010416666666668,485330,81.68750000002217
2114,22.020833333333332,485559,311.37499999996993
2115,22.03125,485789,29.062500000024727
2116,22.041666666666668,486019,66.75000000002242
2117,22.052083333333332,486248,40.43749999998454
2118,22.071875,486685,476.8437499999793
2119,22.082291666666666,486915,2.5312500000056914
2120,22.09270833333333,487144,232.21874999995347
2121,22.103125,487374,205.90624999999392
2122,22.113541666666666,487604,435.59375000002
2123,22.12395833333333,487833,89.28124999996089
2124,22.125,487856,112.25000000001835
2125,22.135416666666668,488086,213.9375000000516
2126,22.145833333333332,488316,187.6249999999354
2127,22.15625,488545,417.3124999999615
2128,22.166666666666668,488775,71.00000000005906
2129,22.177083333333332,489005,172.68749999993565
2130,22.196875,489441,353.0937499999448
2131,22.207291666666666,489671,6.78124999996399
2132,22.21770833333333,489900,108.46874999991894
2133,22.228125,490130,82.15624999995939
2134,22.238541666666666,490360,311.8437499999855
2135,22.24895833333333,490590,29.53124999996195
2136,22.25,490613,52.5000000000194
2137,22.260416666666668,490842,90.1875000000171
2138,22.270833333333332,491072,63.87499999997921
2139,22.28125,491302,293.56250000000534
2140,22.291666666666668,491531,11.250000000060112
2141,22.302083333333332,491761,48.93749999997947
2142,22.321875,492197,229.34374999998857
2143,22.332291666666666,492427,459.0312500000147
2144,22.34270833333333,492657,112.71874999995558
2145,22.353125,492886,214.40624999998886
2146,22.363541666666666,493116,188.0937500000293
2147,22.37395833333333,493346,417.7812499999771
2148,22.375,493369,440.7500000000345
2149,22.385416666666668,493598,94.43750000005373
2150,22.395833333333332,493828,196.12500000000867
2151,22.40625,494058,169.81249999997078
2152,22.416666666666668,494287,399.49999999999693
2153,22.427083333333332,494517,53.18749999993777
2154,22.446875,494954,105.59374999995406
2155,22.457291666666666,495183,335.28124999998016
2156,22.46770833333333,495413,52.96874999995662
2157,22.478125,495643,90.65624999995433
2158,22.488541666666666,495872,64.34374999999477
2159,22.49895833333333,496102,294.03124999994253
2160,22.5,496125,317.0
2161,22.510416666666668,496355,34.68750000005478
2162,22.520833333333332,496584,72.37499999997414
2163,22.53125,496814,46.062500000014595
2164,22.541666666666668,497044,275.7500000000407
2165,22.552083333333332,497273,505.43749999998846
2166,22.571875,497710,237.84374999998352
2167,22.582291666666666,497940,211.531250000024
2168,22.59270833333333,498169,441.21874999997175
2169,22.603125,498399,94.90624999999096
2170,22.613541666666666,498629,196.59375000002424
2171,22.62395833333333,498858,170.28124999990803
2172,22.625,498881,193.24999999996547
2173,22.635416666666668,499111,422.9374999999916
2174,22.645833333333332,499341,76.62500000001077
2175,22.65625,499570,178.31249999996572
2176,22.666666666666668,499800,152.00000000000617
2177,22.677083333333332,500030,381.68749999995396
2178,22.696875,500466,114.09374999994898
2179,22.707291666666666,500696,87.78124999998944
2180,22.71770833333333,500925,317.46874999993724
2181,22.728125,501155,35.156249999992006
2182,22.738541666666666,501385,72.84374999998971
2183,22.74895833333333,501615,46.53124999995182
2184,22.75,501638,69.50000000000927
2185,22.760416666666668,501867,299.18750000003536
2186,22.770833333333332,502097,16.87500000001183
2187,22.78125,502327,54.56250000000953
2188,22.791666666666668,502556,28.25000000004998
2189,22.802083333333332,502786,257.9374999999977
2190,22.821875,503222,118.34374999998562
2191,22.832291666666666,503452,220.0312500000189
2192,22.84270833333333,503682,193.71874999998101
2193,22.853125,503911,423.40625000000716
2194,22.863541666666666,504141,77.09375000002635
2195,22.87395833333333,504371,178.7812499999813
2196,22.875,504394,201.75000000003874
2197,22.885416666666668,504623,175.43750000000085
2198,22.895833333333332,504853,405.1249999999486
2199,22.90625,505083,58.81249999996783
2200,22.916666666666668,505313,160.5000000000011
2201,22.927083333333332,505542,134.18749999996322
2202,22.946875,505979,58.59374999998668
2203,22.957291666666666,506208,96.28124999998437
2204,22.96770833333333,506438,69.96874999994648
2205,22.978125,506668,299.6562499999726
2206,22.988541666666666,506897,17.34375000002739
2207,22.99895833333333,507127,55.03124999994675
2208,23.0,507150,78.0000000000042
2209,23.010416666666668,507380,51.68750000004465
2210,23.020833333333332,507609,281.37499999999244
2211,23.03125,507839,511.06250000001853
2212,23.041666666666668,508069,36.75000000004491
2213,23.052083333333332,508298,10.437500000007027
2214,23.071875,508735,446.8437500000018
2215,23.082291666666666,508965,100.531250000021
2216,23.09270833333333,509194,202.21874999997596
2217,23.103125,509424,175.90624999993807
2218,23.113541666666666,509654,405.5937499999642
2219,23.12395833333333,509883,59.28124999990505
2220,23.125,509906,82.2499999999625
2221,23.135416666666668,510136,183.9374999999958
2222,23.145833333333332,510366,157.62499999995788
2223,23.15625,510595,387.312499999984
2224,23.166666666666668,510825,41.00000000000321
2225,23.177083333333332,511055,142.68749999995816
2226,23.196875,511491,323.09374999996726
2227,23.207291666666666,511721,40.78125000002206
2228,23.21770833333333,511950,78.46874999994142
2229,23.228125,512180,52.156249999981874
2230,23.238541666666666,512410,281.84375000000796
2231,23.24895833333333,512640,511.5312499999558
2232,23.25,512662,22.49999999996355
2233,23.260416666666668,512892,60.187500000039584
2234,23.270833333333332,513122,33.8750000000017
2235,23.28125,513352,263.5625000000278
2236,23.291666666666668,513581,493.25000000005394
2237,23.302083333333332,513811,18.93750000000196
2238,23.321875,514247,199.34374999993275
2239,23.332291666666666,514477,429.03124999995885
2240,23.34270833333333,514707,82.71874999997806
2241,23.353125,514936,184.406249999933
2242,23.363541666666666,515166,158.09374999997345
2243,23.37395833333333,515396,387.7812499999212
2244,23.375,515419,410.7499999999787
2245,23.385416666666668,515648,64.43749999999788
2246,23.395833333333332,515878,166.12499999995282
2247,23.40625,516108,139.8124999999933
2248,23.416666666666668,516338,369.5000000000194
2249,23.427083333333332,516567,23.18749999996026
2250,23.446875,517004,75.59374999997655
2251,23.457291666666666,517233,305.2812500000027
2252,23.46770833333333,517463,22.96874999997911
2253,23.478125,517693,60.65624999997681
2254,23.488541666666666,517922,34.34375000001726
2255,23.49895833333333,518152,264.03124999996504
2256,23.5,518175,287.0000000000225
2257,23.510416666666668,518405,4.687499999998934
2258,23.520833333333332,518634,42.37499999999663
2259,23.53125,518864,16.062500000037083
2260,23.541666666666668,519094,245.7500000000632
2261,23.552083333333332,519323,475.43750000001097
2262,23.571875,519760,207.84375000000603
2263,23.582291666666666,519990,181.5312499999681
2264,23.59270833333333,520219,411.2187499999159
2265,23.603125,520449,64.90624999993511
2266,23.613541666666666,520679,166.5937499999684
2267,23.62395833333333,520908,140.2812499999305
2268,23.625,520931,163.24999999998795
2269,23.635416666666668,521161,392.93750000001404
2270,23.645833333333332,521391,46.62499999995493
2271,23.65625,521620,148.3124999999882
2272,23.666666666666668,521850,122.00000000002866
2273,23.677083333333332,522080,351.68749999997647
2274,23.696875,522516,84.09374999997148
2275,23.707291666666666,522746,57.78125000001193
2276,23.71770833333333,522975,287.4687499999597
2277,23.728125,523205,5.156249999936158
2278,23.738541666666666,523435,42.84375000001219
2279,23.74895833333333,523665,16.531249999974307
2280,23.75,523688,39.500000000031754
2281,23.760416666666668,523917,269.18750000005787
2282,23.770833333333332,524147,498.8750000000056
2283,23.78125,524377,24.562500000032017
2284,23.791666666666668,524606,254.25000000005812
2285,23.802083333333332,524836,227.9374999999419
2286,23.821875,525272,88.34374999992977
2287,23.832291666666666,525502,190.03124999996305
2288,23.84270833333333,525732,163.71874999992517
2289,23.853125,525961,393.4062499999513
2290,23.863541666666666,526191,47.09374999997049
2291,23.87395833333333,526421,148.78124999992542
2292,23.875,526444,171.7499999999829
2293,23.885416666666668,526673,145.43750000002333
2294,23.895833333333332,526903,375.1249999999711
2295,23.90625,527133,28.812499999990315
2296,23.916666666666668,527363,130.5000000000236
2297,23.927083333333332,527592,104.1874999999857
2298,23.946875,528029,28.59374999993083
2299,23.957291666666666,528258,66.28125000000686
2300,23.96770833333333,528488,39.96874999996898
2301,23.978125,528718,269.6562499999951
2302,23.988541666666666,528947,499.3437500000212
2303,23.99895833333333,529177,25.03124999996924
2304,24.0,529200,48.00000000002669
2305,24.010416666666668,529430,21.687499999988802
2306,24.020833333333332,529659,251.37499999993656
2307,24.03125,529889,481.0624999999627
2308,24.041666666666668,530119,6.749999999989065
2309,24.052083333333332,530348,236.43749999993685
2310,24.071875,530785,416.84374999994594
2311,24.082291666666666,531015,70.53124999996515
2312,24.09270833333333,531244,172.2187499999201
2313,24.103125,531474,145.90624999996055
2314,24.113541666666666,531704,375.5937499999867
2315,24.12395833333333,531933,29.28124999992754
2316,24.125,531956,52.249999999984986
2317,24.135416666666668,532186,153.93750000001828
2318,24.145833333333332,532416,127.62499999998039
2319,24.15625,532645,357.3125000000065
2320,24.166666666666668,532875,11.0000000000257
2321,24.177083333333332,533105,112.68749999998064
2322,24.196875,533541,293.09374999998977
2323,24.207291666666666,533771,10.781249999966214
2324,24.21770833333333,534000,48.46874999996391
2325,24.228125,534230,22.156250000004363
2326,24.238541666666666,534460,251.84375000003047
2327,24.24895833333333,534690,481.53124999997823
2328,24.25,534713,504.5000000000357
2329,24.260416666666668,534942,30.187500000062073
2330,24.270833333333332,535172,3.8749999999458495
2331,24.28125,535402,233.56249999997198
2332,24.291666666666668,535631,463.24999999999807
2333,24.302083333333332,535861,116.93749999993895
2334,24.321875,536297,169.34374999995524
2335,24.332291666666666,536527,399.03124999998136
2336,24.34270833333333,536757,52.71874999992221
2337,24.353125,536986,154.4062499999555
2338,24.363541666666666,537216,128.09374999999594
2339,24.37395833333333,537446,357.7812499999437
2340,24.375,537469,380.75000000000114
2341,24.385416666666668,537698,34.43750000002037
2342,24.395833333333332,537928,136.12499999997533
2343,24.40625,538158,109.81250000001577
2344,24.416666666666668,538388,339.5000000000419
2345,24.427083333333332,538617,57.187499999939995
2346,24.446875,539054,45.593749999999034
2347,24.457291666666666,539283,275.2812500000251
2348,24.46770833333333,539513,504.96874999997294
2349,24.478125,539743,30.656249999999297
2350,24.488541666666666,539972,4.34374999996141
2351,24.49895833333333,540202,234.0312499999092
2352,24.5,540225,256.99999999996663
2353,24.510416666666668,540455,486.6874999999927
2354,24.520833333333332,540684,12.374999999940783
2355,24.53125,540914,242.0624999999669
2356,24.541666666666668,541144,215.75000000000733
2357,24.552083333333332,541373,445.4374999999551
2358,24.571875,541810,177.84374999995015
2359,24.582291666666666,542040,151.53124999999062
2360,24.59270833333333,542269,381.2187499999384
2361,24.603125,542499,34.906249999957595
2362,24.613541666666666,542729,136.59374999999088
2363,24.62395833333333,542958,110.28124999995299
2364,24.625,542981,133.25000000001043
2365,24.635416666666668,543211,362.93750000003655
2366,24.645833333333332,543441,16.62499999997742
2367,24.65625,543670,118.3125000000107
2368,24.666666666666668,543900,92.00000000005116
2369,24.677083333333332,544130,321.6874999999989
2370,24.696875,544566,54.09374999999397
2371,24.707291666666666,544796,27.78124999995608
2372,24.71770833333333,545025,257.4687499999039
2373,24.728125,545255,487.15624999992997
2374,24.738541666666666,545485,12.843749999956344
2375,24.74895833333333,545715,242.5312499999041
2376,24.75,545737,9.499999999975905
2377,24.760416666666668,545967,239.18750000000202
2378,24.770833333333332,546197,468.8749999999498
2379,24.78125,546427,122.56249999996899
2380,24.791666666666668,546656,224.25000000000227
2381,24.802083333333332,546886,197.9374999999644
2382,24.821875,547322,58.343749999952266
2383,24.832291666666666,547552,160.03124999998556
2384,24.84270833333333,547782,133.71874999994765
2385,24.853125,548011,363.4062499999738
2386,24.863541666666666,548241,17.09374999999298
2387,24.87395833333333,548471,118.78124999994793
2388,24.875,548494,141.75000000000537
2389,24.885416666666668,548723,115.43750000004582
2390,24.895833333333332,548953,345.1249999999936
2391,24.90625,549183,62.81249999997005
2392,24.916666666666668,549413,100.50000000004609
2393,24.927083333333332,549642,74.1875000000082
2394,24.946875,550079,510.59375000000296
2395,24.957291666666666,550308,36.28125000002935
2396,24.96770833333333,550538,9.968749999913129
2397,24.978125,550768,239.65624999993923
2398,24.988541666666666,550997,469.3437499999653
2399,24.99895833333333,551227,123.03124999990622
2400,25.0,551250,17.99999999997084
2401,25.010416666666668,551480,247.68749999999696
2402,25.020833333333332,551709,221.37499999995907
2403,25.03125,551939,451.06249999998516
2404,25.041666666666668,552169,104.75000000000438
2405,25.052083333333332,552398,206.43749999995933
2406,25.071875,552835,386.84374999996845
2407,25.082291666666666,553065,40.53124999998765
2408,25.09270833333333,553294,142.2187499999426
2409,25.103125,553524,115.90624999998305
2410,25.113541666666666,553754,345.59375000000915
2411,25.12395833333333,553983,63.281249999907274
2412,25.125,554006,22.250000000007475
2413,25.135416666666668,554236,123.93750000004076
2414,25.145833333333332,554466,97.62500000000287
2415,25.15625,554695,327.312500000029
2416,25.166666666666668,554925,45.000000000005436
2417,25.177083333333332,555155,82.68750000000313
2418,25.196875,555591,263.0937499999339
2419,25.207291666666666,555821,492.78124999996004
2420,25.21770833333333,556050,18.468749999908063
2421,25.228125,556280,248.15624999993418
2422,25.238541666666666,556510,221.84374999997462
2423,25.24895833333333,556740,451.5312499999224
2424,25.25,556762,474.4999999999799
2425,25.260416666666668,556992,0.18750000000622435
2426,25.270833333333332,557222,229.874999999954
2427,25.28125,557452,203.56249999999446
2428,25.291666666666668,557681,433.2500000000206
2429,25.302083333333332,557911,86.93749999996143
2430,25.321875,558347,139.34374999997772
2431,25.332291666666666,558577,369.0312500000038
2432,25.34270833333333,558807,22.7187499999447
2433,25.353125,559036,124.40624999997797
2434,25.363541666666666,559266,98.09375000001843
2435,25.37395833333333,559496,327.78124999996624
2436,25.375,559519,350.75000000002365
2437,25.385416666666668,559748,4.43750000004286
2438,25.395833333333332,559978,106.12499999999781
2439,25.40625,560208,79.81250000003826
2440,25.416666666666668,560438,309.50000000006435
2441,25.427083333333332,560667,27.187499999962483
2442,25.446875,561104,15.593749999943185
2443,25.457291666666666,561333,245.2812499999693
2444,25.46770833333333,561563,474.96874999991707
2445,25.478125,561793,0.6562499999434479
2446,25.488541666666666,562022,230.34374999996956
2447,25.49895833333333,562252,204.03124999993167
2448,25.5,562275,226.99999999998911
2449,25.510416666666668,562505,456.68750000001523
2450,25.520833333333332,562734,110.3749999999561
2451,25.53125,562964,212.06249999998937
2452,25.541666666666668,563194,185.75000000002984
2453,25.552083333333332,563423,415.4374999999776
2454,25.571875,563860,147.84374999997266
2455,25.582291666666666,564090,121.5312500000131
2456,25.59270833333333,564319,351.2187499999609
2457,25.603125,564549,4.9062499999800835
2458,25.613541666666666,564779,106.59375000001336
2459,25.62395833333333,565008,80.28124999997547
2460,25.625,565031,103.25000000003293
2461,25.635416666666668,565261,332.93750000005906
2462,25.645833333333332,565491,50.624999999957154
2463,25.65625,565720,88.3125000000332
2464,25.666666666666668,565950,61.9999999999953
2465,25.677083333333332,566180,291.6874999999431
2466,25.696875,566616,24.09374999993812
2467,25.707291666666666,566846,253.78124999996425
2468,25.71770833333333,567075,227.46874999992633
2469,25.728125,567305,457.1562499999525
2470,25.738541666666666,567535,110.84374999997166
2471,25.74895833333333,567765,212.53124999992662
2472,25.75,567787,235.49999999998406
2473,25.760416666666668,568017,209.1875000000245
2474,25.770833333333332,568247,438.87499999997226
2475,25.78125,568477,92.56249999999149
2476,25.791666666666668,568706,194.25000000002478
2477,25.802083333333332,568936,167.93749999998687
2478,25.821875,569372,28.343749999974754
2479,25.832291666666666,569602,130.03125000000804
2480,25.84270833333333,569832,103.71874999997016
2481,25.853125,570061,333.40624999999625
2482,25.863541666666666,570291,51.093749999972715
2483,25.87395833333333,570521,88.78124999997041
2484,25.875,570544,111.75000000002785
2485,25.885416666666668,570773,85.43749999998997
2486,25.895833333333332,571003,315.12499999993776
2487,25.90625,571233,32.81249999999254
2488,25.916666666666668,571462,70.49999999999024
2489,25.927083333333332,571692,44.18749999995235
2490,25.946875,572129,480.59374999994714
2491,25.957291666666666,572358,6.281249999973504
2492,25.96770833333333,572588,235.96874999992127
2493,25.978125,572818,209.65624999996174
2494,25.988541666666666,573047,439.34374999998784
2495,25.99895833333333,573277,93.03124999992872
2496,26.0,573300,115.99999999998616
2497,26.010416666666668,573530,217.68750000001944
2498,26.020833333333332,573759,191.37499999998155
2499,26.03125,573989,421.0625000000077
2500,26.041666666666668,574219,74.75000000002687
2501,26.052083333333332,574448,176.4374999999818
2502,26.071875,574885,356.8437499999909
2503,26.082291666666666,575115,10.53125000001014
2504,26.09270833333333,575344,112.21874999996508
2505,26.103125,575574,85.90625000000554
2506,26.113541666666666,575804,315.59375000003166
2507,26.12395833333333,576033,33.28124999992976
2508,26.125,576056,56.24999999998721
2509,26.135416666666668,576286,93.93750000006324
2510,26.145833333333332,576516,67.62499999994702
2511,26.15625,576745,297.3124999999731
2512,26.166666666666668,576975,15.000000000027924
2513,26.177083333333332,577205,52.687499999947285
2514,26.196875,577641,233.0937499999564
2515,26.207291666666666,577871,462.7812499999825
2516,26.21770833333333,578100,116.46874999992338
2517,26.228125,578330,218.15624999995666
2518,26.238541666666666,578560,191.8437499999971
2519,26.24895833333333,578790,421.53124999994486
2520,26.25,578813,444.50000000000233
2521,26.260416666666668,579042,98.18750000002154
2522,26.270833333333332,579272,199.8749999999765
2523,26.28125,579502,173.56250000001694
2524,26.291666666666668,579731,403.25000000004303
2525,26.302083333333332,579961,56.93749999998392
2526,26.321875,580397,109.3437500000002
2527,26.332291666666666,580627,339.0312500000263
2528,26.34270833333333,580857,56.718749999924434
2529,26.353125,581086,94.40625000000047
2530,26.363541666666666,581316,68.09374999996258
2531,26.37395833333333,581546,297.78124999991036
2532,26.375,581569,320.7499999999678
2533,26.385416666666668,581798,38.437500000022595
2534,26.395833333333332,582028,76.12499999994196
2535,26.40625,582258,49.81249999998241
2536,26.416666666666668,582488,279.5000000000085
2537,26.427083333333332,582717,509.1874999999563
2538,26.446875,583154,241.59374999995134
2539,26.457291666666666,583383,215.2812499999918
2540,26.46770833333333,583613,444.9687499999396
2541,26.478125,583843,98.65624999995876
2542,26.488541666666666,584072,200.34374999999204
2543,26.49895833333333,584302,174.03124999995416
2544,26.5,584325,197.0000000000116
2545,26.510416666666668,584555,426.68750000003774
2546,26.520833333333332,584784,80.3749999999786
2547,26.53125,585014,182.06250000001188
2548,26.541666666666668,585244,155.75000000005232
2549,26.552083333333332,585473,385.4375000000001
2550,26.571875,585910,117.84374999999514
2551,26.582291666666666,586140,91.53124999995725
2552,26.59270833333333,586369,321.218749999905
2553,26.603125,586599,38.90624999995982
2554,26.613541666666666,586829,76.59374999995751
2555,26.62395833333333,587058,50.28124999991963
2556,26.625,587081,73.24999999997708
2557,26.635416666666668,587311,302.9375000000032
2558,26.645833333333332,587541,20.624999999979643
2559,26.65625,587770,58.31249999997734
2560,26.666666666666668,588000,32.00000000001779
2561,26.677083333333332,588230,261.68749999996555
2562,26.696875,588666,122.09374999995345
2563,26.707291666666666,588896,223.78124999998673
2564,26.71770833333333,589125,197.46874999994884
2565,26.728125,589355,427.15624999997493
2566,26.738541666666666,589585,80.84374999999415
2567,26.74895833333333,589815,182.5312499999491
2568,26.75,589838,205.50000000000654
2569,26.760416666666668,590067,179.187500000047
2570,26.770833333333332,590297,408.87499999999477
2571,26.78125,590527,62.562500000013976
2572,26.791666666666668,590756,164.25000000004727
2573,26.802083333333332,590986,137.93750000000938
2574,26.821875,591422,62.34374999995449
2575,26.832291666666666,591652,100.03125000003052
2576,26.84270833333333,591882,73.71874999991431
2577,26.853125,592111,303.4062499999404
2578,26.863541666666666,592341,21.093749999995204
2579,26.87395833333333,592571,58.781249999914564
2580,26.875,592594,81.749999999972
2581,26.885416666666668,592823,55.43750000001246
2582,26.895833333333332,593053,285.1249999999602
2583,26.90625,593283,2.812500000015028
2584,26.916666666666668,593513,40.500000000012726
2585,26.927083333333332,593742,14.18749999997484
2586,26.946875,594179,450.59374999996965
2587,26.957291666666666,594408,104.28124999998883
2588,26.96770833333333,594638,205.96874999994378
2589,26.978125,594868,179.65624999998423
2590,26.988541666666666,595097,409.34375000001035
2591,26.99895833333333,595327,63.0312499999512
2592,27.0,595350,86.00000000000864
2593,27.010416666666668,595580,187.68750000004192
2594,27.020833333333332,595809,161.37500000000404
2595,27.03125,596039,391.0625000000301
2596,27.041666666666668,596269,44.75000000004936
2597,27.052083333333332,596498,146.43750000000432
2598,27.071875,596935,326.8437499999351
2599,27.082291666666666,597165,44.531249999989875
2600,27.09270833333333,597394,82.21874999990924
2601,27.103125,597624,55.90624999994969
2602,27.113541666666666,597854,285.5937499999758
2603,27.12395833333333,598083,3.2812499999522515
2604,27.125,598106,26.2500000000097
2605,27.135416666666668,598336,63.9375000000074
2606,27.145833333333332,598566,37.62499999996951
2607,27.15625,598795,267.3124999999956
2608,27.166666666666668,599025,497.0000000000217
2609,27.177083333333332,599255,22.687499999969774
2610,27.196875,599691,203.09374999997888
2611,27.207291666666666,599921,432.781250000005
2612,27.21770833333333,600150,86.46874999994587
2613,27.228125,600380,188.15624999997914
2614,27.238541666666666,600610,161.8437500000196
2615,27.24895833333333,600840,391.5312499999674
2616,27.25,600863,414.50000000002484
2617,27.260416666666668,601092,68.18750000004403
2618,27.270833333333332,601322,169.87499999999898
2619,27.28125,601552,143.5624999999611
2620,27.291666666666668,601781,373.2499999999872
2621,27.302083333333332,602011,26.93750000000641
2622,27.321875,602447,79.34374999994435
2623,27.332291666666666,602677,309.03124999997044
2624,27.34270833333333,602907,26.718749999946922
2625,27.353125,603136,64.40624999994462
2626,27.363541666666666,603366,38.09374999998507
2627,27.37395833333333,603596,267.78124999993287
2628,27.375,603619,290.7499999999903
2629,27.385416666666668,603848,8.437500000045084
2630,27.395833333333332,604078,46.124999999964444
2631,27.40625,604308,19.812500000004896
2632,27.416666666666668,604538,249.500000000031
2633,27.427083333333332,604767,479.1874999999788
2634,27.446875,605204,211.59374999997382
2635,27.457291666666666,605433,185.28125000001427
2636,27.46770833333333,605663,414.96874999996203
2637,27.478125,605893,68.65624999998126
2638,27.488541666666666,606122,170.34375000001455
2639,27.49895833333333,606352,144.03124999997664
2640,27.5,606375,167.0000000000341
2641,27.510416666666668,606605,396.6875000000602
2642,27.520833333333332,606834,50.37500000000108
2643,27.53125,607064,152.06250000003436
2644,27.541666666666668,607294,125.74999999999648
2645,27.552083333333332,607523,355.43749999994424
2646,27.571875,607960,87.84374999993929
2647,27.582291666666666,608190,61.53124999997974
2648,27.59270833333333,608419,291.2187499999275
2649,27.603125,608649,8.906249999982307
2650,27.613541666666666,608879,46.593749999980005
2651,27.62395833333333,609108,20.28124999994212
2652,27.625,609131,43.24999999999957
2653,27.635416666666668,609361,272.9375000000257
2654,27.645833333333332,609591,502.62499999997345
2655,27.65625,609820,28.31249999999983
2656,27.666666666666668,610050,2.0000000000402807
2657,27.677083333333332,610280,231.68749999998806
2658,27.696875,610716,92.09374999997593
2659,27.707291666666666,610946,193.7812500000092
2660,27.71770833333333,611175,167.46874999997132
2661,27.728125,611405,397.15624999999744
2662,27.738541666666666,611635,50.84375000001664
2663,27.74895833333333,611865,152.53124999997158
2664,27.75,611888,175.50000000002905
2665,27.760416666666668,612117,149.18749999999113
2666,27.770833333333332,612347,378.87499999993895
2667,27.78125,612577,32.562500000036465
2668,27.791666666666668,612806,134.24999999999142
2669,27.802083333333332,613036,107.93749999995353
2670,27.821875,613472,32.34374999997698
2671,27.832291666666666,613702,70.03124999997468
2672,27.84270833333333,613932,43.71874999993679
2673,27.853125,614161,273.4062499999629
2674,27.863541666666666,614391,503.09374999998903
2675,27.87395833333333,614621,28.781249999937053
2676,27.875,614644,51.7499999999945
2677,27.885416666666668,614873,25.43750000003495
2678,27.895833333333332,615103,255.12499999998272
2679,27.90625,615333,484.81250000000887
2680,27.916666666666668,615563,10.500000000035214
2681,27.927083333333332,615792,240.187499999983
2682,27.946875,616229,420.5937499999921
2683,27.957291666666666,616458,74.28125000001131
2684,27.96770833333333,616688,175.96874999996626
2685,27.978125,616918,149.6562500000067
2686,27.988541666666666,617147,379.3437500000328
2687,27.99895833333333,617377,33.03124999997369
2688,28.0,617400,56.000000000031136
2689,28.010416666666668,617630,157.6875000000644
2690,28.020833333333332,617859,131.3749999999482
2691,28.03125,618089,361.0624999999743
2692,28.041666666666668,618319,14.749999999993513
2693,28.052083333333332,618548,116.43749999994846
2694,28.071875,618985,296.8437499999576
2695,28.082291666666666,619215,14.531250000012363
2696,28.09270833333333,619444,52.218749999931724
2697,28.103125,619674,25.906249999972175
2698,28.113541666666666,619904,255.5937499999983
2699,28.12395833333333,620133,485.28124999994606
2700,28.125,620156,508.2500000000035
2701,28.135416666666668,620386,33.937500000029885
2702,28.145833333333332,620616,7.624999999991999
2703,28.15625,620845,237.3125000000181
2704,28.166666666666668,621075,467.0000000000442
2705,28.177083333333332,621305,120.68749999998509
2706,28.196875,621741,173.09375000000136
2707,28.207291666666666,621971,402.7812500000275
2708,28.21770833333333,622200,56.46874999996836
2709,28.228125,622430,158.15625000000165
2710,28.238541666666666,622660,131.84374999996376
2711,28.24895833333333,622890,361.53124999991155
2712,28.25,622912,384.49999999996896
2713,28.260416666666668,623142,38.187499999988184
2714,28.270833333333332,623372,139.87499999994313
2715,28.28125,623602,113.56249999998357
2716,28.291666666666668,623831,343.25000000000966
2717,28.302083333333332,624061,60.937499999986144
2718,28.321875,624497,49.343749999966846
2719,28.332291666666666,624727,279.03124999999295
2720,28.34270833333333,624957,508.7187499999407
2721,28.353125,625186,34.40624999996711
2722,28.363541666666666,625416,8.09375000000756
2723,28.37395833333333,625646,237.78124999995532
2724,28.375,625669,260.7500000000128
2725,28.385416666666668,625898,490.4375000000389
2726,28.395833333333332,626128,16.124999999986933
2727,28.40625,626358,245.81250000001305
2728,28.416666666666668,626588,219.5000000000535
2729,28.427083333333332,626817,449.18750000000125
2730,28.446875,627254,181.5937499999963
2731,28.457291666666666,627483,155.28124999995842
2732,28.46770833333333,627713,384.9687499999062
2733,28.478125,627943,38.656250000003745
2734,28.488541666666666,628172,140.34374999995867
2735,28.49895833333333,628402,114.0312499999208
2736,28.5,628425,136.99999999997826
2737,28.510416666666668,628655,366.6875000000044
2738,28.520833333333332,628884,20.37499999994523
2739,28.53125,629114,122.06249999997851
2740,28.541666666666668,629344,95.75000000001896
2741,28.552083333333332,629573,325.43749999996675
2742,28.571875,630010,57.84374999996178
2743,28.582291666666666,630240,31.53125000000223
2744,28.59270833333333,630469,261.21874999995
2745,28.603125,630699,490.9062499999761
2746,28.613541666666666,630929,16.593750000002494
2747,28.62395833333333,631158,246.28124999995026
2748,28.625,631181,13.250000000022055
2749,28.635416666666668,631411,242.93750000004817
2750,28.645833333333332,631641,472.62499999999596
2751,28.65625,631870,126.31250000001515
2752,28.666666666666668,632100,228.00000000004843
2753,28.677083333333332,632330,201.68750000001054
2754,28.696875,632766,62.093749999998415
2755,28.707291666666666,632996,163.7812500000317
2756,28.71770833333333,633225,137.46874999991547
2757,28.728125,633455,367.15624999994156
2758,28.738541666666666,633685,20.843749999960792
2759,28.74895833333333,633915,122.53124999991573
2760,28.75,633937,145.49999999997317
2761,28.760416666666668,634167,119.18750000001364
2762,28.770833333333332,634397,348.8749999999614
2763,28.78125,634627,2.5624999999806164
2764,28.791666666666668,634856,104.2500000000139
2765,28.802083333333332,635086,77.93749999997601
2766,28.821875,635522,2.343749999999467
2767,28.832291666666666,635752,40.031249999997165
2768,28.84270833333333,635982,13.718749999959279
2769,28.853125,636211,243.4062499999854
2770,28.863541666666666,636441,473.0937500000115
2771,28.87395833333333,636671,126.78124999995237
2772,28.875,636694,21.75000000001699
2773,28.885416666666668,636923,251.4375000000431
2774,28.895833333333332,637153,225.12500000000523
2775,28.90625,637383,454.8125000000313
2776,28.916666666666668,637613,108.50000000005053
2777,28.927083333333332,637842,210.18750000000549
2778,28.946875,638279,390.5937499999363
2779,28.957291666666666,638508,44.2812500000338
2780,28.96770833333333,638738,145.96874999991041
2781,28.978125,638968,119.65624999995086
2782,28.988541666666666,639197,349.343749999977
2783,28.99895833333333,639427,3.03124999991784
2784,29.0,639450,25.999999999975287
2785,29.010416666666668,639680,127.68750000000857
2786,29.020833333333332,639909,101.37499999997068
2787,29.03125,640139,331.0624999999968
2788,29.041666666666668,640369,48.750000000051585
2789,29.052083333333332,640598,86.43749999997095
2790,29.071875,641035,266.84374999998005
2791,29.082291666666666,641265,496.5312500000062
2792,29.09270833333333,641494,22.218749999954213
2793,29.103125,641724,251.90624999998033
2794,29.113541666666666,641954,225.59375000002078
2795,29.12395833333333,642183,455.28124999996857
2796,29.125,642206,478.250000000026
2797,29.135416666666668,642436,3.937500000052374
2798,29.145833333333332,642666,233.62500000000014
2799,29.15625,642895,207.31249999996226
2800,29.166666666666668,643125,436.9999999999884
2801,29.177083333333332,643355,90.68750000000759
2802,29.196875,643791,143.09374999994554
2803,29.207291666666666,644021,372.78124999997164
2804,29.21770833333333,644250,26.46874999991251
2805,29.228125,644480,128.1562499999458
2806,29.238541666666666,644710,101.84374999998624
2807,29.24895833333333,644940,331.531249999934
2808,29.25,644962,354.4999999999915
2809,29.260416666666668,645192,8.187500000010672
2810,29.270833333333332,645422,109.87499999996561
2811,29.28125,645652,83.56250000000607
2812,29.291666666666668,645881,313.2500000000322
2813,29.302083333333332,646111,30.937500000008633
2814,29.321875,646547,19.343749999989335
2815,29.332291666666666,646777,249.03125000001546
2816,29.34270833333333,647007,478.7187499999632
2817,29.353125,647236,4.406249999989598
2818,29.363541666666666,647466,234.09375000001572
2819,29.37395833333333,647696,207.78124999997783
2820,29.375,647719,230.75000000003527
2821,29.385416666666668,647948,460.4375000000614
2822,29.395833333333332,648178,114.12500000000225
2823,29.40625,648408,215.81250000003553
2824,29.416666666666668,648637,189.49999999999764
2825,29.427083333333332,648867,419.18749999994543
2826,29.446875,649304,151.59374999994046
2827,29.457291666666666,649533,125.28124999998091
2828,29.46770833333333,649763,354.9687499999287
2829,29.478125,649993,8.656249999947896
2830,29.488541666666666,650222,110.34374999998118
2831,29.49895833333333,650452,84.0312499999433
2832,29.5,650475,107.00000000000074
2833,29.510416666666668,650705,336.68750000002683
2834,29.520833333333332,650934,54.375000000003304
2835,29.53125,651164,92.062500000001
2836,29.541666666666668,651394,65.75000000004145
2837,29.552083333333332,651623,295.4374999999892
2838,29.571875,652060,27.84374999998427
2839,29.582291666666666,652290,1.5312500000247198
2840,29.59270833333333,652519,231.2187499999725
2841,29.603125,652749,460.90624999999864
2842,29.613541666666666,652979,114.59375000001782
2843,29.62395833333333,653208,216.28124999997277
2844,29.625,653231,239.2500000000302
2845,29.635416666666668,653461,212.93749999999233
2846,29.645833333333332,653691,442.6249999999401
2847,29.65625,653920,96.31250000003763
2848,29.666666666666668,654150,197.99999999999258
2849,29.677083333333332,654380,171.6874999999547
2850,29.696875,654816,32.09374999994257
2851,29.707291666666666,655046,133.78124999997584
2852,29.71770833333333,655275,107.46874999993796
2853,29.728125,655505,337.1562499999641
2854,29.738541666666666,655735,54.843750000018865
2855,29.74895833333333,655965,92.53124999993823
2856,29.75,655987,115.49999999999568
2857,29.760416666666668,656217,89.18750000003612
2858,29.770833333333332,656447,318.8749999999839
2859,29.78125,656677,36.56250000003869
2860,29.791666666666668,656906,74.25000000003638
2861,29.802083333333332,657136,47.9374999999985
2862,29.821875,657572,484.3437499999933
2863,29.832291666666666,657802,10.031250000019654
2864,29.84270833333333,658032,239.71874999996743
2865,29.853125,658261,213.40624999992954
2866,29.863541666666666,658491,443.09374999995566
2867,29.87395833333333,658721,96.78124999997486
2868,29.875,658744,119.75000000003232
2869,29.885416666666668,658973,221.43749999998727
2870,29.895833333333332,659203,195.12499999994935
2871,29.90625,659433,424.8124999999755
2872,29.916666666666668,659662,78.49999999999469
2873,29.927083333333332,659892,180.18749999994964
2874,29.946875,660329,360.59374999995873
2875,29.957291666666666,660558,14.281249999977952
2876,29.96770833333333,660788,115.9687499999329
2877,29.978125,661018,89.65624999997334
2878,29.988541666666666,661247,319.34374999999943
2879,29.99895833333333,661477,37.03124999997591
2880,30.0,661500,60.00000000003336
2881,30.010416666666668,661730,97.68750000003106
2882,30.020833333333332,661959,71.37499999999318
2883,30.03125,662189,301.06250000001927
2884,30.041666666666668,662419,18.749999999995737
2885,30.052083333333332,662648,56.437499999993435
2886,30.071875,663085,236.84375000000256
2887,30.082291666666666,663315,466.53125000002865
2888,30.09270833333333,663544,120.21874999996953
2889,30.103125,663774,221.9062500000028
2890,30.113541666666666,664004,195.59374999996493
2891,30.12395833333333,664233,425.2812499999127
2892,30.125,664256,448.24999999997016
2893,30.135416666666668,664486,101.93749999998936
2894,30.145833333333332,664716,203.6249999999443
2895,30.15625,664945,177.31249999998477
2896,30.166666666666668,665175,407.00000000001086
2897,30.177083333333332,665405,60.68749999995173
2898,30.196875,665841,113.09374999996803
2899,30.207291666666666,666071,342.78124999999415
2900,30.21770833333333,666300,60.46874999997058
2901,30.228125,666530,98.15624999996828
2902,30.238541666666666,666760,71.84375000000873
2903,30.24895833333333,666990,301.5312499999565
2904,30.25,667013,324.500000000014
2905,30.260416666666668,667242,42.18749999999041
2906,30.270833333333332,667472,79.8749999999881
2907,30.28125,667702,53.56250000002856
2908,30.291666666666668,667931,283.2500000000547
2909,30.302083333333332,668161,0.9374999999527844
2910,30.321875,668597,245.3437499999975
2911,30.332291666666666,668827,219.03124999995958
2912,30.34270833333333,669057,448.71874999990735
2913,30.353125,669286,102.40625000000492
2914,30.363541666666666,669516,204.09374999995987
2915,30.37395833333333,669746,177.78124999992198
2916,30.375,669769,200.74999999997942
2917,30.385416666666668,669998,430.4375000000055
2918,30.395833333333332,670228,84.1249999999464
2919,30.40625,670458,185.81249999997968
2920,30.416666666666668,670688,159.50000000002012
2921,30.427083333333332,670917,389.18749999996794
2922,30.446875,671354,121.59374999996295
2923,30.457291666666666,671583,95.28125000000341
2924,30.46770833333333,671813,324.96874999995117
2925,30.478125,672043,42.65625000000597
2926,30.488541666666666,672272,80.34375000000367
2927,30.49895833333333,672502,54.03124999996578
2928,30.5,672525,77.00000000002322
2929,30.510416666666668,672755,306.68750000004934
2930,30.520833333333332,672984,24.374999999947455
2931,30.53125,673214,62.06250000002349
2932,30.541666666666668,673444,35.75000000006394
2933,30.552083333333332,673673,265.4375000000117
2934,30.571875,674110,125.84374999999959
2935,30.582291666666666,674340,227.53125000003286
2936,30.59270833333333,674569,201.21874999991664
2937,30.603125,674799,430.90624999994276
2938,30.613541666666666,675029,84.59374999996197
2939,30.62395833333333,675258,186.2812499999169
2940,30.625,675281,209.24999999997436
2941,30.635416666666668,675511,182.9375000000148
2942,30.645833333333332,675741,412.6249999999626
2943,30.65625,675970,66.31249999998178
2944,30.666666666666668,676200,168.00000000001506
2945,30.677083333333332,676430,141.68749999997718
2946,30.696875,676866,2.0937499999650555
2947,30.707291666666666,677096,103.78124999999834
2948,30.71770833333333,677325,77.46874999996045
2949,30.728125,677555,307.1562499999866
2950,30.738541666666666,677785,24.843749999963016
2951,30.74895833333333,678015,62.531249999960714
2952,30.75,678038,85.50000000001816
2953,30.760416666666668,678267,59.18750000005861
2954,30.770833333333332,678497,288.87500000000637
2955,30.78125,678727,6.56249999998284
2956,30.791666666666668,678956,44.250000000058876
2957,30.802083333333332,679186,17.937499999942652
2958,30.821875,679622,454.3437499999374
2959,30.832291666666666,679852,108.03124999995663
2960,30.84270833333333,680082,209.71874999991158
2961,30.853125,680311,183.40624999995202
2962,30.863541666666666,680541,413.0937499999782
2963,30.87395833333333,680771,66.78124999991901
2964,30.875,680794,89.74999999997647
2965,30.885416666666668,681023,191.43750000000975
2966,30.895833333333332,681253,165.12499999997186
2967,30.90625,681483,394.81249999999795
2968,30.916666666666668,681713,48.500000000017174
2969,30.927083333333332,681942,150.18749999997212
2970,30.946875,682379,330.59374999998124
2971,30.957291666666666,682608,48.28124999995769
2972,30.96770833333333,682838,85.96874999995538
2973,30.978125,683068,59.656249999995836
2974,30.988541666666666,683297,289.34375000002194
2975,30.99895833333333,683527,7.031249999920064
2976,31.0,683550,29.99999999997751
2977,31.010416666666668,683780,67.68750000005355
2978,31.020833333333332,684009,41.37499999993732
2979,31.03125,684239,271.06249999996345
2980,31.041666666666668,684469,500.74999999998954
2981,31.052083333333332,684698,26.437499999937586
2982,31.071875,685135,206.8437499999467
2983,31.082291666666666,685365,436.53124999997283
2984,31.09270833333333,685594,90.21874999991368
2985,31.103125,685824,191.90624999994697
2986,31.113541666666666,686054,165.5937499999874
2987,31.12395833333333,686283,395.2812499999352
2988,31.125,686306,418.2499999999926
2989,31.135416666666668,686536,71.93750000001185
2990,31.145833333333332,686766,173.6249999999668
2991,31.15625,686995,147.31250000000725
2992,31.166666666666668,687225,377.00000000003337
2993,31.177083333333332,687455,30.68749999997422
2994,31.196875,687891,83.09374999999051
2995,31.207291666666666,688121,312.7812500000166
2996,31.21770833333333,688350,30.468749999914735
2997,31.228125,688580,68.15624999999076
2998,31.238541666666666,688810,41.84375000003122
2999,31.24895833333333,689040,271.53124999997897
3000,31.25,689063,294.50000000003644
3001,31.260416666666668,689292,12.187500000012896
3002,31.270833333333332,689522,49.875000000010594
3003,31.28125,689752,23.562499999972708
3004,31.291666666666668,689981,253.2499999999988
3005,31.302083333333332,690211,482.93749999994657
3006,31.321875,690647,215.34374999994162
3007,31.332291666666666,690877,189.0312499999821
3008,31.34270833333333,691107,418.71874999992986
3009,31.353125,691336,72.40624999994907
3010,31.363541666666666,691566,174.09374999998235
3011,31.37395833333333,691796,147.78124999994446
3012,31.375,691819,170.7500000000019
3013,31.385416666666668,692048,400.437500000028
3014,31.395833333333332,692278,54.12499999996889
3015,31.40625,692508,155.81250000000216
3016,31.416666666666668,692738,129.50000000004263
3017,31.427083333333332,692967,359.1874999999904
3018,31.446875,693404,91.59374999998545
3019,31.457291666666666,693633,65.28125000002589
3020,31.46770833333333,693863,294.9687499999737
3021,31.478125,694093,12.65624999995012
3022,31.488541666666666,694322,50.343750000026155
3023,31.49895833333333,694552,24.03124999990993
3024,31.5,694575,46.99999999996738
3025,31.510416666666668,694805,276.6874999999935
3026,31.520833333333332,695034,506.3749999999413
3027,31.53125,695264,32.06249999996764
3028,31.541666666666668,695494,5.750000000008093
3029,31.552083333333332,695723,235.43749999995586
3030,31.571875,696160,95.84374999994374
3031,31.582291666666666,696390,197.53124999997704
3032,31.59270833333333,696619,171.21874999993912
3033,31.603125,696849,400.90624999996527
3034,31.613541666666666,697079,54.59374999998445
3035,31.62395833333333,697308,156.2812499999394
3036,31.625,697331,179.24999999999685
3037,31.635416666666668,697561,152.9375000000373
3038,31.645833333333332,697791,382.62499999998505
3039,31.65625,698020,36.31250000000428
3040,31.666666666666668,698250,138.00000000003757
3041,31.677083333333332,698480,111.68749999999967
3042,31.696875,698916,36.09374999994479
3043,31.707291666666666,699146,73.78125000002083
3044,31.71770833333333,699375,47.4687499999046
3045,31.728125,699605,277.1562499999307
3046,31.738541666666666,699835,506.8437499999568
3047,31.74895833333333,700065,32.531249999904865
3048,31.75,700087,55.49999999996231
3049,31.760416666666668,700317,29.187500000002764
3050,31.770833333333332,700547,258.87499999995055
3051,31.78125,700777,488.56249999997664
3052,31.791666666666668,701006,14.250000000003027
3053,31.802083333333332,701236,243.9374999999508
3054,31.821875,701672,424.3437499999599
3055,31.832291666666666,701902,78.03124999997912
3056,31.84270833333333,702132,179.71874999993406
3057,31.853125,702361,153.40624999997453
3058,31.863541666666666,702591,383.0937500000006
3059,31.87395833333333,702821,36.7812499999415
3060,31.875,702844,59.74999999999895
3061,31.885416666666668,703073,161.43750000003223
3062,31.895833333333332,703303,135.12499999999434
3063,31.90625,703533,364.81250000002046
3064,31.916666666666668,703763,18.500000000039662
3065,31.927083333333332,703992,120.1874999999946
3066,31.946875,704429,300.59375000000375
3067,31.957291666666666,704658,18.281249999980176
3068,31.96770833333333,704888,55.968749999977874
3069,31.978125,705118,29.656249999939988
3070,31.988541666666666,705347,259.3437499999661
3071,31.99895833333333,705577,489.0312499999139
3072,32.0,705600,0.0
3073,32.010416666666664,705830,37.6874999999977
3074,32.020833333333336,706059,11.375000000116486
3075,32.03125,706289,241.06250000006426
3076,32.041666666666664,706519,470.75000000001205
3077,32.052083333333336,706748,124.43750000010958
3078,32.071875,707185,176.8437499999692
3079,32.08229166666666,707415,406.53124999991695
3080,32.092708333333334,707644,60.21875000001451
3081,32.103125,707874,161.90624999989112
3082,32.11354166666666,708104,135.59374999985323
3083,32.123958333333334,708333,365.2812499999577
3084,32.125,708356,388.2499999999368
3085,32.135416666666664,708586,41.93749999987766
3086,32.145833333333336,708816,143.62500000006762
3087,32.15625,709045,117.31250000002973
3088,32.166666666666664,709275,346.9999999999775
3089,32.177083333333336,709505,0.6875000000750475
3090,32.196875,709941,53.09374999993466
3091,32.20729166666666,710171,282.78124999988245
3092,32.217708333333334,710400,0.4687500000155609
3093,32.228125,710630,38.15625000001326
3094,32.23854166666666,710860,11.843749999975373
3095,32.248958333333334,711090,241.5312500000798
3096,32.25,711113,264.50000000005895
3097,32.260416666666664,711342,494.1875000000067
3098,32.270833333333336,711572,19.875000000033083
3099,32.28125,711802,249.56249999998084
3100,32.291666666666664,712031,223.249999999943
3101,32.302083333333336,712261,452.9375000000474
3102,32.321875,712697,185.34375000004246
3103,32.33229166666666,712927,159.0312499998479
3104,32.342708333333334,713157,388.71874999995237
3105,32.353125,713386,42.40624999989322
3106,32.36354166666666,713616,144.0937499999265
3107,32.373958333333334,713846,117.78125000004529
3108,32.375,713869,140.7500000000244
3109,32.385416666666664,714098,370.43749999997215
3110,32.395833333333336,714328,24.12500000006972
3111,32.40625,714558,125.81249999994633
3112,32.416666666666664,714787,99.49999999990844
3113,32.427083333333336,715017,329.1875000000129
3114,32.446875,715454,61.59375000000793
3115,32.45729166666666,715683,35.28124999997004
3116,32.467708333333334,715913,264.96875000007446
3117,32.478125,716143,494.6562500000223
3118,32.48854166666666,716372,20.34374999989197
3119,32.498958333333334,716602,250.03124999999642
3120,32.5,716625,16.999999999989868
3121,32.510416666666664,716855,246.68749999993764
3122,32.520833333333336,717084,476.37500000004206
3123,32.53125,717314,2.062500000068468
3124,32.541666666666664,717544,231.75000000001626
3125,32.552083333333336,717773,205.43749999997834
3126,32.571875,718210,65.84375000004457
3127,32.58229166666666,718440,167.53124999992116
3128,32.592708333333334,718669,141.21875000003996
3129,32.603125,718899,370.9062499999877
3130,32.61354166666666,719129,24.593749999928605
3131,32.623958333333334,719358,126.28124999996189
3132,32.625,719381,149.249999999941
3133,32.635416666666664,719611,122.93749999990311
3134,32.645833333333336,719841,352.62500000000756
3135,32.65625,720070,6.312499999948429
3136,32.666666666666664,720300,107.99999999998171
3137,32.677083333333336,720530,81.6875000001005
3138,32.696875,720966,6.093750000045617
3139,32.70729166666666,721196,43.78124999988664
3140,32.717708333333334,721425,17.46875000000543
3141,32.728125,721655,247.15624999995322
3142,32.73854166666666,721885,476.843749999901
3143,32.748958333333334,722115,2.531250000084029
3144,32.75,722138,25.50000000006314
3145,32.760416666666664,722367,255.1875000000109
3146,32.770833333333336,722597,228.87500000012972
3147,32.78125,722827,458.5625000000775
3148,32.791666666666664,723056,112.25000000001835
3149,32.802083333333336,723286,213.9375000000516
3150,32.821875,723722,394.3437499999824
3151,32.83229166666666,723952,48.031249999923276
3152,32.842708333333334,724182,149.71874999995657
3153,32.853125,724411,123.40624999991867
3154,32.86354166666666,724641,353.0937499998664
3155,32.873958333333334,724871,6.78124999996399
3156,32.875,724894,29.7499999999431
3157,32.885416666666664,725123,131.43749999997638
3158,32.895833333333336,725353,105.12500000009517
3159,32.90625,725583,334.812500000043
3160,32.916666666666664,725813,52.5000000000194
3161,32.927083333333336,726042,90.1875000000171
3162,32.946875,726479,270.5937499999479
3163,32.95729166666666,726708,500.28124999989564
3164,32.967708333333334,726938,25.9687500000787
3165,32.978125,727168,255.6562500000265
3166,32.98854166666666,727397,229.34374999998857
3167,32.998958333333334,727627,459.03125000009305
3168,33.0,727650,482.00000000007213
3169,33.010416666666664,727880,7.687499999941849
3170,33.020833333333336,728109,237.3750000000463
3171,33.03125,728339,211.0625000000084
3172,33.041666666666664,728569,440.7499999999562
3173,33.052083333333336,728798,94.43750000005373
3174,33.071875,729235,146.84374999991334
3175,33.08229166666666,729465,376.53124999986113
3176,33.092708333333334,729694,30.21874999995866
3177,33.103125,729924,131.90624999999193
3178,33.11354166666666,730154,105.59374999995406
3179,33.123958333333334,730383,335.2812500000585
3180,33.125,730406,358.25000000003763
3181,33.135416666666664,730636,11.937499999978485
3182,33.145833333333336,730866,113.62500000001177
3183,33.15625,731095,87.31249999997388
3184,33.166666666666664,731325,316.99999999992167
3185,33.177083333333336,731555,34.68750000005478
3186,33.196875,731991,23.093750000035485
3187,33.20729166666666,732221,252.78124999998326
3188,33.217708333333334,732450,482.4687500000877
3189,33.228125,732680,8.15624999995741
3190,33.23854166666666,732910,237.84374999990519
3191,33.248958333333334,733140,211.531250000024
3192,33.25,733163,234.50000000000307
3193,33.260416666666664,733392,464.1874999999509
3194,33.270833333333336,733622,117.8750000000484
3195,33.28125,733852,219.56249999992502
3196,33.291666666666664,734081,193.2499999998871
3197,33.302083333333336,734311,422.9374999999916
3198,33.321875,734747,155.3437499999866
3199,33.33229166666666,734977,129.03124999994873
3200,33.342708333333334,735207,358.7187500000532
3201,33.353125,735436,12.406249999994046
3202,33.36354166666666,735666,114.09374999987065
3203,33.373958333333334,735896,87.78124999998944
3204,33.375,735919,110.74999999996855
3205,33.385416666666664,736148,340.4374999999163
3206,33.395833333333336,736378,58.125000000049454
3207,33.40625,736608,95.81250000004715
3208,33.416666666666664,736838,69.50000000000927
3209,33.427083333333336,737067,299.1875000001137
3210,33.446875,737504,31.59374999995208
3211,33.45729166666666,737733,5.281249999914195
3212,33.467708333333334,737963,234.96875000001864
3213,33.478125,738193,464.6562499999664
3214,33.48854166666666,738422,118.34374999990729
3215,33.498958333333334,738652,220.03125000009726
3216,33.5,738675,243.00000000007634
3217,33.510416666666664,738905,216.6874999998818
3218,33.520833333333336,739134,446.37499999998624
3219,33.53125,739364,100.06249999992711
3220,33.541666666666664,739594,201.74999999996038
3221,33.552083333333336,739823,175.43750000007918
3222,33.571875,740260,35.84374999998872
3223,33.58229166666666,740490,137.53124999986534
3224,33.592708333333334,740719,111.21874999998411
3225,33.603125,740949,340.9062499999319
3226,33.61354166666666,741179,58.59374999990834
3227,33.623958333333334,741408,96.28125000006271
3228,33.625,741431,119.25000000004182
3229,33.635416666666664,741661,92.93750000000394
3230,33.645833333333336,741891,322.6250000001084
3231,33.65625,742120,40.312499999928164
3232,33.666666666666664,742350,77.99999999992586
3233,33.677083333333336,742580,51.68750000004465
3234,33.696875,743016,488.0937499999611
3235,33.70729166666666,743246,13.781249999987466
3236,33.717708333333334,743475,243.46875000009192
3237,33.728125,743705,217.15624999989734
3238,33.73854166666666,743935,446.84374999984516
3239,33.748958333333334,744165,100.53124999994267
3240,33.75,744187,123.49999999992178
3241,33.760416666666664,744417,225.18749999995507
3242,33.770833333333336,744647,198.87500000007384
3243,33.78125,744877,428.5625000000216
3244,33.791666666666664,745106,82.2499999999625
3245,33.802083333333336,745336,183.9374999999958
3246,33.821875,745772,364.34374999992656
3247,33.83229166666666,746002,18.031249999867427
3248,33.842708333333334,746232,119.71875000005738
3249,33.853125,746461,93.4062500000195
3250,33.86354166666666,746691,323.09374999996726
3251,33.873958333333334,746921,40.781249999943725
3252,33.875,746944,63.749999999922835
3253,33.885416666666664,747173,101.43749999992053
3254,33.895833333333336,747403,75.12500000003932
3255,33.90625,747633,304.8124999999871
3256,33.916666666666664,747862,22.49999999996355
3257,33.927083333333336,748092,60.18750000011792
3258,33.946875,748529,240.59374999989203
3259,33.95729166666666,748758,470.2812499998398
3260,33.967708333333334,748988,123.96875000009402
3261,33.978125,749218,225.6562499999706
3262,33.98854166666666,749447,199.34374999993275
3263,33.998958333333334,749677,429.0312500000372
3264,34.0,749700,452.0000000000163
3265,34.010416666666664,749930,105.68749999995717
3266,34.020833333333336,750159,207.37499999999045
3267,34.03125,750389,181.06249999995256
3268,34.041666666666664,750619,410.74999999990035
3269,34.052083333333336,750848,64.43749999999788
3270,34.071875,751285,116.84375000001417
3271,34.08229166666666,751515,346.5312499999619
3272,34.092708333333334,751744,0.21875000005948664
3273,34.103125,751974,101.9062499999361
3274,34.11354166666666,752204,75.59374999989821
3275,34.123958333333334,752433,305.2812500000027
3276,34.125,752456,328.24999999998175
3277,34.135416666666664,752686,45.93749999995822
3278,34.145833333333336,752916,83.62500000011259
3279,34.15625,753145,57.31250000007471
3280,34.166666666666664,753375,287.0000000000225
3281,34.177083333333336,753605,4.687499999998934
3282,34.196875,754041,249.0937499999653
3283,34.20729166666666,754271,222.7812499999274
3284,34.217708333333334,754500,452.46875000003183
3285,34.228125,754730,106.15624999997273
3286,34.23854166666666,754960,207.84374999984934
3287,34.248958333333334,755190,181.5312499999681
3288,34.25,755212,204.49999999994725
3289,34.260416666666664,755442,434.187499999895
3290,34.270833333333336,755672,87.87499999999255
3291,34.28125,755902,189.56250000002584
3292,34.291666666666664,756131,163.24999999998795
3293,34.302083333333336,756361,392.9375000000924
3294,34.321875,756797,125.34374999993076
3295,34.33229166666666,757027,99.03124999989288
3296,34.342708333333334,757257,328.7187499999973
3297,34.353125,757486,46.40624999997378
3298,34.36354166666666,757716,84.09374999997148
3299,34.373958333333334,757946,57.78125000009027
3300,34.375,757969,80.75000000006938
3301,34.385416666666664,758198,310.43750000001717
3302,34.395833333333336,758428,28.124999999993605
3303,34.40625,758658,65.8124999999913
3304,34.416666666666664,758887,39.49999999995342
3305,34.427083333333336,759117,269.18750000005787
3306,34.446875,759554,1.5937499998962323
3307,34.45729166666666,759783,231.28124999984402
3308,34.467708333333334,760013,204.9687499999628
3309,34.478125,760243,434.6562499999106
3310,34.48854166666666,760472,88.34374999985144
3311,34.498958333333334,760702,190.03125000004138
3312,34.5,760725,213.00000000002052
3313,34.510416666666664,760955,186.6874999999826
3314,34.520833333333336,761184,416.3750000000871
3315,34.53125,761414,70.06250000002794
3316,34.541666666666664,761644,171.74999999990456
3317,34.552083333333336,761873,145.43750000002333
3318,34.571875,762310,5.843749999932868
3319,34.58229166666666,762540,107.53124999996615
3320,34.592708333333334,762769,81.21875000008494
3321,34.603125,762999,310.90625000003274
3322,34.61354166666666,763229,28.59374999985249
3323,34.623958333333334,763458,66.28125000000686
3324,34.625,763481,89.24999999998597
3325,34.635416666666664,763711,62.93749999994809
3326,34.645833333333336,763941,292.6250000000525
3327,34.65625,764170,10.31250000002899
3328,34.666666666666664,764400,47.99999999987001
3329,34.677083333333336,764630,21.687499999988802
3330,34.696875,765066,458.09374999990524
3331,34.70729166666666,765296,111.78124999984611
3332,34.717708333333334,765525,213.46875000003607
3333,34.728125,765755,187.15624999999818
3334,34.73854166666666,765985,416.84374999994594
3335,34.748958333333334,766215,70.5312500000435
3336,34.75,766238,93.50000000002261
3337,34.760416666666664,766467,195.18749999989922
3338,34.770833333333336,766697,168.87500000001802
3339,34.78125,766927,398.5624999999658
3340,34.791666666666664,767156,52.24999999990665
3341,34.802083333333336,767386,153.9375000000966
3342,34.821875,767822,334.3437500000274
3343,34.83229166666666,768052,52.03124999984716
3344,34.842708333333334,768282,89.71875000000153
3345,34.853125,768511,63.40624999996365
3346,34.86354166666666,768741,293.09374999991144
3347,34.873958333333334,768971,10.781250000044551
3348,34.875,768994,33.75000000002366
3349,34.885416666666664,769223,71.43750000002136
3350,34.895833333333336,769453,45.12499999998347
3351,34.90625,769683,274.8124999999312
3352,34.916666666666664,769912,504.49999999987904
3353,34.927083333333336,770142,30.187500000062073
3354,34.946875,770579,210.59374999999284
3355,34.95729166666666,770808,440.28124999994066
3356,34.967708333333334,771038,93.96875000003817
3357,34.978125,771268,195.6562499999148
3358,34.98854166666666,771497,169.34374999987688
3359,34.998958333333334,771727,399.03124999998136
3360,35.0,771750,421.99999999996044
3361,35.010416666666664,771980,75.68749999990132
3362,35.020833333333336,772209,177.3750000000913
3363,35.03125,772439,151.06250000005338
3364,35.041666666666664,772669,380.75000000000114
3365,35.052083333333336,772898,34.43750000009871
3366,35.071875,773335,86.84374999995832
3367,35.08229166666666,773565,316.5312499999061
3368,35.092708333333334,773794,34.21875000003922
3369,35.103125,774024,71.90625000003692
3370,35.11354166666666,774254,45.59374999984236
3371,35.123958333333334,774483,275.2812499999468
3372,35.125,774506,298.24999999992593
3373,35.135416666666664,774736,15.937499999902371
3374,35.145833333333336,774966,53.625000000056744
3375,35.15625,775195,27.312500000018858
3376,35.166666666666664,775425,256.99999999996663
3377,35.177083333333336,775655,486.68750000007105
3378,35.196875,776091,219.09374999990945
3379,35.20729166666666,776321,192.78124999987156
3380,35.217708333333334,776550,422.468749999976
3381,35.228125,776780,76.15624999991688
3382,35.23854166666666,777010,177.84374999995015
3383,35.248958333333334,777240,151.53125000006895
3384,35.25,777263,174.50000000004806
3385,35.260416666666664,777492,404.18749999999585
3386,35.270833333333336,777722,57.87500000009338
3387,35.28125,777952,159.56249999997
3388,35.291666666666664,778181,133.2499999999321
3389,35.302083333333336,778411,362.93750000003655
3390,35.321875,778847,95.34375000003159
3391,35.33229166666666,779077,69.0312499999937
3392,35.342708333333334,779307,298.71875000009817
3393,35.353125,779536,16.406249999917932
3394,35.36354166666666,779766,54.09374999991563
3395,35.373958333333334,779996,27.78125000003442
3396,35.375,780019,50.75000000001353
3397,35.385416666666664,780248,280.4374999999613
3398,35.395833333333336,780478,510.12500000006577
3399,35.40625,780708,35.812499999935454
3400,35.416666666666664,780937,9.499999999897568
3401,35.427083333333336,781167,239.18750000000202
3402,35.446875,781604,99.59374999991155
3403,35.45729166666666,781833,201.28124999994483
3404,35.467708333333334,782063,174.9687500000636
3405,35.478125,782293,404.65625000001137
3406,35.48854166666666,782522,58.343749999952266
3407,35.498958333333334,782752,160.03124999998556
3408,35.5,782775,182.99999999996464
3409,35.510416666666664,783005,156.68749999992679
3410,35.520833333333336,783234,386.3750000000312
3411,35.53125,783464,40.06249999997209
3412,35.541666666666664,783694,141.75000000000537
3413,35.552083333333336,783923,115.43750000012416
3414,35.571875,784360,39.8437499999126
3415,35.58229166666666,784590,77.5312499999103
3416,35.592708333333334,784819,51.21875000002909
3417,35.603125,785049,280.90624999997686
3418,35.61354166666666,785279,510.5937499999246
3419,35.623958333333334,785508,36.281249999951015
3420,35.625,785531,59.249999999930125
3421,35.635416666666664,785761,32.93749999989224
3422,35.645833333333336,785991,262.6249999999967
3423,35.65625,786220,492.31249999994446
3424,35.666666666666664,786450,17.99999999997084
3425,35.677083333333336,786680,247.6875000000753
3426,35.696875,787116,428.0937500000061
3427,35.70729166666666,787346,81.78124999994694
3428,35.717708333333334,787575,183.46874999998022
3429,35.728125,787805,157.15624999994233
3430,35.73854166666666,788035,386.8437499998901
3431,35.748958333333334,788265,40.53124999998765
3432,35.75,788287,63.49999999996676
3433,35.760416666666664,788517,165.18750000000006
3434,35.770833333333336,788747,138.87500000011883
3435,35.78125,788977,368.5625000000666
3436,35.791666666666664,789206,22.250000000007475
3437,35.802083333333336,789436,123.93750000004076
3438,35.821875,789872,304.3437499999715
3439,35.83229166666666,790102,22.03124999994799
3440,35.842708333333334,790332,59.718749999945686
3441,35.853125,790561,33.4062499999078
3442,35.86354166666666,790791,263.09374999985556
3443,35.873958333333334,791021,492.78124999996004
3444,35.875,791044,3.7499999999678124
3445,35.885416666666664,791273,41.43749999996551
3446,35.895833333333336,791503,15.125000000084299
3447,35.90625,791733,244.81250000003206
3448,35.916666666666664,791962,474.4999999999799
3449,35.927083333333336,792192,0.18750000000622435
3450,35.946875,792629,180.59374999993702
3451,35.95729166666666,792858,410.2812499998848
3452,35.967708333333334,793088,63.96874999998232
3453,35.978125,793318,165.6562500000156
3454,35.98854166666666,793547,139.34374999997772
3455,35.998958333333334,793777,369.0312500000822
3456,36.0,793800,392.0000000000613
3457,36.010416666666664,794030,45.687500000002146
3458,36.020833333333336,794259,147.3750000000354
3459,36.03125,794489,121.06249999999754
3460,36.041666666666664,794719,350.7499999999453
3461,36.052083333333336,794948,4.43750000004286
3462,36.071875,795385,56.84374999990247
3463,36.08229166666666,795615,286.5312499998503
3464,36.092708333333334,795844,4.218749999983373
3465,36.103125,796074,41.90624999998107
3466,36.11354166666666,796304,15.593749999943185
3467,36.123958333333334,796533,245.28125000004763
3468,36.125,796556,268.2500000000267
3469,36.135416666666664,796786,497.93749999997453
3470,36.145833333333336,797016,23.625000000000895
3471,36.15625,797245,253.31249999994867
3472,36.166666666666664,797475,226.99999999991078
3473,36.177083333333336,797705,456.68750000001523
3474,36.196875,798141,189.0937500000103
3475,36.20729166666666,798371,162.78124999997237
3476,36.217708333333334,798600,392.46875000007685
3477,36.228125,798830,46.15625000001771
3478,36.23854166666666,799060,147.84374999989433
3479,36.248958333333334,799290,121.5312500000131
3480,36.25,799312,144.4999999999922
3481,36.260416666666664,799542,374.18749999994
3482,36.270833333333336,799772,27.87500000003753
3483,36.28125,800002,129.56250000007083
3484,36.291666666666664,800231,103.24999999987625
3485,36.302083333333336,800461,332.9374999999807
3486,36.321875,800897,65.34374999997574
3487,36.33229166666666,801127,39.031249999937856
3488,36.342708333333334,801357,268.7187500000423
3489,36.353125,801586,498.4062499999901
3490,36.36354166666666,801816,24.09374999985978
3491,36.373958333333334,802046,253.78124999996425
3492,36.375,802069,20.74999999995768
3493,36.385416666666664,802298,250.43749999990547
3494,36.395833333333336,802528,480.1250000000099
3495,36.40625,802758,5.81250000003628
3496,36.416666666666664,802987,235.49999999998406
3497,36.427083333333336,803217,209.18750000010283
3498,36.446875,803654,69.59375000001238
3499,36.45729166666666,803883,171.28124999988898
3500,36.467708333333334,804113,144.9687500000078
3501,36.478125,804343,374.65624999995555
3502,36.48854166666666,804572,28.343749999896417
3503,36.498958333333334,804802,130.03125000008637
3504,36.5,804825,153.00000000006548
3505,36.510416666666664,805055,126.68749999987092
3506,36.520833333333336,805284,356.3749999999754
3507,36.53125,805514,10.062500000072916
3508,36.541666666666664,805744,111.74999999994952
3509,36.552083333333336,805973,85.43750000006831
3510,36.571875,806410,9.84375000001343
3511,36.58229166666666,806640,47.53124999985445
3512,36.592708333333334,806869,21.21874999997324
3513,36.603125,807099,250.90624999992102
3514,36.61354166666666,807329,480.5937499998688
3515,36.623958333333334,807558,6.281250000051841
3516,36.625,807581,29.25000000003095
3517,36.635416666666664,807811,2.937499999993065
3518,36.645833333333336,808041,232.62500000009751
3519,36.65625,808270,462.3125000000453
3520,36.666666666666664,808500,115.99999999998616
3521,36.677083333333336,808730,217.68750000001944
3522,36.696875,809166,398.0937499999502
3523,36.70729166666666,809396,51.78124999989109
3524,36.717708333333334,809625,153.46875000008106
3525,36.728125,809855,127.15625000004316
3526,36.73854166666666,810085,356.8437499999909
3527,36.748958333333334,810315,10.531250000088477
3528,36.75,810338,33.50000000006759
3529,36.760416666666664,810567,135.18749999994418
3530,36.770833333333336,810797,108.87500000006298
3531,36.78125,811027,338.56250000001074
3532,36.791666666666664,811256,56.24999999998721
3533,36.802083333333336,811486,93.93749999998491
3534,36.821875,811922,274.3437499999157
3535,36.83229166666666,812152,504.03124999986346
3536,36.842708333333334,812382,29.718750000046512
3537,36.853125,812611,3.406250000008626
3538,36.86354166666666,812841,233.0937499999564
3539,36.873958333333334,813071,462.7812500000608
3540,36.875,813094,485.75000000003996
3541,36.885416666666664,813323,11.437499999909662
3542,36.895833333333336,813553,241.1250000000141
3543,36.90625,813783,214.81249999997624
3544,36.916666666666664,814012,444.499999999924
3545,36.927083333333336,814242,98.18750000002154
3546,36.946875,814679,150.59375000003783
3547,36.95729166666666,814908,380.2812499999856
3548,36.967708333333334,815138,33.96875000008315
3549,36.978125,815368,135.65624999995975
3550,36.98854166666666,815597,109.34374999992187
3551,36.998958333333334,815827,339.0312500000263
3552,37.0,815850,362.00000000000546
3553,37.010416666666664,816080,15.687499999946297
3554,37.020833333333336,816309,117.37499999997958
3555,37.03125,816539,91.06249999994169
3556,37.041666666666664,816769,320.7499999998895
3557,37.052083333333336,816998,38.437500000022595
3558,37.071875,817435,26.843750000003297
3559,37.08229166666666,817665,256.53124999995106
3560,37.092708333333334,817894,486.21875000005554
3561,37.103125,818124,11.906249999925222
3562,37.11354166666666,818354,241.593749999873
3563,37.123958333333334,818583,215.2812499999918
3564,37.125,818606,238.2499999999709
3565,37.135416666666664,818836,467.93749999991866
3566,37.145833333333336,819066,121.62500000001621
3567,37.15625,819295,223.3125000000495
3568,37.166666666666664,819525,197.0000000000116
3569,37.177083333333336,819755,426.6875000001161
3570,37.196875,820191,159.0937499999544
3571,37.20729166666666,820421,132.78124999991655
3572,37.217708333333334,820650,362.468750000021
3573,37.228125,820880,16.156249999961858
3574,37.23854166666666,821110,117.84374999983847
3575,37.248958333333334,821340,91.53124999995725
3576,37.25,821362,114.49999999993636
3577,37.260416666666664,821592,344.18749999988415
3578,37.270833333333336,821822,61.875000000017266
3579,37.28125,822052,99.56250000001496
3580,37.291666666666664,822281,73.24999999997708
3581,37.302083333333336,822511,302.9375000000815
3582,37.321875,822947,35.34374999991989
3583,37.33229166666666,823177,9.031249999882007
3584,37.342708333333334,823407,238.71874999998647
3585,37.353125,823636,468.40624999993423
3586,37.36354166666666,823866,122.0937499998751
3587,37.373958333333334,824096,223.78125000006506
3588,37.375,824119,246.75000000004417
3589,37.385416666666664,824348,220.43750000000628
3590,37.395833333333336,824578,450.12500000011073
3591,37.40625,824808,103.8125000000516
3592,37.416666666666664,825037,205.4999999999282
3593,37.427083333333336,825267,179.187500000047
3594,37.446875,825704,39.59374999995653
3595,37.45729166666666,825933,141.28124999998983
3596,37.467708333333334,826163,114.96874999995192
3597,37.478125,826393,344.6562499998997
3598,37.48854166666666,826622,62.34374999987615
3599,37.498958333333334,826852,100.03125000003052
3600,37.5,826875,123.00000000000963
3601,37.510416666666664,827105,96.68749999997175
3602,37.520833333333336,827334,326.37500000007617
3603,37.53125,827564,44.06250000005265
3604,37.541666666666664,827794,81.74999999989367
3605,37.552083333333336,828023,55.43750000001246
3606,37.571875,828460,491.8437499999289
3607,37.58229166666666,828690,17.53124999995528
3608,37.592708333333334,828919,247.21875000005974
3609,37.603125,829149,220.90625000002183
3610,37.61354166666666,829379,450.59374999996965
3611,37.623958333333334,829608,104.28125000006716
3612,37.625,829631,127.25000000004627
3613,37.635416666666664,829861,228.93749999992286
3614,37.645833333333336,830091,202.62500000004167
3615,37.65625,830320,432.3124999999894
3616,37.666666666666664,830550,85.99999999993031
3617,37.677083333333336,830780,187.68750000012028
3618,37.696875,831216,368.0937499998944
3619,37.70729166666666,831446,21.781249999991914
3620,37.717708333333334,831675,123.4687500000252
3621,37.728125,831905,97.15624999998731
3622,37.73854166666666,832135,326.8437499999351
3623,37.748958333333334,832365,44.53125000006821
3624,37.75,832388,3.500000000011738
3625,37.760416666666664,832617,105.18749999988835
3626,37.770833333333336,832847,78.87500000000713
3627,37.78125,833077,308.5624999999549
3628,37.791666666666664,833306,26.24999999993136
3629,37.802083333333336,833536,63.937500000085734
3630,37.821875,833972,244.3437500000165
3631,37.83229166666666,834202,474.0312499999643
3632,37.842708333333334,834432,127.71875000006183
3633,37.853125,834661,229.40624999993844
3634,37.86354166666666,834891,203.09374999990055
3635,37.873958333333334,835121,432.781250000005
3636,37.875,835144,455.7499999999841
3637,37.885416666666664,835373,109.43749999992498
3638,37.895833333333336,835603,211.12500000011494
3639,37.90625,835833,184.81250000007705
3640,37.916666666666664,836063,414.50000000002484
3641,37.927083333333336,836292,68.18750000012237
3642,37.946875,836729,120.59374999998198
3643,37.95729166666666,836958,350.28124999992974
3644,37.967708333333334,837188,3.968750000027299
3645,37.978125,837418,105.6562499999039
3646,37.98854166666666,837647,79.34374999986602
3647,37.998958333333334,837877,309.03124999997044
3648,38.0,837900,331.9999999999496
3649,38.010416666666664,838130,49.68749999992603
3650,38.020833333333336,838359,87.3750000000804
3651,38.03125,838589,61.06250000004252
3652,38.041666666666664,838819,290.7499999999903
3653,38.052083333333336,839048,8.437500000123421
3654,38.071875,839485,252.8437499999331
3655,38.08229166666666,839715,226.53124999989524
3656,38.092708333333334,839944,456.21874999999966
3657,38.103125,840174,109.90624999994054
3658,38.11354166666666,840404,211.59374999997382
3659,38.123958333333334,840633,185.2812500000926
3660,38.125,840656,208.25000000007174
3661,38.135416666666664,840886,437.9375000000195
3662,38.145833333333336,841116,91.62500000011704
3663,38.15625,841345,193.31249999999363
3664,38.166666666666664,841575,166.99999999995578
3665,38.177083333333336,841805,396.6875000000602
3666,38.196875,842241,129.0937499998986
3667,38.20729166666666,842471,102.78124999986069
3668,38.217708333333334,842700,332.46874999996515
3669,38.228125,842930,50.15624999994159
3670,38.23854166666666,843160,87.84374999993929
3671,38.248958333333334,843390,61.53125000005808
3672,38.25,843413,84.50000000003719
3673,38.260416666666664,843642,314.187499999985
3674,38.270833333333336,843872,31.875000000118092
3675,38.28125,844102,69.56249999995912
3676,38.291666666666664,844331,43.24999999992123
3677,38.302083333333336,844561,272.9375000000257
3678,38.321875,844997,5.343750000020719
3679,38.33229166666666,845227,235.0312499999685
3680,38.342708333333334,845457,208.71875000008728
3681,38.353125,845686,438.4062500000351
3682,38.36354166666666,845916,92.09374999997593
3683,38.373958333333334,846146,193.7812500000092
3684,38.375,846169,216.74999999998832
3685,38.385416666666664,846398,190.43749999995043
3686,38.395833333333336,846628,420.1250000000549
3687,38.40625,846858,73.81249999999575
3688,38.416666666666664,847087,175.49999999987236
3689,38.427083333333336,847317,149.18749999999113
3690,38.446875,847754,9.59374999990068
3691,38.45729166666666,847983,111.28124999993396
3692,38.467708333333334,848213,84.96875000005275
3693,38.478125,848443,314.6562500000005
3694,38.48854166666666,848672,32.34374999997698
3695,38.498958333333334,848902,70.03124999997468
3696,38.5,848925,92.99999999995379
3697,38.510416666666664,849155,66.6874999999159
3698,38.520833333333336,849384,296.37500000002035
3699,38.53125,849614,14.062499999996803
3700,38.541666666666664,849844,51.7499999999945
3701,38.552083333333336,850073,25.43750000011329
3702,38.571875,850510,461.84375000002973
3703,38.58229166666666,850740,115.5312499999706
3704,38.592708333333334,850969,217.21875000000387
3705,38.603125,851199,190.906249999966
3706,38.61354166666666,851429,420.59374999991377
3707,38.623958333333334,851658,74.28125000001131
3708,38.625,851681,97.24999999999042
3709,38.635416666666664,851911,198.9375000000237
3710,38.645833333333336,852141,172.62499999998582
3711,38.65625,852370,402.3124999999336
3712,38.666666666666664,852600,55.99999999987446
3713,38.677083333333336,852830,157.6875000000644
3714,38.696875,853266,338.0937499999952
3715,38.70729166666666,853496,55.78124999997165
3716,38.717708333333334,853725,93.46874999996935
3717,38.728125,853955,67.15624999993146
3718,38.73854166666666,854185,296.84374999987926
3719,38.748958333333334,854415,14.531250000012363
3720,38.75,854437,37.49999999999147
3721,38.760416666666664,854667,75.18749999998917
3722,38.770833333333336,854897,48.87500000010796
3723,38.78125,855127,278.5625000000557
3724,38.791666666666664,855356,508.2500000000035
3725,38.802083333333336,855586,33.937500000029885
3726,38.821875,856022,214.34374999996066
3727,38.83229166666666,856252,444.0312499999084
3728,38.842708333333334,856482,97.71875000000598
3729,38.853125,856711,199.40625000003928
3730,38.86354166666666,856941,173.0937499998447
3731,38.873958333333334,857171,402.7812499999492
3732,38.875,857194,425.74999999992826
3733,38.885416666666664,857423,79.4375000000258
3734,38.895833333333336,857653,181.1250000000591
3735,38.90625,857883,154.8125000000212
3736,38.916666666666664,858112,384.49999999996896
3737,38.927083333333336,858342,38.18750000006652
3738,38.946875,858779,90.59374999992613
3739,38.95729166666666,859008,320.2812499998739
3740,38.967708333333334,859238,37.968750000007034
3741,38.978125,859468,75.65625000000473
3742,38.98854166666666,859697,49.343749999966846
3743,38.998958333333334,859927,279.0312500000713
3744,39.0,859950,302.0000000000504
3745,39.010416666666664,860180,19.687499999870184
3746,39.020833333333336,860409,57.375000000024556
3747,39.03125,860639,31.06249999998667
3748,39.041666666666664,860869,260.74999999993446
3749,39.052083333333336,861098,490.4375000000389
3750,39.071875,861535,222.84375000003394
3751,39.08229166666666,861765,196.53124999983936
3752,39.092708333333334,861994,426.21874999994384
3753,39.103125,862224,79.90625000004137
3754,39.11354166666666,862454,181.59374999991797
3755,39.123958333333334,862683,155.28125000003678
3756,39.125,862706,178.25000000001586
3757,39.135416666666664,862936,407.9374999999636
3758,39.145833333333336,863166,61.62500000006119
3759,39.15625,863395,163.3124999999378
3760,39.166666666666664,863625,136.9999999998999
3761,39.177083333333336,863855,366.6875000000044
3762,39.196875,864291,99.0937499999994
3763,39.20729166666666,864521,72.78124999996152
3764,39.217708333333334,864750,302.46875000006594
3765,39.228125,864980,20.15625000004242
3766,39.23854166666666,865210,57.84374999988344
3767,39.248958333333334,865440,31.53125000000223
3768,39.25,865462,54.49999999998134
3769,39.260416666666664,865692,284.1874999999291
3770,39.270833333333336,865922,1.8750000000622435
3771,39.28125,866152,39.56250000005994
3772,39.291666666666664,866381,13.250000000022055
3773,39.302083333333336,866611,242.9375000001265
3774,39.321875,867047,103.34375000003604
3775,39.33229166666666,867277,205.03124999991263
3776,39.342708333333334,867507,178.71875000003143
3777,39.353125,867736,408.4062499999792
3778,39.36354166666666,867966,62.09374999992008
3779,39.373958333333334,868196,163.78124999995336
3780,39.375,868219,186.74999999993247
3781,39.385416666666664,868448,160.43749999989458
3782,39.395833333333336,868678,390.12499999999903
3783,39.40625,868908,43.8124999999399
3784,39.416666666666664,869137,145.49999999997317
3785,39.427083333333336,869367,119.18750000009197
3786,39.446875,869804,43.59375000003709
3787,39.45729166666666,870033,81.28124999987811
3788,39.467708333333334,870263,54.9687499999969
3789,39.478125,870493,284.6562499999447
3790,39.48854166666666,870722,2.3437499999211298
3791,39.498958333333334,870952,40.0312500000755
3792,39.5,870975,63.00000000005461
3793,39.510416666666664,871205,36.687500000016726
3794,39.520833333333336,871434,266.3750000001212
3795,39.53125,871664,496.06250000006895
3796,39.541666666666664,871894,21.74999999993865
3797,39.552083333333336,872123,251.4375000000431
3798,39.571875,872560,431.84374999997385
3799,39.58229166666666,872790,85.53124999991475
3800,39.592708333333334,873019,187.21874999994805
3801,39.603125,873249,160.90624999991013
3802,39.61354166666666,873479,390.5937499998579
3803,39.623958333333334,873708,44.28124999995546
3804,39.625,873731,67.24999999993457
3805,39.635416666666664,873961,168.93749999996786
3806,39.645833333333336,874191,142.62500000008663
3807,39.65625,874420,372.31250000003445
3808,39.666666666666664,874650,25.999999999975287
3809,39.677083333333336,874880,127.68750000000857
3810,39.696875,875316,308.09374999993935
3811,39.70729166666666,875546,25.7812499999158
3812,39.717708333333334,875775,63.46875000007017
3813,39.728125,876005,37.15625000003229
3814,39.73854166666666,876235,266.84374999998005
3815,39.748958333333334,876465,496.5312500000845
3816,39.75,876487,7.499999999935625
3817,39.760416666666664,876717,45.18749999993332
3818,39.770833333333336,876947,18.87500000005211
3819,39.78125,877177,248.5624999999999
3820,39.791666666666664,877406,478.24999999994765
3821,39.802083333333336,877636,3.9374999999740368
3822,39.821875,878072,184.34374999990482
3823,39.83229166666666,878302,414.0312499998526
3824,39.842708333333334,878532,67.71874999995013
3825,39.853125,878761,169.4062499999834
3826,39.86354166666666,878991,143.09374999994554
3827,39.873958333333334,879221,372.78125000004997
3828,39.875,879244,395.7500000000291
3829,39.885416666666664,879473,49.43749999996996
3830,39.895833333333336,879703,151.12500000000324
3831,39.90625,879933,124.81249999996535
3832,39.916666666666664,880162,354.49999999991314
3833,39.927083333333336,880392,8.187500000010672
3834,39.946875,880829,60.59375000002696
3835,39.95729166666666,881058,290.28124999997476
3836,39.967708333333334,881288,7.968749999951186
3837,39.978125,881518,45.656249999948884
3838,39.98854166666666,881747,19.343749999910997
3839,39.998958333333334,881977,249.03125000001546
3840,40.0,882000,271.99999999999454
3841,40.010416666666664,882230,501.68749999994236
3842,40.020833333333336,882459,27.375000000125382
3843,40.03125,882689,1.0624999999308216
3844,40.041666666666664,882919,230.74999999987858
3845,40.052083333333336,883148,460.43749999998306
3846,40.071875,883585,192.8437499999781
3847,40.08229166666666,883815,166.5312499999402
3848,40.092708333333334,884044,396.2187500000447
3849,40.103125,884274,49.90624999998552
3850,40.11354166666666,884504,151.59374999986213
3851,40.123958333333334,884733,125.28124999998091
3852,40.125,884756,148.24999999996004
3853,40.135416666666664,884986,377.9374999999078
3854,40.145833333333336,885216,31.625000000005343
3855,40.15625,885445,133.31250000003863
3856,40.166666666666664,885675,107.00000000000074
3857,40.177083333333336,885905,336.68750000010516
3858,40.196875,886341,69.09374999994355
3859,40.20729166666666,886571,42.78124999990567
3860,40.217708333333334,886800,272.4687500000101
3861,40.228125,887030,502.1562499999579
3862,40.23854166666666,887260,27.84374999998427
3863,40.248958333333334,887490,1.5312499999463824
3864,40.25,887512,24.499999999925492
3865,40.260416666666664,887742,254.18749999987327
3866,40.270833333333336,887972,483.8749999999777
3867,40.28125,888202,9.562500000004093
3868,40.291666666666664,888431,239.24999999995185
3869,40.302083333333336,888661,212.93750000007066
3870,40.321875,889097,73.34374999998019
3871,40.33229166666666,889327,175.0312499998568
3872,40.342708333333334,889557,148.71874999997559
3873,40.353125,889786,378.4062499999234
3874,40.36354166666666,890016,32.09374999986423
3875,40.373958333333334,890246,133.78125000005417
3876,40.375,890269,156.7500000000333
3877,40.385416666666664,890498,130.4374999999954
3878,40.395833333333336,890728,360.1250000000999
3879,40.40625,890958,13.812500000040728
3880,40.416666666666664,891187,115.49999999991734
3881,40.427083333333336,891417,89.18750000003612
3882,40.446875,891854,13.593749999981242
3883,40.45729166666666,892083,51.28124999997894
3884,40.467708333333334,892313,24.968750000097728
3885,40.478125,892543,254.6562500000455
3886,40.48854166666666,892772,484.3437499999933
3887,40.498958333333334,893002,10.031250000019654
3888,40.5,893025,32.999999999998764
3889,40.510416666666664,893255,6.6874999999608775
3890,40.520833333333336,893484,236.3750000000653
3891,40.53125,893714,466.0625000000131
3892,40.541666666666664,893944,119.74999999995397
3893,40.552083333333336,894173,221.43749999998727
3894,40.571875,894610,401.84374999991803
3895,40.58229166666666,894840,55.5312499998589
3896,40.592708333333334,895069,157.21875000004886
3897,40.603125,895299,130.90625000001097
3898,40.61354166666666,895529,360.59374999995873
3899,40.623958333333334,895758,14.28125000005629
3900,40.625,895781,37.2500000000354
3901,40.635416666666664,896011,138.937499999912
3902,40.645833333333336,896241,112.6250000000308
3903,40.65625,896470,342.31249999997857
3904,40.666666666666664,896700,59.99999999995502
3905,40.677083333333336,896930,97.6875000001094
3906,40.696875,897366,278.0937500000402
3907,40.70729166666666,897596,507.78124999998795
3908,40.717708333333334,897825,33.468750000014325
3909,40.728125,898055,7.156249999976438
3910,40.73854166666666,898285,236.84374999992423
3911,40.748958333333334,898515,466.53125000002865
3912,40.75,898538,489.5000000000078
3913,40.760416666666664,898767,15.187499999877474
3914,40.770833333333336,898997,244.87499999998192
3915,40.78125,899227,218.56249999994404
3916,40.791666666666664,899456,448.2499999998918
3917,40.802083333333336,899686,101.93749999998936
3918,40.821875,900122,154.34375000000563
3919,40.83229166666666,900352,384.0312499999534
3920,40.842708333333334,900582,37.71875000005096
3921,40.853125,900811,139.40624999992758
3922,40.86354166666666,901041,113.09374999988968
3923,40.873958333333334,901271,342.78124999999415
3924,40.875,901294,365.7499999999732
3925,40.885416666666664,901523,19.43749999991411
3926,40.895833333333336,901753,121.12500000010407
3927,40.90625,901983,94.81250000006618
3928,40.916666666666664,902213,324.500000000014
3929,40.927083333333336,902442,42.18749999999041
3930,40.946875,902879,30.59374999997111
3931,40.95729166666666,903108,260.2812499999189
3932,40.967708333333334,903338,489.9687500000233
3933,40.978125,903568,15.656249999893035
3934,40.98854166666666,903797,245.3437499998408
3935,40.998958333333334,904027,219.03124999995958
3936,41.0,904050,241.99999999993872
3937,41.010416666666664,904280,471.6874999998865
3938,41.020833333333336,904509,125.37499999998403
3939,41.03125,904739,227.0625000000173
3940,41.041666666666664,904969,200.74999999997942
3941,41.052083333333336,905198,430.4375000000839
3942,41.071875,905635,162.84374999992224
3943,41.08229166666666,905865,136.53124999988435
3944,41.092708333333334,906094,366.2187499999888
3945,41.103125,906324,19.90624999992967
3946,41.11354166666666,906554,121.59374999996295
3947,41.123958333333334,906783,95.28125000008174
3948,41.125,906806,118.25000000006085
3949,41.135416666666664,907036,347.93750000000864
3950,41.145833333333336,907266,1.6250000001061693
3951,41.15625,907495,103.31249999998278
3952,41.166666666666664,907725,76.99999999994489
3953,41.177083333333336,907955,306.68750000004934
3954,41.196875,908391,39.09375000004438
3955,41.20729166666666,908621,12.78124999984982
3956,41.217708333333334,908850,242.46874999995427
3957,41.228125,909080,472.15624999990206
3958,41.23854166666666,909310,125.84374999984291
3959,41.248958333333334,909540,227.53125000003286
3960,41.25,909563,250.500000000012
3961,41.260416666666664,909792,224.18749999997408
3962,41.270833333333336,910022,453.87500000007856
3963,41.28125,910252,107.56250000001941
3964,41.291666666666664,910481,209.24999999989603
3965,41.302083333333336,910711,182.9375000000148
3966,41.321875,911147,43.34374999992434
3967,41.33229166666666,911377,145.03124999995762
3968,41.342708333333334,911607,118.71875000007641
3969,41.353125,911836,348.4062500000242
3970,41.36354166666666,912066,2.0937499999650555
3971,41.373958333333334,912296,103.78124999999834
3972,41.375,912319,126.74999999997745
3973,41.385416666666664,912548,100.43749999993956
3974,41.395833333333336,912778,330.125000000044
3975,41.40625,913008,47.812500000020464
3976,41.416666666666664,913238,85.50000000001816
3977,41.427083333333336,913467,59.187499999980275
3978,41.446875,913904,495.5937499998967
3979,41.45729166666666,914133,21.28124999992309
3980,41.467708333333334,914363,250.96875000002754
3981,41.478125,914593,224.65624999998965
3982,41.48854166666666,914822,454.3437499999374
3983,41.498958333333334,915052,108.03125000003497
3984,41.5,915075,2.999999999942915
3985,41.510416666666664,915305,232.6874999998907
3986,41.520833333333336,915534,206.3750000000095
3987,41.53125,915764,436.06249999995725
3988,41.541666666666664,915994,89.74999999989812
3989,41.552083333333336,916223,191.43750000008808
3990,41.571875,916660,371.8437500000189
3991,41.58229166666666,916890,25.531249999959726
3992,41.592708333333334,917119,127.21874999999301
3993,41.603125,917349,100.90624999995512
3994,41.61354166666666,917579,330.5937499999029
3995,41.623958333333334,917808,48.281250000036025
3996,41.625,917831,7.249999999979551
3997,41.635416666666664,918061,108.93750000001283
3998,41.645833333333336,918291,82.62499999997495
3999,41.65625,918520,312.3124999999227
4000,41.666666666666664,918750,29.999999999899174
4001,41.677083333333336,918980,67.68750000005355
4002,41.696875,919416,248.0937499999843
4003,41.70729166666666,919646,477.78124999993213
4004,41.717708333333334,919875,3.468749999958476
4005,41.728125,920105,233.15624999990627
4006,41.73854166666666,920335,206.84374999986835
4007,41.748958333333334,920565,436.53124999997283
4008,41.75,920587,459.4999999999519
4009,41.760416666666664,920817,113.1874999998928
4010,41.770833333333336,921047,214.87500000008276
4011,41.78125,921277,188.56250000004485
4012,41.791666666666664,921506,418.2499999999926
4013,41.802083333333336,921736,71.93750000009018
4014,41.821875,922172,124.3437499999498
4015,41.83229166666666,922402,354.03124999989757
4016,41.842708333333334,922632,7.7187499999951115
4017,41.853125,922861,109.4062500000284
4018,41.86354166666666,923091,83.09374999999051
4019,41.873958333333334,923321,312.78125000009493
4020,41.875,923344,335.75000000007407
4021,41.885416666666664,923573,53.437499999893845
4022,41.895833333333336,923803,91.12500000004822
4023,41.90625,924033,64.81250000001033
4024,41.916666666666664,924262,294.4999999999581
4025,41.927083333333336,924492,12.187500000091234
4026,41.946875,924929,0.5937499999152607
4027,41.95729166666666,925158,230.28124999986304
4028,41.967708333333334,925388,459.9687499999675
4029,41.978125,925618,113.65624999990835
4030,41.98854166666666,925847,215.34374999994162
4031,41.998958333333334,926077,189.03125000006042
4032,42.0,926100,212.00000000003953
4033,42.010416666666664,926330,441.6874999999873
4034,42.020833333333336,926559,95.37500000008485
4035,42.03125,926789,197.06249999996146
4036,42.041666666666664,927019,170.74999999992357
4037,42.052083333333336,927248,400.437500000028
4038,42.071875,927685,132.84375000002308
4039,42.08229166666666,927915,106.53124999998518
4040,42.092708333333334,928144,336.21875000008964
4041,42.103125,928374,53.906249999909406
4042,42.11354166666666,928604,91.5937499999071
4043,42.123958333333334,928833,65.28125000002589
4044,42.125,928856,88.250000000005
4045,42.135416666666664,929086,317.93749999995276
4046,42.145833333333336,929316,35.625000000085905
4047,42.15625,929545,73.31249999992693
4048,42.166666666666664,929775,46.99999999988904
4049,42.177083333333336,930005,276.6874999999935
4050,42.196875,930441,9.093749999988532
4051,42.20729166666666,930671,238.7812499999363
4052,42.217708333333334,930900,212.46875000005508
4053,42.228125,931130,442.15625000000284
4054,42.23854166666666,931360,95.84374999994374
4055,42.248958333333334,931590,197.53124999997704
4056,42.25,931612,220.49999999995612
4057,42.260416666666664,931842,194.18749999991826
4058,42.270833333333336,932072,423.8750000000227
4059,42.28125,932302,77.56249999996356
4060,42.291666666666664,932531,179.24999999999685
4061,42.302083333333336,932761,152.93750000011562
4062,42.321875,933197,13.343750000025167
4063,42.33229166666666,933427,115.03124999990177
4064,42.342708333333334,933657,88.71875000002056
4065,42.353125,933886,318.40624999996834
4066,42.36354166666666,934116,36.09374999994479
4067,42.373958333333334,934346,73.78125000009916
4068,42.375,934369,96.75000000007827
4069,42.385416666666664,934598,70.43749999988371
4070,42.395833333333336,934828,300.1249999999882
4071,42.40625,935058,17.812499999964615
4072,42.416666666666664,935287,55.49999999996231
4073,42.427083333333336,935517,29.1875000000811
4074,42.446875,935954,465.59374999999756
4075,42.45729166666666,936183,119.28124999993841
4076,42.467708333333334,936413,220.9687499999717
4077,42.478125,936643,194.6562499999338
4078,42.48854166666666,936872,424.3437499998816
4079,42.498958333333334,937102,78.03124999997912
4080,42.5,937125,100.99999999995823
4081,42.510416666666664,937355,202.68749999999153
4082,42.520833333333336,937584,176.3750000001103
4083,42.53125,937814,406.0625000000581
4084,42.541666666666664,938044,59.74999999999895
4085,42.552083333333336,938273,161.43750000003223
4086,42.571875,938710,341.843749999963
4087,42.58229166666666,938940,59.53124999993946
4088,42.592708333333334,939169,97.21875000009383
4089,42.603125,939399,70.90624999989927
4090,42.61354166666666,939629,300.59374999984703
4091,42.623958333333334,939858,18.281249999980176
4092,42.625,939881,41.249999999959286
4093,42.635416666666664,940111,78.93749999995698
4094,42.645833333333336,940341,52.62500000007577
4095,42.65625,940570,282.31250000002353
4096,42.666666666666664,940800,0.0
4097,42.677083333333336,941030,37.6874999999977
4098,42.696875,941466,218.0937499999285
4099,42.70729166666666,941696,447.78124999987625
4100,42.717708333333334,941925,101.4687499999738
4101,42.728125,942155,203.15625000000708
4102,42.73854166666666,942385,176.8437499999692
4103,42.748958333333334,942615,406.53125000007367
4104,42.75,942638,429.50000000005275
4105,42.760416666666664,942867,83.18749999999362
4106,42.770833333333336,943097,184.8750000000269
4107,42.78125,943327,158.56249999998903
4108,42.791666666666664,943556,388.2499999999368
4109,42.802083333333336,943786,41.93750000003433
4110,42.821875,944222,94.34374999989394
4111,42.83229166666666,944452,324.03124999984175
4112,42.842708333333334,944682,41.71874999997485
4113,42.853125,944911,79.40624999997254
4114,42.86354166666666,945141,53.09374999993466
4115,42.873958333333334,945371,282.7812500000391
4116,42.875,945394,305.7500000000182
4117,42.885416666666664,945623,23.43749999999467
4118,42.895833333333336,945853,61.12499999999237
4119,42.90625,946083,34.81249999995448
4120,42.916666666666664,946312,264.49999999990223
4121,42.927083333333336,946542,494.1875000000067
4122,42.946875,946979,226.59375000000176
4123,42.95729166666666,947208,200.28124999996385
4124,42.967708333333334,947438,429.9687500000683
4125,42.978125,947668,83.65625000000918
4126,42.98854166666666,947897,185.3437499998858
4127,42.998958333333334,948127,159.03125000000458
4128,43.0,948150,181.9999999999837
4129,43.010416666666664,948380,411.68749999993145
4130,43.020833333333336,948609,65.375000000029
4131,43.03125,948839,167.0625000000623
4132,43.041666666666664,949069,140.7500000000244
4133,43.052083333333336,949298,370.43750000012886
4134,43.071875,949735,102.84374999996722
4135,43.08229166666666,949965,76.53124999992933
4136,43.092708333333334,950194,306.21875000003376
4137,43.103125,950424,23.906250000010232
4138,43.11354166666666,950654,61.593749999851255
4139,43.123958333333334,950883,35.28124999997004
4140,43.125,950906,58.249999999949154
4141,43.135416666666664,951136,287.93749999989694
4142,43.145833333333336,951366,5.625000000030056
4143,43.15625,951595,43.312500000027754
4144,43.166666666666664,951825,16.999999999989868
4145,43.177083333333336,952055,246.6875000000943
4146,43.196875,952491,107.09375000000385
4147,43.20729166666666,952721,208.78124999988046
4148,43.217708333333334,952950,182.46874999999926
4149,43.228125,953180,412.156249999947
4150,43.23854166666666,953410,65.84374999988789
4151,43.248958333333334,953640,167.53125000007785
4152,43.25,953663,190.50000000005696
4153,43.260416666666664,953892,164.18750000001907
4154,43.270833333333336,954122,393.8750000001235
4155,43.28125,954352,47.56250000006439
4156,43.291666666666664,954581,149.249999999941
4157,43.302083333333336,954811,122.93750000005979
4158,43.321875,955247,47.3437500000049
4159,43.33229166666666,955477,85.03124999984593
4160,43.342708333333334,955707,58.718749999964714
4161,43.353125,955936,288.40624999991246
4162,43.36354166666666,956166,6.093749999888942
4163,43.373958333333334,956396,43.781250000043315
4164,43.375,956419,66.75000000002242
4165,43.385416666666664,956648,40.43749999998454
4166,43.395833333333336,956878,270.125000000089
4167,43.40625,957108,499.8125000000368
4168,43.416666666666664,957337,25.499999999906464
4169,43.427083333333336,957567,255.1875000000109
4170,43.446875,958004,435.5937499999417
4171,43.45729166666666,958233,89.28124999988256
4172,43.467708333333334,958463,190.96875000007253
4173,43.478125,958693,164.65625000003462
4174,43.48854166666666,958922,394.3437499999824
4175,43.498958333333334,959152,48.03125000007995
4176,43.5,959175,71.00000000005906
4177,43.510416666666664,959405,172.68749999993565
4178,43.520833333333336,959634,146.37500000005446
4179,43.53125,959864,376.0625000000022
4180,43.541666666666664,960094,29.7499999999431
4181,43.552083333333336,960323,131.43749999997638
4182,43.571875,960760,311.8437499999072
4183,43.58229166666666,960990,29.531249999883613
4184,43.592708333333334,961219,67.21875000003799
4185,43.603125,961449,40.9062500000001
4186,43.61354166666666,961679,270.5937499999479
4187,43.623958333333334,961908,500.2812500000523
4188,43.625,961931,11.250000000060112
4189,43.635416666666664,962161,48.937499999901135
4190,43.645833333333336,962391,22.625000000019924
4191,43.65625,962620,252.3124999999677
4192,43.666666666666664,962850,481.9999999999155
4193,43.677083333333336,963080,7.687500000098524
4194,43.696875,963516,188.0937500000293
4195,43.70729166666666,963746,417.7812499999771
4196,43.717708333333334,963975,71.46875000007462
4197,43.728125,964205,173.15624999995123
4198,43.73854166666666,964435,146.84374999991334
4199,43.748958333333334,964665,376.5312500000178
4200,43.75,964687,399.49999999999693
4201,43.760416666666664,964917,53.18749999993777
4202,43.770833333333336,965147,154.87500000012773
4203,43.78125,965377,128.56249999993315
4204,43.791666666666664,965606,358.24999999988097
4205,43.802083333333336,965836,11.937499999978485
4206,43.821875,966272,64.34374999999477
4207,43.83229166666666,966502,294.03124999994253
4208,43.842708333333334,966732,11.718750000075673
4209,43.853125,966961,49.406249999916696
4210,43.86354166666666,967191,23.09374999987881
4211,43.873958333333334,967421,252.78124999998326
4212,43.875,967444,275.74999999996237
4213,43.885416666666664,967673,505.43749999991013
4214,43.895833333333336,967903,31.125000000093195
4215,43.90625,968133,4.812500000055309
4216,43.916666666666664,968363,234.50000000000307
4217,43.927083333333336,968592,464.18750000010755
4218,43.946875,969029,196.59374999994589
4219,43.95729166666666,969258,170.28124999990803
4220,43.967708333333334,969488,399.96875000001245
4221,43.978125,969718,53.65624999995333
4222,43.98854166666666,969947,155.3437499999866
4223,43.998958333333334,970177,129.03124999994873
4224,44.0,970200,151.99999999992784
4225,44.010416666666664,970430,381.6874999998756
4226,44.020833333333336,970659,35.37500000012983
4227,44.03125,970889,137.06250000000642
4228,44.041666666666664,971119,110.74999999996855
4229,44.052083333333336,971348,340.437500000073
4230,44.071875,971785,72.84374999991137
4231,44.08229166666666,972015,46.53124999987348
4232,44.092708333333334,972244,276.21874999997794
4233,44.103125,972474,505.9062499999257
4234,44.11354166666666,972704,31.59374999995208
4235,44.123958333333334,972933,5.2812500000708695
4236,44.125,972956,28.25000000004998
4237,44.135416666666664,973186,257.9374999999977
4238,44.145833333333336,973416,487.6250000001022
4239,44.15625,973645,13.312499999971905
4240,44.166666666666664,973875,242.99999999991968
4241,44.177083333333336,974105,216.68750000003848
4242,44.196875,974541,77.093749999948
4243,44.20729166666666,974771,178.7812499999813
4244,44.217708333333334,975000,152.46874999994338
4245,44.228125,975230,382.1562499998912
4246,44.23854166666666,975460,35.84374999998872
4247,44.248958333333334,975690,137.531250000022
4248,44.25,975713,160.5000000000011
4249,44.260416666666664,975942,134.18749999996322
4250,44.270833333333336,976172,363.87500000006764
4251,44.28125,976402,17.56250000000854
4252,44.291666666666664,976631,119.24999999988515
4253,44.302083333333336,976861,92.93750000000394
4254,44.321875,977297,17.343749999949054
4255,44.33229166666666,977527,55.03124999994675
4256,44.342708333333334,977757,28.71875000006554
4257,44.353125,977986,258.4062500000133
4258,44.36354166666666,978216,488.0937499999611
4259,44.373958333333334,978446,13.781249999987466
4260,44.375,978469,36.749999999966576
4261,44.385416666666664,978698,10.43749999992869
4262,44.395833333333336,978928,240.12500000003314
4263,44.40625,979158,469.8124999999809
4264,44.416666666666664,979387,123.49999999992178
4265,44.427083333333336,979617,225.18750000011175
4266,44.446875,980054,405.5937500000425
4267,44.45729166666666,980283,59.28124999998339
4268,44.467708333333334,980513,160.96875000001666
4269,44.478125,980743,134.6562499999788
4270,44.48854166666666,980972,364.34374999992656
4271,44.498958333333334,981202,18.0312500000241
4272,44.5,981225,41.00000000000321
4273,44.510416666666664,981455,142.68749999987983
4274,44.520833333333336,981684,116.37499999999861
4275,44.53125,981914,346.0624999999464
4276,44.541666666666664,982144,63.749999999922835
4277,44.552083333333336,982373,101.43750000007721
4278,44.571875,982810,281.84375000000796
4279,44.58229166666666,983040,511.5312499999558
4280,44.592708333333334,983269,37.21874999998214
4281,44.603125,983499,10.90624999994425
4282,44.61354166666666,983729,240.59374999989203
4283,44.623958333333334,983958,470.2812499999965
4284,44.625,983981,493.24999999997556
4285,44.635416666666664,984211,18.93750000000196
4286,44.645833333333336,984441,248.6250000001064
4287,44.65625,984670,222.31250000006852
4288,44.666666666666664,984900,452.0000000000163
4289,44.677083333333336,985130,105.68750000011384
4290,44.696875,985566,158.09374999997345
4291,44.70729166666666,985796,387.7812499999212
4292,44.717708333333334,986025,41.46875000001877
4293,44.728125,986255,143.15624999989538
4294,44.73854166666666,986485,116.8437499998575
4295,44.748958333333334,986715,346.5312499999619
4296,44.75,986737,369.49999999994105
4297,44.760416666666664,986967,23.187499999881922
4298,44.770833333333336,987197,124.87500000007188
4299,44.78125,987427,98.56250000003399
4300,44.791666666666664,987656,328.24999999998175
4301,44.802083333333336,987886,45.937500000114895
4302,44.821875,988322,34.34374999993892
4303,44.83229166666666,988552,264.0312499998867
4304,44.842708333333334,988782,493.71874999999113
4305,44.853125,989011,19.406250000017522
4306,44.86354166666666,989241,249.0937499999653
4307,44.873958333333334,989471,222.78125000008407
4308,44.875,989494,245.7500000000632
4309,44.885416666666664,989723,475.43750000001097
4310,44.895833333333336,989953,1.1250000000373461
4311,44.90625,990183,230.8124999999851
4312,44.916666666666664,990412,204.49999999994725
4313,44.927083333333336,990642,434.18750000005167
4314,44.946875,991079,166.59375000004673
4315,44.95729166666666,991308,140.28124999985215
4316,44.967708333333334,991538,369.96874999995663
4317,44.978125,991768,23.656249999897483
4318,44.98854166666666,991997,125.34374999993076
4319,44.998958333333334,992227,99.03125000004955
4320,45.0,992250,122.00000000002866
4321,45.010416666666664,992480,351.68749999997647
4322,45.020833333333336,992709,5.375000000073982
4323,45.03125,992939,107.06249999995059
4324,45.041666666666664,993169,80.7499999999127
4325,45.052083333333336,993398,310.43750000001717
4326,45.071875,993835,42.84375000001219
4327,45.08229166666666,994065,16.531249999974307
4328,45.092708333333334,994294,246.21875000007876
4329,45.103125,994524,475.90625000002655
4330,45.11354166666666,994754,1.5937499998962323
4331,45.123958333333334,994983,231.28125000000068
4332,45.125,995006,254.2499999999798
4333,45.135416666666664,995236,227.9374999999419
4334,45.145833333333336,995466,457.6250000000464
4335,45.15625,995695,111.31249999998722
4336,45.166666666666664,995925,213.00000000002052
4337,45.177083333333336,996155,186.6874999999826
4338,45.196875,996591,47.093749999892154
4339,45.20729166666666,996821,148.78124999992542
4340,45.217708333333334,997050,122.46875000004422
4341,45.228125,997280,352.156249999992
4342,45.23854166666666,997510,5.843749999932868
4343,45.248958333333334,997740,107.53124999996615
4344,45.25,997762,130.49999999994526
4345,45.260416666666664,997992,104.18749999990737
4346,45.270833333333336,998222,333.8750000000118
4347,45.28125,998452,51.562499999988276
4348,45.291666666666664,998681,89.24999999998597
4349,45.302083333333336,998911,62.93750000010476
4350,45.321875,999347,499.3437500000212
4351,45.33229166666666,999577,25.031249999890903
4352,45.342708333333334,999807,254.71874999999534
4353,45.353125,1000036,228.40624999995748
4354,45.36354166666666,1000266,458.09374999990524
4355,45.373958333333334,1000496,111.78125000000279
4356,45.375,1000519,6.750000000067402
4357,45.385416666666664,1000748,236.43750000001518
4358,45.395833333333336,1000978,210.1249999999773
4359,45.40625,1001208,439.8124999999251
4360,45.416666666666664,1001438,93.50000000002261
4361,45.427083333333336,1001667,195.18750000005588
4362,45.446875,1002104,375.5937499999867
4363,45.45729166666666,1002333,29.28124999992754
4364,45.467708333333334,1002563,130.96874999996083
4365,45.478125,1002793,104.65624999992293
4366,45.48854166666666,1003022,334.34374999987074
4367,45.498958333333334,1003252,52.03125000000384
4368,45.5,1003275,10.999999999947363
4369,45.510416666666664,1003505,112.68749999998064
4370,45.520833333333336,1003734,86.37500000009943
4371,45.53125,1003964,316.0625000000472
4372,45.541666666666664,1004194,33.75000000002366
4373,45.552083333333336,1004423,71.43750000002136
4374,45.571875,1004860,251.84374999995214
4375,45.58229166666666,1005090,481.5312499998999
4376,45.592708333333334,1005319,7.218750000082963
4377,45.603125,1005549,236.90625000003075
4378,45.61354166666666,1005779,210.59374999999284
4379,45.623958333333334,1006008,440.2812500000973
4380,45.625,1006031,463.2500000000764
4381,45.635416666666664,1006261,116.93750000001728
4382,45.645833333333336,1006491,218.62500000005056
4383,45.65625,1006720,192.31250000001268
4384,45.666666666666664,1006950,421.99999999996044
4385,45.677083333333336,1007180,75.687500000058
4386,45.696875,1007616,128.0937499999176
4387,45.70729166666666,1007846,357.7812499998654
4388,45.717708333333334,1008075,11.468749999962924
4389,45.728125,1008305,113.1562499999962
4390,45.73854166666666,1008535,86.84374999995832
4391,45.748958333333334,1008765,316.53125000006276
4392,45.75,1008788,339.5000000000419
4393,45.760416666666664,1009017,57.18750000001833
4394,45.770833333333336,1009247,94.87500000001603
4395,45.78125,1009477,68.56249999997814
4396,45.791666666666664,1009706,298.24999999992593
4397,45.802083333333336,1009936,15.937500000059046
4398,45.821875,1010372,4.343750000039748
4399,45.83229166666666,1010602,234.03124999998752
4400,45.842708333333334,1010832,463.718750000092
4401,45.853125,1011061,117.40625000003284
4402,45.86354166666666,1011291,219.09374999990945
4403,45.873958333333334,1011521,192.78125000002825
4404,45.875,1011544,215.75000000000733
4405,45.885416666666664,1011773,445.4374999999551
4406,45.895833333333336,1012003,99.12500000005267
4407,45.90625,1012233,200.8124999999293
4408,45.916666666666664,1012462,174.49999999989137
4409,45.927083333333336,1012692,404.18749999999585
4410,45.946875,1013129,136.59374999999088
4411,45.95729166666666,1013358,110.28124999995299
4412,45.967708333333334,1013588,339.9687500000574
4413,45.978125,1013818,57.65625000003389
4414,45.98854166666666,1014047,95.34374999987492
4415,45.998958333333334,1014277,69.0312499999937
4416,46.0,1014300,91.99999999997281
4417,46.010416666666664,1014530,321.6874999999206
4418,46.020833333333336,1014759,39.37500000005372
4419,46.03125,1014989,77.06250000005141
4420,46.041666666666664,1015219,50.75000000001353
4421,46.052083333333336,1015448,280.437500000118
4422,46.071875,1015885,12.843749999956344
4423,46.08229166666666,1016115,242.5312499999041
4424,46.092708333333334,1016344,216.2187500000229
4425,46.103125,1016574,445.90624999997067
4426,46.11354166666666,1016804,99.59374999991155
4427,46.123958333333334,1017033,201.28124999994483
4428,46.125,1017056,224.24999999992394
4429,46.135416666666664,1017286,197.93749999988606
4430,46.145833333333336,1017516,427.6249999999905
4431,46.15625,1017745,81.31249999993138
4432,46.166666666666664,1017975,182.99999999996464
4433,46.177083333333336,1018205,156.68750000008345
4434,46.196875,1018641,17.09374999999298
4435,46.20729166666666,1018871,118.78124999986959
4436,46.217708333333334,1019100,92.46874999998838
4437,46.228125,1019330,322.15624999993616
4438,46.23854166666666,1019560,39.8437499999126
4439,46.248958333333334,1019790,77.53125000006698
4440,46.25,1019813,100.50000000004609
4441,46.260416666666664,1020042,74.1875000000082
4442,46.270833333333336,1020272,303.87500000011266
4443,46.28125,1020502,21.562499999932427
4444,46.291666666666664,1020731,59.249999999930125
4445,46.302083333333336,1020961,32.937500000048914
4446,46.321875,1021397,469.3437499999653
4447,46.33229166666666,1021627,123.03124999990622
4448,46.342708333333334,1021857,224.71875000009618
4449,46.353125,1022086,198.4062499999016
4450,46.36354166666666,1022316,428.09374999984936
4451,46.373958333333334,1022546,81.78124999994694
4452,46.375,1022569,104.74999999992605
4453,46.385416666666664,1022798,206.43749999995933
4454,46.395833333333336,1023028,180.1250000000781
4455,46.40625,1023258,409.8125000000259
4456,46.416666666666664,1023487,63.49999999996676
4457,46.427083333333336,1023717,165.18750000000006
4458,46.446875,1024154,345.5937499999308
4459,46.45729166666666,1024383,63.281249999907274
4460,46.467708333333334,1024613,100.96875000006165
4461,46.478125,1024843,74.65625000002376
4462,46.48854166666666,1025072,304.3437499999715
4463,46.498958333333334,1025302,22.03124999994799
4464,46.5,1025325,44.9999999999271
4465,46.510416666666664,1025555,82.6874999999248
4466,46.520833333333336,1025784,56.375000000043585
4467,46.53125,1026014,286.06249999999136
4468,46.541666666666664,1026244,3.7499999999678124
4469,46.552083333333336,1026473,41.437500000122185
4470,46.571875,1026910,221.8437499998963
4471,46.58229166666666,1027140,451.5312499998441
4472,46.592708333333334,1027369,105.21875000009828
4473,46.603125,1027599,206.90624999997488
4474,46.61354166666666,1027829,180.59374999993702
4475,46.623958333333334,1028058,410.28125000004144
4476,46.625,1028081,433.2500000000206
4477,46.635416666666664,1028311,86.93749999996143
4478,46.645833333333336,1028541,188.6249999999947
4479,46.65625,1028770,162.31249999995683
4480,46.666666666666664,1029000,391.9999999999046
4481,46.677083333333336,1029230,45.687500000002146
4482,46.696875,1029666,98.09375000001843
4483,46.70729166666666,1029896,327.78124999996624
4484,46.717708333333334,1030125,45.46874999994266
4485,46.728125,1030355,83.15624999994036
4486,46.73854166666666,1030585,56.84374999990247
4487,46.748958333333334,1030815,286.53125000000693
4488,46.75,1030837,309.499999999986
4489,46.760416666666664,1031067,27.187499999962483
4490,46.770833333333336,1031297,64.87500000011686
4491,46.78125,1031527,38.562499999922295
4492,46.791666666666664,1031756,268.24999999987006
4493,46.802083333333336,1031986,497.93749999997453
4494,46.821875,1032422,230.34374999996956
4495,46.83229166666666,1032652,204.03124999993167
4496,46.842708333333334,1032882,433.71875000003615
4497,46.853125,1033111,87.40624999997699
4498,46.86354166666666,1033341,189.0937499998536
4499,46.873958333333334,1033571,162.78124999997237
4500,46.875,1033594,185.7499999999515
4501,46.885416666666664,1033823,415.4374999998993
4502,46.895833333333336,1034053,69.12499999999682
4503,46.90625,1034283,170.8125000000301
4504,46.916666666666664,1034512,144.4999999999922
4505,46.927083333333336,1034742,374.18750000009663
4506,46.946875,1035179,106.59374999993503
4507,46.95729166666666,1035408,80.28124999989714
4508,46.967708333333334,1035638,309.9687500000016
4509,46.978125,1035868,27.656249999978044
4510,46.98854166666666,1036097,65.34374999997574
4511,46.998958333333334,1036327,39.03125000009453
4512,47.0,1036350,62.00000000007364
4513,47.010416666666664,1036580,291.68750000002143
4514,47.020833333333336,1036809,9.374999999997868
4515,47.03125,1037039,47.062499999995566
4516,47.041666666666664,1037269,20.74999999995768
4517,47.052083333333336,1037498,250.43750000006213
4518,47.071875,1037935,110.84374999997166
4519,47.08229166666666,1038165,212.53124999984828
4520,47.092708333333334,1038394,186.21874999996706
4521,47.103125,1038624,415.90624999991485
4522,47.11354166666666,1038854,69.5937499998557
4523,47.123958333333334,1039083,171.28125000004565
4524,47.125,1039106,194.25000000002478
4525,47.135416666666664,1039336,167.93749999998687
4526,47.145833333333336,1039566,397.62500000009135
4527,47.15625,1039795,51.3125000000322
4528,47.166666666666664,1040025,152.99999999990882
4529,47.177083333333336,1040255,126.6875000000276
4530,47.196875,1040691,51.093749999972715
4531,47.20729166666666,1040921,88.78124999997041
4532,47.217708333333334,1041150,62.4687500000892
4533,47.228125,1041380,292.15625000003695
4534,47.23854166666666,1041610,9.843749999856755
4535,47.248958333333334,1041840,47.53125000001113
4536,47.25,1041862,70.49999999999024
4537,47.260416666666664,1042092,44.18749999995235
4538,47.270833333333336,1042322,273.8750000000568
4539,47.28125,1042552,503.56250000000455
4540,47.291666666666664,1042781,29.249999999874277
4541,47.302083333333336,1043011,2.937499999993065
4542,47.321875,1043447,439.3437499999095
4543,47.33229166666666,1043677,93.03124999985037
4544,47.342708333333334,1043907,194.71875000004033
4545,47.353125,1044136,168.40625000000244
4546,47.36354166666666,1044366,398.0937499999502
4547,47.373958333333334,1044596,51.78125000004776
4548,47.375,1044619,74.75000000002687
4549,47.385416666666664,1044848,176.43749999990348
4550,47.395833333333336,1045078,150.12500000002228
4551,47.40625,1045308,379.81249999997004
4552,47.416666666666664,1045537,33.49999999991091
4553,47.427083333333336,1045767,135.18750000010087
4554,47.446875,1046204,315.59375000003166
4555,47.45729166666666,1046433,33.281249999851426
4556,47.467708333333334,1046663,70.9687500000058
4557,47.478125,1046893,44.65624999996791
4558,47.48854166666666,1047122,274.3437499999157
4559,47.498958333333334,1047352,504.0312500000201
4560,47.5,1047375,15.000000000027924
4561,47.510416666666664,1047605,52.68750000002562
4562,47.520833333333336,1047834,26.374999999987736
4563,47.53125,1048064,256.06249999993554
4564,47.541666666666664,1048294,485.7499999998833
4565,47.552083333333336,1048523,11.437500000066336
4566,47.571875,1048960,191.8437499999971
4567,47.58229166666666,1049190,421.53124999994486
4568,47.592708333333334,1049419,75.21875000004243
4569,47.603125,1049649,176.90624999991905
4570,47.61354166666666,1049879,150.59374999988114
4571,47.623958333333334,1050108,380.2812499999856
4572,47.625,1050131,403.2499999999647
4573,47.635416666666664,1050361,56.93749999990558
4574,47.645833333333336,1050591,158.62500000009555
4575,47.65625,1050820,132.31250000005764
4576,47.666666666666664,1051050,362.00000000000546
4577,47.677083333333336,1051280,15.687500000102972
4578,47.696875,1051716,68.09374999996258
4579,47.70729166666666,1051946,297.78124999991036
4580,47.717708333333334,1052175,15.468750000043485
4581,47.728125,1052405,53.15625000004118
4582,47.73854166666666,1052635,26.843749999846622
4583,47.748958333333334,1052865,256.53124999995106
4584,47.75,1052887,279.4999999999302
4585,47.760416666666664,1053117,509.18749999987796
4586,47.770833333333336,1053347,34.87500000006101
4587,47.78125,1053577,8.562500000023121
4588,47.791666666666664,1053806,238.2499999999709
4589,47.802083333333336,1054036,467.9375000000754
4590,47.821875,1054472,200.3437499999137
4591,47.83229166666666,1054702,174.03124999987583
4592,47.842708333333334,1054932,403.7187499999803
4593,47.853125,1055161,57.406249999921144
4594,47.86354166666666,1055391,159.0937499999544
4595,47.873958333333334,1055621,132.78125000007321
4596,47.875,1055644,155.75000000005232
4597,47.885416666666664,1055873,385.4375000000001
4598,47.895833333333336,1056103,39.12500000009764
4599,47.90625,1056333,140.81249999997425
4600,47.916666666666664,1056562,114.49999999993636
4601,47.927083333333336,1056792,344.1875000000408
4602,47.946875,1057229,76.59375000003585
4603,47.95729166666666,1057458,50.28124999984129
4604,47.967708333333334,1057688,279.96874999994577
4605,47.978125,1057918,509.65624999989353
4606,47.98854166666666,1058147,35.34374999991989
4607,47.998958333333334,1058377,9.031250000038682
4608,48.0,1058400,32.00000000001779
4609,48.010416666666664,1058630,261.68749999996555
4610,48.020833333333336,1058859,491.37500000007003
4611,48.03125,1059089,17.062499999939718
4612,48.041666666666664,1059319,246.7499999998875
4613,48.052083333333336,1059548,220.43750000000628
4614,48.071875,1059985,80.84374999991581
4615,48.08229166666666,1060215,182.5312499999491
4616,48.092708333333334,1060444,156.21875000006787
4617,48.103125,1060674,385.9062500000157
4618,48.11354166666666,1060904,39.59374999995653
4619,48.123958333333334,1061133,141.28124999998983
4620,48.125,1061156,164.2499999999689
4621,48.135416666666664,1061386,137.93749999993105
4622,48.145833333333336,1061616,367.62500000003547
4623,48.15625,1061845,21.312499999976353
4624,48.166666666666664,1062075,123.00000000000963
4625,48.177083333333336,1062305,96.68750000012842
4626,48.196875,1062741,21.093749999916866
4627,48.20729166666666,1062971,58.781249999914564
4628,48.217708333333334,1063200,32.46875000003335
4629,48.228125,1063430,262.1562499999811
4630,48.23854166666666,1063660,491.8437499999289
4631,48.248958333333334,1063890,17.53124999995528
4632,48.25,1063912,40.49999999993439
4633,48.260416666666664,1064142,14.187499999896502
4634,48.270833333333336,1064372,243.87500000000097
4635,48.28125,1064602,473.5624999999487
4636,48.291666666666664,1064831,127.2499999998896
4637,48.302083333333336,1065061,228.93750000007955
4638,48.321875,1065497,409.34375000001035
4639,48.33229166666666,1065727,63.0312499999512
4640,48.342708333333334,1065957,164.71874999998448
4641,48.353125,1066186,138.4062499999466
4642,48.36354166666666,1066416,368.0937499998944
4643,48.373958333333334,1066646,21.781249999991914
4644,48.375,1066669,44.749999999971024
4645,48.385416666666664,1066898,146.43750000000432
4646,48.395833333333336,1067128,120.1250000001231
4647,48.40625,1067358,349.8125000000709
4648,48.416666666666664,1067588,3.500000000011738
4649,48.427083333333336,1067817,105.18750000004502
4650,48.446875,1068254,285.5937499999758
4651,48.45729166666666,1068483,3.2812499999522515
4652,48.467708333333334,1068713,40.96874999994995
4653,48.478125,1068943,14.656249999912063
4654,48.48854166666666,1069172,244.34374999985982
4655,48.498958333333334,1069402,474.0312499999643
4656,48.5,1069425,496.9999999999434
4657,48.510416666666664,1069655,22.687499999969774
4658,48.520833333333336,1069884,252.37500000007424
4659,48.53125,1070114,226.06250000003632
4660,48.541666666666664,1070344,455.7499999999841
4661,48.552083333333336,1070573,109.43750000008166
4662,48.571875,1071010,161.84374999994128
4663,48.58229166666666,1071240,391.53124999988904
4664,48.592708333333334,1071469,45.218749999986585
4665,48.603125,1071699,146.90625000001987
4666,48.61354166666666,1071929,120.59374999998198
4667,48.623958333333334,1072158,350.2812500000864
4668,48.625,1072181,373.25000000006554
4669,48.635416666666664,1072411,26.93750000000641
4670,48.645833333333336,1072641,128.62500000003968
4671,48.65625,1072870,102.3125000000018
4672,48.666666666666664,1073100,331.9999999999496
4673,48.677083333333336,1073330,49.68750000008271
4674,48.696875,1073766,38.093749999906734
4675,48.70729166666666,1073996,267.7812499998545
4676,48.717708333333334,1074225,497.46874999995896
4677,48.728125,1074455,23.156249999985334
4678,48.73854166666666,1074685,252.8437499999331
4679,48.748958333333334,1074915,226.5312500000519
4680,48.75,1074938,249.500000000031
4681,48.760416666666664,1075167,479.1874999999788
4682,48.770833333333336,1075397,4.8750000000051585
4683,48.78125,1075627,234.56249999995293
4684,48.791666666666664,1075856,208.24999999991505
4685,48.802083333333336,1076086,437.9375000000195
4686,48.821875,1076522,170.34375000001455
4687,48.83229166666666,1076752,144.03124999997664
4688,48.842708333333334,1076982,373.7187500000811
4689,48.853125,1077211,27.40625000002197
4690,48.86354166666666,1077441,129.0937499998986
4691,48.873958333333334,1077671,102.78125000001737
4692,48.875,1077694,125.74999999999648
4693,48.885416666666664,1077923,355.43749999994424
4694,48.895833333333336,1078153,9.125000000041794
4695,48.90625,1078383,110.81250000007508
4696,48.916666666666664,1078612,84.49999999988052
4697,48.927083333333336,1078842,314.187499999985
4698,48.946875,1079279,46.593749999980005
4699,48.95729166666666,1079508,20.28124999994212
4700,48.967708333333334,1079738,249.96875000004655
4701,48.978125,1079968,479.6562499999943
4702,48.98854166666666,1080197,5.343749999864045
4703,48.998958333333334,1080427,235.0312499999685
4704,49.0,1080450,1.9999999999619433
4705,49.010416666666664,1080680,231.68749999990973
4706,49.020833333333336,1080909,461.37500000001415
4707,49.03125,1081139,115.06249999995504
4708,49.041666666666664,1081369,216.74999999998832
4709,49.052083333333336,1081598,190.4375000001071
4710,49.071875,1082035,50.84375000001664
4711,49.08229166666666,1082265,152.53124999989325
4712,49.092708333333334,1082494,126.21875000001204
4713,49.103125,1082724,355.9062499999598
4714,49.11354166666666,1082954,9.59374999990068
4715,49.123958333333334,1083183,111.28125000009064
4716,49.125,1083206,134.25000000006975
4717,49.135416666666664,1083436,107.93749999987519
4718,49.145833333333336,1083666,337.62499999997965
4719,49.15625,1083895,55.31249999995609
4720,49.166666666666664,1084125,92.99999999995379
4721,49.177083333333336,1084355,66.68750000007257
4722,49.196875,1084791,503.09374999998903
4723,49.20729166666666,1085021,28.781249999858716
4724,49.217708333333334,1085250,2.468749999977504
4725,49.228125,1085480,232.15624999992528
4726,49.23854166666666,1085710,461.84374999987307
4727,49.248958333333334,1085940,115.5312499999706
4728,49.25,1085963,10.500000000035214
4729,49.260416666666664,1086192,240.187499999983
4730,49.270833333333336,1086422,213.87500000010178
4731,49.28125,1086652,443.56250000004957
4732,49.291666666666664,1086881,97.24999999999042
4733,49.302083333333336,1087111,198.9375000000237
4734,49.321875,1087547,379.34374999995447
4735,49.33229166666666,1087777,33.03124999989535
4736,49.342708333333334,1088007,134.71875000008532
4737,49.353125,1088236,108.40624999989075
4738,49.36354166666666,1088466,338.0937499998385
4739,49.373958333333334,1088696,55.78124999997165
4740,49.375,1088719,14.75000000007185
4741,49.385416666666664,1088948,116.43749999994846
4742,49.395833333333336,1089178,90.12500000006725
4743,49.40625,1089408,319.812500000015
4744,49.416666666666664,1089637,37.49999999999147
4745,49.427083333333336,1089867,75.18749999998917
4746,49.446875,1090304,255.59374999991996
4747,49.45729166666666,1090533,485.2812499998677
4748,49.467708333333334,1090763,10.968750000050775
4749,49.478125,1090993,240.65624999999855
4750,49.48854166666666,1091222,214.34374999996066
4751,49.498958333333334,1091452,444.03125000006514
4752,49.5,1091475,467.0000000000442
4753,49.510416666666664,1091705,120.68749999998509
4754,49.520833333333336,1091934,222.37500000001836
4755,49.53125,1092164,196.0624999999805
4756,49.541666666666664,1092394,425.74999999992826
4757,49.552083333333336,1092623,79.4375000000258
4758,49.571875,1093060,131.8437500000421
4759,49.58229166666666,1093290,361.5312499999899
4760,49.592708333333334,1093519,15.218750000087411
4761,49.603125,1093749,116.90624999996402
4762,49.61354166666666,1093979,90.59374999992613
4763,49.623958333333334,1094208,320.2812500000306
4764,49.625,1094231,343.25000000000966
4765,49.635416666666664,1094461,60.937499999986144
4766,49.645833333333336,1094691,98.62499999998384
4767,49.65625,1094920,72.31249999994596
4768,49.666666666666664,1095150,301.9999999998937
4769,49.677083333333336,1095380,19.68750000002686
4770,49.696875,1095816,8.09375000000756
4771,49.70729166666666,1096046,237.78124999995532
4772,49.717708333333334,1096275,467.4687500000598
4773,49.728125,1096505,121.15625000000065
4774,49.73854166666666,1096735,222.84374999987728
4775,49.748958333333334,1096965,196.53124999999605
4776,49.75,1096987,219.49999999997516
4777,49.760416666666664,1097217,449.1874999999229
4778,49.770833333333336,1097447,102.87500000002048
4779,49.78125,1097677,204.56250000005377
4780,49.791666666666664,1097906,178.25000000001586
4781,49.802083333333336,1098136,407.93750000012034
4782,49.821875,1098572,140.34374999995867
4783,49.83229166666666,1098802,114.0312499999208
4784,49.842708333333334,1099032,343.71875000002524
4785,49.853125,1099261,61.406250000001705
4786,49.86354166666666,1099491,99.09374999984273
4787,49.873958333333334,1099721,72.78124999996152
4788,49.875,1099744,95.74999999994063
4789,49.885416666666664,1099973,325.4374999998884
4790,49.895833333333336,1100203,43.12500000002153
4791,49.90625,1100433,80.81250000001923
4792,49.916666666666664,1100662,54.49999999998134
4793,49.927083333333336,1100892,284.1875000000858
4794,49.946875,1101329,16.593749999924157
4795,49.95729166666666,1101558,246.28124999987193
4796,49.967708333333334,1101788,219.96874999999073
4797,49.978125,1102018,449.6562499999385
4798,49.98854166666666,1102247,103.34374999987936
4799,49.998958333333334,1102477,205.03125000006932
4800,50.0,1102500,228.00000000004843
4801,50.010416666666664,1102730,201.68750000001054
4802,50.020833333333336,1102959,431.375000000115
4803,50.03125,1103189,85.06250000005586
4804,50.041666666666664,1103419,186.74999999993247
4805,50.052083333333336,1103648,160.43750000005127
4806,50.071875,1104085,20.843749999960792
4807,50.08229166666666,1104315,122.53124999999407
4808,50.092708333333334,1104544,96.21874999995619
4809,50.103125,1104774,325.90624999990393
4810,50.11354166666666,1105004,43.593749999880416
4811,50.123958333333334,1105233,81.28125000003479
4812,50.125,1105256,104.2500000000139
4813,50.135416666666664,1105486,77.93749999997601
4814,50.145833333333336,1105716,307.6250000000805
4815,50.15625,1105945,25.312500000056914
4816,50.166666666666664,1106175,62.99999999989794
4817,50.177083333333336,1106405,36.687500000016726
4818,50.196875,1106841,473.09374999993315
4819,50.20729166666666,1107071,126.78124999987403
4820,50.217708333333334,1107300,228.468750000064
4821,50.228125,1107530,202.1562500000261
4822,50.23854166666666,1107760,431.84374999997385
4823,50.248958333333334,1107990,85.53125000007142
4824,50.25,1108013,108.50000000005053
4825,50.260416666666664,1108242,210.18749999992713
4826,50.270833333333336,1108472,183.87500000004593
4827,50.28125,1108702,413.5624999999937
4828,50.291666666666664,1108931,67.24999999993457
4829,50.302083333333336,1109161,168.93750000012454
4830,50.321875,1109597,349.34374999989865
4831,50.33229166666666,1109827,3.0312499998395026
4832,50.342708333333334,1110057,104.71875000002946
4833,50.353125,1110286,78.40624999999157
4834,50.36354166666666,1110516,308.09374999993935
4835,50.373958333333334,1110746,25.781250000072475
4836,50.375,1110769,48.750000000051585
4837,50.385416666666664,1110998,86.43749999989261
4838,50.395833333333336,1111228,60.1250000000114
4839,50.40625,1111458,289.8124999999592
4840,50.416666666666664,1111687,7.499999999935625
4841,50.427083333333336,1111917,45.18750000009
4842,50.446875,1112354,225.59375000002078
4843,50.45729166666666,1112583,455.28124999996857
4844,50.467708333333334,1112813,108.9687500000661
4845,50.478125,1113043,210.6562499999427
4846,50.48854166666666,1113272,184.34374999990482
4847,50.498958333333334,1113502,414.03125000000927
4848,50.5,1113525,436.9999999999884
4849,50.510416666666664,1113755,90.68749999992924
4850,50.520833333333336,1113984,192.3750000001192
4851,50.53125,1114214,166.06249999992463
4852,50.541666666666664,1114444,395.74999999987244
4853,50.552083333333336,1114673,49.43750000012663
4854,50.571875,1115110,101.84374999998624
4855,50.58229166666666,1115340,331.531249999934
4856,50.592708333333334,1115569,49.218750000067146
4857,50.603125,1115799,86.90624999990817
4858,50.61354166666666,1116029,60.59374999987028
4859,50.623958333333334,1116258,290.28124999997476
4860,50.625,1116281,313.24999999995384
4861,50.635416666666664,1116511,30.937499999930296
4862,50.645833333333336,1116741,68.62500000008467
4863,50.65625,1116970,42.31250000004678
4864,50.666666666666664,1117200,271.99999999999454
4865,50.677083333333336,1117430,501.687500000099
4866,50.696875,1117866,234.09374999993736
4867,50.70729166666666,1118096,207.7812499998995
4868,50.717708333333334,1118325,437.4687500000039
4869,50.728125,1118555,91.1562499999448
4870,50.73854166666666,1118785,192.8437499999781
4871,50.748958333333334,1119015,166.53125000009686
4872,50.75,1119038,189.500000000076
4873,50.760416666666664,1119267,419.18750000002376
4874,50.770833333333336,1119497,72.8750000001213
4875,50.78125,1119727,174.5624999999979
4876,50.791666666666664,1119956,148.24999999996004
4877,50.802083333333336,1120186,377.93750000006446
4878,50.821875,1120622,110.34374999990284
4879,50.83229166666666,1120852,84.03124999986495
4880,50.842708333333334,1121082,313.7187499999694
4881,50.853125,1121311,31.406249999945857
4882,50.86354166666666,1121541,69.09374999994355
4883,50.873958333333334,1121771,42.78125000006234
4884,50.875,1121794,65.75000000004145
4885,50.885416666666664,1122023,295.4374999999892
4886,50.895833333333336,1122253,13.125000000122355
4887,50.90625,1122483,50.81249999996338
4888,50.916666666666664,1122712,24.499999999925492
4889,50.927083333333336,1122942,254.18750000002996
4890,50.946875,1123379,114.59374999993948
4891,50.95729166666666,1123608,216.28124999997277
4892,50.967708333333334,1123838,189.96875000009155
4893,50.978125,1124068,419.65625000003934
4894,50.98854166666666,1124297,73.34374999998019
4895,50.998958333333334,1124527,175.03125000001347
4896,51.0,1124550,197.99999999999258
4897,51.010416666666664,1124780,171.6874999999547
4898,51.020833333333336,1125009,401.3750000000591
4899,51.03125,1125239,55.062500000000014
4900,51.041666666666664,1125469,156.74999999987662
4901,51.052083333333336,1125698,130.4374999999954
4902,51.071875,1126135,54.84374999994053
4903,51.08229166666666,1126365,92.53124999993823
4904,51.092708333333334,1126594,66.21875000005701
4905,51.103125,1126824,295.9062500000048
4906,51.11354166666666,1127054,13.593749999981242
4907,51.123958333333334,1127283,51.28124999997894
4908,51.125,1127306,74.24999999995805
4909,51.135416666666664,1127536,47.93749999992016
4910,51.145833333333336,1127766,277.6250000000246
4911,51.15625,1127995,507.3124999999724
4912,51.166666666666664,1128225,32.999999999998764
4913,51.177083333333336,1128455,6.687500000117552
4914,51.196875,1128891,443.093750000034
4915,51.20729166666666,1129121,96.78124999997486
4916,51.217708333333334,1129350,198.46875000000813
4917,51.228125,1129580,172.15624999997027
4918,51.23854166666666,1129810,401.84374999991803
4919,51.248958333333334,1130040,55.531250000015575
4920,51.25,1130062,78.49999999999469
4921,51.260416666666664,1130292,180.1874999998713
4922,51.270833333333336,1130522,153.87499999999008
4923,51.28125,1130752,383.56249999993787
4924,51.291666666666664,1130981,37.249999999878725
4925,51.302083333333336,1131211,138.93750000006867
4926,51.321875,1131647,319.34374999999943
4927,51.33229166666666,1131877,37.03124999997591
4928,51.342708333333334,1132107,74.71874999997361
4929,51.353125,1132336,48.406249999935724
4930,51.36354166666666,1132566,278.09374999988347
4931,51.373958333333334,1132796,507.78124999998795
4932,51.375,1132819,18.749999999995737
4933,51.385416666666664,1133048,56.437499999993435
4934,51.395833333333336,1133278,30.125000000112223
4935,51.40625,1133508,259.81250000006
4936,51.416666666666664,1133738,489.5000000000078
4937,51.427083333333336,1133967,15.187500000034149
4938,51.446875,1134404,195.59374999996493
4939,51.45729166666666,1134633,425.2812499999127
4940,51.467708333333334,1134863,78.96875000001025
4941,51.478125,1135093,180.65625000004354
4942,51.48854166666666,1135322,154.34374999984897
4943,51.498958333333334,1135552,384.0312499999534
4944,51.5,1135575,406.9999999999325
4945,51.510416666666664,1135805,60.687499999873395
4946,51.520833333333336,1136034,162.37500000006335
4947,51.53125,1136264,136.06250000002547
4948,51.541666666666664,1136494,365.7499999999732
4949,51.552083333333336,1136723,19.437500000070784
4950,51.571875,1137160,71.8437499999304
4951,51.58229166666666,1137390,301.5312499998782
4952,51.592708333333334,1137619,19.218750000011298
4953,51.603125,1137849,56.906250000008995
4954,51.61354166666666,1138079,30.59374999997111
4955,51.623958333333334,1138308,260.28125000007554
4956,51.625,1138331,283.2500000000547
4957,51.635416666666664,1138561,0.9374999998744471
4958,51.645833333333336,1138791,38.62500000002882
4959,51.65625,1139020,12.312499999990933
4960,51.666666666666664,1139250,241.99999999993872
4961,51.677083333333336,1139480,471.68750000004314
4962,51.696875,1139916,204.0937500000382
4963,51.70729166666666,1140146,177.78124999984362
4964,51.717708333333334,1140375,407.4687499999481
4965,51.728125,1140605,61.15625000004563
4966,51.73854166666666,1140835,162.84374999992224
4967,51.748958333333334,1141065,136.53125000004104
4968,51.75,1141088,159.50000000002012
4969,51.760416666666664,1141317,389.18749999996794
4970,51.770833333333336,1141547,42.875000000065455
4971,51.78125,1141777,144.56249999994208
4972,51.791666666666664,1142006,118.24999999990418
4973,51.802083333333336,1142236,347.93750000000864
4974,51.821875,1142672,80.34375000000367
4975,51.83229166666666,1142902,54.03124999996578
4976,51.842708333333334,1143132,283.71875000007026
4977,51.853125,1143361,1.4062500000466827
4978,51.86354166666666,1143591,39.093749999887706
4979,51.873958333333334,1143821,12.781250000006494
4980,51.875,1143844,35.749999999985604
4981,51.885416666666664,1144073,265.4374999999334
4982,51.895833333333336,1144303,495.12500000003786
4983,51.90625,1144533,20.812500000064205
4984,51.916666666666664,1144763,250.500000000012
4985,51.927083333333336,1144992,224.18749999997408
4986,51.946875,1145429,84.5937500000403
4987,51.95729166666666,1145658,186.2812499999169
4988,51.967708333333334,1145888,159.9687500000357
4989,51.978125,1146118,389.65624999998346
4990,51.98854166666666,1146347,43.34374999992434
4991,51.998958333333334,1146577,145.03124999995762
4992,52.0,1146600,167.99999999993673
4993,52.010416666666664,1146830,141.68749999989885
4994,52.020833333333336,1147059,371.3750000000033
4995,52.03125,1147289,25.062499999944166
4996,52.041666666666664,1147519,126.74999999997745
4997,52.052083333333336,1147748,100.43750000009624
4998,52.071875,1148185,24.843750000041354
4999,52.08229166666666,1148415,62.53124999988238
5000,52.092708333333334,1148644,36.218750000001165
5001,52.103125,1148874,265.90624999994895
5002,52.11354166666666,1149104,495.5937499998967
5003,52.123958333333334,1149333,21.281250000079766
5004,52.125,1149356,44.250000000058876
5005,52.135416666666664,1149586,17.93750000002099
5006,52.145833333333336,1149816,247.62500000012545
5007,52.15625,1150045,477.3125000000732
5008,52.166666666666664,1150275,2.999999999942915
5009,52.177083333333336,1150505,232.68750000004735
5010,52.196875,1150941,413.0937499999782
5011,52.20729166666666,1151171,66.78124999991901
5012,52.217708333333334,1151400,168.4687499999523
5013,52.228125,1151630,142.1562499999144
5014,52.23854166666666,1151860,371.8437499998622
5015,52.248958333333334,1152090,25.531249999959726
5016,52.25,1152112,48.49999999993884
5017,52.260416666666664,1152342,150.18749999997212
5018,52.270833333333336,1152572,123.8750000000909
5019,52.28125,1152802,353.56250000003865
5020,52.291666666666664,1153031,7.249999999979551
5021,52.302083333333336,1153261,108.93750000001283
5022,52.321875,1153697,289.3437499999436
5023,52.33229166666666,1153927,7.031249999920064
5024,52.342708333333334,1154157,44.71875000007444
5025,52.353125,1154386,18.40625000003655
5026,52.36354166666666,1154616,248.0937499999843
5027,52.373958333333334,1154846,477.7812500000888
5028,52.375,1154869,500.75000000006787
5029,52.385416666666664,1155098,26.437499999937586
5030,52.395833333333336,1155328,0.12500000005637446
5031,52.40625,1155558,229.81250000000415
5032,52.416666666666664,1155787,459.4999999999519
5033,52.427083333333336,1156017,113.18750000004947
5034,52.446875,1156454,165.59374999990908
5035,52.45729166666666,1156683,395.28124999985687
5036,52.467708333333334,1156913,48.9687499999544
5037,52.478125,1157143,150.65624999998766
5038,52.48854166666666,1157372,124.3437499999498
5039,52.498958333333334,1157602,354.03125000005423
5040,52.5,1157625,377.00000000003337
5041,52.510416666666664,1157855,30.68749999997422
5042,52.520833333333336,1158084,132.3750000000075
5043,52.53125,1158314,106.06249999996962
5044,52.541666666666664,1158544,335.7499999999174
5045,52.552083333333336,1158773,53.43750000005052
5046,52.571875,1159210,41.84375000003122
5047,52.58229166666666,1159440,271.53124999997897
5048,52.592708333333334,1159669,501.21875000008345
5049,52.603125,1159899,26.906249999953147
5050,52.61354166666666,1160129,0.5937499999152607
5051,52.623958333333334,1160358,230.28125000001972
5052,52.625,1160381,253.2499999999988
5053,52.635416666666664,1160611,482.93749999994657
5054,52.645833333333336,1160841,8.625000000129646
5055,52.65625,1161070,238.31250000007742
5056,52.666666666666664,1161300,211.99999999988285
5057,52.677083333333336,1161530,441.6874999999873
5058,52.696875,1161966,174.09374999998235
5059,52.70729166666666,1162196,147.78124999994446
5060,52.717708333333334,1162425,377.4687500000489
5061,52.728125,1162655,31.156249999989782
5062,52.73854166666666,1162885,132.8437499998664
5063,52.748958333333334,1163115,106.53124999998518
5064,52.75,1163137,129.4999999999643
5065,52.760416666666664,1163367,359.18749999991206
5066,52.770833333333336,1163597,12.875000000009607
5067,52.78125,1163827,114.56250000004289
5068,52.791666666666664,1164056,88.250000000005
5069,52.802083333333336,1164286,317.9375000001095
5070,52.821875,1164722,50.34374999994782
5071,52.83229166666666,1164952,24.03124999990993
5072,52.842708333333334,1165182,253.71875000001438
5073,52.853125,1165411,483.40624999996214
5074,52.86354166666666,1165641,9.093749999988532
5075,52.873958333333334,1165871,238.781250000093
5076,52.875,1165894,5.749999999929756
5077,52.885416666666664,1166123,235.43749999987753
5078,52.895833333333336,1166353,465.124999999982
5079,52.90625,1166583,118.81249999992285
5080,52.916666666666664,1166812,220.49999999995612
5081,52.927083333333336,1167042,194.18750000007492
5082,52.946875,1167479,54.59374999998445
5083,52.95729166666666,1167708,156.28124999986107
5084,52.967708333333334,1167938,129.96874999997985
5085,52.978125,1168168,359.65624999992764
5086,52.98854166666666,1168397,13.343749999868493
5087,52.998958333333334,1168627,115.03125000005845
5088,53.0,1168650,138.00000000003757
5089,53.010416666666664,1168880,111.68749999999967
5090,53.020833333333336,1169109,341.37500000010414
5091,53.03125,1169339,59.0624999999239
5092,53.041666666666664,1169569,96.7499999999216
5093,53.052083333333336,1169798,70.43750000004039
5094,53.071875,1170235,506.8437499999568
5095,53.08229166666666,1170465,32.5312499999832
5096,53.092708333333334,1170694,6.218749999945317
5097,53.103125,1170924,235.90624999989308
5098,53.11354166666666,1171154,465.59374999984084
5099,53.123958333333334,1171383,119.28125000009508
5100,53.125,1171406,14.250000000003027
5101,53.135416666666664,1171636,243.9374999999508
5102,53.145833333333336,1171866,217.62500000006958
5103,53.15625,1172095,447.3125000000174
5104,53.166666666666664,1172325,100.99999999995823
5105,53.177083333333336,1172555,202.68749999999153
5106,53.196875,1172991,383.0937499999223
5107,53.20729166666666,1173221,36.781249999863164
5108,53.217708333333334,1173450,138.46875000005312
5109,53.228125,1173680,112.15625000001523
5110,53.23854166666666,1173910,341.843749999963
5111,53.248958333333334,1174140,59.531250000096136
5112,53.25,1174163,18.500000000039662
5113,53.260416666666664,1174392,120.18749999991627
5114,53.270833333333336,1174622,93.87500000003506
5115,53.28125,1174852,323.56249999998283
5116,53.291666666666664,1175081,41.249999999959286
5117,53.302083333333336,1175311,78.93750000011366
5118,53.321875,1175747,259.34375000004445
5119,53.33229166666666,1175977,489.0312499999922
5120,53.342708333333334,1176207,14.718750000018588
5121,53.353125,1176436,244.40624999996635
5122,53.36354166666666,1176666,218.0937499999285
5123,53.373958333333334,1176896,447.7812500000329
5124,53.375,1176919,470.75000000001205
5125,53.385416666666664,1177148,124.4374999999529
5126,53.395833333333336,1177378,226.1249999999862
5127,53.40625,1177608,199.8124999999483
5128,53.416666666666664,1177837,429.4999999998961
5129,53.427083333333336,1178067,83.18749999999362
5130,53.446875,1178504,135.5937500000099
5131,53.45729166666666,1178733,365.2812499999577
5132,53.467708333333334,1178963,18.968750000055223
5133,53.478125,1179193,120.65624999993183
5134,53.48854166666666,1179422,94.34374999989394
5135,53.498958333333334,1179652,324.0312499999984
5136,53.5,1179675,346.9999999999775
5137,53.510416666666664,1179905,0.6874999999183729
5138,53.520833333333336,1180134,102.37500000010833
5139,53.53125,1180364,76.06250000007044
5140,53.541666666666664,1180594,305.7500000000182
5141,53.552083333333336,1180823,23.43749999999467
5142,53.571875,1181260,11.843749999975373
5143,53.58229166666666,1181490,241.53124999992315
5144,53.592708333333334,1181719,471.2187500000276
5145,53.603125,1181949,124.90624999996847
5146,53.61354166666666,1182179,226.59374999984507
5147,53.623958333333334,1182408,200.28124999996385
5148,53.625,1182431,223.249999999943
5149,53.635416666666664,1182661,452.93749999989075
5150,53.645833333333336,1182891,106.62499999998829
5151,53.65625,1183120,208.31250000002157
5152,53.666666666666664,1183350,181.9999999999837
5153,53.677083333333336,1183580,411.6875000000881
5154,53.696875,1184016,144.0937499999265
5155,53.70729166666666,1184246,117.78124999988862
5156,53.717708333333334,1184475,347.46874999999307
5157,53.728125,1184705,1.1562499999339337
5158,53.73854166666666,1184935,102.84374999996722
5159,53.748958333333334,1185165,76.531250000086
5160,53.75,1185188,99.50000000006511
5161,53.760416666666664,1185417,329.1875000000129
5162,53.770833333333336,1185647,46.87499999998934
5163,53.78125,1185877,84.56249999998704
5164,53.791666666666664,1186106,58.249999999949154
5165,53.802083333333336,1186336,287.9375000000536
5166,53.821875,1186772,20.34374999989197
5167,53.83229166666666,1187002,250.03124999983976
5168,53.842708333333334,1187232,223.71874999995853
5169,53.853125,1187461,453.4062499999063
5170,53.86354166666666,1187691,107.09374999984718
5171,53.873958333333334,1187921,208.78125000003712
5172,53.875,1187944,231.75000000001626
5173,53.885416666666664,1188173,205.43749999997834
5174,53.895833333333336,1188403,435.1250000000828
5175,53.90625,1188633,88.81250000002368
5176,53.916666666666664,1188862,190.4999999999003
5177,53.927083333333336,1189092,164.18750000001907
5178,53.946875,1189529,24.593749999928605
5179,53.95729166666666,1189758,126.28124999996189
5180,53.967708333333334,1189988,99.96875000008068
5181,53.978125,1190218,329.6562500000284
5182,53.98854166666666,1190447,47.34374999984823
5183,53.998958333333334,1190677,85.0312500000026
5184,54.0,1190700,107.99999999998171
5185,54.010416666666664,1190930,81.68749999994382
5186,54.020833333333336,1191159,311.37500000004826
5187,54.03125,1191389,29.062500000024727
5188,54.041666666666664,1191619,66.75000000002242
5189,54.052083333333336,1191848,40.43749999998454
5190,54.071875,1192285,476.843749999901
5191,54.08229166666666,1192515,2.531249999927354
5192,54.092708333333334,1192744,232.2187500000318
5193,54.103125,1192974,205.90624999999392
5194,54.11354166666666,1193204,435.5937499999417
5195,54.123958333333334,1193433,89.28125000003924
5196,54.125,1193456,112.25000000001835
5197,54.135416666666664,1193686,213.93749999989495
5198,54.145833333333336,1193916,187.62500000001376
5199,54.15625,1194145,417.3124999999615
5200,54.166666666666664,1194375,70.99999999990239
5201,54.177083333333336,1194605,172.68750000009234
5202,54.196875,1195041,353.09375000002314
5203,54.20729166666666,1195271,6.78124999996399
5204,54.217708333333334,1195500,108.46874999999727
5205,54.228125,1195730,82.15624999995939
5206,54.23854166666666,1195960,311.8437499999072
5207,54.248958333333334,1196190,29.531250000040288
5208,54.25,1196213,52.5000000000194
5209,54.260416666666664,1196442,90.1875000000171
5210,54.270833333333336,1196672,63.87499999997921
5211,54.28125,1196902,293.562499999927
5212,54.291666666666664,1197131,11.249999999903437
5213,54.302083333333336,1197361,48.93750000005781
5214,54.321875,1197797,229.34374999998857
5215,54.33229166666666,1198027,459.03124999993634
5216,54.342708333333334,1198257,112.7187500000339
5217,54.353125,1198486,214.40624999991053
5218,54.36354166666666,1198716,188.0937499998726
5219,54.373958333333334,1198946,417.7812499999771
5220,54.375,1198969,440.7499999999562
5221,54.385416666666664,1199198,94.43749999989706
5222,54.395833333333336,1199428,196.12500000008703
5223,54.40625,1199658,169.8125000000491
5224,54.416666666666664,1199887,399.49999999999693
5225,54.427083333333336,1200117,53.187500000094445
5226,54.446875,1200554,105.59374999995406
5227,54.45729166666666,1200783,335.28124999990183
5228,54.467708333333334,1201013,52.96875000003496
5229,54.478125,1201243,90.65625000003266
5230,54.48854166666666,1201472,64.34374999999477
5231,54.498958333333334,1201702,294.03125000009925
5232,54.5,1201725,317.00000000007833
5233,54.510416666666664,1201955,34.68749999989811
5234,54.520833333333336,1202184,72.37500000005248
5235,54.53125,1202414,46.062500000014595
5236,54.541666666666664,1202644,275.74999999996237
5237,54.552083333333336,1202873,505.43750000006685
5238,54.571875,1203310,237.84374999990519
5239,54.58229166666666,1203540,211.5312499998673
5240,54.592708333333334,1203769,441.21874999997175
5241,54.603125,1203999,94.90624999991262
5242,54.61354166666666,1204229,196.59374999994589
5243,54.623958333333334,1204458,170.2812500000647
5244,54.625,1204481,193.2500000000438
5245,54.635416666666664,1204711,422.9374999999916
5246,54.645833333333336,1204941,76.62500000008912
5247,54.65625,1205170,178.31249999996572
5248,54.666666666666664,1205400,151.99999999992784
5249,54.677083333333336,1205630,381.6875000000323
5250,54.696875,1206066,114.09375000002733
5251,54.70729166666666,1206296,87.78124999998944
5252,54.717708333333334,1206525,317.4687500000939
5253,54.728125,1206755,35.15624999991367
5254,54.73854166666666,1206985,72.84374999991137
5255,54.748958333333334,1207215,46.531250000030155
5256,54.75,1207238,69.50000000000927
5257,54.760416666666664,1207467,299.187499999957
5258,54.770833333333336,1207697,16.875000000090168
5259,54.78125,1207927,54.56249999993119
5260,54.791666666666664,1208156,28.249999999893305
5261,54.802083333333336,1208386,257.9374999999977
5262,54.821875,1208822,118.34374999990729
5263,54.83229166666666,1209052,220.03124999994057
5264,54.842708333333334,1209282,193.71875000005934
5265,54.853125,1209511,423.40625000000716
5266,54.86354166666666,1209741,77.093749999948
5267,54.873958333333334,1209971,178.7812499999813
5268,54.875,1209994,201.74999999996038
5269,54.885416666666664,1210223,175.43749999992252
5270,54.895833333333336,1210453,405.12500000002694
5271,54.90625,1210683,58.81249999996783
5272,54.916666666666664,1210913,160.5000000000011
5273,54.927083333333336,1211142,134.18750000011988
5274,54.946875,1211579,58.59374999990834
5275,54.95729166666666,1211808,96.28124999990604
5276,54.967708333333334,1212038,69.96875000002483
5277,54.978125,1212268,299.6562499999726
5278,54.98854166666666,1212497,17.343749999949054
5279,54.998958333333334,1212727,55.03124999994675
5280,55.0,1212750,77.99999999992586
5281,55.010416666666664,1212980,51.687499999887976
5282,55.020833333333336,1213209,281.37499999999244
5283,55.03125,1213439,511.0624999999402
5284,55.041666666666664,1213669,36.749999999966576
5285,55.052083333333336,1213898,10.437500000085365
5286,55.071875,1214335,446.8437500000018
5287,55.08229166666666,1214565,100.53124999994267
5288,55.092708333333334,1214794,202.21874999997596
5289,55.103125,1215024,175.90624999993807
5290,55.11354166666666,1215254,405.59374999988586
5291,55.123958333333334,1215483,59.28124999998339
5292,55.125,1215506,82.2499999999625
5293,55.135416666666664,1215736,183.9374999999958
5294,55.145833333333336,1215966,157.62500000011457
5295,55.15625,1216195,387.31250000006236
5296,55.166666666666664,1216425,41.00000000000321
5297,55.177083333333336,1216655,142.6875000000365
5298,55.196875,1217091,323.09374999996726
5299,55.20729166666666,1217321,40.781249999943725
5300,55.217708333333334,1217550,78.4687500000981
5301,55.228125,1217780,52.15624999990354
5302,55.23854166666666,1218010,281.8437499998513
5303,55.248958333333334,1218240,511.5312499999558
5304,55.25,1218262,22.49999999996355
5305,55.260416666666664,1218492,60.18749999996125
5306,55.270833333333336,1218722,33.875000000080036
5307,55.28125,1218952,263.5625000000278
5308,55.291666666666664,1219181,493.24999999997556
5309,55.302083333333336,1219411,18.93750000000196
5310,55.321875,1219847,199.34374999993275
5311,55.33229166666666,1220077,429.0312499998805
5312,55.342708333333334,1220307,82.71874999997806
5313,55.353125,1220536,184.40625000001134
5314,55.36354166666666,1220766,158.09374999997345
5315,55.373958333333334,1220996,387.7812500000779
5316,55.375,1221019,410.750000000057
5317,55.385416666666664,1221248,64.43749999999788
5318,55.395833333333336,1221478,166.12500000003115
5319,55.40625,1221708,139.8124999999933
5320,55.416666666666664,1221937,369.49999999994105
5321,55.427083333333336,1222167,23.187500000038597
5322,55.446875,1222604,75.59374999989821
5323,55.45729166666666,1222833,305.28124999984595
5324,55.467708333333334,1223063,22.96874999997911
5325,55.478125,1223293,60.65624999997681
5326,55.48854166666666,1223522,34.34374999993892
5327,55.498958333333334,1223752,264.03125000004337
5328,55.5,1223775,287.0000000000225
5329,55.510416666666664,1224005,4.687499999998934
5330,55.520833333333336,1224234,42.37499999999663
5331,55.53125,1224464,16.062499999958746
5332,55.541666666666664,1224694,245.74999999990652
5333,55.552083333333336,1224923,475.43750000001097
5334,55.571875,1225360,207.84375000000603
5335,55.58229166666666,1225590,181.5312499999681
5336,55.592708333333334,1225819,411.2187500000726
5337,55.603125,1226049,64.90625000001344
5338,55.61354166666666,1226279,166.59374999989006
5339,55.623958333333334,1226508,140.28125000000884
5340,55.625,1226531,163.24999999998795
5341,55.635416666666664,1226761,392.9374999999357
5342,55.645833333333336,1226991,46.62500000003327
5343,55.65625,1227220,148.31250000006656
5344,55.666666666666664,1227450,121.99999999987199
5345,55.677083333333336,1227680,351.68749999997647
5346,55.696875,1228116,84.09374999997148
5347,55.70729166666666,1228346,57.78124999993359
5348,55.717708333333334,1228575,287.468750000038
5349,55.728125,1228805,5.156250000014495
5350,55.73854166666666,1229035,42.84374999985552
5351,55.748958333333334,1229265,16.531249999974307
5352,55.75,1229287,39.49999999995342
5353,55.760416666666664,1229517,269.1874999999012
5354,55.770833333333336,1229747,498.8750000000056
5355,55.78125,1229977,24.562500000032017
5356,55.791666666666664,1230206,254.2499999999798
5357,55.802083333333336,1230436,227.93750000009857
5358,55.821875,1230872,88.34375000000811
5359,55.83229166666666,1231102,190.03124999988472
5360,55.842708333333334,1231332,163.71875000000352
5361,55.853125,1231561,393.4062499999513
5362,55.86354166666666,1231791,47.093749999892154
5363,55.873958333333334,1232021,148.7812500000821
5364,55.875,1232044,171.75000000006122
5365,55.885416666666664,1232273,145.43750000002333
5366,55.895833333333336,1232503,375.1250000001278
5367,55.90625,1232733,28.812500000068653
5368,55.916666666666664,1232962,130.49999999994526
5369,55.927083333333336,1233192,104.18750000006405
5370,55.946875,1233629,28.593750000009166
5371,55.95729166666666,1233858,66.28124999985019
5372,55.967708333333334,1234088,39.96874999996898
5373,55.978125,1234318,269.6562499999168
5374,55.98854166666666,1234547,499.34374999986454
5375,55.998958333333334,1234777,25.031250000047578
5376,56.0,1234800,48.00000000002669
5377,56.010416666666664,1235030,21.687499999988802
5378,56.020833333333336,1235259,251.37500000009325
5379,56.03125,1235489,481.06250000004104
5380,56.041666666666664,1235719,6.749999999910727
5381,56.052083333333336,1235948,236.43750000001518
5382,56.071875,1236385,416.84374999994594
5383,56.08229166666666,1236615,70.53124999988682
5384,56.092708333333334,1236844,172.2187500000768
5385,56.103125,1237074,145.90625000003888
5386,56.11354166666666,1237304,375.5937499999867
5387,56.123958333333334,1237533,29.281250000084214
5388,56.125,1237556,52.250000000063324
5389,56.135416666666664,1237786,153.93749999993992
5390,56.145833333333336,1238016,127.62500000005872
5391,56.15625,1238245,357.3125000000065
5392,56.166666666666664,1238475,10.999999999947363
5393,56.177083333333336,1238705,112.68749999998064
5394,56.196875,1239141,293.09374999991144
5395,56.20729166666666,1239371,10.781249999887876
5396,56.217708333333334,1239600,48.46875000004225
5397,56.228125,1239830,22.156250000004363
5398,56.23854166666666,1240060,251.84374999995214
5399,56.248958333333334,1240290,481.5312500000566
5400,56.25,1240313,504.5000000000357
5401,56.260416666666664,1240542,30.1874999999054
5402,56.270833333333336,1240772,3.875000000024187
5403,56.28125,1241002,233.56249999997198
5404,56.291666666666664,1241231,463.24999999991974
5405,56.302083333333336,1241461,116.93750000001728
5406,56.321875,1241897,169.34375000003357
5407,56.33229166666666,1242127,399.03124999998136
5408,56.342708333333334,1242357,52.718750000078884
5409,56.353125,1242586,154.4062499999555
5410,56.36354166666666,1242816,128.0937499999176
5411,56.373958333333334,1243046,357.78125000002206
5412,56.375,1243069,380.75000000000114
5413,56.385416666666664,1243298,34.437499999942034
5414,56.395833333333336,1243528,136.12499999997533
5415,56.40625,1243758,109.81249999993743
5416,56.416666666666664,1243987,339.4999999998852
5417,56.427083333333336,1244217,57.18750000001833
5418,56.446875,1244654,45.593749999999034
5419,56.45729166666666,1244883,275.2812499999468
5420,56.467708333333334,1245113,504.9687500000513
5421,56.478125,1245343,30.65624999992096
5422,56.48854166666666,1245572,4.343749999883073
5423,56.498958333333334,1245802,234.03124999998752
5424,56.5,1245825,256.99999999996663
5425,56.510416666666664,1246055,486.6874999999144
5426,56.520833333333336,1246284,12.375000000097458
5427,56.53125,1246514,242.06250000004525
5428,56.541666666666664,1246744,215.75000000000733
5429,56.552083333333336,1246973,445.4375000001118
5430,56.571875,1247410,177.84374999995015
5431,56.58229166666666,1247640,151.5312499999123
5432,56.592708333333334,1247869,381.2187500000167
5433,56.603125,1248099,34.906249999957595
5434,56.61354166666666,1248329,136.59374999999088
5435,56.623958333333334,1248558,110.28124999995299
5436,56.625,1248581,133.2499999999321
5437,56.635416666666664,1248811,362.9374999998799
5438,56.645833333333336,1249041,16.62499999997742
5439,56.65625,1249270,118.3125000000107
5440,56.666666666666664,1249500,91.99999999997281
5441,56.677083333333336,1249730,321.68750000007725
5442,56.696875,1250166,54.09374999991563
5443,56.70729166666666,1250396,27.781249999877744
5444,56.717708333333334,1250625,257.4687499999822
5445,56.728125,1250855,487.15624999992997
5446,56.73854166666666,1251085,12.843749999956344
5447,56.748958333333334,1251315,242.5312500000608
5448,56.75,1251338,9.500000000054243
5449,56.760416666666664,1251567,239.18750000000202
5450,56.770833333333336,1251797,468.87500000010647
5451,56.78125,1252027,122.56250000004734
5452,56.791666666666664,1252256,224.24999999992394
5453,56.802083333333336,1252486,197.93750000004275
5454,56.821875,1252922,58.343749999952266
5455,56.83229166666666,1253152,160.03124999998556
5456,56.842708333333334,1253382,133.71874999994765
5457,56.853125,1253611,363.4062499998954
5458,56.86354166666666,1253841,17.09374999999298
5459,56.873958333333334,1254071,118.78125000002626
5460,56.875,1254094,141.75000000000537
5461,56.885416666666664,1254323,115.43749999996749
5462,56.895833333333336,1254553,345.12500000007196
5463,56.90625,1254783,62.81250000004839
5464,56.916666666666664,1255012,100.49999999988941
5465,56.927083333333336,1255242,74.1875000000082
5466,56.946875,1255679,510.5937499999246
5467,56.95729166666666,1255908,36.281249999951015
5468,56.967708333333334,1256138,9.968750000069804
5469,56.978125,1256368,239.65625000001756
5470,56.98854166666666,1256597,469.3437499999653
5471,56.998958333333334,1256827,123.0312500000629
5472,57.0,1256850,17.99999999997084
5473,57.010416666666664,1257080,247.6874999999186
5474,57.020833333333336,1257309,221.3750000000374
5475,57.03125,1257539,451.06249999998516
5476,57.041666666666664,1257769,104.74999999992605
5477,57.052083333333336,1257998,206.43750000011602
5478,57.071875,1258435,386.8437500000468
5479,57.08229166666666,1258665,40.53124999998765
5480,57.092708333333334,1258894,142.21875000002092
5481,57.103125,1259124,115.90624999998305
5482,57.11354166666666,1259354,345.5937499999308
5483,57.123958333333334,1259583,63.28125000006395
5484,57.125,1259606,22.250000000007475
5485,57.135416666666664,1259836,123.93749999988408
5486,57.145833333333336,1260066,97.62500000000287
5487,57.15625,1260295,327.31249999995066
5488,57.166666666666664,1260525,44.9999999999271
5489,57.177083333333336,1260755,82.68750000008147
5490,57.196875,1261191,263.0937500000123
5491,57.20729166666666,1261421,492.78124999996004
5492,57.217708333333334,1261650,18.4687499999864
5493,57.228125,1261880,248.15624999993418
5494,57.23854166666666,1262110,221.8437499998963
5495,57.248958333333334,1262340,451.53125000000074
5496,57.25,1262362,474.4999999999799
5497,57.260416666666664,1262592,0.18750000000622435
5498,57.270833333333336,1262822,229.87500000011067
5499,57.28125,1263052,203.5625000000728
5500,57.291666666666664,1263281,433.2500000000206
5501,57.302083333333336,1263511,86.9375000001181
5502,57.321875,1263947,139.34374999997772
5503,57.33229166666666,1264177,369.0312499999255
5504,57.342708333333334,1264407,22.718750000023036
5505,57.353125,1264636,124.40624999989964
5506,57.36354166666666,1264866,98.09374999986176
5507,57.373958333333334,1265096,327.78124999996624
5508,57.375,1265119,350.7499999999453
5509,57.385416666666664,1265348,4.437499999886185
5510,57.395833333333336,1265578,106.12500000007614
5511,57.40625,1265808,79.81250000003826
5512,57.416666666666664,1266037,309.499999999986
5513,57.427083333333336,1266267,27.187500000119158
5514,57.446875,1266704,15.593749999943185
5515,57.45729166666666,1266933,245.28124999989097
5516,57.467708333333334,1267163,474.9687499999954
5517,57.478125,1267393,0.6562500000217852
5518,57.48854166666666,1267622,230.34374999996956
5519,57.498958333333334,1267852,204.03125000008833
5520,57.5,1267875,227.00000000006747
5521,57.510416666666664,1268105,456.68750000001523
5522,57.520833333333336,1268334,110.37500000011278
5523,57.53125,1268564,212.06249999998937
5524,57.541666666666664,1268794,185.7499999999515
5525,57.552083333333336,1269023,415.43750000005593
5526,57.571875,1269460,147.84374999989433
5527,57.58229166666666,1269690,121.53124999985643
5528,57.592708333333334,1269919,351.2187499999609
5529,57.603125,1270149,4.906249999901746
5530,57.61354166666666,1270379,106.59374999993503
5531,57.623958333333334,1270608,80.28125000005382
5532,57.625,1270631,103.25000000003293
5533,57.635416666666664,1270861,332.9374999999807
5534,57.645833333333336,1271091,50.62500000011383
5535,57.65625,1271320,88.31249999995485
5536,57.666666666666664,1271550,61.999999999916966
5537,57.677083333333336,1271780,291.68750000002143
5538,57.696875,1272216,24.093750000016456
5539,57.70729166666666,1272446,253.78124999996425
5540,57.717708333333334,1272675,227.46875000008302
5541,57.728125,1272905,457.1562500000308
5542,57.73854166666666,1273135,110.84374999997166
5543,57.748958333333334,1273365,212.53125000000495
5544,57.75,1273387,235.49999999998406
5545,57.760416666666664,1273617,209.18749999994617
5546,57.770833333333336,1273847,438.8750000000506
5547,57.78125,1274077,92.56249999999149
5548,57.791666666666664,1274306,194.25000000002478
5549,57.802083333333336,1274536,167.93749999998687
5550,57.821875,1274972,28.343749999896417
5551,57.83229166666666,1275202,130.03124999992968
5552,57.842708333333334,1275432,103.71875000004849
5553,57.853125,1275661,333.40624999999625
5554,57.86354166666666,1275891,51.093749999972715
5555,57.873958333333334,1276121,88.78124999997041
5556,57.875,1276144,111.74999999994952
5557,57.885416666666664,1276373,85.43749999991164
5558,57.895833333333336,1276603,315.1250000000161
5559,57.90625,1276833,32.81249999999254
5560,57.916666666666664,1277062,70.49999999999024
5561,57.927083333333336,1277292,44.187500000109026
5562,57.946875,1277729,480.59375000002547
5563,57.95729166666666,1277958,6.2812499998951665
5564,57.967708333333334,1278188,235.9687499999996
5565,57.978125,1278418,209.65624999996174
5566,57.98854166666666,1278647,439.3437499999095
5567,57.998958333333334,1278877,93.03125000000705
5568,58.0,1278900,115.99999999998616
5569,58.010416666666664,1279130,217.68750000001944
5570,58.020833333333336,1279359,191.37499999998155
5571,58.03125,1279589,421.06249999992934
5572,58.041666666666664,1279819,74.7499999998702
5573,58.052083333333336,1280048,176.43750000006014
5574,58.071875,1280485,356.8437499999909
5575,58.08229166666666,1280715,10.531249999931802
5576,58.092708333333334,1280944,112.21874999996508
5577,58.103125,1281174,85.9062499999272
5578,58.11354166666666,1281404,315.59374999987494
5579,58.123958333333334,1281633,33.2812500000081
5580,58.125,1281656,56.24999999998721
5581,58.135416666666664,1281886,93.93749999998491
5582,58.145833333333336,1282116,67.6250000001037
5583,58.15625,1282345,297.3125000000515
5584,58.166666666666664,1282575,14.99999999987125
5585,58.177083333333336,1282805,52.68750000002562
5586,58.196875,1283241,233.0937499999564
5587,58.20729166666666,1283471,462.78124999990416
5588,58.217708333333334,1283700,116.46875000000172
5589,58.228125,1283930,218.15625000003502
5590,58.23854166666666,1284160,191.84374999984044
5591,58.248958333333334,1284390,421.53124999994486
5592,58.25,1284412,444.499999999924
5593,58.260416666666664,1284642,98.18750000002154
5594,58.270833333333336,1284872,199.87500000005483
5595,58.28125,1285102,173.56250000001694
5596,58.291666666666664,1285331,403.2499999999647
5597,58.302083333333336,1285561,56.93750000006226
5598,58.321875,1285997,109.34374999992187
5599,58.33229166666666,1286227,339.03124999986966
5600,58.342708333333334,1286457,56.71875000000277
5601,58.353125,1286686,94.40625000000047
5602,58.36354166666666,1286916,68.09374999996258
5603,58.373958333333334,1287146,297.781250000067
5604,58.375,1287169,320.75000000004616
5605,58.385416666666664,1287398,38.437500000022595
5606,58.395833333333336,1287628,76.1250000000203
5607,58.40625,1287858,49.81249999998241
5608,58.416666666666664,1288087,279.4999999999302
5609,58.427083333333336,1288317,509.1875000000346
5610,58.446875,1288754,241.59375000002967
5611,58.45729166666666,1288983,215.2812499999918
5612,58.467708333333334,1289213,444.96875000009624
5613,58.478125,1289443,98.6562500000371
5614,58.48854166666666,1289672,200.3437499999137
5615,58.498958333333334,1289902,174.03125000003251
5616,58.5,1289925,197.0000000000116
5617,58.510416666666664,1290155,426.6874999999594
5618,58.520833333333336,1290384,80.37500000005693
5619,58.53125,1290614,182.06249999993355
5620,58.541666666666664,1290844,155.74999999989564
5621,58.552083333333336,1291073,385.4375000000001
5622,58.571875,1291510,117.84374999999514
5623,58.58229166666666,1291740,91.53124999995725
5624,58.592708333333334,1291969,321.21875000006173
5625,58.603125,1292199,38.906250000038156
5626,58.61354166666666,1292429,76.59374999987918
5627,58.623958333333334,1292658,50.28124999999797
5628,58.625,1292681,73.24999999997708
5629,58.635416666666664,1292911,302.93749999992485
5630,58.645833333333336,1293141,20.62500000005798
5631,58.65625,1293370,58.31250000005568
5632,58.666666666666664,1293600,32.00000000001779
5633,58.677083333333336,1293830,261.6875000001222
5634,58.696875,1294266,122.09375000003178
5635,58.70729166666666,1294496,223.78124999990837
5636,58.717708333333334,1294725,197.46875000002717
5637,58.728125,1294955,427.15624999997493
5638,58.73854166666666,1295185,80.84374999991581
5639,58.748958333333334,1295415,182.5312499999491
5640,58.75,1295437,205.4999999999282
5641,58.760416666666664,1295667,179.18749999989032
5642,58.770833333333336,1295897,408.87499999999477
5643,58.78125,1296127,62.56249999993564
5644,58.791666666666664,1296356,164.2499999999689
5645,58.802083333333336,1296586,137.9375000000877
5646,58.821875,1297022,62.34375000003283
5647,58.83229166666666,1297252,100.03124999987385
5648,58.842708333333334,1297482,73.71874999999264
5649,58.853125,1297711,303.4062499999404
5650,58.86354166666666,1297941,21.093749999916866
5651,58.873958333333334,1298171,58.78125000007124
5652,58.875,1298194,81.75000000005035
5653,58.885416666666664,1298423,55.43750000001246
5654,58.895833333333336,1298653,285.1250000001169
5655,58.90625,1298883,2.8124999999366906
5656,58.916666666666664,1299112,40.49999999993439
5657,58.927083333333336,1299342,14.187500000053177
5658,58.946875,1299779,450.59374999996965
5659,58.95729166666666,1300008,104.28124999991049
5660,58.967708333333334,1300238,205.96874999994378
5661,58.978125,1300468,179.65624999990587
5662,58.98854166666666,1300697,409.3437499998537
5663,58.998958333333334,1300927,63.0312499999512
5664,59.0,1300950,85.99999999993031
5665,59.010416666666664,1301180,187.6874999999636
5666,59.020833333333336,1301409,161.37500000008237
5667,59.03125,1301639,391.0625000000301
5668,59.041666666666664,1301869,44.749999999971024
5669,59.052083333333336,1302098,146.43750000000432
5670,59.071875,1302535,326.8437499999351
5671,59.08229166666666,1302765,44.53124999991154
5672,59.092708333333334,1302994,82.21875000006591
5673,59.103125,1303224,55.906250000028024
5674,59.11354166666666,1303454,285.5937499999758
5675,59.123958333333334,1303683,3.2812499999522515
5676,59.125,1303706,26.24999999993136
5677,59.135416666666664,1303936,63.93749999992906
5678,59.145833333333336,1304166,37.62500000004785
5679,59.15625,1304395,267.3124999999956
5680,59.166666666666664,1304625,496.9999999999434
5681,59.177083333333336,1304855,22.687500000126448
5682,59.196875,1305291,203.09374999990055
5683,59.20729166666666,1305521,432.78124999984834
5684,59.217708333333334,1305750,86.46874999994587
5685,59.228125,1305980,188.15624999997914
5686,59.23854166666666,1306210,161.84374999994128
5687,59.248958333333334,1306440,391.5312500000457
5688,59.25,1306463,414.50000000002484
5689,59.260416666666664,1306692,68.1874999999657
5690,59.270833333333336,1306922,169.87499999999898
5691,59.28125,1307152,143.5624999999611
5692,59.291666666666664,1307381,373.2499999999089
5693,59.302083333333336,1307611,26.93750000000641
5694,59.321875,1308047,79.3437500000227
5695,59.33229166666666,1308277,309.03124999997044
5696,59.342708333333334,1308507,26.718749999946922
5697,59.353125,1308736,64.40624999994462
5698,59.36354166666666,1308966,38.093749999906734
5699,59.373958333333334,1309196,267.7812500000112
5700,59.375,1309219,290.7499999999903
5701,59.385416666666664,1309448,8.437499999966747
5702,59.395833333333336,1309678,46.12500000012112
5703,59.40625,1309908,19.81249999992656
5704,59.416666666666664,1310137,249.49999999987432
5705,59.427083333333336,1310367,479.1874999999788
5706,59.446875,1310804,211.59374999997382
5707,59.45729166666666,1311033,185.28124999993594
5708,59.467708333333334,1311263,414.96875000004036
5709,59.478125,1311493,68.65624999998126
5710,59.48854166666666,1311722,170.34374999985786
5711,59.498958333333334,1311952,144.03124999997664
5712,59.5,1311975,166.99999999995578
5713,59.510416666666664,1312205,396.68749999990354
5714,59.520833333333336,1312434,50.37500000000108
5715,59.53125,1312664,152.06250000003436
5716,59.541666666666664,1312894,125.74999999999648
5717,59.552083333333336,1313123,355.43750000010095
5718,59.571875,1313560,87.84374999993929
5719,59.58229166666666,1313790,61.531249999901405
5720,59.592708333333334,1314019,291.21875000000585
5721,59.603125,1314249,8.906249999982307
5722,59.61354166666666,1314479,46.593749999980005
5723,59.623958333333334,1314708,20.281250000098794
5724,59.625,1314731,43.250000000077904
5725,59.635416666666664,1314961,272.9375000000257
5726,59.645833333333336,1315191,502.6250000001301
5727,59.65625,1315420,28.31249999999983
5728,59.666666666666664,1315650,1.9999999999619433
5729,59.677083333333336,1315880,231.6875000000664
5730,59.696875,1316316,92.09374999997593
5731,59.70729166666666,1316546,193.78124999985255
5732,59.717708333333334,1316775,167.46874999997132
5733,59.728125,1317005,397.1562499999191
5734,59.73854166666666,1317235,50.843749999859966
5735,59.748958333333334,1317465,152.5312500000499
5736,59.75,1317488,175.50000000002905
5737,59.760416666666664,1317717,149.18749999999113
5738,59.770833333333336,1317947,378.8750000000956
5739,59.78125,1318177,32.562500000036465
5740,59.791666666666664,1318406,134.2499999999131
5741,59.802083333333336,1318636,107.93750000003186
5742,59.821875,1319072,32.34374999997698
5743,59.83229166666666,1319302,70.03124999997468
5744,59.842708333333334,1319532,43.718750000093465
5745,59.853125,1319761,273.40625000004127
5746,59.86354166666666,1319991,503.09374999998903
5747,59.873958333333334,1320221,28.78125000001539
5748,59.875,1320244,51.7499999999945
5749,59.885416666666664,1320473,25.437499999956614
5750,59.895833333333336,1320703,255.12500000006105
5751,59.90625,1320933,484.81250000000887
5752,59.916666666666664,1321162,10.49999999987854
5753,59.927083333333336,1321392,240.187499999983
5754,59.946875,1321829,420.59374999991377
5755,59.95729166666666,1322058,74.28124999985464
5756,59.967708333333334,1322288,175.9687500000446
5757,59.978125,1322518,149.6562500000067
5758,59.98854166666666,1322747,379.34374999995447
5759,59.998958333333334,1322977,33.031250000052026
5760,60.0,1323000,56.000000000031136
5761,60.010416666666664,1323230,157.68749999990774
5762,60.020833333333336,1323459,131.37500000002655
5763,60.03125,1323689,361.0624999999743
5764,60.041666666666664,1323919,14.749999999915175
5765,60.052083333333336,1324148,116.43750000010513
5766,60.071875,1324585,296.8437500000359
5767,60.08229166666666,1324815,14.531249999855689
5768,60.092708333333334,1325044,52.21875000001006
5769,60.103125,1325274,25.906249999972175
5770,60.11354166666666,1325504,255.59374999991996
5771,60.123958333333334,1325733,485.2812500000244
5772,60.125,1325756,508.2500000000035
5773,60.135416666666664,1325986,33.93749999987321
5774,60.145833333333336,1326216,7.624999999991999
5775,60.15625,1326445,237.31249999993977
5776,60.166666666666664,1326675,466.99999999988756
5777,60.177083333333336,1326905,120.68749999998509
5778,60.196875,1327341,173.09375000000136
5779,60.20729166666666,1327571,402.7812499999492
5780,60.217708333333334,1327800,56.4687500000467
5781,60.228125,1328030,158.15624999992332
5782,60.23854166666666,1328260,131.8437499998854
5783,60.248958333333334,1328490,361.5312499999899
5784,60.25,1328512,384.49999999996896
5785,60.260416666666664,1328742,38.187499999909846
5786,60.270833333333336,1328972,139.87500000009982
5787,60.28125,1329202,113.56250000006192
5788,60.291666666666664,1329431,343.25000000000966
5789,60.302083333333336,1329661,60.937499999986144
5790,60.321875,1330097,49.343749999966846
5791,60.33229166666666,1330327,279.0312499999146
5792,60.342708333333334,1330557,508.7187500000191
5793,60.353125,1330786,34.406250000045446
5794,60.36354166666666,1331016,8.093749999850886
5795,60.373958333333334,1331246,237.78124999995532
5796,60.375,1331269,260.74999999993446
5797,60.385416666666664,1331498,490.4374999998822
5798,60.395833333333336,1331728,16.12500000006527
5799,60.40625,1331958,245.81250000001305
5800,60.416666666666664,1332187,219.49999999997516
5801,60.427083333333336,1332417,449.1875000000796
5802,60.446875,1332854,181.59374999991797
5803,60.45729166666666,1333083,155.2812499998801
5804,60.467708333333334,1333313,384.96874999998454
5805,60.478125,1333543,38.65624999992541
5806,60.48854166666666,1333772,140.34374999995867
5807,60.498958333333334,1334002,114.03125000007748
5808,60.5,1334025,137.0000000000566
5809,60.510416666666664,1334255,366.6875000000044
5810,60.520833333333336,1334484,20.375000000101906
5811,60.53125,1334714,122.06249999997851
5812,60.541666666666664,1334944,95.74999999994063
5813,60.552083333333336,1335173,325.4375000000451
5814,60.571875,1335610,57.84375000004012
5815,60.58229166666666,1335840,31.531249999845556
5816,60.592708333333334,1336069,261.21874999995
5817,60.603125,1336299,490.9062499998978
5818,60.61354166666666,1336529,16.593749999924157
5819,60.623958333333334,1336758,246.2812500000286
5820,60.625,1336781,13.250000000022055
5821,60.635416666666664,1337011,242.93749999996982
5822,60.645833333333336,1337241,472.6250000000743
5823,60.65625,1337470,126.31250000001515
5824,60.666666666666664,1337700,227.99999999989177
5825,60.677083333333336,1337930,201.68750000001054
5826,60.696875,1338366,62.09374999992008
5827,60.70729166666666,1338596,163.78124999995336
5828,60.717708333333334,1338825,137.46875000007213
5829,60.728125,1339055,367.1562500000199
5830,60.73854166666666,1339285,20.843749999960792
5831,60.748958333333334,1339515,122.53124999999407
5832,60.75,1339537,145.49999999997317
5833,60.760416666666664,1339767,119.1874999999353
5834,60.770833333333336,1339997,348.87500000003973
5835,60.78125,1340227,2.5624999999806164
5836,60.791666666666664,1340456,104.2500000000139
5837,60.802083333333336,1340686,77.93749999997601
5838,60.821875,1341122,2.3437499999211298
5839,60.83229166666666,1341352,40.03124999991883
5840,60.842708333333334,1341582,13.718750000037616
5841,60.853125,1341811,243.4062499999854
5842,60.86354166666666,1342041,473.09374999993315
5843,60.873958333333334,1342271,126.78125000003071
5844,60.875,1342294,21.74999999993865
5845,60.885416666666664,1342523,251.43749999988643
5846,60.895833333333336,1342753,225.12500000000523
5847,60.90625,1342983,454.812499999953
5848,60.916666666666664,1343212,108.49999999989386
5849,60.927083333333336,1343442,210.18750000008382
5850,60.946875,1343879,390.5937500000146
5851,60.95729166666666,1344108,44.28124999995546
5852,60.967708333333334,1344338,145.96874999998875
5853,60.978125,1344568,119.65624999995086
5854,60.98854166666666,1344797,349.34374999989865
5855,60.998958333333334,1345027,3.0312499999961773
5856,61.0,1345050,25.999999999975287
5857,61.010416666666664,1345280,127.68750000000857
5858,61.020833333333336,1345509,101.37500000012736
5859,61.03125,1345739,331.06250000007515
5860,61.041666666666664,1345969,48.74999999989491
5861,61.052083333333336,1346198,86.43750000004928
5862,61.071875,1346635,266.84374999998005
5863,61.08229166666666,1346865,496.5312499999278
5864,61.092708333333334,1347094,22.218749999954213
5865,61.103125,1347324,251.906249999902
5866,61.11354166666666,1347554,225.5937499998641
5867,61.123958333333334,1347783,455.28124999996857
5868,61.125,1347806,478.24999999994765
5869,61.135416666666664,1348036,3.9374999999740368
5870,61.145833333333336,1348266,233.6250000000785
5871,61.15625,1348495,207.3125000000406
5872,61.166666666666664,1348725,436.9999999999884
5873,61.177083333333336,1348955,90.68750000008592
5874,61.196875,1349391,143.09374999994554
5875,61.20729166666666,1349621,372.7812499998933
5876,61.217708333333334,1349850,26.468749999990848
5877,61.228125,1350080,128.15625000002413
5878,61.23854166666666,1350310,101.84374999998624
5879,61.248958333333334,1350540,331.5312500000907
5880,61.25,1350563,354.5000000000698
5881,61.260416666666664,1350792,8.187500000010672
5882,61.270833333333336,1351022,109.87500000004395
5883,61.28125,1351252,83.56250000000607
5884,61.291666666666664,1351481,313.24999999995384
5885,61.302083333333336,1351711,30.93750000008697
5886,61.321875,1352147,19.343749999910997
5887,61.33229166666666,1352377,249.03124999985877
5888,61.342708333333334,1352607,478.7187499999632
5889,61.353125,1352836,4.406249999989598
5890,61.36354166666666,1353066,234.09374999993736
5891,61.373958333333334,1353296,207.78125000005616
5892,61.375,1353319,230.75000000003527
5893,61.385416666666664,1353548,460.43749999998306
5894,61.395833333333336,1353778,114.12500000008059
5895,61.40625,1354008,215.8124999999572
5896,61.416666666666664,1354237,189.4999999999193
5897,61.427083333333336,1354467,419.18750000002376
5898,61.446875,1354904,151.59375000001882
5899,61.45729166666666,1355133,125.28124999998091
5900,61.467708333333334,1355363,354.9687500000854
5901,61.478125,1355593,8.656250000026233
5902,61.48854166666666,1355822,110.34374999990284
5903,61.498958333333334,1356052,84.03125000002163
5904,61.5,1356075,107.00000000000074
5905,61.510416666666664,1356305,336.6874999999485
5906,61.520833333333336,1356534,54.37500000008164
5907,61.53125,1356764,92.06249999992266
5908,61.541666666666664,1356994,65.74999999988478
5909,61.552083333333336,1357223,295.4374999999892
5910,61.571875,1357660,27.84374999998427
5911,61.58229166666666,1357890,1.5312499999463824
5912,61.592708333333334,1358119,231.21875000005082
5913,61.603125,1358349,460.90624999999864
5914,61.61354166666666,1358579,114.59374999993948
5915,61.623958333333334,1358808,216.28124999997277
5916,61.625,1358831,239.24999999995185
5917,61.635416666666664,1359061,212.937499999914
5918,61.645833333333336,1359291,442.6250000000184
5919,61.65625,1359520,96.3124999999593
5920,61.666666666666664,1359750,197.99999999999258
5921,61.677083333333336,1359980,171.68750000011136
5922,61.696875,1360416,32.093750000020904
5923,61.70729166666666,1360646,133.7812499998975
5924,61.717708333333334,1360875,107.4687500000163
5925,61.728125,1361105,337.1562499999641
5926,61.73854166666666,1361335,54.84374999994053
5927,61.748958333333334,1361565,92.5312500000949
5928,61.75,1361588,115.50000000007401
5929,61.760416666666664,1361817,89.18749999987945
5930,61.770833333333336,1362047,318.8749999999839
5931,61.78125,1362277,36.56249999996035
5932,61.791666666666664,1362506,74.24999999995805
5933,61.802083333333336,1362736,47.93750000007684
5934,61.821875,1363172,484.3437499999933
5935,61.83229166666666,1363402,10.031249999862979
5936,61.842708333333334,1363632,239.71874999996743
5937,61.853125,1363861,213.40624999992954
5938,61.86354166666666,1364091,443.09374999987733
5939,61.873958333333334,1364321,96.78124999997486
5940,61.875,1364344,119.74999999995397
5941,61.885416666666664,1364573,221.43749999998727
5942,61.895833333333336,1364803,195.12500000010604
5943,61.90625,1365033,424.81250000005383
5944,61.916666666666664,1365262,78.49999999999469
5945,61.927083333333336,1365492,180.18750000002797
5946,61.946875,1365929,360.59374999995873
5947,61.95729166666666,1366158,14.281249999899615
5948,61.967708333333334,1366388,115.96875000008957
5949,61.978125,1366618,89.65624999989501
5950,61.98854166666666,1366847,319.34374999984277
5951,61.998958333333334,1367077,37.03124999997591
5952,62.0,1367100,59.99999999995502
5953,62.010416666666664,1367330,97.68749999995272
5954,62.020833333333336,1367559,71.37500000007151
5955,62.03125,1367789,301.06250000001927
5956,62.041666666666664,1368019,18.749999999995737
5957,62.052083333333336,1368248,56.437499999993435
5958,62.071875,1368685,236.84374999992423
5959,62.08229166666666,1368915,466.531249999872
5960,62.092708333333334,1369144,120.21874999996953
5961,62.103125,1369374,221.9062500000028
5962,62.11354166666666,1369604,195.59374999996493
5963,62.123958333333334,1369833,425.28125000006935
5964,62.125,1369856,448.2500000000485
5965,62.135416666666664,1370086,101.93749999998936
5966,62.145833333333336,1370316,203.62500000002262
5967,62.15625,1370545,177.31249999998477
5968,62.166666666666664,1370775,406.9999999999325
5969,62.177083333333336,1371005,60.68750000003007
5970,62.196875,1371441,113.09375000004636
5971,62.20729166666666,1371671,342.78124999999415
5972,62.217708333333334,1371900,60.46874999997058
5973,62.228125,1372130,98.15624999996828
5974,62.23854166666666,1372360,71.8437499999304
5975,62.248958333333334,1372590,301.53125000003485
5976,62.25,1372613,324.500000000014
5977,62.260416666666664,1372842,42.18749999999041
5978,62.270833333333336,1373072,79.8749999999881
5979,62.28125,1373302,53.56249999995022
5980,62.291666666666664,1373531,283.249999999898
5981,62.302083333333336,1373761,0.9375000000311218
5982,62.321875,1374197,245.3437499999975
5983,62.33229166666666,1374427,219.03124999995958
5984,62.342708333333334,1374657,448.71875000006406
5985,62.353125,1374886,102.40625000000492
5986,62.36354166666666,1375116,204.09374999988154
5987,62.373958333333334,1375346,177.7812500000003
5988,62.375,1375369,200.74999999997942
5989,62.385416666666664,1375598,430.4374999999272
5990,62.395833333333336,1375828,84.12500000002474
5991,62.40625,1376058,185.81250000005804
5992,62.416666666666664,1376288,159.50000000002012
5993,62.427083333333336,1376517,389.1875000001246
5994,62.446875,1376954,121.59374999996295
5995,62.45729166666666,1377183,95.28124999992507
5996,62.467708333333334,1377413,324.9687500000295
5997,62.478125,1377643,42.65625000000597
5998,62.48854166666666,1377872,80.34374999984699
5999,62.498958333333334,1378102,54.03124999996578
6000,62.5,1378125,76.99999999994489
6001,62.510416666666664,1378355,306.6874999998927
6002,62.520833333333336,1378584,24.375000000025793
6003,62.53125,1378814,62.06250000002349
6004,62.541666666666664,1379044,35.749999999985604
6005,62.552083333333336,1379273,265.43750000009004
6006,62.571875,1379710,125.84374999999959
6007,62.58229166666666,1379940,227.5312499998762
6008,62.592708333333334,1380169,201.218749999995
6009,62.603125,1380399,430.90624999994276
6010,62.61354166666666,1380629,84.59374999988363
6011,62.623958333333334,1380858,186.28125000007358
6012,62.625,1380881,209.2500000000527
6013,62.635416666666664,1381111,182.9375000000148
6014,62.645833333333336,1381341,412.62500000011926
6015,62.65625,1381570,66.31250000006013
6016,62.666666666666664,1381800,167.99999999993673
6017,62.677083333333336,1382030,141.68750000005554
6018,62.696875,1382466,2.0937499999650555
6019,62.70729166666666,1382696,103.78124999984166
6020,62.717708333333334,1382925,77.46874999996045
6021,62.728125,1383155,307.15624999990825
6022,62.73854166666666,1383385,24.84374999988468
6023,62.748958333333334,1383615,62.53125000003905
6024,62.75,1383638,85.50000000001816
6025,62.760416666666664,1383867,59.187499999980275
6026,62.770833333333336,1384097,288.8750000000847
6027,62.78125,1384327,6.562500000061178
6028,62.791666666666664,1384556,44.2499999999022
6029,62.802083333333336,1384786,17.93750000002099
6030,62.821875,1385222,454.3437499999374
6031,62.83229166666666,1385452,108.0312499998783
6032,62.842708333333334,1385682,209.71875000006827
6033,62.853125,1385911,183.40625000003035
6034,62.86354166666666,1386141,413.0937499999782
6035,62.873958333333334,1386371,66.78125000007569
6036,62.875,1386394,89.7500000000548
6037,62.885416666666664,1386623,191.4374999999314
6038,62.895833333333336,1386853,165.1250000000502
6039,62.90625,1387083,394.81249999999795
6040,62.916666666666664,1387312,48.49999999993884
6041,62.927083333333336,1387542,150.1875000001288
6042,62.946875,1387979,330.5937499999029
6043,62.95729166666666,1388208,48.28124999987935
6044,62.967708333333334,1388438,85.96875000003372
6045,62.978125,1388668,59.656249999995836
6046,62.98854166666666,1388897,289.3437499999436
6047,62.998958333333334,1389127,7.031250000076739
6048,63.0,1389150,30.00000000005585
6049,63.010416666666664,1389380,67.68749999989687
6050,63.020833333333336,1389609,41.37500000001566
6051,63.03125,1389839,271.06249999996345
6052,63.041666666666664,1390069,500.7499999999112
6053,63.052083333333336,1390298,26.43750000009426
6054,63.071875,1390735,206.84375000002504
6055,63.08229166666666,1390965,436.53124999997283
6056,63.092708333333334,1391194,90.21875000007036
6057,63.103125,1391424,191.90624999994697
6058,63.11354166666666,1391654,165.59374999990908
6059,63.123958333333334,1391883,395.28125000001353
6060,63.125,1391906,418.2499999999926
6061,63.135416666666664,1392136,71.93749999993351
6062,63.145833333333336,1392366,173.62500000012346
6063,63.15625,1392595,147.3124999999289
6064,63.166666666666664,1392825,376.99999999987665
6065,63.177083333333336,1393055,30.68749999997422
6066,63.196875,1393491,83.09374999999051
6067,63.20729166666666,1393721,312.78124999993827
6068,63.217708333333334,1393950,30.46875000007141
6069,63.228125,1394180,68.15624999991243
6070,63.23854166666666,1394410,41.84374999987455
6071,63.248958333333334,1394640,271.53124999997897
6072,63.25,1394662,294.4999999999581
6073,63.260416666666664,1394892,12.187499999934559
6074,63.270833333333336,1395122,49.87500000008893
6075,63.28125,1395352,23.562500000051045
6076,63.291666666666664,1395581,253.2499999999988
6077,63.302083333333336,1395811,482.9375000001033
6078,63.321875,1396247,215.34374999994162
6079,63.33229166666666,1396477,189.03124999990376
6080,63.342708333333334,1396707,418.7187500000082
6081,63.353125,1396936,72.40624999994907
6082,63.36354166666666,1397166,174.09374999998235
6083,63.373958333333334,1397396,147.78124999994446
6084,63.375,1397419,170.74999999992357
6085,63.385416666666664,1397648,400.43749999987136
6086,63.395833333333336,1397878,54.12500000012557
6087,63.40625,1398108,155.81250000000216
6088,63.416666666666664,1398337,129.4999999999643
6089,63.427083333333336,1398567,359.1875000000687
6090,63.446875,1399004,91.5937499999071
6091,63.45729166666666,1399233,65.28124999986922
6092,63.467708333333334,1399463,294.9687499999737
6093,63.478125,1399693,12.65624999995012
6094,63.48854166666666,1399922,50.34374999994782
6095,63.498958333333334,1400152,24.031250000066606
6096,63.5,1400175,47.000000000045716
6097,63.510416666666664,1400405,276.6874999999935
6098,63.520833333333336,1400634,506.37500000009794
6099,63.53125,1400864,32.06249999996764
6100,63.541666666666664,1401094,5.749999999929756
6101,63.552083333333336,1401323,235.43750000003422
6102,63.571875,1401760,95.84374999994374
6103,63.58229166666666,1401990,197.53124999997704
6104,63.592708333333334,1402219,171.2187500000958
6105,63.603125,1402449,400.9062500000436
6106,63.61354166666666,1402679,54.59374999998445
6107,63.623958333333334,1402908,156.28125000001774
6108,63.625,1402931,179.24999999999685
6109,63.635416666666664,1403161,152.93749999995896
6110,63.645833333333336,1403391,382.62500000006344
6111,63.65625,1403620,36.31250000000428
6112,63.666666666666664,1403850,137.99999999988088
6113,63.677083333333336,1404080,111.68749999999967
6114,63.696875,1404516,36.09374999994479
6115,63.70729166666666,1404746,73.78124999994249
6116,63.717708333333334,1404975,47.46875000006128
6117,63.728125,1405205,277.15625000000904
6118,63.73854166666666,1405435,506.8437499999568
6119,63.748958333333334,1405665,32.5312499999832
6120,63.75,1405687,55.49999999996231
6121,63.760416666666664,1405917,29.187499999924427
6122,63.770833333333336,1406147,258.8750000000289
6123,63.78125,1406377,488.56249999997664
6124,63.791666666666664,1406606,14.250000000003027
6125,63.802083333333336,1406836,243.9375000001075
6126,63.821875,1407272,424.34375000003826
6127,63.83229166666666,1407502,78.03124999997912
6128,63.842708333333334,1407732,179.7187500000124
6129,63.853125,1407961,153.40624999997453
6130,63.86354166666666,1408191,383.0937499999223
6131,63.873958333333334,1408421,36.78125000001984
6132,63.875,1408444,59.74999999999895
6133,63.885416666666664,1408673,161.43749999987557
6134,63.895833333333336,1408903,135.12499999999434
6135,63.90625,1409133,364.81249999994213
6136,63.916666666666664,1409362,18.499999999882988
6137,63.927083333333336,1409592,120.18750000007294
6138,63.946875,1410029,300.59375000000375
6139,63.95729166666666,1410258,18.281249999980176
6140,63.967708333333334,1410488,55.968749999977874
6141,63.978125,1410718,29.656249999939988
6142,63.98854166666666,1410947,259.3437499998878
6143,63.998958333333334,1411177,489.0312499999922
6144,64.0,1411200,0.0
6145,64.01041666666667,1411430,37.6874999999977
6146,64.02083333333333,1411659,11.374999999959812
6147,64.03125,1411889,241.06250000006426
6148,64.04166666666667,1412119,470.7500000001687
6149,64.05208333333333,1412348,124.4374999999529
6150,64.071875,1412785,176.8437499999692
6151,64.08229166666668,1413015,406.53125000007367
6152,64.09270833333333,1413244,60.218750000171184
6153,64.103125,1413474,161.90625000020447
6154,64.11354166666668,1413704,135.59375000016658
6155,64.12395833333333,1413933,365.2812499999577
6156,64.125,1413956,388.2499999999368
6157,64.13541666666667,1414186,41.93750000003433
6158,64.14583333333333,1414416,143.62499999975427
6159,64.15625,1414645,117.31250000002973
6160,64.16666666666667,1414875,347.00000000013415
6161,64.17708333333333,1415105,0.6874999999183729
6162,64.196875,1415541,53.09375000024801
6163,64.20729166666668,1415771,282.78125000035243
6164,64.21770833333333,1416000,0.46875000017223556
6165,64.228125,1416230,38.15625000016993
6166,64.23854166666668,1416460,11.843750000132047
6167,64.24895833333333,1416690,241.53124999992315
6168,64.25,1416712,264.49999999990223
6169,64.26041666666667,1416942,494.1875000000067
6170,64.27083333333333,1417172,19.875000000033083
6171,64.28125,1417402,249.56250000013753
6172,64.29166666666667,1417631,223.25000000009965
6173,64.30208333333333,1417861,452.93749999989075
6174,64.321875,1418297,185.34375000004246
6175,64.33229166666668,1418527,159.03125000031793
6176,64.34270833333333,1418757,388.718750000109
6177,64.353125,1418986,42.40625000020657
6178,64.36354166666668,1419216,144.09375000023985
6179,64.37395833333333,1419446,117.78124999988862
6180,64.375,1419469,140.74999999986773
6181,64.38541666666667,1419698,370.43749999997215
6182,64.39583333333333,1419928,24.12499999975637
6183,64.40625,1420158,125.812500000103
6184,64.41666666666667,1420388,99.50000000006511
6185,64.42708333333333,1420617,329.1874999998562
6186,64.446875,1421054,61.59375000000793
6187,64.45729166666668,1421283,35.28125000028339
6188,64.46770833333333,1421513,264.96875000007446
6189,64.478125,1421743,494.65625000017894
6190,64.48854166666668,1421972,20.34375000020532
6191,64.49895833333333,1422202,250.03124999999642
6192,64.5,1422225,17.000000000146542
6193,64.51041666666667,1422455,246.687500000251
6194,64.52083333333333,1422684,476.37500000004206
6195,64.53125,1422914,2.062500000068468
6196,64.54166666666667,1423144,231.75000000017292
6197,64.55208333333333,1423373,205.43749999982168
6198,64.571875,1423810,65.84375000004457
6199,64.58229166666668,1424040,167.53125000007785
6200,64.59270833333333,1424269,141.21875000003996
6201,64.603125,1424499,370.9062500001444
6202,64.61354166666668,1424729,24.593750000241954
6203,64.62395833333333,1424958,126.28124999996189
6204,64.625,1424981,149.249999999941
6205,64.63541666666667,1425211,122.93750000021646
6206,64.64583333333333,1425441,352.62500000000756
6207,64.65625,1425670,6.3125000001051035
6208,64.66666666666667,1425900,108.00000000013839
6209,64.67708333333333,1426130,81.68749999978715
6210,64.696875,1426566,6.093750000045617
6211,64.70729166666668,1426796,43.781250000356664
6212,64.71770833333333,1427025,17.46875000000543
6213,64.728125,1427255,247.15625000010988
6214,64.73854166666668,1427485,476.8437500002143
6215,64.74895833333333,1427715,2.531249999927354
6216,64.75,1427737,25.499999999906464
6217,64.76041666666667,1427967,255.1875000000109
6218,64.77083333333333,1428197,228.87499999997303
6219,64.78125,1428427,458.5625000000775
6220,64.79166666666667,1428656,112.25000000017502
6221,64.80208333333333,1428886,213.93749999989495
6222,64.821875,1429322,394.3437499999824
6223,64.83229166666668,1429552,48.03125000007995
6224,64.84270833333333,1429782,149.71875000011323
6225,64.853125,1430011,123.40625000007535
6226,64.86354166666668,1430241,353.0937500001798
6227,64.87395833333333,1430471,6.78124999996399
6228,64.875,1430494,29.7499999999431
6229,64.88541666666667,1430723,131.43749999997638
6230,64.89583333333333,1430953,105.1249999999385
6231,64.90625,1431183,334.812500000043
6232,64.91666666666667,1431413,52.50000000017607
6233,64.92708333333333,1431642,90.18749999986042
6234,64.946875,1432079,270.59375000026125
6235,64.95729166666668,1432308,500.2812500003657
6236,64.96770833333333,1432538,25.9687500000787
6237,64.978125,1432768,255.65625000018315
6238,64.98854166666668,1432997,229.34375000014526
6239,64.99895833333333,1433227,459.03124999993634
6240,65.0,1433250,481.9999999999155
6241,65.01041666666667,1433480,7.6875000002551985
6242,65.02083333333333,1433709,237.3750000000463
6243,65.03125,1433939,211.0625000000084
6244,65.04166666666667,1434169,440.7500000001129
6245,65.05208333333333,1434398,94.43749999989706
6246,65.071875,1434835,146.8437500002267
6247,65.08229166666668,1435065,376.53125000033117
6248,65.09270833333333,1435294,30.218750000115335
6249,65.103125,1435524,131.90625000014862
6250,65.11354166666668,1435754,105.59375000011073
6251,65.12395833333333,1435983,335.28124999990183
6252,65.125,1436006,358.24999999988097
6253,65.13541666666667,1436236,11.937499999978485
6254,65.14583333333333,1436466,113.62500000001177
6255,65.15625,1436695,87.31249999997388
6256,65.16666666666667,1436925,317.00000000007833
6257,65.17708333333333,1437155,34.68749999989811
6258,65.196875,1437591,23.09375000019216
6259,65.20729166666668,1437821,252.7812500002966
6260,65.21770833333333,1438050,482.4687500000877
6261,65.228125,1438280,8.156250000114085
6262,65.23854166666668,1438510,237.84375000021853
6263,65.24895833333333,1438740,211.5312499998673
6264,65.25,1438762,234.4999999998464
6265,65.26041666666667,1438992,464.1874999999509
6266,65.27083333333333,1439222,117.8750000000484
6267,65.28125,1439452,219.56250000008168
6268,65.29166666666667,1439681,193.2500000000438
6269,65.30208333333333,1439911,422.9374999998349
6270,65.321875,1440347,155.3437499999866
6271,65.33229166666668,1440577,129.03125000026208
6272,65.34270833333333,1440807,358.7187500000532
6273,65.353125,1441036,12.40625000015072
6274,65.36354166666668,1441266,114.093750000184
6275,65.37395833333333,1441496,87.78125000014612
6276,65.375,1441519,110.75000000012523
6277,65.38541666666667,1441748,340.43750000022965
6278,65.39583333333333,1441978,58.125000000049454
6279,65.40625,1442208,95.81250000004715
6280,65.41666666666667,1442438,69.50000000000927
6281,65.42708333333333,1442667,299.18749999980037
6282,65.446875,1443104,31.59375000026543
6283,65.45729166666668,1443333,5.281250000227544
6284,65.46770833333333,1443563,234.96875000001864
6285,65.478125,1443793,464.6562500001231
6286,65.48854166666668,1444022,118.34375000022064
6287,65.49895833333333,1444252,220.03124999994057
6288,65.5,1444275,242.99999999991968
6289,65.51041666666667,1444505,216.68750000019514
6290,65.52083333333333,1444734,446.37499999998624
6291,65.53125,1444964,100.06250000008379
6292,65.54166666666667,1445194,201.75000000011707
6293,65.55208333333333,1445423,175.43749999976583
6294,65.571875,1445860,35.84374999998872
6295,65.58229166666668,1446090,137.53125000033535
6296,65.59270833333333,1446319,111.21874999998411
6297,65.603125,1446549,340.90625000008856
6298,65.61354166666668,1446779,58.59375000022169
6299,65.62395833333333,1447008,96.28124999990604
6300,65.625,1447031,119.24999999988515
6301,65.63541666666667,1447261,92.93750000016061
6302,65.64583333333333,1447491,322.6249999999517
6303,65.65625,1447720,40.31250000008484
6304,65.66666666666667,1447950,78.00000000008254
6305,65.67708333333333,1448180,51.68750000004465
6306,65.696875,1448616,488.09375000027444
6307,65.70729166666668,1448846,13.781250000300815
6308,65.71770833333333,1449075,243.46875000009192
6309,65.728125,1449305,217.15625000005403
6310,65.73854166666668,1449535,446.8437500001585
6311,65.74895833333333,1449765,100.53124999994267
6312,65.75,1449787,123.49999999992178
6313,65.76041666666667,1450017,225.18749999995507
6314,65.77083333333333,1450247,198.87499999991718
6315,65.78125,1450477,428.5625000000216
6316,65.79166666666667,1450706,82.25000000011917
6317,65.80208333333333,1450936,183.9374999998391
6318,65.821875,1451372,364.3437500002399
6319,65.83229166666668,1451602,18.03125000033745
6320,65.84270833333333,1451832,119.71875000005738
6321,65.853125,1452061,93.4062500000195
6322,65.86354166666668,1452291,323.0937500001239
6323,65.87395833333333,1452521,40.781249999943725
6324,65.875,1452544,63.749999999922835
6325,65.88541666666667,1452773,101.43750000023388
6326,65.89583333333333,1453003,75.12499999988265
6327,65.90625,1453233,304.8124999999871
6328,65.91666666666667,1453463,22.500000000120224
6329,65.92708333333333,1453692,60.18749999980457
6330,65.946875,1454129,240.59375000020538
6331,65.95729166666668,1454358,470.2812500003098
6332,65.96770833333333,1454588,123.96875000009402
6333,65.978125,1454818,225.6562500001273
6334,65.98854166666668,1455047,199.34375000008941
6335,65.99895833333333,1455277,429.0312499998805
6336,66.0,1455300,451.9999999998596
6337,66.01041666666667,1455530,105.68749999995717
6338,66.02083333333333,1455759,207.37499999999045
6339,66.03125,1455989,181.06249999995256
6340,66.04166666666667,1456219,410.750000000057
6341,66.05208333333333,1456448,64.43749999984121
6342,66.071875,1456885,116.84375000017084
6343,66.08229166666668,1457115,346.5312500002753
6344,66.09270833333333,1457344,0.21875000005948664
6345,66.103125,1457574,101.90625000009277
6346,66.11354166666668,1457804,75.59375000036823
6347,66.12395833333333,1458033,305.28125000015933
6348,66.125,1458056,328.25000000013847
6349,66.13541666666667,1458286,45.93749999995822
6350,66.14583333333333,1458516,83.62499999995592
6351,66.15625,1458745,57.31249999991803
6352,66.16666666666667,1458975,287.0000000000225
6353,66.17708333333333,1459205,4.6874999998422595
6354,66.196875,1459641,249.09375000027865
6355,66.20729166666668,1459871,222.78125000024076
6356,66.21770833333333,1460100,452.46875000003183
6357,66.228125,1460330,106.1562500001294
6358,66.23854166666668,1460560,207.8437500001627
6359,66.24895833333333,1460790,181.5312500001248
6360,66.25,1460813,204.5000000001039
6361,66.26041666666667,1461042,434.1875000002084
6362,66.27083333333333,1461272,87.87499999999255
6363,66.28125,1461502,189.56250000002584
6364,66.29166666666667,1461731,163.24999999998795
6365,66.30208333333333,1461961,392.93749999977905
6366,66.321875,1462397,125.34375000024411
6367,66.33229166666668,1462627,99.03125000020623
6368,66.34270833333333,1462857,328.7187499999973
6369,66.353125,1463086,46.406250000130456
6370,66.36354166666668,1463316,84.09375000012815
6371,66.37395833333333,1463546,57.78125000009027
6372,66.375,1463569,80.75000000006938
6373,66.38541666666667,1463798,310.4375000001738
6374,66.39583333333333,1464028,28.124999999993605
6375,66.40625,1464258,65.8124999999913
6376,66.41666666666667,1464487,39.49999999995342
6377,66.42708333333333,1464717,269.18749999974455
6378,66.446875,1465154,1.5937500002095817
6379,66.45729166666668,1465383,231.28125000031403
6380,66.46770833333333,1465613,204.9687499999628
6381,66.478125,1465843,434.65625000006725
6382,66.48854166666668,1466072,88.34375000016479
6383,66.49895833333333,1466302,190.03124999988472
6384,66.5,1466325,212.99999999986383
6385,66.51041666666667,1466555,186.6875000001393
6386,66.52083333333333,1466784,416.3749999999304
6387,66.53125,1467014,70.06250000002794
6388,66.54166666666667,1467244,171.75000000006122
6389,66.55208333333333,1467473,145.43750000002333
6390,66.571875,1467910,5.843750000246217
6391,66.58229166666668,1468140,107.5312500002795
6392,66.59270833333333,1468369,81.21874999992826
6393,66.603125,1468599,310.90625000003274
6394,66.61354166666668,1468829,28.59375000016584
6395,66.62395833333333,1469058,66.28125000016354
6396,66.625,1469081,89.25000000014265
6397,66.63541666666667,1469311,62.93750000010476
6398,66.64583333333333,1469541,292.62499999989586
6399,66.65625,1469770,10.31250000002899
6400,66.66666666666667,1470000,48.00000000002669
6401,66.67708333333333,1470230,21.687499999988802
6402,66.696875,1470666,458.0937500002186
6403,66.70729166666668,1470896,111.78125000031613
6404,66.71770833333333,1471125,213.46875000003607
6405,66.728125,1471355,187.15624999999818
6406,66.73854166666668,1471585,416.84375000010266
6407,66.74895833333333,1471815,70.53124999988682
6408,66.75,1471837,93.49999999986593
6409,66.76041666666667,1472067,195.18750000021257
6410,66.77083333333333,1472297,168.87499999986133
6411,66.78125,1472527,398.5624999999658
6412,66.79166666666667,1472756,52.250000000063324
6413,66.80208333333333,1472986,153.93749999978326
6414,66.821875,1473422,334.34375000018406
6415,66.83229166666668,1473652,52.031250000317186
6416,66.84270833333333,1473882,89.71875000000153
6417,66.853125,1474111,63.406250000277
6418,66.86354166666668,1474341,293.0937500003814
6419,66.87395833333333,1474571,10.781249999887876
6420,66.875,1474594,33.749999999866986
6421,66.88541666666667,1474823,71.43750000017803
6422,66.89583333333333,1475053,45.1249999998268
6423,66.90625,1475283,274.8124999999312
6424,66.91666666666667,1475513,504.5000000000357
6425,66.92708333333333,1475742,30.187499999748724
6426,66.946875,1476179,210.59375000014953
6427,66.95729166666668,1476408,440.281250000254
6428,66.96770833333333,1476638,93.96875000003817
6429,66.978125,1476868,195.65625000007145
6430,66.98854166666668,1477097,169.34375000034692
6431,66.99895833333333,1477327,399.031250000138
6432,67.0,1477350,422.0000000001171
6433,67.01041666666667,1477580,75.68750000021467
6434,67.02083333333333,1477809,177.3749999999346
6435,67.03125,1478039,151.06249999989672
6436,67.04166666666667,1478269,380.75000000000114
6437,67.05208333333333,1478498,34.43749999978536
6438,67.071875,1478935,86.843750000115
6439,67.08229166666668,1479165,316.5312500002194
6440,67.09270833333333,1479394,34.21875000003922
6441,67.103125,1479624,71.90625000003692
6442,67.11354166666668,1479854,45.59375000031238
6443,67.12395833333333,1480083,275.28125000010346
6444,67.125,1480106,298.2500000000826
6445,67.13541666666667,1480336,15.93750000021572
6446,67.14583333333333,1480566,53.62499999990007
6447,67.15625,1480795,27.312499999862183
6448,67.16666666666667,1481025,256.99999999996663
6449,67.17708333333333,1481255,486.68749999975773
6450,67.196875,1481691,219.0937500002228
6451,67.20729166666668,1481921,192.7812500001849
6452,67.21770833333333,1482150,422.468749999976
6453,67.228125,1482380,76.15625000007356
6454,67.23854166666668,1482610,177.84375000010684
6455,67.24895833333333,1482840,151.53125000006895
6456,67.25,1482863,174.50000000004806
6457,67.26041666666667,1483092,404.1875000001525
6458,67.27083333333333,1483322,57.874999999936705
6459,67.28125,1483552,159.56249999997
6460,67.29166666666667,1483781,133.25000000024545
6461,67.30208333333333,1484011,362.93750000003655
6462,67.321875,1484447,95.34375000018827
6463,67.33229166666668,1484677,69.03125000015038
6464,67.34270833333333,1484907,298.71874999994145
6465,67.353125,1485136,16.406250000074607
6466,67.36354166666668,1485366,54.093750000385654
6467,67.37395833333333,1485596,27.78125000003442
6468,67.375,1485619,50.75000000001353
6469,67.38541666666667,1485848,280.437500000118
6470,67.39583333333333,1486078,510.12499999990905
6471,67.40625,1486308,35.812499999935454
6472,67.41666666666667,1486538,9.500000000210918
6473,67.42708333333333,1486767,239.18750000000202
6474,67.446875,1487204,99.5937500002249
6475,67.45729166666668,1487433,201.28125000025818
6476,67.46770833333333,1487663,174.96874999990695
6477,67.478125,1487893,404.65625000001137
6478,67.48854166666668,1488122,58.34375000010894
6479,67.49895833333333,1488352,160.03125000014222
6480,67.5,1488375,183.00000000012133
6481,67.51041666666667,1488605,156.68750000008345
6482,67.52083333333333,1488834,386.37499999987455
6483,67.53125,1489064,40.06249999997209
6484,67.54166666666667,1489294,141.75000000000537
6485,67.55208333333333,1489523,115.43749999996749
6486,67.571875,1489960,39.84375000022595
6487,67.58229166666668,1490190,77.53125000022365
6488,67.59270833333333,1490419,51.218749999872415
6489,67.603125,1490649,280.90624999997686
6490,67.61354166666668,1490879,510.5937500000813
6491,67.62395833333333,1491108,36.28125000010769
6492,67.625,1491131,59.2500000000868
6493,67.63541666666667,1491361,32.937500000048914
6494,67.64583333333333,1491591,262.62499999984004
6495,67.65625,1491820,492.31249999994446
6496,67.66666666666667,1492050,17.99999999997084
6497,67.67708333333333,1492280,247.68749999976194
6498,67.696875,1492716,428.09375000016274
6499,67.70729166666668,1492946,81.78125000026029
6500,67.71770833333333,1493175,183.46874999998022
6501,67.728125,1493405,157.15625000025568
6502,67.73854166666668,1493635,386.84375000036016
6503,67.74895833333333,1493865,40.531250000144325
6504,67.75,1493888,63.500000000123435
6505,67.76041666666667,1494117,165.18750000015672
6506,67.77083333333333,1494347,138.87499999980548
6507,67.78125,1494577,368.56249999990996
6508,67.79166666666667,1494806,22.250000000007475
6509,67.80208333333333,1495036,123.93750000004076
6510,67.821875,1495472,304.34375000012824
6511,67.83229166666668,1495702,22.031250000261338
6512,67.84270833333333,1495932,59.718749999945686
6513,67.853125,1496161,33.40625000022115
6514,67.86354166666668,1496391,263.0937500003256
6515,67.87395833333333,1496621,492.7812500001167
6516,67.875,1496644,3.750000000124487
6517,67.88541666666667,1496873,41.437500000122185
6518,67.89583333333333,1497103,15.12499999977095
6519,67.90625,1497333,244.8124999998754
6520,67.91666666666667,1497562,474.4999999999799
6521,67.92708333333333,1497792,0.18750000000622435
6522,67.946875,1498229,180.59375000009368
6523,67.95729166666668,1498458,410.28125000019816
6524,67.96770833333333,1498688,63.96874999998232
6525,67.978125,1498918,165.6562500000156
6526,67.98854166666668,1499147,139.34375000029107
6527,67.99895833333333,1499377,369.0312500000822
6528,68.0,1499400,392.0000000000613
6529,68.01041666666667,1499630,45.68750000015882
6530,68.02083333333333,1499859,147.37499999987875
6531,68.03125,1500089,121.06250000015422
6532,68.04166666666667,1500319,350.75000000025864
6533,68.05208333333333,1500548,4.43750000004286
6534,68.071875,1500985,56.843750000059146
6535,68.08229166666668,1501215,286.5312500001636
6536,68.09270833333333,1501444,4.218749999983373
6537,68.103125,1501674,41.90624999998107
6538,68.11354166666668,1501904,15.593750000256534
6539,68.12395833333333,1502133,245.28125000004763
6540,68.125,1502156,268.2500000000267
6541,68.13541666666667,1502386,497.9375000001312
6542,68.14583333333333,1502616,23.62499999984422
6543,68.15625,1502845,253.31249999994867
6544,68.16666666666667,1503075,227.00000000022413
6545,68.17708333333333,1503305,456.68750000001523
6546,68.196875,1503741,189.09375000016695
6547,68.20729166666668,1503971,162.78125000012906
6548,68.21770833333333,1504200,392.4687499999202
6549,68.228125,1504430,46.15625000001771
6550,68.23854166666668,1504660,147.84375000036434
6551,68.24895833333333,1504890,121.5312500000131
6552,68.25,1504912,144.4999999999922
6553,68.26041666666667,1505142,374.18750000009663
6554,68.27083333333333,1505372,27.874999999880856
6555,68.28125,1505602,129.56249999991414
6556,68.29166666666667,1505831,103.2500000001896
6557,68.30208333333333,1506061,332.9374999999807
6558,68.321875,1506497,65.34375000013242
6559,68.33229166666668,1506727,39.03125000009453
6560,68.34270833333333,1506957,268.71874999988563
6561,68.353125,1507186,498.4062499999901
6562,68.36354166666668,1507416,24.093750000329806
6563,68.37395833333333,1507646,253.7812500001209
6564,68.375,1507669,20.74999999995768
6565,68.38541666666667,1507898,250.43750000006213
6566,68.39583333333333,1508128,480.12499999985323
6567,68.40625,1508358,5.812499999879606
6568,68.41666666666667,1508587,235.49999999998406
6569,68.42708333333333,1508817,209.18749999994617
6570,68.446875,1509254,69.59375000016905
6571,68.45729166666668,1509483,171.28125000020233
6572,68.46770833333333,1509713,144.96875000016445
6573,68.478125,1509943,374.65625000026887
6574,68.48854166666668,1510172,28.34375000036644
6575,68.49895833333333,1510402,130.03125000008637
6576,68.5,1510425,153.00000000006548
6577,68.51041666666667,1510655,126.6875000000276
6578,68.52083333333333,1510884,356.37499999981867
6579,68.53125,1511114,10.062499999916241
6580,68.54166666666667,1511344,111.74999999994952
6581,68.55208333333333,1511573,85.43749999991164
6582,68.571875,1512010,9.843750000170104
6583,68.58229166666668,1512240,47.5312500001678
6584,68.59270833333333,1512469,21.218750000129916
6585,68.603125,1512699,250.90625000023437
6586,68.61354166666668,1512929,480.5937500003388
6587,68.62395833333333,1513158,6.281250000051841
6588,68.625,1513181,29.25000000003095
6589,68.63541666666667,1513411,2.937499999993065
6590,68.64583333333333,1513641,232.62499999978417
6591,68.65625,1513870,462.3124999998886
6592,68.66666666666667,1514100,115.99999999998616
6593,68.67708333333333,1514330,217.68750000001944
6594,68.696875,1514766,398.09375000010687
6595,68.70729166666668,1514996,51.78125000020444
6596,68.71770833333333,1515225,153.46874999992437
6597,68.728125,1515455,127.15625000019983
6598,68.73854166666668,1515685,356.8437500003043
6599,68.74895833333333,1515915,10.531250000088477
6600,68.75,1515938,33.50000000006759
6601,68.76041666666667,1516167,135.18750000010087
6602,68.77083333333333,1516397,108.87499999974963
6603,68.78125,1516627,338.5624999998541
6604,68.79166666666667,1516856,56.24999999998721
6605,68.80208333333333,1517086,93.93749999998491
6606,68.821875,1517522,274.34375000007236
6607,68.83229166666668,1517752,504.0312500001768
6608,68.84270833333333,1517982,29.718749999889837
6609,68.853125,1518211,3.4062500001653007
6610,68.86354166666668,1518441,233.09375000026975
6611,68.87395833333333,1518671,462.7812500000608
6612,68.875,1518694,485.75000000003996
6613,68.88541666666667,1518923,11.437500000066336
6614,68.89583333333333,1519153,241.12499999985744
6615,68.90625,1519383,214.8125000001329
6616,68.91666666666667,1519613,444.5000000002374
6617,68.92708333333333,1519842,98.18750000002154
6618,68.946875,1520279,150.59375000003783
6619,68.95729166666668,1520508,380.2812500001423
6620,68.96770833333333,1520738,33.96874999992647
6621,68.978125,1520968,135.6562500002731
6622,68.98854166666668,1521197,109.34375000023522
6623,68.99895833333333,1521427,339.0312500000263
6624,69.0,1521450,362.00000000000546
6625,69.01041666666667,1521680,15.687500000102972
6626,69.02083333333333,1521909,117.3749999998229
6627,69.03125,1522139,91.06250000009837
6628,69.04166666666667,1522369,320.7500000002028
6629,69.05208333333333,1522598,38.437500000022595
6630,69.071875,1523035,26.843750000003297
6631,69.08229166666668,1523265,256.5312500001078
6632,69.09270833333333,1523494,486.2187499998988
6633,69.103125,1523724,11.906250000238572
6634,69.11354166666668,1523954,241.59375000034302
6635,69.12395833333333,1524183,215.2812499999918
6636,69.125,1524206,238.2499999999709
6637,69.13541666666667,1524436,467.9375000000754
6638,69.14583333333333,1524666,121.62499999985954
6639,69.15625,1524895,223.31249999989282
6640,69.16666666666667,1525125,197.00000000016828
6641,69.17708333333333,1525355,426.6874999999594
6642,69.196875,1525791,159.0937500001111
6643,69.20729166666668,1526021,132.78125000007321
6644,69.21770833333333,1526250,362.4687499998643
6645,69.228125,1526480,16.156250000275207
6646,69.23854166666668,1526710,117.84375000030849
6647,69.24895833333333,1526940,91.53124999995725
6648,69.25,1526962,114.49999999993636
6649,69.26041666666667,1527192,344.1875000000408
6650,69.27083333333333,1527422,61.87499999986059
6651,69.28125,1527652,99.56249999985829
6652,69.29166666666667,1527881,73.25000000013375
6653,69.30208333333333,1528111,302.93749999992485
6654,69.321875,1528547,35.34375000007657
6655,69.33229166666668,1528777,9.031250000352031
6656,69.34270833333333,1529007,238.71875000014313
6657,69.353125,1529236,468.4062500002476
6658,69.36354166666668,1529466,122.09375000034512
6659,69.37395833333333,1529696,223.78125000006506
6660,69.375,1529719,246.75000000004417
6661,69.38541666666667,1529948,220.43750000000628
6662,69.39583333333333,1530178,450.1249999997974
6663,69.40625,1530408,103.81249999989492
6664,69.41666666666667,1530638,205.50000000024156
6665,69.42708333333333,1530867,179.18749999989032
6666,69.446875,1531304,39.593750000113204
6667,69.45729166666668,1531533,141.28125000014649
6668,69.46770833333333,1531763,114.9687500001086
6669,69.478125,1531993,344.65625000021305
6670,69.48854166666668,1532222,62.343750000346176
6671,69.49895833333333,1532452,100.03125000003052
6672,69.5,1532475,123.00000000000963
6673,69.51041666666667,1532705,96.68749999997175
6674,69.52083333333333,1532934,326.37499999976285
6675,69.53125,1533164,44.06249999989598
6676,69.54166666666667,1533394,81.75000000020702
6677,69.55208333333333,1533623,55.43749999985579
6678,69.571875,1534060,491.8437500000856
6679,69.58229166666668,1534290,17.531250000111953
6680,69.59270833333333,1534519,247.21874999990305
6681,69.603125,1534749,220.90625000017852
6682,69.61354166666668,1534979,450.59375000028297
6683,69.62395833333333,1535208,104.28125000006716
6684,69.625,1535231,127.25000000004627
6685,69.63541666666667,1535461,228.93750000007955
6686,69.64583333333333,1535691,202.62500000004167
6687,69.65625,1535920,432.3125000001461
6688,69.66666666666667,1536150,86.00000000024366
6689,69.67708333333333,1536380,187.6874999999636
6690,69.696875,1536816,368.09375000005105
6691,69.70729166666668,1537046,21.78125000014859
6692,69.71770833333333,1537275,123.46874999986852
6693,69.728125,1537505,97.15625000014398
6694,69.73854166666668,1537735,326.8437500002484
6695,69.74895833333333,1537965,44.53125000006821
6696,69.75,1537988,3.500000000011738
6697,69.76041666666667,1538217,105.18750000004502
6698,69.77083333333333,1538447,78.87500000000713
6699,69.78125,1538677,308.5625000001116
6700,69.79166666666667,1538906,26.25000000024471
6701,69.80208333333333,1539136,63.93749999992906
6702,69.821875,1539572,244.3437500000165
6703,69.83229166666668,1539802,474.03125000012096
6704,69.84270833333333,1540032,127.71874999990516
6705,69.853125,1540261,229.4062500002518
6706,69.86354166666668,1540491,203.0937500002139
6707,69.87395833333333,1540721,432.781250000005
6708,69.875,1540744,455.7499999999841
6709,69.88541666666667,1540973,109.43750000008166
6710,69.89583333333333,1541203,211.1249999998016
6711,69.90625,1541433,184.81250000007705
6712,69.91666666666667,1541663,414.5000000001815
6713,69.92708333333333,1541892,68.1874999999657
6714,69.946875,1542329,120.59374999998198
6715,69.95729166666668,1542558,350.2812500000864
6716,69.96770833333333,1542788,3.9687499998706244
6717,69.978125,1543018,105.65625000021726
6718,69.98854166666668,1543247,79.34375000017937
6719,69.99895833333333,1543477,309.03124999997044
6720,70.0,1543500,331.9999999999496
6721,70.01041666666667,1543730,49.68750000008271
6722,70.02083333333333,1543959,87.37499999976706
6723,70.03125,1544189,61.06250000004252
6724,70.04166666666667,1544419,290.750000000147
6725,70.05208333333333,1544648,8.437499999966747
6726,70.071875,1545085,252.84375000008978
6727,70.08229166666668,1545315,226.53125000036525
6728,70.09270833333333,1545544,456.2187500001563
6729,70.103125,1545774,109.90625000025389
6730,70.11354166666668,1546004,211.59375000028717
6731,70.12395833333333,1546233,185.28124999993594
6732,70.125,1546256,208.24999999991505
6733,70.13541666666667,1546486,437.9375000000195
6734,70.14583333333333,1546716,91.62499999980369
6735,70.15625,1546945,193.31250000015032
6736,70.16666666666667,1547175,167.00000000011244
6737,70.17708333333333,1547405,396.68749999990354
6738,70.196875,1547841,129.09375000005525
6739,70.20729166666668,1548071,102.78125000033072
6740,70.21770833333333,1548300,332.4687500001218
6741,70.228125,1548530,50.15625000025494
6742,70.23854166666668,1548760,87.84375000025264
6743,70.24895833333333,1548990,61.531249999901405
6744,70.25,1549012,84.49999999988052
6745,70.26041666666667,1549242,314.187499999985
6746,70.27083333333333,1549472,31.874999999804743
6747,70.28125,1549702,69.56250000011579
6748,70.29166666666667,1549931,43.250000000077904
6749,70.30208333333333,1550161,272.93749999986903
6750,70.321875,1550597,5.343750000020719
6751,70.33229166666668,1550827,235.03125000012517
6752,70.34270833333333,1551057,208.71875000008728
6753,70.353125,1551286,438.40625000019173
6754,70.36354166666668,1551516,92.09375000028928
6755,70.37395833333333,1551746,193.7812500000092
6756,70.375,1551769,216.74999999998832
6757,70.38541666666667,1551998,190.43749999995043
6758,70.39583333333333,1552228,420.12499999974153
6759,70.40625,1552458,73.81250000015243
6760,70.41666666666667,1552688,175.5000000001857
6761,70.42708333333333,1552917,149.18749999983447
6762,70.446875,1553354,9.593750000057355
6763,70.45729166666668,1553583,111.28125000009064
6764,70.46770833333333,1553813,84.96875000005275
6765,70.478125,1554043,314.65625000015723
6766,70.48854166666668,1554272,32.34375000029033
6767,70.49895833333333,1554502,70.03124999997468
6768,70.5,1554525,92.99999999995379
6769,70.51041666666667,1554755,66.68750000022925
6770,70.52083333333333,1554984,296.37500000002035
6771,70.53125,1555214,14.062500000153477
6772,70.54166666666667,1555444,51.750000000151175
6773,70.55208333333333,1555673,25.43749999979994
6774,70.571875,1556110,461.84375000002973
6775,70.58229166666668,1556340,115.53125000012727
6776,70.59270833333333,1556569,217.21875000016055
6777,70.603125,1556799,190.90625000012267
6778,70.61354166666668,1557029,420.59375000022715
6779,70.62395833333333,1557258,74.28125000001131
6780,70.625,1557281,97.24999999999042
6781,70.63541666666667,1557511,198.9375000000237
6782,70.64583333333333,1557741,172.62499999998582
6783,70.65625,1557970,402.31250000009027
6784,70.66666666666667,1558200,56.00000000018781
6785,70.67708333333333,1558430,157.68749999990774
6786,70.696875,1558866,338.0937499999952
6787,70.70729166666668,1559096,55.781250000128324
6788,70.71770833333333,1559325,93.46875000012602
6789,70.728125,1559555,67.15625000008814
6790,70.73854166666668,1559785,296.8437500001926
6791,70.74895833333333,1560015,14.531250000012363
6792,70.75,1560037,37.49999999999147
6793,70.76041666666667,1560267,75.18749999998917
6794,70.77083333333333,1560497,48.874999999951285
6795,70.78125,1560727,278.5625000000557
6796,70.79166666666667,1560956,508.2500000001602
6797,70.80208333333333,1561186,33.93749999987321
6798,70.821875,1561622,214.343750000274
6799,70.83229166666668,1561852,444.03125000037846
6800,70.84270833333333,1562082,97.71875000016266
6801,70.853125,1562311,199.40625000019594
6802,70.86354166666668,1562541,173.09375000015805
6803,70.87395833333333,1562771,402.7812499999492
6804,70.875,1562794,425.74999999992826
6805,70.88541666666667,1563023,79.4375000000258
6806,70.89583333333333,1563253,181.12499999974574
6807,70.90625,1563483,154.8125000000212
6808,70.91666666666667,1563713,384.5000000001256
6809,70.92708333333333,1563942,38.187499999909846
6810,70.946875,1564379,90.59375000023948
6811,70.95729166666668,1564608,320.2812500003439
6812,70.96770833333333,1564838,37.96875000016371
6813,70.978125,1565068,75.6562500001614
6814,70.98854166666668,1565297,49.34375000012352
6815,70.99895833333333,1565527,279.0312499999146
6816,71.0,1565550,301.9999999998937
6817,71.01041666666667,1565780,19.68750000002686
6818,71.02083333333333,1566009,57.375000000024556
6819,71.03125,1566239,31.06249999998667
6820,71.04166666666667,1566469,260.7500000000911
6821,71.05208333333333,1566698,490.4374999998822
6822,71.071875,1567135,222.84375000003394
6823,71.08229166666668,1567365,196.5312500003094
6824,71.09270833333333,1567594,426.2187500001005
6825,71.103125,1567824,79.90625000019804
6826,71.11354166666668,1568054,181.59375000023132
6827,71.12395833333333,1568283,155.2812499998801
6828,71.125,1568306,178.2499999998592
6829,71.13541666666667,1568536,407.9374999999636
6830,71.14583333333333,1568766,61.62499999974784
6831,71.15625,1568995,163.31250000009447
6832,71.16666666666667,1569225,137.0000000000566
6833,71.17708333333333,1569455,366.68749999984766
6834,71.196875,1569891,99.0937499999994
6835,71.20729166666668,1570121,72.78125000027487
6836,71.21770833333333,1570350,302.46875000006594
6837,71.228125,1570580,20.156250000199094
6838,71.23854166666668,1570810,57.84375000019679
6839,71.24895833333333,1571040,31.531250000158906
6840,71.25,1571063,54.500000000138016
6841,71.26041666666667,1571292,284.1875000002425
6842,71.27083333333333,1571522,1.8749999997488942
6843,71.28125,1571752,39.56250000005994
6844,71.29166666666667,1571981,13.250000000022055
6845,71.30208333333333,1572211,242.93749999981316
6846,71.321875,1572647,103.34375000003604
6847,71.33229166666668,1572877,205.03125000038267
6848,71.34270833333333,1573107,178.71875000003143
6849,71.353125,1573336,408.40625000013586
6850,71.36354166666668,1573566,62.09375000023343
6851,71.37395833333333,1573796,163.78124999995336
6852,71.375,1573819,186.74999999993247
6853,71.38541666666667,1574048,160.43750000020793
6854,71.39583333333333,1574278,390.12499999999903
6855,71.40625,1574508,43.81250000009658
6856,71.41666666666667,1574738,145.50000000012986
6857,71.42708333333333,1574967,119.18749999977862
6858,71.446875,1575404,43.59375000003709
6859,71.45729166666668,1575633,81.28125000034814
6860,71.46770833333333,1575863,54.9687499999969
6861,71.478125,1576093,284.65625000010135
6862,71.48854166666668,1576322,2.343750000234479
6863,71.49895833333333,1576552,40.03124999991883
6864,71.5,1576575,62.99999999989794
6865,71.51041666666667,1576805,36.6875000001734
6866,71.52083333333333,1577034,266.37499999996453
6867,71.53125,1577264,496.06250000006895
6868,71.54166666666667,1577494,21.750000000095326
6869,71.55208333333333,1577723,251.43749999988643
6870,71.571875,1578160,431.84374999997385
6871,71.58229166666668,1578390,85.53125000038477
6872,71.59270833333333,1578619,187.2187500001047
6873,71.603125,1578849,160.90625000006682
6874,71.61354166666668,1579079,390.59375000017127
6875,71.62395833333333,1579308,44.28124999995546
6876,71.625,1579331,67.24999999993457
6877,71.63541666666667,1579561,168.93749999996786
6878,71.64583333333333,1579791,142.62499999992997
6879,71.65625,1580020,372.31250000003445
6880,71.66666666666667,1580250,26.000000000131962
6881,71.67708333333333,1580480,127.6874999998519
6882,71.696875,1580916,308.0937500002527
6883,71.70729166666668,1581146,25.781250000385825
6884,71.71770833333333,1581375,63.46875000007017
6885,71.728125,1581605,37.15625000003229
6886,71.73854166666668,1581835,266.84375000013677
6887,71.74895833333333,1582065,496.5312499999278
6888,71.75,1582087,7.499999999935625
6889,71.76041666666667,1582317,45.18750000024667
6890,71.77083333333333,1582547,18.874999999895437
6891,71.78125,1582777,248.5624999999999
6892,71.79166666666667,1583006,478.25000000010436
6893,71.80208333333333,1583236,3.937499999817362
6894,71.821875,1583672,184.34375000021817
6895,71.83229166666668,1583902,414.03125000032264
6896,71.84270833333333,1584132,67.71875000010681
6897,71.853125,1584361,169.4062500001401
6898,71.86354166666668,1584591,143.0937500001022
6899,71.87395833333333,1584821,372.7812499998933
6900,71.875,1584844,395.74999999987244
6901,71.88541666666667,1585073,49.43749999996996
6902,71.89583333333333,1585303,151.12500000000324
6903,71.90625,1585533,124.81249999996535
6904,71.91666666666667,1585763,354.5000000000698
6905,71.92708333333333,1585992,8.187499999853998
6906,71.946875,1586429,60.59375000018363
6907,71.95729166666668,1586658,290.2812500002881
6908,71.96770833333333,1586888,7.96875000010786
6909,71.978125,1587118,45.65625000010556
6910,71.98854166666668,1587347,19.34375000038102
6911,71.99895833333333,1587577,249.03125000017212
6912,72.0,1587600,272.0000000001512
6913,72.01041666666667,1587830,501.6875000002557
6914,72.02083333333333,1588059,27.374999999968708
6915,72.03125,1588289,1.0624999999308216
6916,72.04166666666667,1588519,230.75000000003527
6917,72.05208333333333,1588748,460.4374999998264
6918,72.071875,1589185,192.8437499999781
6919,72.08229166666668,1589415,166.53125000025355
6920,72.09270833333333,1589644,396.2187500000447
6921,72.103125,1589874,49.906250000142194
6922,72.11354166666668,1590104,151.59375000017548
6923,72.12395833333333,1590333,125.28125000013759
6924,72.125,1590356,148.2500000001167
6925,72.13541666666667,1590586,377.9375000002211
6926,72.14583333333333,1590816,31.625000000005343
6927,72.15625,1591045,133.31250000003863
6928,72.16666666666667,1591275,107.00000000000074
6929,72.17708333333333,1591505,336.68749999979184
6930,72.196875,1591941,69.0937500002569
6931,72.20729166666668,1592171,42.78125000021902
6932,72.21770833333333,1592400,272.4687500000101
6933,72.228125,1592630,502.1562500001146
6934,72.23854166666668,1592860,27.843750000140943
6935,72.24895833333333,1593090,1.5312500001030571
6936,72.25,1593113,24.500000000082167
6937,72.26041666666667,1593342,254.18750000018662
6938,72.27083333333333,1593572,483.8749999999777
6939,72.28125,1593802,9.562500000004093
6940,72.29166666666667,1594031,239.25000000010854
6941,72.30208333333333,1594261,212.9374999997573
6942,72.321875,1594697,73.34374999998019
6943,72.33229166666668,1594927,175.03125000032682
6944,72.34270833333333,1595157,148.71874999997559
6945,72.353125,1595386,378.40625000008004
6946,72.36354166666668,1595616,32.09375000017758
6947,72.37395833333333,1595846,133.7812499998975
6948,72.375,1595869,156.74999999987662
6949,72.38541666666667,1596098,130.43750000015208
6950,72.39583333333333,1596328,360.12499999994316
6951,72.40625,1596558,13.812500000040728
6952,72.41666666666667,1596788,115.50000000007401
6953,72.42708333333333,1597017,89.18750000003612
6954,72.446875,1597454,13.593749999981242
6955,72.45729166666668,1597683,51.28125000029229
6956,72.46770833333333,1597913,24.968749999941053
6957,72.478125,1598143,254.6562500000455
6958,72.48854166666668,1598372,484.34375000014995
6959,72.49895833333333,1598602,10.031250000176328
6960,72.5,1598625,33.00000000015544
6961,72.51041666666667,1598855,6.687500000117552
6962,72.52083333333333,1599084,236.37499999990865
6963,72.53125,1599314,466.0625000000131
6964,72.54166666666667,1599544,119.75000000011065
6965,72.55208333333333,1599773,221.43749999983058
6966,72.571875,1600210,401.84375000023135
6967,72.58229166666668,1600440,55.531250000328924
6968,72.59270833333333,1600669,157.21875000004886
6969,72.603125,1600899,130.90625000001097
6970,72.61354166666668,1601129,360.5937500001154
6971,72.62395833333333,1601358,14.281249999899615
6972,72.625,1601381,37.249999999878725
6973,72.63541666666667,1601611,138.93750000022536
6974,72.64583333333333,1601841,112.62499999987412
6975,72.65625,1602070,342.31249999997857
6976,72.66666666666667,1602300,60.0000000001117
6977,72.67708333333333,1602530,97.68749999979605
6978,72.696875,1602966,278.09375000019685
6979,72.70729166666668,1603196,507.78125000030127
6980,72.71770833333333,1603425,33.468750000014325
6981,72.728125,1603655,7.156249999976438
6982,72.73854166666668,1603885,236.8437500000809
6983,72.74895833333333,1604115,466.531249999872
6984,72.75,1604137,489.49999999985107
6985,72.76041666666667,1604367,15.187500000190823
6986,72.77083333333333,1604597,244.87499999998192
6987,72.78125,1604827,218.56249999994404
6988,72.79166666666667,1605056,448.2500000000485
6989,72.80208333333333,1605286,101.93749999983268
6990,72.821875,1605722,154.34375000016232
6991,72.83229166666668,1605952,384.03125000026677
6992,72.84270833333333,1606182,37.71875000005096
6993,72.853125,1606411,139.40625000008424
6994,72.86354166666668,1606641,113.0937500003597
6995,72.87395833333333,1606871,342.7812500001508
6996,72.875,1606894,365.75000000012994
6997,72.88541666666667,1607123,19.43750000022746
6998,72.89583333333333,1607353,121.12499999994739
6999,72.90625,1607583,94.8124999999095
7000,72.91666666666667,1607813,324.500000000014
7001,72.92708333333333,1608042,42.18749999983373
7002,72.946875,1608479,30.593750000127784
7003,72.95729166666668,1608708,260.28125000023226
7004,72.96770833333333,1608938,489.9687500000233
7005,72.978125,1609168,15.65625000004971
7006,72.98854166666668,1609397,245.34375000015416
7007,72.99895833333333,1609627,219.03125000011627
7008,73.0,1609650,242.00000000009538
7009,73.01041666666667,1609880,471.68750000019986
7010,73.02083333333333,1610109,125.37499999998403
7011,73.03125,1610339,227.0625000000173
7012,73.04166666666667,1610569,200.74999999997942
7013,73.05208333333333,1610798,430.4374999997705
7014,73.071875,1611235,162.8437500002356
7015,73.08229166666668,1611465,136.5312500001977
7016,73.09270833333333,1611694,366.2187499999888
7017,73.103125,1611924,19.906250000086345
7018,73.11354166666668,1612154,121.59375000011963
7019,73.12395833333333,1612383,95.28125000008174
7020,73.125,1612406,118.25000000006085
7021,73.13541666666667,1612636,347.9375000001653
7022,73.14583333333333,1612866,1.6249999999494946
7023,73.15625,1613095,103.31249999998278
7024,73.16666666666667,1613325,77.00000000025824
7025,73.17708333333333,1613555,306.68750000004934
7026,73.196875,1613991,39.093750000201055
7027,73.20729166666668,1614221,12.781250000163169
7028,73.21770833333333,1614450,242.46874999995427
7029,73.228125,1614680,472.1562500000587
7030,73.23854166666668,1614910,125.84375000015626
7031,73.24895833333333,1615140,227.5312499998762
7032,73.25,1615162,250.4999999998553
7033,73.26041666666667,1615392,224.18750000013077
7034,73.27083333333333,1615622,453.8749999999219
7035,73.28125,1615852,107.56250000001941
7036,73.29166666666667,1616081,209.2500000000527
7037,73.30208333333333,1616311,182.9375000000148
7038,73.321875,1616747,43.34375000023769
7039,73.33229166666668,1616977,145.03125000027097
7040,73.34270833333333,1617207,118.71874999991974
7041,73.353125,1617436,348.4062500000242
7042,73.36354166666668,1617666,2.09375000012173
7043,73.37395833333333,1617896,103.78125000015501
7044,73.375,1617919,126.75000000013412
7045,73.38541666666667,1618148,100.43750000009624
7046,73.39583333333333,1618378,330.12499999988734
7047,73.40625,1618608,47.812500000020464
7048,73.41666666666667,1618838,85.50000000001816
7049,73.42708333333333,1619067,59.187499999980275
7050,73.446875,1619504,495.5937500002101
7051,73.45729166666668,1619733,21.28125000023644
7052,73.46770833333333,1619963,250.96875000002754
7053,73.478125,1620193,224.65624999998965
7054,73.48854166666668,1620422,454.34375000009413
7055,73.49895833333333,1620652,108.0312499998783
7056,73.5,1620675,3.0000000000995897
7057,73.51041666666667,1620905,232.68750000020404
7058,73.52083333333333,1621134,206.3749999998528
7059,73.53125,1621364,436.06249999995725
7060,73.54166666666667,1621594,89.7500000000548
7061,73.55208333333333,1621823,191.43749999977473
7062,73.571875,1622260,371.84375000017553
7063,73.58229166666668,1622490,25.531250000273076
7064,73.59270833333333,1622719,127.21874999999301
7065,73.603125,1622949,100.90625000026847
7066,73.61354166666668,1623179,330.5937500003729
7067,73.62395833333333,1623408,48.28124999987935
7068,73.625,1623431,7.250000000136225
7069,73.63541666666667,1623661,108.9375000001695
7070,73.64583333333333,1623891,82.62499999981827
7071,73.65625,1624120,312.3124999999227
7072,73.66666666666667,1624350,30.00000000005585
7073,73.67708333333333,1624580,67.6874999997402
7074,73.696875,1625016,248.093750000141
7075,73.70729166666668,1625246,477.78125000024545
7076,73.71770833333333,1625475,3.468749999958476
7077,73.728125,1625705,233.15625000006293
7078,73.73854166666668,1625935,206.8437500003384
7079,73.74895833333333,1626165,436.5312500001295
7080,73.75,1626188,459.50000000010857
7081,73.76041666666667,1626417,113.18750000020614
7082,73.77083333333333,1626647,214.87499999992608
7083,73.78125,1626877,188.5624999998882
7084,73.79166666666667,1627106,418.2499999999926
7085,73.80208333333333,1627336,71.93749999977683
7086,73.821875,1627772,124.34375000010647
7087,73.83229166666668,1628002,354.0312500002109
7088,73.84270833333333,1628232,7.7187499999951115
7089,73.853125,1628461,109.4062500000284
7090,73.86354166666668,1628691,83.09375000030386
7091,73.87395833333333,1628921,312.78125000009493
7092,73.875,1628944,335.75000000007407
7093,73.88541666666667,1629173,53.437500000207194
7094,73.89583333333333,1629403,91.12499999989154
7095,73.90625,1629633,64.81249999985366
7096,73.91666666666667,1629862,294.4999999999581
7097,73.92708333333333,1630092,12.187499999777884
7098,73.946875,1630529,0.5937500000719353
7099,73.95729166666668,1630758,230.28125000017639
7100,73.96770833333333,1630988,459.9687499999675
7101,73.978125,1631218,113.65625000006503
7102,73.98854166666668,1631447,215.3437500000983
7103,73.99895833333333,1631677,189.03125000006042
7104,74.0,1631700,212.00000000003953
7105,74.01041666666667,1631930,441.687500000144
7106,74.02083333333333,1632159,95.37499999992818
7107,74.03125,1632389,197.06249999996146
7108,74.04166666666667,1632619,170.75000000023692
7109,74.05208333333333,1632848,400.437500000028
7110,74.071875,1633285,132.84375000017974
7111,74.08229166666668,1633515,106.53125000014185
7112,74.09270833333333,1633744,336.2187499999329
7113,74.103125,1633974,53.90625000006608
7114,74.11354166666668,1634204,91.59375000037713
7115,74.12395833333333,1634433,65.28125000002589
7116,74.125,1634456,88.250000000005
7117,74.13541666666667,1634686,317.9375000001095
7118,74.14583333333333,1634916,35.62499999992923
7119,74.15625,1635145,73.31249999992693
7120,74.16666666666667,1635375,47.00000000020239
7121,74.17708333333333,1635605,276.6874999999935
7122,74.196875,1636041,9.093750000145207
7123,74.20729166666668,1636271,238.78125000024966
7124,74.21770833333333,1636500,212.46874999989842
7125,74.228125,1636730,442.15625000000284
7126,74.23854166666668,1636960,95.84375000010041
7127,74.24895833333333,1637190,197.5312500001337
7128,74.25,1637213,220.5000000001128
7129,74.26041666666667,1637442,194.18750000007492
7130,74.27083333333333,1637672,423.874999999866
7131,74.28125,1637902,77.56249999996356
7132,74.29166666666667,1638131,179.24999999999685
7133,74.30208333333333,1638361,152.93749999995896
7134,74.321875,1638797,13.343750000181842
7135,74.33229166666668,1639027,115.03125000021512
7136,74.34270833333333,1639257,88.71875000017724
7137,74.353125,1639486,318.4062500002817
7138,74.36354166666668,1639716,36.093750000101466
7139,74.37395833333333,1639946,73.78125000009916
7140,74.375,1639969,96.75000000007827
7141,74.38541666666667,1640198,70.43750000004039
7142,74.39583333333333,1640428,300.1249999998315
7143,74.40625,1640658,17.812499999964615
7144,74.41666666666667,1640887,55.49999999996231
7145,74.42708333333333,1641117,29.187499999924427
7146,74.446875,1641554,465.5937500001542
7147,74.45729166666668,1641783,119.28125000025176
7148,74.46770833333333,1642013,220.9687499999717
7149,74.478125,1642243,194.65625000024716
7150,74.48854166666668,1642472,424.34375000035163
7151,74.49895833333333,1642702,78.0312500001358
7152,74.5,1642725,101.00000000011491
7153,74.51041666666667,1642955,202.6875000001482
7154,74.52083333333333,1643184,176.37499999979696
7155,74.53125,1643414,406.06249999990143
7156,74.54166666666667,1643644,59.74999999999895
7157,74.55208333333333,1643873,161.43750000003223
7158,74.571875,1644310,341.8437500001197
7159,74.58229166666668,1644540,59.53125000025281
7160,74.59270833333333,1644769,97.21874999993716
7161,74.603125,1644999,70.90625000021262
7162,74.61354166666668,1645229,300.5937500003171
7163,74.62395833333333,1645458,18.28125000013685
7164,74.625,1645481,41.25000000011596
7165,74.63541666666667,1645711,78.93750000011366
7166,74.64583333333333,1645941,52.62499999976242
7167,74.65625,1646170,282.3124999998669
7168,74.66666666666667,1646400,0.0
7169,74.67708333333333,1646630,37.6874999999977
7170,74.696875,1647066,218.09375000008515
7171,74.70729166666668,1647296,447.78125000018963
7172,74.71770833333333,1647525,101.4687499999738
7173,74.728125,1647755,203.15625000000708
7174,74.73854166666668,1647985,176.84375000028254
7175,74.74895833333333,1648215,406.53125000007367
7176,74.75,1648238,429.50000000005275
7177,74.76041666666667,1648467,83.1875000001503
7178,74.77083333333333,1648697,184.87499999987023
7179,74.78125,1648927,158.5625000001457
7180,74.79166666666667,1649156,388.2500000002501
7181,74.80208333333333,1649386,41.93750000003433
7182,74.821875,1649822,94.34375000005062
7183,74.83229166666668,1650052,324.03125000015507
7184,74.84270833333333,1650282,41.71874999997485
7185,74.853125,1650511,79.40624999997254
7186,74.86354166666668,1650741,53.09375000024801
7187,74.87395833333333,1650971,282.7812500000391
7188,74.875,1650994,305.7500000000182
7189,74.88541666666667,1651223,23.437500000151346
7190,74.89583333333333,1651453,61.124999999835694
7191,74.90625,1651683,34.81250000011116
7192,74.91666666666667,1651913,264.5000000002156
7193,74.92708333333333,1652142,494.1875000000067
7194,74.946875,1652579,226.59375000015842
7195,74.95729166666668,1652808,200.28125000012054
7196,74.96770833333333,1653038,429.96874999991167
7197,74.978125,1653268,83.65625000000918
7198,74.98854166666668,1653497,185.3437500003558
7199,74.99895833333333,1653727,159.03125000000458
7200,75.0,1653750,181.9999999999837
7201,75.01041666666667,1653980,411.6875000000881
7202,75.02083333333333,1654209,65.37499999987233
7203,75.03125,1654439,167.0624999999056
7204,75.04166666666667,1654669,140.75000000018107
7205,75.05208333333333,1654898,370.43749999997215
7206,75.071875,1655335,102.84375000012389
7207,75.08229166666668,1655565,76.531250000086
7208,75.09270833333333,1655794,306.2187499998771
7209,75.103125,1656024,23.906250000010232
7210,75.11354166666668,1656254,61.59375000032128
7211,75.12395833333333,1656483,35.28124999997004
7212,75.125,1656506,58.249999999949154
7213,75.13541666666667,1656736,287.9375000000536
7214,75.14583333333333,1656966,5.624999999873381
7215,75.15625,1657195,43.31249999987108
7216,75.16666666666667,1657425,17.000000000146542
7217,75.17708333333333,1657655,246.68749999993764
7218,75.196875,1658091,107.09375000016053
7219,75.20729166666668,1658321,208.7812500001938
7220,75.21770833333333,1658550,182.46875000015592
7221,75.228125,1658780,412.15625000026034
7222,75.23854166666668,1659010,65.84375000035791
7223,75.24895833333333,1659240,167.53125000007785
7224,75.25,1659263,190.50000000005696
7225,75.26041666666667,1659492,164.18750000001907
7226,75.27083333333333,1659722,393.87499999981014
7227,75.28125,1659952,47.562499999907715
7228,75.29166666666667,1660181,149.25000000025435
7229,75.30208333333333,1660411,122.93749999990311
7230,75.321875,1660847,47.34375000016158
7231,75.33229166666668,1661077,85.03125000015928
7232,75.34270833333333,1661307,58.71875000012139
7233,75.353125,1661536,288.40625000022584
7234,75.36354166666668,1661766,6.093750000358966
7235,75.37395833333333,1661996,43.781250000043315
7236,75.375,1662019,66.75000000002242
7237,75.38541666666667,1662248,40.43749999998454
7238,75.39583333333333,1662478,270.12499999977564
7239,75.40625,1662708,499.81249999988006
7240,75.41666666666667,1662938,25.500000000219814
7241,75.42708333333333,1663167,255.1875000000109
7242,75.446875,1663604,435.59375000009834
7243,75.45729166666668,1663833,89.28125000019591
7244,75.46770833333333,1664063,190.96874999991584
7245,75.478125,1664293,164.6562500001913
7246,75.48854166666668,1664522,394.34375000029576
7247,75.49895833333333,1664752,48.03125000007995
7248,75.5,1664775,71.00000000005906
7249,75.51041666666667,1665005,172.68750000009234
7250,75.52083333333333,1665234,146.3749999997411
7251,75.53125,1665464,376.06249999984556
7252,75.54166666666667,1665694,29.75000000025645
7253,75.55208333333333,1665923,131.43749999997638
7254,75.571875,1666360,311.84375000006384
7255,75.58229166666668,1666590,29.531250000196962
7256,75.59270833333333,1666819,67.21874999988131
7257,75.603125,1667049,40.906250000156774
7258,75.61354166666668,1667279,270.59375000026125
7259,75.62395833333333,1667508,500.2812500000523
7260,75.625,1667531,11.250000000060112
7261,75.63541666666667,1667761,48.93750000005781
7262,75.64583333333333,1667991,22.625000000019924
7263,75.65625,1668220,252.31250000012437
7264,75.66666666666667,1668450,482.00000000022885
7265,75.67708333333333,1668680,7.687499999941849
7266,75.696875,1669116,188.0937500000293
7267,75.70729166666668,1669346,417.78125000013375
7268,75.71770833333333,1669575,71.46874999991795
7269,75.728125,1669805,173.15625000026458
7270,75.73854166666668,1670035,146.8437500002267
7271,75.74895833333333,1670265,376.5312500000178
7272,75.75,1670287,399.49999999999693
7273,75.76041666666667,1670517,53.187500000094445
7274,75.77083333333333,1670747,154.87499999981438
7275,75.78125,1670977,128.56250000008984
7276,75.79166666666667,1671206,358.2500000001943
7277,75.80208333333333,1671436,11.937499999978485
7278,75.821875,1671872,64.34374999999477
7279,75.83229166666668,1672102,294.03125000009925
7280,75.84270833333333,1672332,11.718749999918998
7281,75.853125,1672561,49.406250000230045
7282,75.86354166666668,1672791,23.09375000019216
7283,75.87395833333333,1673021,252.78124999998326
7284,75.875,1673044,275.74999999996237
7285,75.88541666666667,1673273,505.43750000006685
7286,75.89583333333333,1673503,31.124999999779845
7287,75.90625,1673733,4.812500000055309
7288,75.91666666666667,1673963,234.50000000015976
7289,75.92708333333333,1674192,464.1874999999509
7290,75.946875,1674629,196.59375000010257
7291,75.95729166666668,1674858,170.28125000037804
7292,75.96770833333333,1675088,399.96875000016917
7293,75.978125,1675318,53.65625000026668
7294,75.98854166666668,1675547,155.34375000029996
7295,75.99895833333333,1675777,129.03124999994873
7296,76.0,1675800,151.99999999992784
7297,76.01041666666667,1676030,381.6875000000323
7298,76.02083333333333,1676259,35.37499999981648
7299,76.03125,1676489,137.06249999984976
7300,76.04166666666667,1676719,110.75000000012523
7301,76.05208333333333,1676948,340.4374999999163
7302,76.071875,1677385,72.84375000006804
7303,76.08229166666668,1677615,46.531250000343505
7304,76.09270833333333,1677844,276.2187500001346
7305,76.103125,1678074,505.9062500002391
7306,76.11354166666668,1678304,31.59375000026543
7307,76.12395833333333,1678533,5.281249999914195
7308,76.125,1678556,28.249999999893305
7309,76.13541666666667,1678786,257.9374999999977
7310,76.14583333333333,1679016,487.6249999997889
7311,76.15625,1679245,13.31250000012858
7312,76.16666666666667,1679475,243.00000000023303
7313,76.17708333333333,1679705,216.6874999998818
7314,76.196875,1680141,77.09375000010468
7315,76.20729166666668,1680371,178.78125000013796
7316,76.21770833333333,1680600,152.46875000010007
7317,76.228125,1680830,382.1562500002045
7318,76.23854166666668,1681060,35.843750000302066
7319,76.24895833333333,1681290,137.531250000022
7320,76.25,1681313,160.5000000000011
7321,76.26041666666667,1681542,134.18749999996322
7322,76.27083333333333,1681772,363.8749999997543
7323,76.28125,1682002,17.562499999851866
7324,76.29166666666667,1682231,119.2500000001985
7325,76.30208333333333,1682461,92.93749999984726
7326,76.321875,1682897,17.34375000010573
7327,76.33229166666668,1683127,55.03125000010343
7328,76.34270833333333,1683357,28.71875000006554
7329,76.353125,1683586,258.40625000016996
7330,76.36354166666668,1683816,488.09375000027444
7331,76.37395833333333,1684046,13.781249999987466
7332,76.375,1684069,36.749999999966576
7333,76.38541666666667,1684298,10.43750000024204
7334,76.39583333333333,1684528,240.12500000003314
7335,76.40625,1684758,469.81250000013756
7336,76.41666666666667,1684988,123.50000000023513
7337,76.42708333333333,1685217,225.18749999995507
7338,76.446875,1685654,405.5937500000425
7339,76.45729166666668,1685883,59.28125000014006
7340,76.46770833333333,1686113,160.96875000017334
7341,76.478125,1686343,134.65625000013546
7342,76.48854166666668,1686572,364.3437500002399
7343,76.49895833333333,1686802,18.0312500000241
7344,76.5,1686825,41.00000000000321
7345,76.51041666666667,1687055,142.6875000000365
7346,76.52083333333333,1687284,116.37499999999861
7347,76.53125,1687514,346.06250000010306
7348,76.54166666666667,1687744,63.750000000236184
7349,76.55208333333333,1687973,101.43749999992053
7350,76.571875,1688410,281.84375000000796
7351,76.58229166666668,1688640,511.53125000011244
7352,76.59270833333333,1688869,37.21875000013881
7353,76.603125,1689099,10.906250000100925
7354,76.61354166666668,1689329,240.59375000020538
7355,76.62395833333333,1689558,470.2812499999965
7356,76.625,1689581,493.24999999997556
7357,76.63541666666667,1689811,18.93750000000196
7358,76.64583333333333,1690041,248.62499999979306
7359,76.65625,1690270,222.31250000006852
7360,76.66666666666667,1690500,452.000000000173
7361,76.67708333333333,1690730,105.68749999995717
7362,76.696875,1691166,158.09374999997345
7363,76.70729166666668,1691396,387.7812500000779
7364,76.71770833333333,1691625,41.46875000017545
7365,76.728125,1691855,143.15625000020873
7366,76.73854166666668,1692085,116.84375000017084
7367,76.74895833333333,1692315,346.5312499999619
7368,76.75,1692337,369.49999999994105
7369,76.76041666666667,1692567,23.187500000038597
7370,76.77083333333333,1692797,124.87499999975853
7371,76.78125,1693027,98.56250000003399
7372,76.79166666666667,1693256,328.25000000013847
7373,76.80208333333333,1693486,45.93749999995822
7374,76.821875,1693922,34.34375000025227
7375,76.83229166666668,1694152,264.03125000035675
7376,76.84270833333333,1694382,493.7187500001478
7377,76.853125,1694611,19.406250000174197
7378,76.86354166666668,1694841,249.09375000027865
7379,76.87395833333333,1695071,222.7812499999274
7380,76.875,1695094,245.74999999990652
7381,76.88541666666667,1695323,475.43750000001097
7382,76.89583333333333,1695553,1.1250000000373461
7383,76.90625,1695783,230.8125000001418
7384,76.91666666666667,1696013,204.5000000001039
7385,76.92708333333333,1696242,434.187499999895
7386,76.946875,1696679,166.59375000004673
7387,76.95729166666668,1696908,140.2812500003222
7388,76.96770833333333,1697138,369.9687500001133
7389,76.978125,1697368,23.656250000210832
7390,76.98854166666668,1697597,125.34375000024411
7391,76.99895833333333,1697827,99.03124999989288
7392,77.0,1697850,121.99999999987199
7393,77.01041666666667,1698080,351.68749999997647
7394,77.02083333333333,1698309,5.374999999760632
7395,77.03125,1698539,107.06250000010726
7396,77.04166666666667,1698769,80.75000000006938
7397,77.05208333333333,1698998,310.4374999998605
7398,77.071875,1699435,42.84375000001219
7399,77.08229166666668,1699665,16.531250000287656
7400,77.09270833333333,1699894,246.21875000007876
7401,77.103125,1700124,475.9062500001832
7402,77.11354166666668,1700354,1.5937500002095817
7403,77.12395833333333,1700583,231.28125000000068
7404,77.125,1700606,254.2499999999798
7405,77.13541666666667,1700836,227.93750000025526
7406,77.14583333333333,1701066,457.6250000000464
7407,77.15625,1701295,111.3125000001439
7408,77.16666666666667,1701525,213.00000000017718
7409,77.17708333333333,1701755,186.68749999982595
7410,77.196875,1702191,47.09375000004883
7411,77.20729166666668,1702421,148.7812500000821
7412,77.21770833333333,1702650,122.46875000004422
7413,77.228125,1702880,352.1562500001487
7414,77.23854166666668,1703110,5.843750000246217
7415,77.24895833333333,1703340,107.53124999996615
7416,77.25,1703362,130.49999999994526
7417,77.26041666666667,1703592,104.18750000022072
7418,77.27083333333333,1703822,333.8750000000118
7419,77.28125,1704052,51.56250000014495
7420,77.29166666666667,1704281,89.25000000014265
7421,77.30208333333333,1704511,62.93749999979141
7422,77.321875,1704947,499.3437500000212
7423,77.33229166666668,1705177,25.031250000360927
7424,77.34270833333333,1705407,254.71875000015203
7425,77.353125,1705636,228.40625000011414
7426,77.36354166666668,1705866,458.0937500002186
7427,77.37395833333333,1706096,111.78125000000279
7428,77.375,1706119,6.749999999910727
7429,77.38541666666667,1706348,236.43750000001518
7430,77.39583333333333,1706578,210.1249999999773
7431,77.40625,1706808,439.81250000008174
7432,77.41666666666667,1707038,93.50000000017928
7433,77.42708333333333,1707267,195.18749999989922
7434,77.446875,1707704,375.5937499999867
7435,77.45729166666668,1707933,29.281250000084214
7436,77.46770833333333,1708163,130.9687500001175
7437,77.478125,1708393,104.65625000007961
7438,77.48854166666668,1708622,334.34375000018406
7439,77.49895833333333,1708852,52.03125000000384
7440,77.5,1708875,10.999999999947363
7441,77.51041666666667,1709105,112.68749999998064
7442,77.52083333333333,1709334,86.37499999994276
7443,77.53125,1709564,316.0625000000472
7444,77.54166666666667,1709794,33.750000000180336
7445,77.55208333333333,1710023,71.43749999986468
7446,77.571875,1710460,251.8437500002655
7447,77.58229166666668,1710690,481.53125000036994
7448,77.59270833333333,1710919,7.218750000082963
7449,77.603125,1711149,236.9062500001874
7450,77.61354166666668,1711379,210.59375000014953
7451,77.62395833333333,1711608,440.28124999994066
7452,77.625,1711631,463.24999999991974
7453,77.63541666666667,1711861,116.93750000001728
7454,77.64583333333333,1712091,218.62500000005056
7455,77.65625,1712320,192.31250000001268
7456,77.66666666666667,1712550,422.0000000001171
7457,77.67708333333333,1712780,75.68749999990132
7458,77.696875,1713216,128.09375000023095
7459,77.70729166666668,1713446,357.7812500003354
7460,77.71770833333333,1713675,11.468750000119599
7461,77.728125,1713905,113.15625000015288
7462,77.73854166666668,1714135,86.843750000115
7463,77.74895833333333,1714365,316.5312499999061
7464,77.75,1714387,339.4999999998852
7465,77.76041666666667,1714617,57.18750000001833
7466,77.77083333333333,1714847,94.87500000001603
7467,77.78125,1715077,68.56249999997814
7468,77.79166666666667,1715306,298.2500000000826
7469,77.80208333333333,1715536,15.937499999902371
7470,77.821875,1715972,4.343750000196422
7471,77.83229166666668,1716202,234.03125000030087
7472,77.84270833333333,1716432,463.718750000092
7473,77.853125,1716661,117.40625000018952
7474,77.86354166666668,1716891,219.0937500002228
7475,77.87395833333333,1717121,192.78124999987156
7476,77.875,1717144,215.74999999985067
7477,77.88541666666667,1717373,445.4374999999551
7478,77.89583333333333,1717603,99.12499999973932
7479,77.90625,1717833,200.81250000008595
7480,77.91666666666667,1718063,174.50000000004806
7481,77.92708333333333,1718292,404.18749999983913
7482,77.946875,1718729,136.59374999999088
7483,77.95729166666668,1718958,110.28125000026634
7484,77.96770833333333,1719188,339.9687500000574
7485,77.978125,1719418,57.65625000019057
7486,77.98854166666668,1719647,95.34375000018827
7487,77.99895833333333,1719877,69.03125000015038
7488,78.0,1719900,92.00000000012949
7489,78.01041666666667,1720130,321.68750000023397
7490,78.02083333333333,1720359,39.37499999974037
7491,78.03125,1720589,77.06250000005141
7492,78.04166666666667,1720819,50.75000000001353
7493,78.05208333333333,1721048,280.43749999980463
7494,78.071875,1721485,12.843750000269694
7495,78.08229166666668,1721715,242.53125000037414
7496,78.09270833333333,1721944,216.2187500000229
7497,78.103125,1722174,445.90625000012733
7498,78.11354166666668,1722404,99.5937500002249
7499,78.12395833333333,1722633,201.28124999994483
7500,78.125,1722656,224.24999999992394
7501,78.13541666666667,1722886,197.9375000001994
7502,78.14583333333333,1723116,427.6249999999905
7503,78.15625,1723345,81.31250000008805
7504,78.16666666666667,1723575,183.00000000012133
7505,78.17708333333333,1723805,156.6874999997701
7506,78.196875,1724241,17.09374999999298
7507,78.20729166666668,1724471,118.78125000033961
7508,78.21770833333333,1724700,92.46874999998838
7509,78.228125,1724930,322.1562500000928
7510,78.23854166666668,1725160,39.84375000022595
7511,78.24895833333333,1725390,77.5312499999103
7512,78.25,1725412,100.49999999988941
7513,78.26041666666667,1725642,74.18750000016487
7514,78.27083333333333,1725872,303.874999999956
7515,78.28125,1726102,21.562500000089102
7516,78.29166666666667,1726331,59.2500000000868
7517,78.30208333333333,1726561,32.937500000048914
7518,78.321875,1726997,469.3437500002787
7519,78.33229166666668,1727227,123.03125000037625
7520,78.34270833333333,1727457,224.71875000009618
7521,78.353125,1727686,198.4062500000583
7522,78.36354166666668,1727916,428.09375000016274
7523,78.37395833333333,1728146,81.78124999994694
7524,78.375,1728169,104.74999999992605
7525,78.38541666666667,1728398,206.43749999995933
7526,78.39583333333333,1728628,180.12499999992144
7527,78.40625,1728858,409.8125000000259
7528,78.41666666666667,1729088,63.500000000123435
7529,78.42708333333333,1729317,165.18749999984337
7530,78.446875,1729754,345.5937500002442
7531,78.45729166666668,1729983,63.2812500003773
7532,78.46770833333333,1730213,100.96875000006165
7533,78.478125,1730443,74.65625000002376
7534,78.48854166666668,1730672,304.34375000012824
7535,78.49895833333333,1730902,22.03124999994799
7536,78.5,1730925,44.9999999999271
7537,78.51041666666667,1731155,82.68750000023815
7538,78.52083333333333,1731384,56.37499999988691
7539,78.53125,1731614,286.06249999999136
7540,78.54166666666667,1731844,3.750000000124487
7541,78.55208333333333,1732073,41.437499999808836
7542,78.571875,1732510,221.84375000020964
7543,78.58229166666668,1732740,451.5312500003141
7544,78.59270833333333,1732969,105.21875000009828
7545,78.603125,1733199,206.90625000013156
7546,78.61354166666668,1733429,180.59375000009368
7547,78.62395833333333,1733658,410.2812499998848
7548,78.625,1733681,433.2499999998639
7549,78.63541666666667,1733911,86.93749999996143
7550,78.64583333333333,1734141,188.6249999999947
7551,78.65625,1734370,162.31249999995683
7552,78.66666666666667,1734600,392.0000000000613
7553,78.67708333333333,1734830,45.68749999984547
7554,78.696875,1735266,98.0937500001751
7555,78.70729166666668,1735496,327.78125000027956
7556,78.71770833333333,1735725,45.468750000099334
7557,78.728125,1735955,83.15625000009703
7558,78.73854166666668,1736185,56.843750000372495
7559,78.74895833333333,1736415,286.5312500001636
7560,78.75,1736438,309.5000000001427
7561,78.76041666666667,1736667,27.187499999962483
7562,78.77083333333333,1736897,64.87499999996018
7563,78.78125,1737127,38.562499999922295
7564,78.79166666666667,1737356,268.2500000000267
7565,78.80208333333333,1737586,497.9374999998179
7566,78.821875,1738022,230.34374999996956
7567,78.83229166666668,1738252,204.03125000024502
7568,78.84270833333333,1738482,433.71875000003615
7569,78.853125,1738711,87.40625000013367
7570,78.86354166666668,1738941,189.09375000016695
7571,78.87395833333333,1739171,162.78125000012906
7572,78.875,1739194,185.75000000010817
7573,78.88541666666667,1739423,415.4375000002126
7574,78.89583333333333,1739653,69.12499999999682
7575,78.90625,1739883,170.8125000000301
7576,78.91666666666667,1740112,144.4999999999922
7577,78.92708333333333,1740342,374.1874999997833
7578,78.946875,1740779,106.59375000024838
7579,78.95729166666668,1741008,80.28125000021049
7580,78.96770833333333,1741238,309.9687500000016
7581,78.978125,1741468,27.65625000013472
7582,78.98854166666668,1741697,65.34375000013242
7583,78.99895833333333,1741927,39.03125000009453
7584,79.0,1741950,62.00000000007364
7585,79.01041666666667,1742180,291.6875000001781
7586,79.02083333333333,1742409,9.374999999997868
7587,79.03125,1742639,47.062499999995566
7588,79.04166666666667,1742869,20.74999999995768
7589,79.05208333333333,1743098,250.43749999974878
7590,79.071875,1743535,110.84374999997166
7591,79.08229166666668,1743765,212.5312500003183
7592,79.09270833333333,1743994,186.21874999996706
7593,79.103125,1744224,415.9062500000715
7594,79.11354166666668,1744454,69.59375000016905
7595,79.12395833333333,1744683,171.28124999988898
7596,79.125,1744706,194.2499999998681
7597,79.13541666666667,1744936,167.93750000014356
7598,79.14583333333333,1745166,397.62499999993463
7599,79.15625,1745395,51.3125000000322
7600,79.16666666666667,1745625,153.00000000006548
7601,79.17708333333333,1745855,126.6875000000276
7602,79.196875,1746291,51.093749999972715
7603,79.20729166666668,1746521,88.78125000028376
7604,79.21770833333333,1746750,62.46874999993253
7605,79.228125,1746980,292.15625000003695
7606,79.23854166666668,1747210,9.843750000170104
7607,79.24895833333333,1747440,47.5312500001678
7608,79.25,1747463,70.50000000014691
7609,79.26041666666667,1747692,44.187500000109026
7610,79.27083333333333,1747922,273.8749999999001
7611,79.28125,1748152,503.56250000000455
7612,79.29166666666667,1748381,29.25000000003095
7613,79.30208333333333,1748611,2.937499999993065
7614,79.321875,1749047,439.3437500002228
7615,79.33229166666668,1749277,93.0312500003204
7616,79.34270833333333,1749507,194.71875000004033
7617,79.353125,1749736,168.40625000000244
7618,79.36354166666668,1749966,398.09375000010687
7619,79.37395833333333,1750196,51.78124999989109
7620,79.375,1750219,74.7499999998702
7621,79.38541666666667,1750448,176.43750000021683
7622,79.39583333333333,1750678,150.1249999998656
7623,79.40625,1750908,379.81249999997004
7624,79.41666666666667,1751138,33.50000000006759
7625,79.42708333333333,1751367,135.18749999978752
7626,79.446875,1751804,315.5937500001883
7627,79.45729166666668,1752033,33.28125000032145
7628,79.46770833333333,1752263,70.9687500000058
7629,79.478125,1752493,44.65625000028126
7630,79.48854166666668,1752722,274.34375000038574
7631,79.49895833333333,1752952,504.0312500001768
7632,79.5,1752975,14.99999999987125
7633,79.51041666666667,1753205,52.6875000001823
7634,79.52083333333333,1753434,26.37499999983106
7635,79.53125,1753664,256.06249999993554
7636,79.54166666666667,1753894,485.75000000003996
7637,79.55208333333333,1754123,11.437499999752987
7638,79.571875,1754560,191.8437500001538
7639,79.58229166666668,1754790,421.53125000025824
7640,79.59270833333333,1755019,75.21875000004243
7641,79.603125,1755249,176.90625000007572
7642,79.61354166666668,1755479,150.59375000035118
7643,79.62395833333333,1755708,380.2812500001423
7644,79.625,1755731,403.2500000001214
7645,79.63541666666667,1755961,56.93750000021893
7646,79.64583333333333,1756191,158.62499999993886
7647,79.65625,1756420,132.31249999990098
7648,79.66666666666667,1756650,362.00000000000546
7649,79.67708333333333,1756880,15.687499999789623
7650,79.696875,1757316,68.09375000011926
7651,79.70729166666668,1757546,297.78125000022374
7652,79.71770833333333,1757775,15.468750000043485
7653,79.728125,1758005,53.15625000004118
7654,79.73854166666668,1758235,26.843750000316646
7655,79.74895833333333,1758465,256.5312500001078
7656,79.75,1758488,279.50000000008686
7657,79.76041666666667,1758717,509.18750000019133
7658,79.77083333333333,1758947,34.87499999990433
7659,79.78125,1759177,8.562499999866446
7660,79.79166666666667,1759406,238.2499999999709
7661,79.80208333333333,1759636,467.937499999762
7662,79.821875,1760072,200.34375000022706
7663,79.83229166666668,1760302,174.03125000018917
7664,79.84270833333333,1760532,403.7187499999803
7665,79.853125,1760761,57.40625000007782
7666,79.86354166666668,1760991,159.0937500001111
7667,79.87395833333333,1761221,132.78125000007321
7668,79.875,1761244,155.75000000005232
7669,79.88541666666667,1761473,385.4375000001568
7670,79.89583333333333,1761703,39.12499999994097
7671,79.90625,1761933,140.81249999997425
7672,79.91666666666667,1762163,114.50000000024971
7673,79.92708333333333,1762392,344.1875000000408
7674,79.946875,1762829,76.59375000019253
7675,79.95729166666668,1763058,50.28125000015464
7676,79.96770833333333,1763288,279.96874999994577
7677,79.978125,1763518,509.6562500000502
7678,79.98854166666668,1763747,35.34375000007657
7679,79.99895833333333,1763977,9.031250000038682
7680,80.0,1764000,32.00000000001779
7681,80.01041666666667,1764230,261.6875000001222
7682,80.02083333333333,1764459,491.37499999991337
7683,80.03125,1764689,17.062499999939718
7684,80.04166666666667,1764919,246.75000000004417
7685,80.05208333333333,1765148,220.43750000000628
7686,80.071875,1765585,80.84375000022916
7687,80.08229166666668,1765815,182.53125000026245
7688,80.09270833333333,1766044,156.2187499999112
7689,80.103125,1766274,385.9062500000157
7690,80.11354166666668,1766504,39.593750000113204
7691,80.12395833333333,1766733,141.28125000014649
7692,80.125,1766756,164.2500000001256
7693,80.13541666666667,1766986,137.9375000000877
7694,80.14583333333333,1767216,367.6249999998788
7695,80.15625,1767445,21.312499999976353
7696,80.16666666666667,1767675,123.00000000000963
7697,80.17708333333333,1767905,96.68749999997175
7698,80.196875,1768341,21.093750000230216
7699,80.20729166666668,1768571,58.781250000227914
7700,80.21770833333333,1768800,32.46874999987668
7701,80.228125,1769030,262.1562499999811
7702,80.23854166666668,1769260,491.8437500000856
7703,80.24895833333333,1769490,17.531250000111953
7704,80.25,1769513,40.50000000009106
7705,80.26041666666667,1769742,14.187500000053177
7706,80.27083333333333,1769972,243.87499999984428
7707,80.28125,1770202,473.5624999999487
7708,80.29166666666667,1770431,127.25000000004627
7709,80.30208333333333,1770661,228.9374999997662
7710,80.321875,1771097,409.343750000167
7711,80.33229166666668,1771327,63.03125000026455
7712,80.34270833333333,1771557,164.71874999998448
7713,80.353125,1771786,138.40625000025994
7714,80.36354166666668,1772016,368.09375000036437
7715,80.37395833333333,1772246,21.78125000014859
7716,80.375,1772269,44.7500000001277
7717,80.38541666666667,1772498,146.43750000016098
7718,80.39583333333333,1772728,120.12499999980975
7719,80.40625,1772958,349.81249999991417
7720,80.41666666666667,1773188,3.500000000011738
7721,80.42708333333333,1773417,105.18750000004502
7722,80.446875,1773854,285.59375000013245
7723,80.45729166666668,1774083,3.281250000265601
7724,80.46770833333333,1774313,40.96874999994995
7725,80.478125,1774543,14.656250000225413
7726,80.48854166666668,1774772,244.34375000032986
7727,80.49895833333333,1775002,474.03125000012096
7728,80.5,1775025,497.00000000010004
7729,80.51041666666667,1775255,22.687500000126448
7730,80.52083333333333,1775484,252.37499999991755
7731,80.53125,1775714,226.06249999987966
7732,80.54166666666667,1775944,455.7499999999841
7733,80.55208333333333,1776173,109.4374999997683
7734,80.571875,1776610,161.84375000009794
7735,80.58229166666668,1776840,391.53125000020236
7736,80.59270833333333,1777069,45.218749999986585
7737,80.603125,1777299,146.90625000001987
7738,80.61354166666668,1777529,120.59375000029533
7739,80.62395833333333,1777758,350.2812500000864
7740,80.625,1777781,373.25000000006554
7741,80.63541666666667,1778011,26.937500000163084
7742,80.64583333333333,1778241,128.62499999988302
7743,80.65625,1778470,102.31249999984513
7744,80.66666666666667,1778700,331.9999999999496
7745,80.67708333333333,1778930,49.68749999976936
7746,80.696875,1779366,38.09375000006341
7747,80.70729166666668,1779596,267.78125000016786
7748,80.71770833333333,1779825,497.46874999995896
7749,80.728125,1780055,23.156249999985334
7750,80.73854166666668,1780285,252.84375000008978
7751,80.74895833333333,1780515,226.5312500000519
7752,80.75,1780538,249.500000000031
7753,80.76041666666667,1780767,479.18750000013546
7754,80.77083333333333,1780997,4.874999999848484
7755,80.78125,1781227,234.56249999995293
7756,80.79166666666667,1781456,208.2500000002284
7757,80.80208333333333,1781686,437.9375000000195
7758,80.821875,1782122,170.3437500001712
7759,80.83229166666668,1782352,144.03125000013333
7760,80.84270833333333,1782582,373.7187499999244
7761,80.853125,1782811,27.40625000002197
7762,80.86354166666668,1783041,129.0937500003686
7763,80.87395833333333,1783271,102.78125000001737
7764,80.875,1783294,125.74999999999648
7765,80.88541666666667,1783523,355.43750000010095
7766,80.89583333333333,1783753,9.12499999988512
7767,80.90625,1783983,110.8124999999184
7768,80.91666666666667,1784213,84.50000000019386
7769,80.92708333333333,1784442,314.187499999985
7770,80.946875,1784879,46.59375000013668
7771,80.95729166666668,1785108,20.281250000098794
7772,80.96770833333333,1785338,249.9687499998899
7773,80.978125,1785568,479.6562499999943
7774,80.98854166666668,1785797,5.343750000334069
7775,80.99895833333333,1786027,235.03125000012517
7776,81.0,1786050,1.9999999999619433
7777,81.01041666666667,1786280,231.6875000000664
7778,81.02083333333333,1786509,461.3749999998575
7779,81.03125,1786739,115.06249999995504
7780,81.04166666666667,1786969,216.74999999998832
7781,81.05208333333333,1787198,190.43749999995043
7782,81.071875,1787635,50.843750000173316
7783,81.08229166666668,1787865,152.5312500002066
7784,81.09270833333333,1788094,126.21875000016871
7785,81.103125,1788324,355.9062500002732
7786,81.11354166666668,1788554,9.593750000370704
7787,81.12395833333333,1788783,111.28125000009064
7788,81.125,1788806,134.25000000006975
7789,81.13541666666667,1789036,107.93750000003186
7790,81.14583333333333,1789266,337.624999999823
7791,81.15625,1789495,55.31249999995609
7792,81.16666666666667,1789725,92.99999999995379
7793,81.17708333333333,1789955,66.6874999999159
7794,81.196875,1790391,503.0937500001457
7795,81.20729166666668,1790621,28.781250000172065
7796,81.21770833333333,1790850,2.468750000134179
7797,81.228125,1791080,232.15625000023863
7798,81.23854166666668,1791310,461.8437500003431
7799,81.24895833333333,1791540,115.53125000012727
7800,81.25,1791563,10.500000000035214
7801,81.26041666666667,1791792,240.18750000013966
7802,81.27083333333333,1792022,213.87499999978843
7803,81.28125,1792252,443.5624999998929
7804,81.29166666666667,1792481,97.24999999999042
7805,81.30208333333333,1792711,198.9375000000237
7806,81.321875,1793147,379.3437500001112
7807,81.33229166666668,1793377,33.0312500002087
7808,81.34270833333333,1793607,134.71874999992863
7809,81.353125,1793836,108.4062500002041
7810,81.36354166666668,1794066,338.09375000030855
7811,81.37395833333333,1794296,55.781250000128324
7812,81.375,1794319,14.75000000007185
7813,81.38541666666667,1794548,116.43750000010513
7814,81.39583333333333,1794778,90.1249999997539
7815,81.40625,1795008,319.81249999985835
7816,81.41666666666667,1795237,37.49999999999147
7817,81.42708333333333,1795467,75.18749999998917
7818,81.446875,1795904,255.59375000007662
7819,81.45729166666668,1796133,485.2812500001811
7820,81.46770833333333,1796363,10.9687499998941
7821,81.478125,1796593,240.65624999999855
7822,81.48854166666668,1796822,214.343750000274
7823,81.49895833333333,1797052,444.03125000006514
7824,81.5,1797075,467.0000000000442
7825,81.51041666666667,1797305,120.68750000014177
7826,81.52083333333333,1797534,222.3749999998617
7827,81.53125,1797764,196.06250000013716
7828,81.54166666666667,1797994,425.7500000002416
7829,81.55208333333333,1798223,79.4375000000258
7830,81.571875,1798660,131.8437500000421
7831,81.58229166666668,1798890,361.53125000014654
7832,81.59270833333333,1799119,15.218749999930736
7833,81.603125,1799349,116.90625000027737
7834,81.61354166666668,1799579,90.59375000023948
7835,81.62395833333333,1799808,320.2812500000306
7836,81.625,1799831,343.25000000000966
7837,81.63541666666667,1800061,60.93750000014282
7838,81.64583333333333,1800291,98.62499999982717
7839,81.65625,1800520,72.31250000010263
7840,81.66666666666667,1800750,302.0000000002071
7841,81.67708333333333,1800980,19.68750000002686
7842,81.696875,1801416,8.09375000000756
7843,81.70729166666668,1801646,237.781250000112
7844,81.71770833333333,1801875,467.46874999990314
7845,81.728125,1802105,121.15625000000065
7846,81.73854166666668,1802335,222.84375000034728
7847,81.74895833333333,1802565,196.53124999999605
7848,81.75,1802587,219.49999999997516
7849,81.76041666666667,1802817,449.1875000000796
7850,81.77083333333333,1803047,102.8749999998638
7851,81.78125,1803277,204.56249999989708
7852,81.79166666666667,1803506,178.25000000017255
7853,81.80208333333333,1803736,407.9374999999636
7854,81.821875,1804172,140.34375000011536
7855,81.83229166666668,1804402,114.03125000007748
7856,81.84270833333333,1804632,343.7187499998686
7857,81.853125,1804861,61.406250000001705
7858,81.86354166666668,1805091,99.09375000031275
7859,81.87395833333333,1805321,72.78124999996152
7860,81.875,1805344,95.74999999994063
7861,81.88541666666667,1805573,325.4375000000451
7862,81.89583333333333,1805803,43.124999999864855
7863,81.90625,1806033,80.81249999986255
7864,81.91666666666667,1806263,54.500000000138016
7865,81.92708333333333,1806492,284.1874999999291
7866,81.946875,1806929,16.59375000008083
7867,81.95729166666668,1807158,246.28125000018528
7868,81.96770833333333,1807388,219.9687500001474
7869,81.978125,1807618,449.6562500002518
7870,81.98854166666668,1807847,103.34375000034939
7871,81.99895833333333,1808077,205.03125000006932
7872,82.0,1808100,228.00000000004843
7873,82.01041666666667,1808330,201.68750000001054
7874,82.02083333333333,1808559,431.3749999998016
7875,82.03125,1808789,85.06249999989919
7876,82.04166666666667,1809019,186.75000000024582
7877,82.05208333333333,1809248,160.43749999989458
7878,82.071875,1809685,20.843750000117467
7879,82.08229166666668,1809915,122.53125000015075
7880,82.09270833333333,1810144,96.21875000011286
7881,82.103125,1810374,325.9062500002173
7882,82.11354166666668,1810604,43.59375000035044
7883,82.12395833333333,1810833,81.28125000003479
7884,82.125,1810856,104.2500000000139
7885,82.13541666666667,1811086,77.93749999997601
7886,82.14583333333333,1811316,307.6249999997671
7887,82.15625,1811545,25.31249999990024
7888,82.16666666666667,1811775,63.00000000021129
7889,82.17708333333333,1812005,36.68749999986005
7890,82.196875,1812441,473.0937500000898
7891,82.20729166666668,1812671,126.78125000018738
7892,82.21770833333333,1812900,228.46874999990732
7893,82.228125,1813130,202.15625000018278
7894,82.23854166666668,1813360,431.84375000028723
7895,82.24895833333333,1813590,85.53125000007142
7896,82.25,1813613,108.50000000005053
7897,82.26041666666667,1813842,210.18750000008382
7898,82.27083333333333,1814072,183.87500000004593
7899,82.28125,1814302,413.5625000001504
7900,82.29166666666667,1814531,67.25000000024792
7901,82.30208333333333,1814761,168.93749999996786
7902,82.321875,1815197,349.3437500000553
7903,82.33229166666668,1815427,3.031250000152852
7904,82.34270833333333,1815657,104.71874999987278
7905,82.353125,1815886,78.40625000014825
7906,82.36354166666668,1816116,308.0937500002527
7907,82.37395833333333,1816346,25.781250000072475
7908,82.375,1816369,48.750000000051585
7909,82.38541666666667,1816598,86.43750000004928
7910,82.39583333333333,1816828,60.1250000000114
7911,82.40625,1817058,289.81250000011585
7912,82.41666666666667,1817288,7.500000000248974
7913,82.42708333333333,1817517,45.18749999993332
7914,82.446875,1817954,225.59375000002078
7915,82.45729166666668,1818183,455.2812500001252
7916,82.46770833333333,1818413,108.96874999990942
7917,82.478125,1818643,210.65625000025605
7918,82.48854166666668,1818872,184.34375000021817
7919,82.49895833333333,1819102,414.03125000000927
7920,82.5,1819125,436.9999999999884
7921,82.51041666666667,1819355,90.68750000008592
7922,82.52083333333333,1819584,192.37499999980585
7923,82.53125,1819814,166.06250000008131
7924,82.54166666666667,1820044,395.75000000018576
7925,82.55208333333333,1820273,49.43749999996996
7926,82.571875,1820710,101.84374999998624
7927,82.58229166666668,1820940,331.5312500000907
7928,82.59270833333333,1821169,49.21874999991047
7929,82.603125,1821399,86.90625000022152
7930,82.61354166666668,1821629,60.59375000018363
7931,82.62395833333333,1821858,290.28124999997476
7932,82.625,1821881,313.24999999995384
7933,82.63541666666667,1822111,30.93750000008697
7934,82.64583333333333,1822341,68.62499999977132
7935,82.65625,1822570,42.31250000004678
7936,82.66666666666667,1822800,272.0000000001512
7937,82.67708333333333,1823030,501.68749999994236
7938,82.696875,1823466,234.09375000009405
7939,82.70729166666668,1823696,207.7812500003695
7940,82.71770833333333,1823925,437.46875000016064
7941,82.728125,1824155,91.15625000025815
7942,82.73854166666668,1824385,192.84375000029144
7943,82.74895833333333,1824615,166.5312499999402
7944,82.75,1824637,189.4999999999193
7945,82.76041666666667,1824867,419.18750000002376
7946,82.77083333333333,1825097,72.87499999980795
7947,82.78125,1825327,174.56250000015459
7948,82.79166666666667,1825556,148.2500000001167
7949,82.80208333333333,1825786,377.9374999999078
7950,82.821875,1826222,110.34375000005952
7951,82.83229166666668,1826452,84.03125000033498
7952,82.84270833333333,1826682,313.7187500001261
7953,82.853125,1826911,31.406250000259206
7954,82.86354166666668,1827141,69.0937500002569
7955,82.87395833333333,1827371,42.78124999990567
7956,82.875,1827394,65.74999999988478
7957,82.88541666666667,1827623,295.4374999999892
7958,82.89583333333333,1827853,13.124999999809006
7959,82.90625,1828083,50.81250000012005
7960,82.91666666666667,1828313,24.500000000082167
7961,82.92708333333333,1828542,254.18749999987327
7962,82.946875,1828979,114.59375000009615
7963,82.95729166666668,1829208,216.28125000012943
7964,82.96770833333333,1829438,189.96875000009155
7965,82.978125,1829668,419.656250000196
7966,82.98854166666668,1829897,73.34375000029354
7967,82.99895833333333,1830127,175.03125000001347
7968,83.0,1830150,197.99999999999258
7969,83.01041666666667,1830380,171.6874999999547
7970,83.02083333333333,1830609,401.3749999997458
7971,83.03125,1830839,55.06249999984334
7972,83.04166666666667,1831069,156.75000000018997
7973,83.05208333333333,1831298,130.43749999983874
7974,83.071875,1831735,54.8437500000972
7975,83.08229166666668,1831965,92.5312500000949
7976,83.09270833333333,1832194,66.21875000005701
7977,83.103125,1832424,295.90625000016144
7978,83.11354166666668,1832654,13.593750000294591
7979,83.12395833333333,1832883,51.28124999997894
7980,83.125,1832906,74.24999999995805
7981,83.13541666666667,1833136,47.93750000023351
7982,83.14583333333333,1833366,277.6250000000246
7983,83.15625,1833595,507.31250000012903
7984,83.16666666666667,1833825,33.00000000015544
7985,83.17708333333333,1834055,6.687499999804203
7986,83.196875,1834491,443.093750000034
7987,83.20729166666668,1834721,96.78125000013154
7988,83.21770833333333,1834950,198.46875000016482
7989,83.228125,1835180,172.15625000012693
7990,83.23854166666668,1835410,401.84375000023135
7991,83.24895833333333,1835640,55.531250000015575
7992,83.25,1835662,78.49999999999469
7993,83.26041666666667,1835892,180.18750000002797
7994,83.27083333333333,1836122,153.87499999999008
7995,83.28125,1836352,383.56250000009453
7996,83.29166666666667,1836581,37.250000000192074
7997,83.30208333333333,1836811,138.937499999912
7998,83.321875,1837247,319.34374999999943
7999,83.33229166666668,1837477,37.03125000013259
8000,83.34270833333333,1837707,74.71875000013029
8001,83.353125,1837936,48.4062500000924
8002,83.36354166666668,1838166,278.09375000019685
8003,83.37395833333333,1838396,507.78124999998795
8004,83.375,1838419,18.749999999995737
8005,83.38541666666667,1838648,56.437499999993435
8006,83.39583333333333,1838878,30.12499999995555
8007,83.40625,1839108,259.81250000006
8008,83.41666666666667,1839338,489.50000000016445
8009,83.42708333333333,1839567,15.187499999877474
8010,83.446875,1840004,195.59375000027828
8011,83.45729166666668,1840233,425.2812500003827
8012,83.46770833333333,1840463,78.96875000016692
8013,83.478125,1840693,180.6562500002002
8014,83.48854166666668,1840922,154.34375000016232
8015,83.49895833333333,1841152,384.0312499999534
8016,83.5,1841175,406.9999999999325
8017,83.51041666666667,1841405,60.68750000003007
8018,83.52083333333333,1841634,162.37499999975
8019,83.53125,1841864,136.06250000002547
8020,83.54166666666667,1842094,365.75000000012994
8021,83.55208333333333,1842323,19.43749999991411
8022,83.571875,1842760,71.84375000024374
8023,83.58229166666668,1842990,301.5312500003482
8024,83.59270833333333,1843219,19.218750000167972
8025,83.603125,1843449,56.90625000016567
8026,83.61354166666668,1843679,30.593750000127784
8027,83.62395833333333,1843908,260.2812499999189
8028,83.625,1843931,283.249999999898
8029,83.63541666666667,1844161,0.9375000000311218
8030,83.64583333333333,1844391,38.62500000002882
8031,83.65625,1844620,12.312499999990933
8032,83.66666666666667,1844850,242.00000000009538
8033,83.67708333333333,1845080,471.6874999998865
8034,83.696875,1845516,204.0937500000382
8035,83.70729166666668,1845746,177.78125000031366
8036,83.71770833333333,1845975,407.46875000010476
8037,83.728125,1846205,61.156250000202306
8038,83.73854166666668,1846435,162.8437500002356
8039,83.74895833333333,1846665,136.53124999988435
8040,83.75,1846687,159.49999999986346
8041,83.76041666666667,1846917,389.18749999996794
8042,83.77083333333333,1847147,42.874999999752106
8043,83.78125,1847377,144.56250000009874
8044,83.79166666666667,1847606,118.25000000006085
8045,83.80208333333333,1847836,347.937499999852
8046,83.821875,1848272,80.34375000000367
8047,83.83229166666668,1848502,54.03125000027913
8048,83.84270833333333,1848732,283.71875000007026
8049,83.853125,1848961,1.4062500002033573
8050,83.86354166666668,1849191,39.093750000201055
8051,83.87395833333333,1849421,12.781250000163169
8052,83.875,1849444,35.75000000014228
8053,83.88541666666667,1849673,265.4375000002467
8054,83.89583333333333,1849903,495.12500000003786
8055,83.90625,1850133,20.812500000064205
8056,83.91666666666667,1850363,250.50000000016865
8057,83.92708333333333,1850592,224.18749999981742
8058,83.946875,1851029,84.5937500000403
8059,83.95729166666668,1851258,186.28125000007358
8060,83.96770833333333,1851488,159.9687500000357
8061,83.978125,1851718,389.6562500001402
8062,83.98854166666668,1851947,43.34375000023769
8063,83.99895833333333,1852177,145.03124999995762
8064,84.0,1852200,167.99999999993673
8065,84.01041666666667,1852430,141.6875000002122
8066,84.02083333333333,1852659,371.3750000000033
8067,84.03125,1852889,25.06250000010084
8068,84.04166666666667,1853119,126.75000000013412
8069,84.05208333333333,1853348,100.43749999978289
8070,84.071875,1853785,24.843750000041354
8071,84.08229166666668,1854015,62.5312500003524
8072,84.09270833333333,1854244,36.218750000001165
8073,84.103125,1854474,265.9062500001056
8074,84.11354166666668,1854704,495.5937500002101
8075,84.12395833333333,1854933,21.28124999992309
8076,84.125,1854956,44.2499999999022
8077,84.13541666666667,1855186,17.937500000177664
8078,84.14583333333333,1855416,247.62499999996876
8079,84.15625,1855645,477.3125000000732
8080,84.16666666666667,1855875,3.0000000000995897
8081,84.17708333333333,1856105,232.6874999998907
8082,84.196875,1856541,413.0937499999782
8083,84.20729166666668,1856771,66.78125000007569
8084,84.21770833333333,1857000,168.46875000010897
8085,84.228125,1857230,142.15625000007108
8086,84.23854166666668,1857460,371.84375000017553
8087,84.24895833333333,1857690,25.531249999959726
8088,84.25,1857712,48.49999999993884
8089,84.26041666666667,1857942,150.18749999997212
8090,84.27083333333333,1858172,123.87499999993423
8091,84.28125,1858402,353.56250000003865
8092,84.29166666666667,1858631,7.250000000136225
8093,84.30208333333333,1858861,108.93749999985616
8094,84.321875,1859297,289.34375000025693
8095,84.33229166666668,1859527,7.031250000076739
8096,84.34270833333333,1859757,44.71875000007444
8097,84.353125,1859986,18.40625000003655
8098,84.36354166666668,1860216,248.093750000141
8099,84.37395833333333,1860446,477.78124999993213
8100,84.375,1860469,500.7499999999112
8101,84.38541666666667,1860698,26.437500000250935
8102,84.39583333333333,1860928,0.12499999989969979
8103,84.40625,1861158,229.81250000000415
8104,84.41666666666667,1861388,459.50000000010857
8105,84.42708333333333,1861617,113.1874999998928
8106,84.446875,1862054,165.59375000022243
8107,84.45729166666668,1862283,395.28125000032685
8108,84.46770833333333,1862513,48.96875000011107
8109,84.478125,1862743,150.65625000014435
8110,84.48854166666668,1862972,124.34375000010647
8111,84.49895833333333,1863202,354.03124999989757
8112,84.5,1863225,376.99999999987665
8113,84.51041666666667,1863455,30.68749999997422
8114,84.52083333333333,1863684,132.3750000000075
8115,84.53125,1863914,106.06249999996962
8116,84.54166666666667,1864144,335.75000000007407
8117,84.55208333333333,1864373,53.437499999893845
8118,84.571875,1864810,41.843750000187896
8119,84.58229166666668,1865040,271.53125000029235
8120,84.59270833333333,1865269,501.21875000008345
8121,84.603125,1865499,26.90625000010982
8122,84.61354166666668,1865729,0.5937500003852847
8123,84.62395833333333,1865958,230.28125000017639
8124,84.625,1865981,253.2500000001555
8125,84.63541666666667,1866211,482.93750000025994
8126,84.64583333333333,1866441,8.624999999972971
8127,84.65625,1866670,238.31250000007742
8128,84.66666666666667,1866900,212.00000000003953
8129,84.67708333333333,1867130,441.6874999998306
8130,84.696875,1867566,174.09374999998235
8131,84.70729166666668,1867796,147.7812500002578
8132,84.71770833333333,1868025,377.4687500000489
8133,84.728125,1868255,31.156250000146457
8134,84.73854166666668,1868485,132.84375000017974
8135,84.74895833333333,1868715,106.53125000014185
8136,84.75,1868738,129.50000000012096
8137,84.76041666666667,1868967,359.18750000022544
8138,84.77083333333333,1869197,12.875000000009607
8139,84.78125,1869427,114.56250000004289
8140,84.79166666666667,1869656,88.250000000005
8141,84.80208333333333,1869886,317.9374999997961
8142,84.821875,1870322,50.34375000026117
8143,84.83229166666668,1870552,24.03125000022328
8144,84.84270833333333,1870782,253.71875000001438
8145,84.853125,1871011,483.4062500001188
8146,84.86354166666668,1871241,9.093750000145207
8147,84.87395833333333,1871471,238.7812499999363
8148,84.875,1871494,5.75000000008643
8149,84.88541666666667,1871723,235.43750000019088
8150,84.89583333333333,1871953,465.124999999982
8151,84.90625,1872183,118.81250000007952
8152,84.91666666666667,1872413,220.5000000001128
8153,84.92708333333333,1872642,194.18749999976157
8154,84.946875,1873079,54.59374999998445
8155,84.95729166666668,1873308,156.28125000033108
8156,84.96770833333333,1873538,129.96874999997985
8157,84.978125,1873768,359.6562500000843
8158,84.98854166666668,1873997,13.343750000181842
8159,84.99895833333333,1874227,115.03124999990177
8160,85.0,1874250,137.99999999988088
8161,85.01041666666667,1874480,111.68750000015635
8162,85.02083333333333,1874709,341.3749999999475
8163,85.03125,1874939,59.062500000080576
8164,85.04166666666667,1875169,96.75000000007827
8165,85.05208333333333,1875398,70.43750000004039
8166,85.071875,1875835,506.8437500002702
8167,85.08229166666668,1876065,32.53125000029655
8168,85.09270833333333,1876294,6.218749999945317
8169,85.103125,1876524,235.90625000004977
8170,85.11354166666668,1876754,465.5937500001542
8171,85.12395833333333,1876983,119.28124999993841
8172,85.125,1877006,14.249999999846352
8173,85.13541666666667,1877236,243.9374999999508
8174,85.14583333333333,1877466,217.62499999991292
8175,85.15625,1877695,447.3125000000174
8176,85.16666666666667,1877925,101.00000000011491
8177,85.17708333333333,1878155,202.68749999983484
8178,85.196875,1878591,383.0937500002357
8179,85.20729166666668,1878821,36.78125000033319
8180,85.21770833333333,1879050,138.46875000005312
8181,85.228125,1879280,112.15625000001523
8182,85.23854166666668,1879510,341.8437500001197
8183,85.24895833333333,1879740,59.53124999993946
8184,85.25,1879762,18.499999999882988
8185,85.26041666666667,1879992,120.18750000022962
8186,85.27083333333333,1880222,93.87499999987838
8187,85.28125,1880452,323.56249999998283
8188,85.29166666666667,1880681,41.25000000011596
8189,85.30208333333333,1880911,78.93749999980031
8190,85.321875,1881347,259.3437500002011
8191,85.33229166666668,1881577,489.0312500003056
8192,85.34270833333333,1881807,14.718750000018588
8193,85.353125,1882036,244.40625000012304
8194,85.36354166666668,1882266,218.09375000008515
8195,85.37395833333333,1882496,447.78124999987625
8196,85.375,1882519,470.7499999998554
8197,85.38541666666667,1882748,124.4374999999529
8198,85.39583333333333,1882978,226.1249999999862
8199,85.40625,1883208,199.8124999999483
8200,85.41666666666667,1883438,429.50000000005275
8201,85.42708333333333,1883667,83.18749999983694
8202,85.446875,1884104,135.59375000016658
8203,85.45729166666668,1884333,365.28125000027103
8204,85.46770833333333,1884563,18.968750000055223
8205,85.478125,1884793,120.6562500000885
8206,85.48854166666668,1885022,94.34375000036397
8207,85.49895833333333,1885252,324.03125000015507
8208,85.5,1885275,347.00000000013415
8209,85.51041666666667,1885505,0.6875000002317222
8210,85.52083333333333,1885734,102.37499999995165
8211,85.53125,1885964,76.06249999991377
8212,85.54166666666667,1886194,305.7500000000182
8213,85.55208333333333,1886423,23.437499999837996
8214,85.571875,1886860,11.843750000132047
8215,85.58229166666668,1887090,241.5312500002365
8216,85.59270833333333,1887319,471.2187500000276
8217,85.603125,1887549,124.90625000012514
8218,85.61354166666668,1887779,226.59375000015842
8219,85.62395833333333,1888008,200.28125000012054
8220,85.625,1888031,223.25000000009965
8221,85.63541666666667,1888261,452.93750000020407
8222,85.64583333333333,1888491,106.62499999998829
8223,85.65625,1888720,208.31250000002157
8224,85.66666666666667,1888950,181.9999999999837
8225,85.67708333333333,1889180,411.6874999997748
8226,85.696875,1889616,144.09375000023985
8227,85.70729166666668,1889846,117.78125000020196
8228,85.71770833333333,1890075,347.46874999999307
8229,85.728125,1890305,1.1562500000906084
8230,85.73854166666668,1890535,102.84375000012389
8231,85.74895833333333,1890765,76.531250000086
8232,85.75,1890788,99.50000000006511
8233,85.76041666666667,1891017,329.18750000016956
8234,85.77083333333333,1891247,46.87499999998934
8235,85.78125,1891477,84.56249999998704
8236,85.79166666666667,1891706,58.249999999949154
8237,85.80208333333333,1891936,287.9374999997402
8238,85.821875,1892372,20.34375000020532
8239,85.83229166666668,1892602,250.03125000030977
8240,85.84270833333333,1892832,223.71874999995853
8241,85.853125,1893061,453.406250000063
8242,85.86354166666668,1893291,107.09375000016053
8243,85.87395833333333,1893521,208.78124999988046
8244,85.875,1893544,231.74999999985957
8245,85.88541666666667,1893773,205.43750000013503
8246,85.89583333333333,1894003,435.1249999999261
8247,85.90625,1894233,88.81250000002368
8248,85.91666666666667,1894463,190.50000000005696
8249,85.92708333333333,1894692,164.18750000001907
8250,85.946875,1895129,24.593750000241954
8251,85.95729166666668,1895358,126.28125000027524
8252,85.96770833333333,1895588,99.968749999924
8253,85.978125,1895818,329.6562500000284
8254,85.98854166666668,1896047,47.34375000016158
8255,85.99895833333333,1896277,85.03125000015928
8256,86.0,1896300,108.00000000013839
8257,86.01041666666667,1896530,81.6875000001005
8258,86.02083333333333,1896759,311.3749999998916
8259,86.03125,1896989,29.062500000024727
8260,86.04166666666667,1897219,66.75000000002242
8261,86.05208333333333,1897448,40.43749999998454
8262,86.071875,1897885,476.8437500002143
8263,86.08229166666668,1898115,2.5312500002407035
8264,86.09270833333333,1898344,232.2187500000318
8265,86.103125,1898574,205.90624999999392
8266,86.11354166666668,1898804,435.59375000009834
8267,86.12395833333333,1899033,89.28124999988256
8268,86.125,1899056,112.24999999986167
8269,86.13541666666667,1899286,213.9375000002083
8270,86.14583333333333,1899516,187.62499999985707
8271,86.15625,1899745,417.3124999999615
8272,86.16666666666667,1899975,71.00000000005906
8273,86.17708333333333,1900205,172.687499999779
8274,86.196875,1900641,353.0937500001798
8275,86.20729166666668,1900871,6.781250000277339
8276,86.21770833333333,1901100,108.46874999999727
8277,86.228125,1901330,82.15625000027273
8278,86.23854166666668,1901560,311.8437500003772
8279,86.24895833333333,1901790,29.531249999883613
8280,86.25,1901812,52.49999999986272
8281,86.26041666666667,1902042,90.18750000017377
8282,86.27083333333333,1902272,63.874999999822535
8283,86.28125,1902502,293.562499999927
8284,86.29166666666667,1902731,11.250000000060112
8285,86.30208333333333,1902961,48.93749999974446
8286,86.321875,1903397,229.34375000014526
8287,86.33229166666668,1903627,459.0312500002497
8288,86.34270833333333,1903857,112.7187500000339
8289,86.353125,1904086,214.4062500000672
8290,86.36354166666668,1904316,188.09375000034265
8291,86.37395833333333,1904546,417.78125000013375
8292,86.375,1904569,440.7500000001129
8293,86.38541666666667,1904798,94.4375000002104
8294,86.39583333333333,1905028,196.12499999993034
8295,86.40625,1905258,169.81249999989245
8296,86.41666666666667,1905487,399.49999999999693
8297,86.42708333333333,1905717,53.187499999781096
8298,86.446875,1906154,105.59375000011073
8299,86.45729166666668,1906383,335.2812500002152
8300,86.46770833333333,1906613,52.96875000003496
8301,86.478125,1906843,90.65625000003266
8302,86.48854166666668,1907072,64.34375000030812
8303,86.49895833333333,1907302,294.03125000009925
8304,86.5,1907325,317.00000000007833
8305,86.51041666666667,1907555,34.68750000021146
8306,86.52083333333333,1907784,72.3749999998958
8307,86.53125,1908014,46.06249999985792
8308,86.54166666666667,1908244,275.74999999996237
8309,86.55208333333333,1908473,505.43749999975347
8310,86.571875,1908910,237.84375000021853
8311,86.58229166666668,1909140,211.53125000018065
8312,86.59270833333333,1909369,441.21874999997175
8313,86.603125,1909599,94.90625000006929
8314,86.61354166666668,1909829,196.59375000010257
8315,86.62395833333333,1910058,170.2812500000647
8316,86.625,1910081,193.2500000000438
8317,86.63541666666667,1910311,422.93750000014825
8318,86.64583333333333,1910541,76.62499999993244
8319,86.65625,1910770,178.31249999996572
8320,86.66666666666667,1911000,152.0000000002412
8321,86.67708333333333,1911230,381.6875000000323
8322,86.696875,1911666,114.093750000184
8323,86.70729166666668,1911896,87.78125000014612
8324,86.71770833333333,1912125,317.46874999993724
8325,86.728125,1912355,35.156250000070344
8326,86.73854166666668,1912585,72.84375000038139
8327,86.74895833333333,1912815,46.531250000030155
8328,86.75,1912838,69.50000000000927
8329,86.76041666666667,1913067,299.1875000001137
8330,86.77083333333333,1913297,16.874999999933493
8331,86.78125,1913527,54.56249999993119
8332,86.79166666666667,1913756,28.250000000206654
8333,86.80208333333333,1913986,257.9374999999977
8334,86.821875,1914422,118.34375000022064
8335,86.83229166666668,1914652,220.03125000025392
8336,86.84270833333333,1914882,193.71874999990268
8337,86.853125,1915111,423.40625000000716
8338,86.86354166666668,1915341,77.09375000010468
8339,86.87395833333333,1915571,178.78125000013796
8340,86.875,1915594,201.75000000011707
8341,86.88541666666667,1915823,175.43750000007918
8342,86.89583333333333,1916053,405.1249999998703
8343,86.90625,1916283,58.81249999996783
8344,86.91666666666667,1916513,160.5000000000011
8345,86.92708333333333,1916742,134.18749999996322
8346,86.946875,1917179,58.59375000022169
8347,86.95729166666668,1917408,96.28125000021939
8348,86.96770833333333,1917638,69.96874999986815
8349,86.978125,1917868,299.6562499999726
8350,86.98854166666668,1918097,17.34375000010573
8351,86.99895833333333,1918327,55.03125000010343
8352,87.0,1918350,78.00000000008254
8353,87.01041666666667,1918580,51.68750000004465
8354,87.02083333333333,1918809,281.3749999998357
8355,87.03125,1919039,511.0624999999402
8356,87.04166666666667,1919269,36.749999999966576
8357,87.05208333333333,1919498,10.43749999992869
8358,87.071875,1919935,446.8437500001585
8359,87.08229166666668,1920165,100.53125000025602
8360,87.09270833333333,1920394,202.21874999997596
8361,87.103125,1920624,175.90625000025142
8362,87.11354166666668,1920854,405.59375000035584
8363,87.12395833333333,1921083,59.28125000014006
8364,87.125,1921106,82.25000000011917
8365,87.13541666666667,1921336,183.93750000015245
8366,87.14583333333333,1921566,157.62499999980122
8367,87.15625,1921795,387.31249999990564
8368,87.16666666666667,1922025,41.00000000000321
8369,87.17708333333333,1922255,142.6875000000365
8370,87.196875,1922691,323.0937500001239
8371,87.20729166666668,1922921,40.781250000257074
8372,87.21770833333333,1923150,78.46874999994142
8373,87.228125,1923380,52.156250000216886
8374,87.23854166666668,1923610,281.84375000032134
8375,87.24895833333333,1923840,511.53125000011244
8376,87.25,1923863,22.500000000120224
8377,87.26041666666667,1924092,60.18750000011792
8378,87.27083333333333,1924322,33.874999999766686
8379,87.28125,1924552,263.56249999987114
8380,87.29166666666667,1924781,493.24999999997556
8381,87.30208333333333,1925011,18.93750000000196
8382,87.321875,1925447,199.34375000008941
8383,87.33229166666668,1925677,429.03125000019384
8384,87.34270833333333,1925907,82.71874999997806
8385,87.353125,1926136,184.40625000001134
8386,87.36354166666668,1926366,158.0937500002868
8387,87.37395833333333,1926596,387.7812500000779
8388,87.375,1926619,410.750000000057
8389,87.38541666666667,1926848,64.43750000015456
8390,87.39583333333333,1927078,166.1249999998745
8391,87.40625,1927308,139.81250000014995
8392,87.41666666666667,1927538,369.50000000025443
8393,87.42708333333333,1927767,23.187500000038597
8394,87.446875,1928204,75.59375000005488
8395,87.45729166666668,1928433,305.28125000015933
8396,87.46770833333333,1928663,22.96874999997911
8397,87.478125,1928893,60.65624999997681
8398,87.48854166666668,1929122,34.34375000025227
8399,87.49895833333333,1929352,264.03125000004337
8400,87.5,1929375,287.0000000000225
8401,87.51041666666667,1929605,4.687500000155609
8402,87.52083333333333,1929834,42.37499999983996
8403,87.53125,1930064,16.06250000011542
8404,87.54166666666667,1930294,245.75000000021987
8405,87.55208333333333,1930523,475.43750000001097
8406,87.571875,1930960,207.8437500001627
8407,87.58229166666668,1931190,181.5312500001248
8408,87.59270833333333,1931419,411.2187499999159
8409,87.603125,1931649,64.90625000001344
8410,87.61354166666668,1931879,166.59375000036007
8411,87.62395833333333,1932108,140.28125000000884
8412,87.625,1932131,163.24999999998795
8413,87.63541666666667,1932361,392.9375000000924
8414,87.64583333333333,1932591,46.62499999987659
8415,87.65625,1932820,148.31249999990987
8416,87.66666666666667,1933050,122.00000000018534
8417,87.67708333333333,1933280,351.68749999997647
8418,87.696875,1933716,84.09375000012815
8419,87.70729166666668,1933946,57.78125000009027
8420,87.71770833333333,1934175,287.46874999988137
8421,87.728125,1934405,5.156250000014495
8422,87.73854166666668,1934635,42.84375000032554
8423,87.74895833333333,1934865,16.531249999974307
8424,87.75,1934887,39.49999999995342
8425,87.76041666666667,1935117,269.18750000005787
8426,87.77083333333333,1935347,498.87499999984897
8427,87.78125,1935577,24.562499999875342
8428,87.79166666666667,1935806,254.2499999999798
8429,87.80208333333333,1936036,227.9374999999419
8430,87.821875,1936472,88.34375000016479
8431,87.83229166666668,1936702,190.03125000019807
8432,87.84270833333333,1936932,163.71875000016018
8433,87.853125,1937161,393.40625000026466
8434,87.86354166666668,1937391,47.09375000036218
8435,87.87395833333333,1937621,148.7812500000821
8436,87.875,1937644,171.75000000006122
8437,87.88541666666667,1937873,145.43750000002333
8438,87.89583333333333,1938103,375.12499999981446
8439,87.90625,1938333,28.812499999911978
8440,87.91666666666667,1938563,130.5000000002586
8441,87.92708333333333,1938792,104.18749999990737
8442,87.946875,1939229,28.59375000016584
8443,87.95729166666668,1939458,66.28125000016354
8444,87.96770833333333,1939688,39.96875000012565
8445,87.978125,1939918,269.6562500002301
8446,87.98854166666668,1940147,499.3437500003346
8447,87.99895833333333,1940377,25.031250000047578
8448,88.0,1940400,48.00000000002669
8449,88.01041666666667,1940630,21.687499999988802
8450,88.02083333333333,1940859,251.3749999997799
8451,88.03125,1941089,481.0624999998844
8452,88.04166666666667,1941319,6.750000000224077
8453,88.05208333333333,1941548,236.43750000001518
8454,88.071875,1941985,416.84375000010266
8455,88.08229166666668,1942215,70.53125000020017
8456,88.09270833333333,1942444,172.2187499999201
8457,88.103125,1942674,145.90625000019557
8458,88.11354166666668,1942904,375.5937500003
8459,88.12395833333333,1943133,29.281250000084214
8460,88.125,1943156,52.250000000063324
8461,88.13541666666667,1943386,153.9375000000966
8462,88.14583333333333,1943616,127.62499999974537
8463,88.15625,1943845,357.3124999998498
8464,88.16666666666667,1944075,11.000000000260712
8465,88.17708333333333,1944305,112.68749999998064
8466,88.196875,1944741,293.0937500000681
8467,88.20729166666668,1944971,10.781250000201226
8468,88.21770833333333,1945200,48.468749999885574
8469,88.228125,1945430,22.156250000161037
8470,88.23854166666668,1945660,251.8437500002655
8471,88.24895833333333,1945890,481.5312500000566
8472,88.25,1945913,504.5000000000357
8473,88.26041666666667,1946142,30.187500000062073
8474,88.27083333333333,1946372,3.875000000024187
8475,88.28125,1946602,233.56250000012864
8476,88.29166666666667,1946831,463.25000000023306
8477,88.30208333333333,1947061,116.93750000001728
8478,88.321875,1947497,169.34375000003357
8479,88.33229166666668,1947727,399.031250000138
8480,88.34270833333333,1947957,52.71874999992221
8481,88.353125,1948186,154.40625000026884
8482,88.36354166666668,1948416,128.09375000023095
8483,88.37395833333333,1948646,357.78125000002206
8484,88.375,1948669,380.75000000000114
8485,88.38541666666667,1948898,34.43750000009871
8486,88.39583333333333,1949128,136.12499999981864
8487,88.40625,1949358,109.8125000000941
8488,88.41666666666667,1949588,339.50000000019855
8489,88.42708333333333,1949817,57.18750000001833
8490,88.446875,1950254,45.593749999999034
8491,88.45729166666668,1950483,275.28125000010346
8492,88.46770833333333,1950713,504.9687499998946
8493,88.478125,1950943,30.65625000023431
8494,88.48854166666668,1951172,4.343750000196422
8495,88.49895833333333,1951402,234.03124999998752
8496,88.5,1951425,256.99999999996663
8497,88.51041666666667,1951655,486.68750000007105
8498,88.52083333333333,1951884,12.374999999784109
8499,88.53125,1952114,242.06249999988856
8500,88.54166666666667,1952344,215.75000000016402
8501,88.55208333333333,1952573,445.4374999999551
8502,88.571875,1953010,177.84375000010684
8503,88.58229166666668,1953240,151.5312500003823
8504,88.59270833333333,1953469,381.2187500001734
8505,88.603125,1953699,34.906250000270944
8506,88.61354166666668,1953929,136.59375000030423
8507,88.62395833333333,1954158,110.28124999995299
8508,88.625,1954181,133.2499999999321
8509,88.63541666666667,1954411,362.93750000003655
8510,88.64583333333333,1954641,16.624999999820744
8511,88.65625,1954870,118.31249999985403
8512,88.66666666666667,1955100,92.00000000012949
8513,88.67708333333333,1955330,321.6874999999206
8514,88.696875,1955766,54.093750000072305
8515,88.70729166666668,1955996,27.781250000347768
8516,88.71770833333333,1956225,257.46875000013887
8517,88.728125,1956455,487.1562500002433
8518,88.73854166666668,1956685,12.843750000269694
8519,88.74895833333333,1956915,242.5312500000608
8520,88.75,1956937,9.499999999897568
8521,88.76041666666667,1957167,239.18750000000202
8522,88.77083333333333,1957397,468.8749999997931
8523,88.78125,1957627,122.56249999989066
8524,88.79166666666667,1957856,224.2500000002373
8525,88.80208333333333,1958086,197.93749999988606
8526,88.821875,1958522,58.34375000010894
8527,88.83229166666668,1958752,160.03125000014222
8528,88.84270833333333,1958982,133.71875000010434
8529,88.853125,1959211,363.4062500002088
8530,88.86354166666668,1959441,17.09375000030633
8531,88.87395833333333,1959671,118.78125000002626
8532,88.875,1959694,141.75000000000537
8533,88.88541666666667,1959923,115.43749999996749
8534,88.89583333333333,1960153,345.1249999997586
8535,88.90625,1960383,62.81249999989171
8536,88.91666666666667,1960613,100.50000000020276
8537,88.92708333333333,1960842,74.18749999985152
8538,88.946875,1961279,510.5937500000813
8539,88.95729166666668,1961508,36.28125000010769
8540,88.96770833333333,1961738,9.968750000069804
8541,88.978125,1961968,239.65625000017425
8542,88.98854166666668,1962197,469.3437500002787
8543,88.99895833333333,1962427,123.0312500000629
8544,89.0,1962450,17.99999999997084
8545,89.01041666666667,1962680,247.6875000000753
8546,89.02083333333333,1962909,221.3750000000374
8547,89.03125,1963139,451.0625000001419
8548,89.04166666666667,1963369,104.7500000002394
8549,89.05208333333333,1963598,206.43749999995933
8550,89.071875,1964035,386.8437500000468
8551,89.08229166666668,1964265,40.531250000144325
8552,89.09270833333333,1964494,142.21874999986426
8553,89.103125,1964724,115.90625000013972
8554,89.11354166666668,1964954,345.5937500002442
8555,89.12395833333333,1965183,63.28125000006395
8556,89.125,1965206,22.250000000007475
8557,89.13541666666667,1965436,123.93750000004076
8558,89.14583333333333,1965666,97.62500000000287
8559,89.15625,1965895,327.3125000001073
8560,89.16666666666667,1966125,45.00000000024045
8561,89.17708333333333,1966355,82.6874999999248
8562,89.196875,1966791,263.0937500000123
8563,89.20729166666668,1967021,492.7812500001167
8564,89.21770833333333,1967250,18.468750000143075
8565,89.228125,1967480,248.15625000024752
8566,89.23854166666668,1967710,221.84375000020964
8567,89.24895833333333,1967940,451.53125000000074
8568,89.25,1967962,474.4999999999799
8569,89.26041666666667,1968192,0.18750000000622435
8570,89.27083333333333,1968422,229.87499999979732
8571,89.28125,1968652,203.5625000000728
8572,89.29166666666667,1968881,433.25000000017724
8573,89.30208333333333,1969111,86.93749999996143
8574,89.321875,1969547,139.34374999997772
8575,89.33229166666668,1969777,369.0312500000822
8576,89.34270833333333,1970007,22.71874999986636
8577,89.353125,1970236,124.40625000021299
8578,89.36354166666668,1970466,98.0937500001751
8579,89.37395833333333,1970696,327.78124999996624
8580,89.375,1970719,350.7499999999453
8581,89.38541666666667,1970948,4.43750000004286
8582,89.39583333333333,1971178,106.12499999976279
8583,89.40625,1971408,79.81250000003826
8584,89.41666666666667,1971638,309.5000000001427
8585,89.42708333333333,1971867,27.187499999962483
8586,89.446875,1972304,15.593750000256534
8587,89.45729166666668,1972533,245.28125000036098
8588,89.46770833333333,1972763,474.9687500001521
8589,89.478125,1972993,0.6562500001784599
8590,89.48854166666668,1973222,230.3437500002829
8591,89.49895833333333,1973452,204.03124999993167
8592,89.5,1973475,226.99999999991078
8593,89.51041666666667,1973705,456.68750000001523
8594,89.52083333333333,1973934,110.37499999979943
8595,89.53125,1974164,212.06250000014606
8596,89.54166666666667,1974394,185.75000000010817
8597,89.55208333333333,1974623,415.4374999998993
8598,89.571875,1975060,147.843750000051
8599,89.58229166666668,1975290,121.53125000032645
8600,89.59270833333333,1975519,351.21875000011755
8601,89.603125,1975749,4.9062500002150955
8602,89.61354166666668,1975979,106.59375000024838
8603,89.62395833333333,1976208,80.28124999989714
8604,89.625,1976231,103.24999999987625
8605,89.63541666666667,1976461,332.9374999999807
8606,89.64583333333333,1976691,50.62499999980048
8607,89.65625,1976920,88.31250000011153
8608,89.66666666666667,1977150,62.00000000007364
8609,89.67708333333333,1977380,291.6874999998647
8610,89.696875,1977816,24.093750000016456
8611,89.70729166666668,1978046,253.7812500001209
8612,89.71770833333333,1978275,227.46875000008302
8613,89.728125,1978505,457.15625000018747
8614,89.73854166666668,1978735,110.84375000028501
8615,89.74895833333333,1978965,212.53125000000495
8616,89.75,1978987,235.49999999998406
8617,89.76041666666667,1979217,209.18750000025952
8618,89.77083333333333,1979447,438.8750000000506
8619,89.78125,1979677,92.56250000014816
8620,89.79166666666667,1979906,194.25000000018144
8621,89.80208333333333,1980136,167.9374999998302
8622,89.821875,1980572,28.34375000005309
8623,89.83229166666668,1980802,130.03125000008637
8624,89.84270833333333,1981032,103.71875000004849
8625,89.853125,1981261,333.4062500001529
8626,89.86354166666668,1981491,51.093750000286065
8627,89.87395833333333,1981721,88.78124999997041
8628,89.875,1981744,111.74999999994952
8629,89.88541666666667,1981973,85.43750000022499
8630,89.89583333333333,1982203,315.1250000000161
8631,89.90625,1982433,32.812500000149214
8632,89.91666666666667,1982663,70.50000000014691
8633,89.92708333333333,1982892,44.187499999795676
8634,89.946875,1983329,480.59375000002547
8635,89.95729166666668,1983558,6.2812500003651905
8636,89.96770833333333,1983788,235.9687500001563
8637,89.978125,1984018,209.6562500001184
8638,89.98854166666668,1984247,439.3437500002228
8639,89.99895833333333,1984477,93.03125000000705
8640,90.0,1984500,115.99999999998616
8641,90.01041666666667,1984730,217.68750000001944
8642,90.02083333333333,1984959,191.37499999998155
8643,90.03125,1985189,421.062500000086
8644,90.04166666666667,1985419,74.75000000018355
8645,90.05208333333333,1985648,176.43749999990348
8646,90.071875,1986085,356.8437499999909
8647,90.08229166666668,1986315,10.531250000088477
8648,90.09270833333333,1986544,112.21875000012176
8649,90.103125,1986774,85.90625000008387
8650,90.11354166666668,1987004,315.5937500001883
8651,90.12395833333333,1987233,33.2812500000081
8652,90.125,1987256,56.24999999998721
8653,90.13541666666667,1987486,93.93749999998491
8654,90.14583333333333,1987716,67.62499999994702
8655,90.15625,1987945,297.3125000000515
8656,90.16666666666667,1988175,15.000000000184599
8657,90.17708333333333,1988405,52.68749999986895
8658,90.196875,1988841,233.09375000026975
8659,90.20729166666668,1989071,462.7812500003742
8660,90.21770833333333,1989300,116.4687500001584
8661,90.228125,1989530,218.15625000019168
8662,90.23854166666668,1989760,191.8437500001538
8663,90.24895833333333,1989990,421.53124999994486
8664,90.25,1990012,444.499999999924
8665,90.26041666666667,1990242,98.18750000002154
8666,90.27083333333333,1990472,199.87499999974148
8667,90.28125,1990702,173.56250000001694
8668,90.29166666666667,1990931,403.2500000001214
8669,90.30208333333333,1991161,56.93749999990558
8670,90.321875,1991597,109.34375000023522
8671,90.33229166666668,1991827,339.0312500003397
8672,90.34270833333333,1992057,56.718750000159446
8673,90.353125,1992286,94.40625000015714
8674,90.36354166666668,1992516,68.09375000011926
8675,90.37395833333333,1992746,297.78124999991036
8676,90.375,1992769,320.7499999998895
8677,90.38541666666667,1992998,38.437500000022595
8678,90.39583333333333,1993228,76.1250000000203
8679,90.40625,1993458,49.81249999998241
8680,90.41666666666667,1993688,279.50000000008686
8681,90.42708333333333,1993917,509.18749999987796
8682,90.446875,1994354,241.59375000002967
8683,90.45729166666668,1994583,215.28125000030514
8684,90.46770833333333,1994813,444.96875000009624
8685,90.478125,1995043,98.65625000019378
8686,90.48854166666668,1995272,200.34375000022706
8687,90.49895833333333,1995502,174.03124999987583
8688,90.5,1995525,196.99999999985494
8689,90.51041666666667,1995755,426.6874999999594
8690,90.52083333333333,1995984,80.37499999974358
8691,90.53125,1996214,182.0625000000902
8692,90.54166666666667,1996444,155.75000000005232
8693,90.55208333333333,1996673,385.43749999984345
8694,90.571875,1997110,117.84374999999514
8695,90.58229166666668,1997340,91.5312500002706
8696,90.59270833333333,1997569,321.21875000006173
8697,90.603125,1997799,38.90625000019483
8698,90.61354166666668,1998029,76.59375000019253
8699,90.62395833333333,1998258,50.28125000015464
8700,90.625,1998281,73.25000000013375
8701,90.63541666666667,1998511,302.9375000002382
8702,90.64583333333333,1998741,20.62499999974463
8703,90.65625,1998970,58.31250000005568
8704,90.66666666666667,1999200,32.00000000001779
8705,90.67708333333333,1999430,261.6874999998089
8706,90.696875,1999866,122.09375000003178
8707,90.70729166666668,2000096,223.7812500003784
8708,90.71770833333333,2000325,197.46875000002717
8709,90.728125,2000555,427.15625000013165
8710,90.73854166666668,2000785,80.84375000022916
8711,90.74895833333333,2001015,182.5312499999491
8712,90.75,2001037,205.4999999999282
8713,90.76041666666667,2001267,179.18750000020367
8714,90.77083333333333,2001497,408.87499999999477
8715,90.78125,2001727,62.562500000092314
8716,90.79166666666667,2001956,164.2500000001256
8717,90.80208333333333,2002186,137.93749999977436
8718,90.821875,2002622,62.34375000003283
8719,90.83229166666668,2002852,100.03125000034387
8720,90.84270833333333,2003082,73.71874999999264
8721,90.853125,2003311,303.4062500000971
8722,90.86354166666668,2003541,21.093750000230216
8723,90.87395833333333,2003771,58.781249999914564
8724,90.875,2003794,81.74999999989367
8725,90.88541666666667,2004023,55.43750000016914
8726,90.89583333333333,2004253,285.1249999999602
8727,90.90625,2004483,2.8125000000933653
8728,90.91666666666667,2004713,40.50000000009106
8729,90.92708333333333,2004942,14.187499999739828
8730,90.946875,2005379,450.59374999996965
8731,90.95729166666668,2005608,104.28125000038051
8732,90.96770833333333,2005838,205.96875000010044
8733,90.978125,2006068,179.65625000006256
8734,90.98854166666668,2006297,409.343750000167
8735,90.99895833333333,2006527,63.0312499999512
8736,91.0,2006550,85.99999999993031
8737,91.01041666666667,2006780,187.6874999999636
8738,91.02083333333333,2007009,161.3749999999257
8739,91.03125,2007239,391.0625000000301
8740,91.04166666666667,2007469,44.7500000001277
8741,91.05208333333333,2007698,146.43749999984763
8742,91.071875,2008135,326.8437500002484
8743,91.08229166666668,2008365,44.53125000038156
8744,91.09270833333333,2008594,82.21875000006591
8745,91.103125,2008824,55.906250000028024
8746,91.11354166666668,2009054,285.59375000013245
8747,91.12395833333333,2009283,3.2812499999522515
8748,91.125,2009306,26.24999999993136
8749,91.13541666666667,2009536,63.93750000024241
8750,91.14583333333333,2009766,37.62499999989117
8751,91.15625,2009995,267.3124999999956
8752,91.16666666666667,2010225,497.00000000010004
8753,91.17708333333333,2010455,22.6874999998131
8754,91.196875,2010891,203.0937500002139
8755,91.20729166666668,2011121,432.7812500003183
8756,91.21770833333333,2011350,86.46875000010255
8757,91.228125,2011580,188.15625000013583
8758,91.23854166666668,2011810,161.84375000009794
8759,91.24895833333333,2012040,391.53124999988904
8760,91.25,2012062,414.4999999998681
8761,91.26041666666667,2012292,68.1874999999657
8762,91.27083333333333,2012522,169.87499999999898
8763,91.28125,2012752,143.5624999999611
8764,91.29166666666667,2012981,373.25000000006554
8765,91.30208333333333,2013211,26.937499999849734
8766,91.321875,2013647,79.34375000017937
8767,91.33229166666668,2013877,309.0312500002838
8768,91.34270833333333,2014107,26.718750000103597
8769,91.353125,2014336,64.4062500001013
8770,91.36354166666668,2014566,38.09375000037676
8771,91.37395833333333,2014796,267.78125000016786
8772,91.375,2014819,290.750000000147
8773,91.38541666666667,2015048,8.437499999966747
8774,91.39583333333333,2015278,46.124999999964444
8775,91.40625,2015508,19.81249999992656
8776,91.41666666666667,2015738,249.500000000031
8777,91.42708333333333,2015967,479.1874999998221
8778,91.446875,2016404,211.59374999997382
8779,91.45729166666668,2016633,185.2812500002493
8780,91.46770833333333,2016863,414.96875000004036
8781,91.478125,2017093,68.65625000013793
8782,91.48854166666668,2017322,170.3437500001712
8783,91.49895833333333,2017552,144.03125000013333
8784,91.5,2017575,167.00000000011244
8785,91.51041666666667,2017805,396.6875000002169
8786,91.52083333333333,2018034,50.37500000000108
8787,91.53125,2018264,152.06250000003436
8788,91.54166666666667,2018494,125.74999999999648
8789,91.55208333333333,2018723,355.4374999997876
8790,91.571875,2019160,87.84375000025264
8791,91.58229166666668,2019390,61.531250000214754
8792,91.59270833333333,2019619,291.21875000000585
8793,91.603125,2019849,8.906250000138982
8794,91.61354166666668,2020079,46.59375000013668
8795,91.62395833333333,2020308,20.281250000098794
8796,91.625,2020331,43.250000000077904
8797,91.63541666666667,2020561,272.93750000018235
8798,91.64583333333333,2020791,502.62499999997345
8799,91.65625,2021020,28.31249999999983
8800,91.66666666666667,2021250,1.9999999999619433
8801,91.67708333333333,2021480,231.68749999975304
8802,91.696875,2021916,92.09374999997593
8803,91.70729166666668,2022146,193.78125000032256
8804,91.71770833333333,2022375,167.46874999997132
8805,91.728125,2022605,397.1562500000758
8806,91.73854166666668,2022835,50.843750000173316
8807,91.74895833333333,2023065,152.53124999989325
8808,91.75,2023087,175.49999999987236
8809,91.76041666666667,2023317,149.18750000014782
8810,91.77083333333333,2023547,378.87499999993895
8811,91.78125,2023777,32.562500000036465
8812,91.79166666666667,2024006,134.25000000006975
8813,91.80208333333333,2024236,107.93750000003186
8814,91.821875,2024672,32.34374999997698
8815,91.83229166666668,2024902,70.03125000028803
8816,91.84270833333333,2025132,43.71874999993679
8817,91.853125,2025361,273.40625000004127
8818,91.86354166666668,2025591,503.0937500001457
8819,91.87395833333333,2025821,28.781250000172065
8820,91.875,2025844,51.750000000151175
8821,91.88541666666667,2026073,25.43750000011329
8822,91.89583333333333,2026303,255.1249999999044
8823,91.90625,2026533,484.81250000000887
8824,91.91666666666667,2026763,10.500000000035214
8825,91.92708333333333,2026992,240.18749999982631
8826,91.946875,2027429,420.59375000022715
8827,91.95729166666668,2027658,74.28125000032466
8828,91.96770833333333,2027888,175.9687500000446
8829,91.978125,2028118,149.6562500000067
8830,91.98854166666668,2028347,379.3437500001112
8831,91.99895833333333,2028577,33.03124999989535
8832,92.0,2028600,55.99999999987446
8833,92.01041666666667,2028830,157.6875000002211
8834,92.02083333333333,2029059,131.37499999986986
8835,92.03125,2029289,361.0624999999743
8836,92.04166666666667,2029519,14.75000000007185
8837,92.05208333333333,2029748,116.43749999979178
8838,92.071875,2030185,296.8437500001926
8839,92.08229166666668,2030415,14.531250000325713
8840,92.09270833333333,2030644,52.21875000001006
8841,92.103125,2030874,25.906249999972175
8842,92.11354166666668,2031104,255.59375000007662
8843,92.12395833333333,2031333,485.2812499998677
8844,92.125,2031356,508.24999999984686
8845,92.13541666666667,2031586,33.93750000018656
8846,92.14583333333333,2031816,7.624999999835325
8847,92.15625,2032045,237.31249999993977
8848,92.16666666666667,2032275,467.0000000000442
8849,92.17708333333333,2032505,120.68749999982842
8850,92.196875,2032941,173.09375000015805
8851,92.20729166666668,2033171,402.7812500002625
8852,92.21770833333333,2033400,56.4687500000467
8853,92.228125,2033630,158.15625000007998
8854,92.23854166666668,2033860,131.84375000035544
8855,92.24895833333333,2034090,361.53125000014654
8856,92.25,2034113,384.5000000001256
8857,92.26041666666667,2034342,38.187500000223196
8858,92.27083333333333,2034572,139.87499999994313
8859,92.28125,2034802,113.56249999990524
8860,92.29166666666667,2035031,343.25000000000966
8861,92.30208333333333,2035261,60.93749999982947
8862,92.321875,2035697,49.34375000012352
8863,92.33229166666668,2035927,279.03125000022794
8864,92.34270833333333,2036157,508.7187500000191
8865,92.353125,2036386,34.406250000045446
8866,92.36354166666668,2036616,8.09375000032091
8867,92.37395833333333,2036846,237.781250000112
8868,92.375,2036869,260.7500000000911
8869,92.38541666666667,2037098,490.43750000019554
8870,92.39583333333333,2037328,16.124999999908596
8871,92.40625,2037558,245.81250000001305
8872,92.41666666666667,2037787,219.49999999997516
8873,92.42708333333333,2038017,449.18749999976626
8874,92.446875,2038454,181.59375000023132
8875,92.45729166666668,2038683,155.28125000019344
8876,92.46770833333333,2038913,384.96874999998454
8877,92.478125,2039143,38.65625000008208
8878,92.48854166666668,2039372,140.34375000011536
8879,92.49895833333333,2039602,114.03125000007748
8880,92.5,2039625,137.0000000000566
8881,92.51041666666667,2039855,366.68750000016104
8882,92.52083333333333,2040084,20.37499999994523
8883,92.53125,2040314,122.06249999997851
8884,92.54166666666667,2040544,95.75000000025398
8885,92.55208333333333,2040773,325.4375000000451
8886,92.571875,2041210,57.84375000019679
8887,92.58229166666668,2041440,31.531250000158906
8888,92.59270833333333,2041669,261.21874999995
8889,92.603125,2041899,490.90625000005446
8890,92.61354166666668,2042129,16.59375000008083
8891,92.62395833333333,2042358,246.28124999987193
8892,92.625,2042381,13.250000000022055
8893,92.63541666666667,2042611,242.9375000001265
8894,92.64583333333333,2042841,472.6249999999176
8895,92.65625,2043070,126.31250000001515
8896,92.66666666666667,2043300,228.00000000004843
8897,92.67708333333333,2043530,201.68750000001054
8898,92.696875,2043966,62.09375000023343
8899,92.70729166666668,2044196,163.7812500002667
8900,92.71770833333333,2044425,137.46874999991547
8901,92.728125,2044655,367.1562500000199
8902,92.73854166666668,2044885,20.843750000117467
8903,92.74895833333333,2045115,122.53125000015075
8904,92.75,2045138,145.50000000012986
8905,92.76041666666667,2045367,119.18750000009197
8906,92.77083333333333,2045597,348.8749999998831
8907,92.78125,2045827,2.5624999999806164
8908,92.79166666666667,2046056,104.2500000000139
8909,92.80208333333333,2046286,77.93749999997601
8910,92.821875,2046722,2.343750000234479
8911,92.83229166666668,2046952,40.03125000023218
8912,92.84270833333333,2047182,13.718749999880941
8913,92.853125,2047411,243.4062499999854
8914,92.86354166666668,2047641,473.0937500000898
8915,92.87395833333333,2047871,126.78124999987403
8916,92.875,2047894,21.750000000095326
8917,92.88541666666667,2048123,251.43750000019978
8918,92.89583333333333,2048353,225.12499999984854
8919,92.90625,2048583,454.812499999953
8920,92.91666666666667,2048813,108.50000000005053
8921,92.92708333333333,2049042,210.18749999977047
8922,92.946875,2049479,390.59375000017127
8923,92.95729166666668,2049708,44.28125000026881
8924,92.96770833333333,2049938,145.96874999998875
8925,92.978125,2050168,119.65625000026421
8926,92.98854166666668,2050397,349.3437500003687
8927,92.99895833333333,2050627,3.031250000152852
8928,93.0,2050650,26.000000000131962
8929,93.01041666666667,2050880,127.68750000016524
8930,93.02083333333333,2051109,101.37499999981401
8931,93.03125,2051339,331.0624999999185
8932,93.04166666666667,2051569,48.750000000051585
8933,93.05208333333333,2051798,86.43750000004928
8934,93.071875,2052235,266.84375000013677
8935,93.08229166666668,2052465,496.5312500002412
8936,93.09270833333333,2052694,22.218749999954213
8937,93.103125,2052924,251.90625000005866
8938,93.11354166666668,2053154,225.59375000033413
8939,93.12395833333333,2053383,455.2812500001252
8940,93.125,2053406,478.25000000010436
8941,93.13541666666667,2053636,3.9375000001307114
8942,93.14583333333333,2053866,233.6249999999218
8943,93.15625,2054095,207.31249999988393
8944,93.16666666666667,2054325,436.9999999999884
8945,93.17708333333333,2054555,90.68749999977257
8946,93.196875,2054991,143.0937500001022
8947,93.20729166666668,2055221,372.7812500002067
8948,93.21770833333333,2055450,26.468749999990848
8949,93.228125,2055680,128.15625000002413
8950,93.23854166666668,2055910,101.8437500002996
8951,93.24895833333333,2056140,331.5312500000907
8952,93.25,2056163,354.5000000000698
8953,93.26041666666667,2056392,8.187500000167347
8954,93.27083333333333,2056622,109.87499999988728
8955,93.28125,2056852,83.5624999998494
8956,93.29166666666667,2057081,313.24999999995384
8957,93.30208333333333,2057311,30.93749999977362
8958,93.321875,2057747,19.343750000067672
8959,93.33229166666668,2057977,249.03125000017212
8960,93.34270833333333,2058207,478.7187499999632
8961,93.353125,2058436,4.406249999989598
8962,93.36354166666668,2058666,234.09375000009405
8963,93.37395833333333,2058896,207.78125000005616
8964,93.375,2058919,230.75000000003527
8965,93.38541666666667,2059148,460.4375000001397
8966,93.39583333333333,2059378,114.12499999992392
8967,93.40625,2059608,215.8124999999572
8968,93.41666666666667,2059838,189.50000000023266
8969,93.42708333333333,2060067,419.18750000002376
8970,93.446875,2060504,151.59375000017548
8971,93.45729166666668,2060733,125.28125000013759
8972,93.46770833333333,2060963,354.9687499999287
8973,93.478125,2061193,8.656250000026233
8974,93.48854166666668,2061422,110.34375000037286
8975,93.49895833333333,2061652,84.03125000002163
8976,93.5,2061675,107.00000000000074
8977,93.51041666666667,2061905,336.68750000010516
8978,93.52083333333333,2062134,54.37499999992497
8979,93.53125,2062364,92.06249999992266
8980,93.54166666666667,2062594,65.75000000019813
8981,93.55208333333333,2062823,295.4374999999892
8982,93.571875,2063260,27.843750000140943
8983,93.58229166666668,2063490,1.5312500001030571
8984,93.59270833333333,2063719,231.21874999989416
8985,93.603125,2063949,460.90624999999864
8986,93.61354166666668,2064179,114.59375000009615
8987,93.62395833333333,2064408,216.28125000012943
8988,93.625,2064431,239.25000000010854
8989,93.63541666666667,2064661,212.93750000007066
8990,93.64583333333333,2064891,442.62499999986176
8991,93.65625,2065120,96.3124999999593
8992,93.66666666666667,2065350,197.99999999999258
8993,93.67708333333333,2065580,171.6874999999547
8994,93.696875,2066016,32.09375000017758
8995,93.70729166666668,2066246,133.78125000021086
8996,93.71770833333333,2066475,107.46875000017297
8997,93.728125,2066705,337.1562500002774
8998,93.73854166666668,2066935,54.8437500000972
8999,93.74895833333333,2067165,92.5312500000949
9000,93.75,2067188,115.50000000007401
9001,93.76041666666667,2067417,89.18750000003612
9002,93.77083333333333,2067647,318.8749999998272
9003,93.78125,2067877,36.56249999996035
9004,93.79166666666667,2068106,74.24999999995805
9005,93.80208333333333,2068336,47.93749999992016
9006,93.821875,2068772,484.34375000014995
9007,93.83229166666668,2069002,10.031250000176328
9008,93.84270833333333,2069232,239.71874999996743
9009,93.853125,2069461,213.4062500002429
9010,93.86354166666668,2069691,443.0937500003473
9011,93.87395833333333,2069921,96.78125000013154
9012,93.875,2069944,119.75000000011065
9013,93.88541666666667,2070173,221.43750000014393
9014,93.89583333333333,2070403,195.1249999997927
9015,93.90625,2070633,424.8124999998971
9016,93.91666666666667,2070862,78.49999999999469
9017,93.92708333333333,2071092,180.18750000002797
9018,93.946875,2071529,360.5937500001154
9019,93.95729166666668,2071758,14.281250000212964
9020,93.96770833333333,2071988,115.9687499999329
9021,93.978125,2072218,89.65625000020836
9022,93.98854166666668,2072447,319.3437500003128
9023,93.99895833333333,2072677,37.03125000013259
9024,94.0,2072700,60.0000000001117
9025,94.01041666666667,2072930,97.6875000001094
9026,94.02083333333333,2073159,71.37499999975816
9027,94.03125,2073389,301.0624999998626
9028,94.04166666666667,2073619,18.749999999995737
9029,94.05208333333333,2073848,56.437499999993435
9030,94.071875,2074285,236.8437500000809
9031,94.08229166666668,2074515,466.5312500001853
9032,94.09270833333333,2074744,120.21874999996953
9033,94.103125,2074974,221.9062500000028
9034,94.11354166666668,2075204,195.59375000027828
9035,94.12395833333333,2075433,425.28125000006935
9036,94.125,2075456,448.2500000000485
9037,94.13541666666667,2075686,101.93750000014603
9038,94.14583333333333,2075916,203.62499999986596
9039,94.15625,2076145,177.31250000014143
9040,94.16666666666667,2076375,407.0000000002459
9041,94.17708333333333,2076605,60.68750000003007
9042,94.196875,2077041,113.09375000004636
9043,94.20729166666668,2077271,342.7812500001508
9044,94.21770833333333,2077500,60.46874999997058
9045,94.228125,2077730,98.15625000028163
9046,94.23854166666668,2077960,71.84375000024374
9047,94.24895833333333,2078190,301.53125000003485
9048,94.25,2078213,324.500000000014
9049,94.26041666666667,2078442,42.18750000014708
9050,94.27083333333333,2078672,79.87499999983143
9051,94.28125,2078902,53.562500000106894
9052,94.29166666666667,2079131,283.25000000021134
9053,94.30208333333333,2079361,0.9375000000311218
9054,94.321875,2079797,245.34375000015416
9055,94.33229166666668,2080027,219.03125000011627
9056,94.34270833333333,2080257,448.71874999990735
9057,94.353125,2080486,102.40625000000492
9058,94.36354166666668,2080716,204.09375000035155
9059,94.37395833333333,2080946,177.7812500000003
9060,94.375,2080969,200.74999999997942
9061,94.38541666666667,2081198,430.4375000000839
9062,94.39583333333333,2081428,84.12499999986807
9063,94.40625,2081658,185.81249999990135
9064,94.41666666666667,2081888,159.5000000001768
9065,94.42708333333333,2082117,389.18749999996794
9066,94.446875,2082554,121.59375000011963
9067,94.45729166666668,2082783,95.28125000008174
9068,94.46770833333333,2083013,324.96874999987284
9069,94.478125,2083243,42.65625000000597
9070,94.48854166666668,2083472,80.34375000031702
9071,94.49895833333333,2083702,54.03124999996578
9072,94.5,2083725,76.99999999994489
9073,94.51041666666667,2083955,306.68750000004934
9074,94.52083333333333,2084184,24.374999999869118
9075,94.53125,2084414,62.062499999866816
9076,94.54166666666667,2084644,35.75000000014228
9077,94.55208333333333,2084873,265.4374999999334
9078,94.571875,2085310,125.84375000015626
9079,94.58229166666668,2085540,227.53125000018954
9080,94.59270833333333,2085769,201.21875000015166
9081,94.603125,2085999,430.90625000025614
9082,94.61354166666668,2086229,84.59375000035365
9083,94.62395833333333,2086458,186.28125000007358
9084,94.625,2086481,209.2500000000527
9085,94.63541666666667,2086711,182.9375000000148
9086,94.64583333333333,2086941,412.62499999980594
9087,94.65625,2087170,66.31249999990345
9088,94.66666666666667,2087400,168.00000000025008
9089,94.67708333333333,2087630,141.68749999989885
9090,94.696875,2088066,2.09375000012173
9091,94.70729166666668,2088296,103.78125000015501
9092,94.71770833333333,2088525,77.46875000011713
9093,94.728125,2088755,307.1562500002216
9094,94.73854166666668,2088985,24.843750000354703
9095,94.74895833333333,2089215,62.53125000003905
9096,94.75,2089238,85.50000000001816
9097,94.76041666666667,2089467,59.187499999980275
9098,94.77083333333333,2089697,288.8749999997714
9099,94.78125,2089927,6.562499999904503
9100,94.79166666666667,2090156,44.25000000021555
9101,94.80208333333333,2090386,17.937499999864315
9102,94.821875,2090822,454.34375000009413
9103,94.83229166666668,2091052,108.03125000019165
9104,94.84270833333333,2091282,209.71874999991158
9105,94.853125,2091511,183.40625000018704
9106,94.86354166666668,2091741,413.0937500002915
9107,94.87395833333333,2091971,66.78125000007569
9108,94.875,2091994,89.7500000000548
9109,94.88541666666667,2092223,191.43750000008808
9110,94.89583333333333,2092453,165.1250000000502
9111,94.90625,2092683,394.8125000001546
9112,94.91666666666667,2092913,48.500000000252186
9113,94.92708333333333,2093142,150.18749999997212
9114,94.946875,2093579,330.5937500000596
9115,94.95729166666668,2093808,48.2812500001927
9116,94.96770833333333,2094038,85.96874999987705
9117,94.978125,2094268,59.65625000015251
9118,94.98854166666668,2094497,289.34375000025693
9119,94.99895833333333,2094727,7.031250000076739
9120,95.0,2094750,30.00000000005585
9121,95.01041666666667,2094980,67.68750000005355
9122,95.02083333333333,2095209,41.37500000001566
9123,95.03125,2095439,271.0625000001201
9124,95.04166666666667,2095669,500.75000000022453
9125,95.05208333333333,2095898,26.437499999937586
9126,95.071875,2096335,206.84375000002504
9127,95.08229166666668,2096565,436.5312500001295
9128,95.09270833333333,2096794,90.21874999991368
9129,95.103125,2097024,191.90625000026031
9130,95.11354166666668,2097254,165.59375000022243
9131,95.12395833333333,2097483,395.28125000001353
9132,95.125,2097506,418.2499999999926
9133,95.13541666666667,2097736,71.93750000009018
9134,95.14583333333333,2097966,173.62499999981011
9135,95.15625,2098195,147.31250000008558
9136,95.16666666666667,2098425,377.00000000019
9137,95.17708333333333,2098655,30.68749999997422
9138,95.196875,2099091,83.09374999999051
9139,95.20729166666668,2099321,312.78125000009493
9140,95.21770833333333,2099550,30.468749999914735
9141,95.228125,2099780,68.15625000022578
9142,95.23854166666668,2100010,41.843750000187896
9143,95.24895833333333,2100240,271.53124999997897
9144,95.25,2100262,294.4999999999581
9145,95.26041666666667,2100492,12.187500000091234
9146,95.27083333333333,2100722,49.87499999977558
9147,95.28125,2100952,23.562500000051045
9148,95.29166666666667,2101181,253.2500000001555
9149,95.30208333333333,2101411,482.93749999994657
9150,95.321875,2101847,215.3437500000983
9151,95.33229166666668,2102077,189.03125000037377
9152,95.34270833333333,2102307,418.71875000016485
9153,95.353125,2102536,72.40625000026242
9154,95.36354166666668,2102766,174.0937500002957
9155,95.37395833333333,2102996,147.78124999994446
9156,95.375,2103019,170.74999999992357
9157,95.38541666666667,2103248,400.437500000028
9158,95.39583333333333,2103478,54.12499999981222
9159,95.40625,2103708,155.8124999998455
9160,95.41666666666667,2103938,129.50000000012096
9161,95.42708333333333,2104167,359.18749999991206
9162,95.446875,2104604,91.59375000006378
9163,95.45729166666668,2104833,65.28125000033924
9164,95.46770833333333,2105063,294.96875000013034
9165,95.478125,2105293,12.65625000026347
9166,95.48854166666668,2105522,50.34375000026117
9167,95.49895833333333,2105752,24.03124999990993
9168,95.5,2105775,46.99999999988904
9169,95.51041666666667,2106005,276.6874999999935
9170,95.52083333333333,2106234,506.37499999978456
9171,95.53125,2106464,32.06250000012432
9172,95.54166666666667,2106694,5.75000000008643
9173,95.55208333333333,2106923,235.43749999987753
9174,95.571875,2107360,95.84375000010041
9175,95.58229166666668,2107590,197.5312500001337
9176,95.59270833333333,2107819,171.2187500000958
9177,95.603125,2108049,400.90625000020026
9178,95.61354166666668,2108279,54.5937500002978
9179,95.62395833333333,2108508,156.28125000001774
9180,95.625,2108531,179.24999999999685
9181,95.63541666666667,2108761,152.93749999995896
9182,95.64583333333333,2108991,382.62499999975006
9183,95.65625,2109220,36.3124999998476
9184,95.66666666666667,2109450,138.00000000019423
9185,95.67708333333333,2109680,111.687499999843
9186,95.696875,2110116,36.093750000101466
9187,95.70729166666668,2110346,73.78125000009916
9188,95.71770833333333,2110575,47.46875000006128
9189,95.728125,2110805,277.15625000016576
9190,95.73854166666668,2111035,506.8437500002702
9191,95.74895833333333,2111265,32.5312499999832
9192,95.75,2111287,55.49999999996231
9193,95.76041666666667,2111517,29.187500000237776
9194,95.77083333333333,2111747,258.8750000000289
9195,95.78125,2111977,488.56250000013335
9196,95.79166666666667,2112206,14.250000000159702
9197,95.80208333333333,2112436,243.9374999999508
9198,95.821875,2112872,424.34375000003826
9199,95.83229166666668,2113102,78.0312500001358
9200,95.84270833333333,2113332,179.71875000016908
9201,95.853125,2113561,153.4062500001312
9202,95.86354166666668,2113791,383.0937500002357
9203,95.87395833333333,2114021,36.78125000001984
9204,95.875,2114044,59.74999999999895
9205,95.88541666666667,2114273,161.43750000003223
9206,95.89583333333333,2114503,135.12499999999434
9207,95.90625,2114733,364.8125000000988
9208,95.91666666666667,2114963,18.500000000196337
9209,95.92708333333333,2115192,120.18749999991627
9210,95.946875,2115629,300.59375000000375
9211,95.95729166666668,2115858,18.28125000013685
9212,95.96770833333333,2116088,55.96875000013455
9213,95.978125,2116318,29.656250000096662
9214,95.98854166666668,2116547,259.3437500002011
9215,95.99895833333333,2116777,489.0312499999922
9216,96.0,2116800,0.0
9217,96.01041666666667,2117030,37.6874999999977
9218,96.02083333333333,2117259,11.374999999959812
9219,96.03125,2117489,241.06250000006426
9220,96.04166666666667,2117719,470.7500000001687
9221,96.05208333333333,2117948,124.4374999999529
9222,96.071875,2118385,176.8437499999692
9223,96.08229166666668,2118615,406.53125000007367
9224,96.09270833333333,2118844,60.218750000171184
9225,96.103125,2119074,161.90625000020447
9226,96.11354166666668,2119304,135.59375000016658
9227,96.12395833333333,2119533,365.2812499999577
9228,96.125,2119556,388.2499999999368
9229,96.13541666666667,2119786,41.93750000003433
9230,96.14583333333333,2120016,143.62499999975427
9231,96.15625,2120245,117.31250000002973
9232,96.16666666666667,2120475,347.00000000013415
9233,96.17708333333333,2120705,0.6874999999183729
9234,96.196875,2121141,53.09375000024801
9235,96.20729166666668,2121371,282.78125000035243
9236,96.21770833333333,2121600,0.46875000017223556
9237,96.228125,2121830,38.15625000016993
9238,96.23854166666668,2122060,11.843750000132047
9239,96.24895833333333,2122290,241.53124999992315
9240,96.25,2122312,264.49999999990223
9241,96.26041666666667,2122542,494.1875000000067
9242,96.27083333333333,2122772,19.875000000033083
9243,96.28125,2123002,249.56250000013753
9244,96.29166666666667,2123231,223.25000000009965
9245,96.30208333333333,2123461,452.93749999989075
9246,96.321875,2123897,185.34375000004246
9247,96.33229166666668,2124127,159.03125000031793
9248,96.34270833333333,2124357,388.718750000109
9249,96.353125,2124586,42.40625000020657
9250,96.36354166666668,2124816,144.09375000023985
9251,96.37395833333333,2125046,117.78124999988862
9252,96.375,2125069,140.74999999986773
9253,96.38541666666667,2125298,370.43749999997215
9254,96.39583333333333,2125528,24.12499999975637
9255,96.40625,2125758,125.812500000103
9256,96.41666666666667,2125988,99.50000000006511
9257,96.42708333333333,2126217,329.1874999998562
9258,96.446875,2126654,61.59375000000793
9259,96.45729166666668,2126883,35.28125000028339
9260,96.46770833333333,2127113,264.96875000007446
9261,96.478125,2127343,494.65625000017894
9262,96.48854166666668,2127572,20.34375000020532
9263,96.49895833333333,2127802,250.03124999999642
9264,96.5,2127825,17.000000000146542
9265,96.51041666666667,2128055,246.687500000251
9266,96.52083333333333,2128284,476.37500000004206
9267,96.53125,2128514,2.062500000068468
9268,96.54166666666667,2128744,231.75000000017292
9269,96.55208333333333,2128973,205.43749999982168
9270,96.571875,2129410,65.84375000004457
9271,96.58229166666668,2129640,167.53125000007785
9272,96.59270833333333,2129869,141.21875000003996
9273,96.603125,2130099,370.9062500001444
9274,96.61354166666668,2130329,24.593750000241954
9275,96.62395833333333,2130558,126.28124999996189
9276,96.625,2130581,149.249999999941
9277,96.63541666666667,2130811,122.93750000021646
9278,96.64583333333333,2131041,352.62500000000756
9279,96.65625,2131270,6.3125000001051035
9280,96.66666666666667,2131500,108.00000000013839
9281,96.67708333333333,2131730,81.68749999978715
9282,96.696875,2132166,6.093750000045617
9283,96.70729166666668,2132396,43.781250000356664
9284,96.71770833333333,2132625,17.46875000000543
9285,96.728125,2132855,247.15625000010988
9286,96.73854166666668,2133085,476.8437500002143
9287,96.74895833333333,2133315,2.531249999927354
9288,96.75,2133337,25.499999999906464
9289,96.76041666666667,2133567,255.1875000000109
9290,96.77083333333333,2133797,228.87499999997303
9291,96.78125,2134027,458.5625000000775
9292,96.79166666666667,2134256,112.25000000017502
9293,96.80208333333333,2134486,213.93749999989495
9294,96.821875,2134922,394.3437499999824
9295,96.83229166666668,2135152,48.03125000007995
9296,96.84270833333333,2135382,149.71875000011323
9297,96.853125,2135611,123.40625000007535
9298,96.86354166666668,2135841,353.0937500001798
9299,96.87395833333333,2136071,6.78124999996399
9300,96.875,2136094,29.7499999999431
9301,96.88541666666667,2136323,131.43749999997638
9302,96.89583333333333,2136553,105.1249999999385
9303,96.90625,2136783,334.812500000043
9304,96.91666666666667,2137013,52.50000000017607
9305,96.92708333333333,2137242,90.18749999986042
9306,96.946875,2137679,270.59375000026125
9307,96.95729166666668,2137908,500.2812500003657
9308,96.96770833333333,2138138,25.9687500000787
9309,96.978125,2138368,255.65625000018315
9310,96.98854166666668,2138597,229.34375000014526
9311,96.99895833333333,2138827,459.03124999993634
9312,97.0,2138850,481.9999999999155
9313,97.01041666666667,2139080,7.6875000002551985
9314,97.02083333333333,2139309,237.3750000000463
9315,97.03125,2139539,211.0625000000084
9316,97.04166666666667,2139769,440.7500000001129
9317,97.05208333333333,2139998,94.43749999989706
9318,97.071875,2140435,146.8437500002267
9319,97.08229166666668,2140665,376.53125000033117
9320,97.09270833333333,2140894,30.218750000115335
9321,97.103125,2141124,131.90625000014862
9322,97.11354166666668,2141354,105.59375000011073
9323,97.12395833333333,2141583,335.28124999990183
9324,97.125,2141606,358.24999999988097
9325,97.13541666666667,2141836,11.937499999978485
9326,97.14583333333333,2142066,113.62500000001177
9327,97.15625,2142295,87.31249999997388
9328,97.16666666666667,2142525,317.00000000007833
9329,97.17708333333333,2142755,34.68749999989811
9330,97.196875,2143191,23.09375000019216
9331,97.20729166666668,2143421,252.7812500002966
9332,97.21770833333333,2143650,482.4687500000877
9333,97.228125,2143880,8.156250000114085
9334,97.23854166666668,2144110,237.84375000021853
9335,97.24895833333333,2144340,211.5312499998673
9336,97.25,2144362,234.4999999998464
9337,97.26041666666667,2144592,464.1874999999509
9338,97.27083333333333,2144822,117.8750000000484
9339,97.28125,2145052,219.56250000008168
9340,97.29166666666667,2145281,193.2500000000438
9341,97.30208333333333,2145511,422.9374999998349
9342,97.321875,2145947,155.3437499999866
9343,97.33229166666668,2146177,129.03125000026208
9344,97.34270833333333,2146407,358.7187500000532
9345,97.353125,2146636,12.40625000015072
9346,97.36354166666668,2146866,114.093750000184
9347,97.37395833333333,2147096,87.78125000014612
9348,97.375,2147119,110.75000000012523
9349,97.38541666666667,2147348,340.43750000022965
9350,97.39583333333333,2147578,58.125000000049454
9351,97.40625,2147808,95.81250000004715
9352,97.41666666666667,2148038,69.50000000000927
9353,97.42708333333333,2148267,299.18749999980037
9354,97.446875,2148704,31.59375000026543
9355,97.45729166666668,2148933,5.281250000227544
9356,97.46770833333333,2149163,234.96875000001864
9357,97.478125,2149393,464.6562500001231
9358,97.48854166666668,2149622,118.34375000022064
9359,97.49895833333333,2149852,220.03124999994057
9360,97.5,2149875,242.99999999991968
9361,97.51041666666667,2150105,216.68750000019514
9362,97.52083333333333,2150334,446.37499999998624
9363,97.53125,2150564,100.06250000008379
9364,97.54166666666667,2150794,201.75000000011707
9365,97.55208333333333,2151023,175.43749999976583
9366,97.571875,2151460,35.84374999998872
9367,97.58229166666668,2151690,137.53125000033535
9368,97.59270833333333,2151919,111.21874999998411
9369,97.603125,2152149,340.90625000008856
9370,97.61354166666668,2152379,58.59375000022169
9371,97.62395833333333,2152608,96.28124999990604
9372,97.625,2152631,119.24999999988515
9373,97.63541666666667,2152861,92.93750000016061
9374,97.64583333333333,2153091,322.6249999999517
9375,97.65625,2153320,40.31250000008484
9376,97.66666666666667,2153550,78.00000000008254
9377,97.67708333333333,2153780,51.68750000004465
9378,97.696875,2154216,488.09375000027444
9379,97.70729166666668,2154446,13.781250000300815
9380,97.71770833333333,2154675,243.46875000009192
9381,97.728125,2154905,217.15625000005403
9382,97.73854166666668,2155135,446.8437500001585
9383,97.74895833333333,2155365,100.53124999994267
9384,97.75,2155387,123.49999999992178
9385,97.76041666666667,2155617,225.18749999995507
9386,97.77083333333333,2155847,198.87499999991718
9387,97.78125,2156077,428.5625000000216
9388,97.79166666666667,2156306,82.25000000011917
9389,97.80208333333333,2156536,183.9374999998391
9390,97.821875,2156972,364.3437500002399
9391,97.83229166666668,2157202,18.03125000033745
9392,97.84270833333333,2157432,119.71875000005738
9393,97.853125,2157661,93.4062500000195
9394,97.86354166666668,2157891,323.0937500001239
9395,97.87395833333333,2158121,40.781249999943725
9396,97.875,2158144,63.749999999922835
9397,97.88541666666667,2158373,101.43750000023388
9398,97.89583333333333,2158603,75.12499999988265
9399,97.90625,2158833,304.8124999999871
9400,97.91666666666667,2159063,22.500000000120224
9401,97.92708333333333,2159292,60.18749999980457
9402,97.946875,2159729,240.59375000020538
9403,97.95729166666668,2159958,470.2812500003098
9404,97.96770833333333,2160188,123.96875000009402
9405,97.978125,2160418,225.6562500001273
9406,97.98854166666668,2160647,199.34375000008941
9407,97.99895833333333,2160877,429.0312499998805
9408,98.0,2160900,451.9999999998596
9409,98.01041666666667,2161130,105.68749999995717
9410,98.02083333333333,2161359,207.37499999999045
9411,98.03125,2161589,181.06249999995256
9412,98.04166666666667,2161819,410.750000000057
9413,98.05208333333333,2162048,64.43749999984121
9414,98.071875,2162485,116.84375000017084
9415,98.08229166666668,2162715,346.5312500002753
9416,98.09270833333333,2162944,0.21875000005948664
9417,98.103125,2163174,101.90625000009277
9418,98.11354166666668,2163404,75.59375000036823
9419,98.12395833333333,2163633,305.28125000015933
9420,98.125,2163656,328.25000000013847
9421,98.13541666666667,2163886,45.93749999995822
9422,98.14583333333333,2164116,83.62499999995592
9423,98.15625,2164345,57.31249999991803
9424,98.16666666666667,2164575,287.0000000000225
9425,98.17708333333333,2164805,4.6874999998422595
9426,98.196875,2165241,249.09375000027865
9427,98.20729166666668,2165471,222.78125000024076
9428,98.21770833333333,2165700,452.46875000003183
9429,98.228125,2165930,106.1562500001294
9430,98.23854166666668,2166160,207.8437500001627
9431,98.24895833333333,2166390,181.5312500001248
9432,98.25,2166413,204.5000000001039
9433,98.26041666666667,2166642,434.1875000002084
9434,98.27083333333333,2166872,87.87499999999255
9435,98.28125,2167102,189.56250000002584
9436,98.29166666666667,2167331,163.24999999998795
9437,98.30208333333333,2167561,392.93749999977905
9438,98.321875,2167997,125.34375000024411
9439,98.33229166666668,2168227,99.03125000020623
9440,98.34270833333333,2168457,328.7187499999973
9441,98.353125,2168686,46.406250000130456
9442,98.36354166666668,2168916,84.09375000012815
9443,98.37395833333333,2169146,57.78125000009027
9444,98.375,2169169,80.75000000006938
9445,98.38541666666667,2169398,310.4375000001738
9446,98.39583333333333,2169628,28.124999999993605
9447,98.40625,2169858,65.8124999999913
9448,98.41666666666667,2170087,39.49999999995342
9449,98.42708333333333,2170317,269.18749999974455
9450,98.446875,2170754,1.5937500002095817
9451,98.45729166666668,2170983,231.28125000031403
9452,98.46770833333333,2171213,204.9687499999628
9453,98.478125,2171443,434.65625000006725
9454,98.48854166666668,2171672,88.34375000016479
9455,98.49895833333333,2171902,190.03124999988472
9456,98.5,2171925,212.99999999986383
9457,98.51041666666667,2172155,186.6875000001393
9458,98.52083333333333,2172384,416.3749999999304
9459,98.53125,2172614,70.06250000002794
9460,98.54166666666667,2172844,171.75000000006122
9461,98.55208333333333,2173073,145.43750000002333
9462,98.571875,2173510,5.843750000246217
9463,98.58229166666668,2173740,107.5312500002795
9464,98.59270833333333,2173969,81.21874999992826
9465,98.603125,2174199,310.90625000003274
9466,98.61354166666668,2174429,28.59375000016584
9467,98.62395833333333,2174658,66.28125000016354
9468,98.625,2174681,89.25000000014265
9469,98.63541666666667,2174911,62.93750000010476
9470,98.64583333333333,2175141,292.62499999989586
9471,98.65625,2175370,10.31250000002899
9472,98.66666666666667,2175600,48.00000000002669
9473,98.67708333333333,2175830,21.687499999988802
9474,98.696875,2176266,458.0937500002186
9475,98.70729166666668,2176496,111.78125000031613
9476,98.71770833333333,2176725,213.46875000003607
9477,98.728125,2176955,187.15624999999818
9478,98.73854166666668,2177185,416.84375000010266
9479,98.74895833333333,2177415,70.53124999988682
9480,98.75,2177437,93.49999999986593
9481,98.76041666666667,2177667,195.18750000021257
9482,98.77083333333333,2177897,168.87499999986133
9483,98.78125,2178127,398.5624999999658
9484,98.79166666666667,2178356,52.250000000063324
9485,98.80208333333333,2178586,153.93749999978326
9486,98.821875,2179022,334.34375000018406
9487,98.83229166666668,2179252,52.031250000317186
9488,98.84270833333333,2179482,89.71875000000153
9489,98.853125,2179711,63.406250000277
9490,98.86354166666668,2179941,293.0937500003814
9491,98.87395833333333,2180171,10.781249999887876
9492,98.875,2180194,33.749999999866986
9493,98.88541666666667,2180423,71.43750000017803
9494,98.89583333333333,2180653,45.1249999998268
9495,98.90625,2180883,274.8124999999312
9496,98.91666666666667,2181113,504.5000000000357
9497,98.92708333333333,2181342,30.187499999748724
9498,98.946875,2181779,210.59375000014953
9499,98.95729166666668,2182008,440.281250000254
9500,98.96770833333333,2182238,93.96875000003817
9501,98.978125,2182468,195.65625000007145
9502,98.98854166666668,2182697,169.34375000034692
9503,98.99895833333333,2182927,399.031250000138
9504,99.0,2182950,422.0000000001171
9505,99.01041666666667,2183180,75.68750000021467
9506,99.02083333333333,2183409,177.3749999999346
9507,99.03125,2183639,151.06249999989672
9508,99.04166666666667,2183869,380.75000000000114
9509,99.05208333333333,2184098,34.43749999978536
9510,99.071875,2184535,86.843750000115
9511,99.08229166666668,2184765,316.5312500002194
9512,99.09270833333333,2184994,34.21875000003922
9513,99.103125,2185224,71.90625000003692
9514,99.11354166666668,2185454,45.59375000031238
9515,99.12395833333333,2185683,275.28125000010346
9516,99.125,2185706,298.2500000000826
9517,99.13541666666667,2185936,15.93750000021572
9518,99.14583333333333,2186166,53.62499999990007
9519,99.15625,2186395,27.312499999862183
9520,99.16666666666667,2186625,256.99999999996663
9521,99.17708333333333,2186855,486.68749999975773
9522,99.196875,2187291,219.0937500002228
9523,99.20729166666668,2187521,192.7812500001849
9524,99.21770833333333,2187750,422.468749999976
9525,99.228125,2187980,76.15625000007356
9526,99.23854166666668,2188210,177.84375000010684
9527,99.24895833333333,2188440,151.53125000006895
9528,99.25,2188463,174.50000000004806
9529,99.26041666666667,2188692,404.1875000001525
9530,99.27083333333333,2188922,57.874999999936705
9531,99.28125,2189152,159.56249999997
9532,99.29166666666667,2189381,133.25000000024545
9533,99.30208333333333,2189611,362.93750000003655
9534,99.321875,2190047,95.34375000018827
9535,99.33229166666668,2190277,69.03125000015038
9536,99.34270833333333,2190507,298.71874999994145
9537,99.353125,2190736,16.406250000074607
9538,99.36354166666668,2190966,54.093750000385654
9539,99.37395833333333,2191196,27.78125000003442
9540,99.375,2191219,50.75000000001353
9541,99.38541666666667,2191448,280.437500000118
9542,99.39583333333333,2191678,510.12499999990905
9543,99.40625,2191908,35.812499999935454
9544,99.41666666666667,2192138,9.500000000210918
9545,99.42708333333333,2192367,239.18750000000202
9546,99.446875,2192804,99.5937500002249
9547,99.45729166666668,2193033,201.28125000025818
9548,99.46770833333333,2193263,174.96874999990695
9549,99.478125,2193493,404.65625000001137
9550,99.48854166666668,2193722,58.34375000010894
9551,99.49895833333333,2193952,160.03125000014222
9552,99.5,2193975,183.00000000012133
9553,99.51041666666667,2194205,156.68750000008345
9554,99.52083333333333,2194434,386.37499999987455
9555,99.53125,2194664,40.06249999997209
9556,99.54166666666667,2194894,141.75000000000537
9557,99.55208333333333,2195123,115.43749999996749
9558,99.571875,2195560,39.84375000022595
9559,99.58229166666668,2195790,77.53125000022365
9560,99.59270833333333,2196019,51.218749999872415
9561,99.603125,2196249,280.90624999997686
9562,99.61354166666668,2196479,510.5937500000813
9563,99.62395833333333,2196708,36.28125000010769
9564,99.625,2196731,59.2500000000868
9565,99.63541666666667,2196961,32.937500000048914
9566,99.64583333333333,2197191,262.62499999984004
9567,99.65625,2197420,492.31249999994446
9568,99.66666666666667,2197650,17.99999999997084
9569,99.67708333333333,2197880,247.68749999976194
9570,99.696875,2198316,428.09375000016274
9571,99.70729166666668,2198546,81.78125000026029
9572,99.71770833333333,2198775,183.46874999998022
9573,99.728125,2199005,157.15625000025568
9574,99.73854166666668,2199235,386.84375000036016
9575,99.74895833333333,2199465,40.531250000144325
9576,99.75,2199488,63.500000000123435
9577,99.76041666666667,2199717,165.18750000015672
9578,99.77083333333333,2199947,138.87499999980548
9579,99.78125,2200177,368.56249999990996
9580,99.79166666666667,2200406,22.250000000007475
9581,99.80208333333333,2200636,123.93750000004076
9582,99.821875,2201072,304.34375000012824
9583,99.83229166666668,2201302,22.031250000261338
9584,99.84270833333333,2201532,59.718749999945686
9585,99.853125,2201761,33.40625000022115
9586,99.86354166666668,2201991,263.0937500003256
9587,99.87395833333333,2202221,492.7812500001167
9588,99.875,2202244,3.750000000124487
9589,99.88541666666667,2202473,41.437500000122185
9590,99.89583333333333,2202703,15.12499999977095
9591,99.90625,2202933,244.8124999998754
9592,99.91666666666667,2203162,474.4999999999799
9593,99.92708333333333,2203392,0.18750000000622435
9594,99.946875,2203829,180.59375000009368
9595,99.95729166666668,2204058,410.28125000019816
9596,99.96770833333333,2204288,63.96874999998232
9597,99.978125,2204518,165.6562500000156
9598,99.98854166666668,2204747,139.34375000029107
9599,99.99895833333333,2204977,369.0312500000822
9600,100.0,2205000,392.0000000000613
9601,100.01041666666667,2205230,45.68750000015882
9602,100.02083333333333,2205459,147.37499999987875
9603,100.03125,2205689,121.06250000015422
9604,100.04166666666667,2205919,350.75000000025864
9605,100.05208333333333,2206148,4.43750000004286
9606,100.071875,2206585,56.843750000059146
9607,100.08229166666668,2206815,286.5312500001636
9608,100.09270833333333,2207044,4.218749999983373
9609,100.103125,2207274,41.90624999998107
9610,100.11354166666668,2207504,15.593750000256534
9611,100.12395833333333,2207733,245.28125000004763
9612,100.125,2207756,268.2500000000267
9613,100.13541666666667,2207986,497.9375000001312
9614,100.14583333333333,2208216,23.62499999984422
9615,100.15625,2208445,253.31249999994867
9616,100.16666666666667,2208675,227.00000000022413
9617,100.17708333333333,2208905,456.68750000001523
9618,100.196875,2209341,189.09375000016695
9619,100.20729166666668,2209571,162.78125000012906
9620,100.21770833333333,2209800,392.4687499999202
9621,100.228125,2210030,46.15625000001771
9622,100.23854166666668,2210260,147.84375000036434
9623,100.24895833333333,2210490,121.5312500000131
9624,100.25,2210512,144.4999999999922
9625,100.26041666666667,2210742,374.18750000009663
9626,100.27083333333333,2210972,27.874999999880856
9627,100.28125,2211202,129.56249999991414
9628,100.29166666666667,2211431,103.2500000001896
9629,100.30208333333333,2211661,332.9374999999807
9630,100.321875,2212097,65.34375000013242
9631,100.33229166666668,2212327,39.03125000009453
9632,100.34270833333333,2212557,268.71874999988563
9633,100.353125,2212786,498.4062499999901
9634,100.36354166666668,2213016,24.093750000329806
9635,100.37395833333333,2213246,253.7812500001209
9636,100.375,2213269,20.74999999995768
9637,100.38541666666667,2213498,250.43750000006213
9638,100.39583333333333,2213728,480.12499999985323
9639,100.40625,2213958,5.812499999879606
9640,100.41666666666667,2214187,235.49999999998406
9641,100.42708333333333,2214417,209.18749999994617
9642,100.446875,2214854,69.59375000016905
9643,100.45729166666668,2215083,171.28125000020233
9644,100.46770833333333,2215313,144.96875000016445
9645,100.478125,2215543,374.65625000026887
9646,100.48854166666668,2215772,28.34375000036644
9647,100.49895833333333,2216002,130.03125000008637
9648,100.5,2216025,153.00000000006548
9649,100.51041666666667,2216255,126.6875000000276
9650,100.52083333333333,2216484,356.37499999981867
9651,100.53125,2216714,10.062499999916241
9652,100.54166666666667,2216944,111.74999999994952
9653,100.55208333333333,2217173,85.43749999991164
9654,100.571875,2217610,9.843750000170104
9655,100.58229166666668,2217840,47.5312500001678
9656,100.59270833333333,2218069,21.218750000129916
9657,100.603125,2218299,250.90625000023437
9658,100.61354166666668,2218529,480.5937500003388
9659,100.62395833333333,2218758,6.281250000051841
9660,100.625,2218781,29.25000000003095
9661,100.63541666666667,2219011,2.937499999993065
9662,100.64583333333333,2219241,232.62499999978417
9663,100.65625,2219470,462.3124999998886
9664,100.66666666666667,2219700,115.99999999998616
9665,100.67708333333333,2219930,217.68750000001944
9666,100.696875,2220366,398.09375000010687
9667,100.70729166666668,2220596,51.78125000020444
9668,100.71770833333333,2220825,153.46874999992437
9669,100.728125,2221055,127.15625000019983
9670,100.73854166666668,2221285,356.8437500003043
9671,100.74895833333333,2221515,10.531250000088477
9672,100.75,2221538,33.50000000006759
9673,100.76041666666667,2221767,135.18750000010087
9674,100.77083333333333,2221997,108.87499999974963
9675,100.78125,2222227,338.5624999998541
9676,100.79166666666667,2222456,56.24999999998721
9677,100.80208333333333,2222686,93.93749999998491
9678,100.821875,2223122,274.34375000007236
9679,100.83229166666668,2223352,504.0312500001768
9680,100.84270833333333,2223582,29.718749999889837
9681,100.853125,2223811,3.4062500001653007
9682,100.86354166666668,2224041,233.09375000026975
9683,100.87395833333333,2224271,462.7812500000608
9684,100.875,2224294,485.75000000003996
9685,100.88541666666667,2224523,11.437500000066336
9686,100.89583333333333,2224753,241.12499999985744
9687,100.90625,2224983,214.8125000001329
9688,100.91666666666667,2225213,444.5000000002374
9689,100.92708333333333,2225442,98.18750000002154
9690,100.946875,2225879,150.59375000003783
9691,100.95729166666668,2226108,380.2812500001423
9692,100.96770833333333,2226338,33.96874999992647
9693,100.978125,2226568,135.6562500002731
9694,100.98854166666668,2226797,109.34375000023522
9695,100.99895833333333,2227027,339.0312500000263
9696,101.0,2227050,362.00000000000546
9697,101.01041666666667,2227280,15.687500000102972
9698,101.02083333333333,2227509,117.3749999998229
9699,101.03125,2227739,91.06250000009837
9700,101.04166666666667,2227969,320.7500000002028
9701,101.05208333333333,2228198,38.437500000022595
9702,101.071875,2228635,26.843750000003297
9703,101.08229166666668,2228865,256.5312500001078
9704,101.09270833333333,2229094,486.2187499998988
9705,101.103125,2229324,11.906250000238572
9706,101.11354166666668,2229554,241.59375000034302
9707,101.12395833333333,2229783,215.2812499999918
9708,101.125,2229806,238.2499999999709
9709,101.13541666666667,2230036,467.9375000000754
9710,101.14583333333333,2230266,121.62499999985954
9711,101.15625,2230495,223.31249999989282
9712,101.16666666666667,2230725,197.00000000016828
9713,101.17708333333333,2230955,426.6874999999594
9714,101.196875,2231391,159.0937500001111
9715,101.20729166666668,2231621,132.78125000007321
9716,101.21770833333333,2231850,362.4687499998643
9717,101.228125,2232080,16.156250000275207
9718,101.23854166666668,2232310,117.84375000030849
9719,101.24895833333333,2232540,91.53124999995725
9720,101.25,2232562,114.49999999993636
9721,101.26041666666667,2232792,344.1875000000408
9722,101.27083333333333,2233022,61.87499999986059
9723,101.28125,2233252,99.56249999985829
9724,101.29166666666667,2233481,73.25000000013375
9725,101.30208333333333,2233711,302.93749999992485
9726,101.321875,2234147,35.34375000007657
9727,101.33229166666668,2234377,9.031250000352031
9728,101.34270833333333,2234607,238.71875000014313
9729,101.353125,2234836,468.4062500002476
9730,101.36354166666668,2235066,122.09375000034512
9731,101.37395833333333,2235296,223.78125000006506
9732,101.375,2235319,246.75000000004417
9733,101.38541666666667,2235548,220.43750000000628
9734,101.39583333333333,2235778,450.1249999997974
9735,101.40625,2236008,103.81249999989492
9736,101.41666666666667,2236238,205.50000000024156
9737,101.42708333333333,2236467,179.18749999989032
9738,101.446875,2236904,39.593750000113204
9739,101.45729166666668,2237133,141.28125000014649
9740,101.46770833333333,2237363,114.9687500001086
9741,101.478125,2237593,344.65625000021305
9742,101.48854166666668,2237822,62.343750000346176
9743,101.49895833333333,2238052,100.03125000003052
9744,101.5,2238075,123.00000000000963
9745,101.51041666666667,2238305,96.68749999997175
9746,101.52083333333333,2238534,326.37499999976285
9747,101.53125,2238764,44.06249999989598
9748,101.54166666666667,2238994,81.75000000020702
9749,101.55208333333333,2239223,55.43749999985579
9750,101.571875,2239660,491.8437500000856
9751,101.58229166666668,2239890,17.531250000111953
9752,101.59270833333333,2240119,247.21874999990305
9753,101.603125,2240349,220.90625000017852
9754,101.61354166666668,2240579,450.59375000028297
9755,101.62395833333333,2240808,104.28125000006716
9756,101.625,2240831,127.25000000004627
9757,101.63541666666667,2241061,228.93750000007955
9758,101.64583333333333,2241291,202.62500000004167
9759,101.65625,2241520,432.3125000001461
9760,101.66666666666667,2241750,86.00000000024366
9761,101.67708333333333,2241980,187.6874999999636
9762,101.696875,2242416,368.09375000005105
9763,101.70729166666668,2242646,21.78125000014859
9764,101.71770833333333,2242875,123.46874999986852
9765,101.728125,2243105,97.15625000014398
9766,101.73854166666668,2243335,326.8437500002484
9767,101.74895833333333,2243565,44.53125000006821
9768,101.75,2243588,3.500000000011738
9769,101.76041666666667,2243817,105.18750000004502
9770,101.77083333333333,2244047,78.87500000000713
9771,101.78125,2244277,308.5625000001116
9772,101.79166666666667,2244506,26.25000000024471
9773,101.80208333333333,2244736,63.93749999992906
9774,101.821875,2245172,244.3437500000165
9775,101.83229166666668,2245402,474.03125000012096
9776,101.84270833333333,2245632,127.71874999990516
9777,101.853125,2245861,229.4062500002518
9778,101.86354166666668,2246091,203.0937500002139
9779,101.87395833333333,2246321,432.781250000005
9780,101.875,2246344,455.7499999999841
9781,101.88541666666667,2246573,109.43750000008166
9782,101.89583333333333,2246803,211.1249999998016
9783,101.90625,2247033,184.81250000007705
9784,101.91666666666667,2247263,414.5000000001815
9785,101.92708333333333,2247492,68.1874999999657
9786,101.946875,2247929,120.59374999998198
9787,101.95729166666668,2248158,350.2812500000864
9788,101.96770833333333,2248388,3.9687499998706244
9789,101.978125,2248618,105.65625000021726
9790,101.98854166666668,2248847,79.34375000017937
9791,101.99895833333333,2249077,309.03124999997044
9792,102.0,2249100,331.9999999999496
9793,102.01041666666667,2249330,49.68750000008271
9794,102.02083333333333,2249559,87.37499999976706
9795,102.03125,2249789,61.06250000004252
9796,102.04166666666667,2250019,290.750000000147
9797,102.05208333333333,2250248,8.437499999966747
9798,102.071875,2250685,252.84375000008978
9799,102.08229166666668,2250915,226.53125000036525
9800,102.09270833333333,2251144,456.2187500001563
9801,102.103125,2251374,109.90625000025389
9802,102.11354166666668,2251604,211.59375000028717
9803,102.12395833333333,2251833,185.28124999993594
9804,102.125,2251856,208.24999999991505
9805,102.13541666666667,2252086,437.9375000000195
9806,102.14583333333333,2252316,91.62499999980369
9807,102.15625,2252545,193.31250000015032
9808,102.16666666666667,2252775,167.00000000011244
9809,102.17708333333333,2253005,396.68749999990354
9810,102.196875,2253441,129.09375000005525
9811,102.20729166666668,2253671,102.78125000033072
9812,102.21770833333333,2253900,332.4687500001218
9813,102.228125,2254130,50.15625000025494
9814,102.23854166666668,2254360,87.84375000025264
9815,102.24895833333333,2254590,61.531249999901405
9816,102.25,2254612,84.49999999988052
9817,102.26041666666667,2254842,314.187499999985
9818,102.27083333333333,2255072,31.874999999804743
9819,102.28125,2255302,69.56250000011579
9820,102.29166666666667,2255531,43.250000000077904
9821,102.30208333333333,2255761,272.93749999986903
9822,102.321875,2256197,5.343750000020719
9823,102.33229166666668,2256427,235.03125000012517
9824,102.34270833333333,2256657,208.71875000008728
9825,102.353125,2256886,438.40625000019173
9826,102.36354166666668,2257116,92.09375000028928
9827,102.37395833333333,2257346,193.7812500000092
9828,102.375,2257369,216.74999999998832
9829,102.38541666666667,2257598,190.43749999995043
9830,102.39583333333333,2257828,420.12499999974153
9831,102.40625,2258058,73.81250000015243
9832,102.41666666666667,2258288,175.5000000001857
9833,102.42708333333333,2258517,149.18749999983447
9834,102.446875,2258954,9.593750000057355
9835,102.45729166666668,2259183,111.28125000009064
9836,102.46770833333333,2259413,84.96875000005275
9837,102.478125,2259643,314.65625000015723
9838,102.48854166666668,2259872,32.34375000029033
9839,102.49895833333333,2260102,70.03124999997468
9840,102.5,2260125,92.99999999995379
9841,102.51041666666667,2260355,66.68750000022925
9842,102.52083333333333,2260584,296.37500000002035
9843,102.53125,2260814,14.062500000153477
9844,102.54166666666667,2261044,51.750000000151175
9845,102.55208333333333,2261273,25.43749999979994
9846,102.571875,2261710,461.84375000002973
9847,102.58229166666668,2261940,115.53125000012727
9848,102.59270833333333,2262169,217.21875000016055
9849,102.603125,2262399,190.90625000012267
9850,102.61354166666668,2262629,420.59375000022715
9851,102.62395833333333,2262858,74.28125000001131
9852,102.625,2262881,97.24999999999042
9853,102.63541666666667,2263111,198.9375000000237
9854,102.64583333333333,2263341,172.62499999998582
9855,102.65625,2263570,402.31250000009027
9856,102.66666666666667,2263800,56.00000000018781
9857,102.67708333333333,2264030,157.68749999990774
9858,102.696875,2264466,338.0937499999952
9859,102.70729166666668,2264696,55.781250000128324
9860,102.71770833333333,2264925,93.46875000012602
9861,102.728125,2265155,67.15625000008814
9862,102.73854166666668,2265385,296.8437500001926
9863,102.74895833333333,2265615,14.531250000012363
9864,102.75,2265637,37.49999999999147
9865,102.76041666666667,2265867,75.18749999998917
9866,102.77083333333333,2266097,48.874999999951285
9867,102.78125,2266327,278.5625000000557
9868,102.79166666666667,2266556,508.2500000001602
9869,102.80208333333333,2266786,33.93749999987321
9870,102.821875,2267222,214.343750000274
9871,102.83229166666668,2267452,444.03125000037846
9872,102.84270833333333,2267682,97.71875000016266
9873,102.853125,2267911,199.40625000019594
9874,102.86354166666668,2268141,173.09375000015805
9875,102.87395833333333,2268371,402.7812499999492
9876,102.875,2268394,425.74999999992826
9877,102.88541666666667,2268623,79.4375000000258
9878,102.89583333333333,2268853,181.12499999974574
9879,102.90625,2269083,154.8125000000212
9880,102.91666666666667,2269313,384.5000000001256
9881,102.92708333333333,2269542,38.187499999909846
9882,102.946875,2269979,90.59375000023948
9883,102.95729166666668,2270208,320.2812500003439
9884,102.96770833333333,2270438,37.96875000016371
9885,102.978125,2270668,75.6562500001614
9886,102.98854166666668,2270897,49.34375000012352
9887,102.99895833333333,2271127,279.0312499999146
9888,103.0,2271150,301.9999999998937
9889,103.01041666666667,2271380,19.68750000002686
9890,103.02083333333333,2271609,57.375000000024556
9891,103.03125,2271839,31.06249999998667
9892,103.04166666666667,2272069,260.7500000000911
9893,103.05208333333333,2272298,490.4374999998822
9894,103.071875,2272735,222.84375000003394
9895,103.08229166666668,2272965,196.5312500003094
9896,103.09270833333333,2273194,426.2187500001005
9897,103.103125,2273424,79.90625000019804
9898,103.11354166666668,2273654,181.59375000023132
9899,103.12395833333333,2273883,155.2812499998801
9900,103.125,2273906,178.2499999998592
9901,103.13541666666667,2274136,407.9374999999636
9902,103.14583333333333,2274366,61.62499999974784
9903,103.15625,2274595,163.31250000009447
9904,103.16666666666667,2274825,137.0000000000566
9905,103.17708333333333,2275055,366.68749999984766
9906,103.196875,2275491,99.0937499999994
9907,103.20729166666668,2275721,72.78125000027487
9908,103.21770833333333,2275950,302.46875000006594
9909,103.228125,2276180,20.156250000199094
9910,103.23854166666668,2276410,57.84375000019679
9911,103.24895833333333,2276640,31.531250000158906
9912,103.25,2276663,54.500000000138016
9913,103.26041666666667,2276892,284.1875000002425
9914,103.27083333333333,2277122,1.8749999997488942
9915,103.28125,2277352,39.56250000005994
9916,103.29166666666667,2277581,13.250000000022055
9917,103.30208333333333,2277811,242.93749999981316
9918,103.321875,2278247,103.34375000003604
9919,103.33229166666668,2278477,205.03125000038267
9920,103.34270833333333,2278707,178.71875000003143
9921,103.353125,2278936,408.40625000013586
9922,103.36354166666668,2279166,62.09375000023343
9923,103.37395833333333,2279396,163.78124999995336
9924,103.375,2279419,186.74999999993247
9925,103.38541666666667,2279648,160.43750000020793
9926,103.39583333333333,2279878,390.12499999999903
9927,103.40625,2280108,43.81250000009658
9928,103.41666666666667,2280338,145.50000000012986
9929,103.42708333333333,2280567,119.18749999977862
9930,103.446875,2281004,43.59375000003709
9931,103.45729166666668,2281233,81.28125000034814
9932,103.46770833333333,2281463,54.9687499999969
9933,103.478125,2281693,284.65625000010135
9934,103.48854166666668,2281922,2.343750000234479
9935,103.49895833333333,2282152,40.03124999991883
9936,103.5,2282175,62.99999999989794
9937,103.51041666666667,2282405,36.6875000001734
9938,103.52083333333333,2282634,266.37499999996453
9939,103.53125,2282864,496.06250000006895
9940,103.54166666666667,2283094,21.750000000095326
9941,103.55208333333333,2283323,251.43749999988643
9942,103.571875,2283760,431.84374999997385
9943,103.58229166666668,2283990,85.53125000038477
9944,103.59270833333333,2284219,187.2187500001047
9945,103.603125,2284449,160.90625000006682
9946,103.61354166666668,2284679,390.59375000017127
9947,103.62395833333333,2284908,44.28124999995546
9948,103.625,2284931,67.24999999993457
9949,103.63541666666667,2285161,168.93749999996786
9950,103.64583333333333,2285391,142.62499999992997
9951,103.65625,2285620,372.31250000003445
9952,103.66666666666667,2285850,26.000000000131962
9953,103.67708333333333,2286080,127.6874999998519
9954,103.696875,2286516,308.0937500002527
9955,103.70729166666668,2286746,25.781250000385825
9956,103.71770833333333,2286975,63.46875000007017
9957,103.728125,2287205,37.15625000003229
9958,103.73854166666668,2287435,266.84375000013677
9959,103.74895833333333,2287665,496.5312499999278
9960,103.75,2287687,7.499999999935625
9961,103.76041666666667,2287917,45.18750000024667
9962,103.77083333333333,2288147,18.874999999895437
9963,103.78125,2288377,248.5624999999999
9964,103.79166666666667,2288606,478.25000000010436
9965,103.80208333333333,2288836,3.937499999817362
9966,103.821875,2289272,184.34375000021817
9967,103.83229166666668,2289502,414.03125000032264
9968,103.84270833333333,2289732,67.71875000010681
9969,103.853125,2289961,169.4062500001401
9970,103.86354166666668,2290191,143.0937500001022
9971,103.87395833333333,2290421,372.7812499998933
9972,103.875,2290444,395.74999999987244
9973,103.88541666666667,2290673,49.43749999996996
9974,103.89583333333333,2290903,151.12500000000324
9975,103.90625,2291133,124.81249999996535
9976,103.91666666666667,2291363,354.5000000000698
9977,103.92708333333333,2291592,8.187499999853998
9978,103.946875,2292029,60.59375000018363
9979,103.95729166666668,2292258,290.2812500002881
9980,103.96770833333333,2292488,7.96875000010786
9981,103.978125,2292718,45.65625000010556
9982,103.98854166666668,2292947,19.34375000038102
9983,103.99895833333333,2293177,249.03125000017212
9984,104.0,2293200,272.0000000001512
9985,104.01041666666667,2293430,501.6875000002557
9986,104.02083333333333,2293659,27.374999999968708
9987,104.03125,2293889,1.0624999999308216
9988,104.04166666666667,2294119,230.75000000003527
9989,104.05208333333333,2294348,460.4374999998264
9990,104.071875,2294785,192.8437499999781
9991,104.08229166666668,2295015,166.53125000025355
9992,104.09270833333333,2295244,396.2187500000447
9993,104.103125,2295474,49.906250000142194
9994,104.11354166666668,2295704,151.59375000017548
9995,104.12395833333333,2295933,125.28125000013759
9996,104.125,2295956,148.2500000001167
9997,104.13541666666667,2296186,377.9375000002211
9998,104.14583333333333,2296416,31.625000000005343
9999,104.15625,2296645,133.31250000003863
10000,104.16666666666667,2296875,107.00000000000074
10001,104.17708333333333,2297105,336.68749999979184
10002,104.196875,2297541,69.0937500002569
10003,104.20729166666668,2297771,42.78125000021902
10004,104.21770833333333,2298000,272.4687500000101
10005,104.228125,2298230,502.1562500001146
10006,104.23854166666668,2298460,27.843750000140943
10007,104.24895833333333,2298690,1.5312500001030571
10008,104.25,2298713,24.500000000082167
10009,104.26041666666667,2298942,254.18750000018662
10010,104.27083333333333,2299172,483.8749999999777
10011,104.28125,2299402,9.562500000004093
10012,104.29166666666667,2299631,239.25000000010854
10013,104.30208333333333,2299861,212.9374999997573
10014,104.321875,2300297,73.34374999998019
10015,104.33229166666668,2300527,175.03125000032682
10016,104.34270833333333,2300757,148.71874999997559
10017,104.353125,2300986,378.40625000008004
10018,104.36354166666668,2301216,32.09375000017758
10019,104.37395833333333,2301446,133.7812499998975
10020,104.375,2301469,156.74999999987662
10021,104.38541666666667,2301698,130.43750000015208
10022,104.39583333333333,2301928,360.12499999994316
10023,104.40625,2302158,13.812500000040728
10024,104.41666666666667,2302388,115.50000000007401
10025,104.42708333333333,2302617,89.18750000003612
10026,104.446875,2303054,13.593749999981242
10027,104.45729166666668,2303283,51.28125000029229
10028,104.46770833333333,2303513,24.968749999941053
10029,104.478125,2303743,254.6562500000455
10030,104.48854166666668,2303972,484.34375000014995
10031,104.49895833333333,2304202,10.031250000176328
10032,104.5,2304225,33.00000000015544
10033,104.51041666666667,2304455,6.687500000117552
10034,104.52083333333333,2304684,236.37499999990865
10035,104.53125,2304914,466.0625000000131
10036,104.54166666666667,2305144,119.75000000011065
10037,104.55208333333333,2305373,221.43749999983058
10038,104.571875,2305810,401.84375000023135
10039,104.58229166666668,2306040,55.531250000328924
10040,104.59270833333333,2306269,157.21875000004886
10041,104.603125,2306499,130.90625000001097
10042,104.61354166666668,2306729,360.5937500001154
10043,104.62395833333333,2306958,14.281249999899615
10044,104.625,2306981,37.249999999878725
10045,104.63541666666667,2307211,138.93750000022536
10046,104.64583333333333,2307441,112.62499999987412
10047,104.65625,2307670,342.31249999997857
10048,104.66666666666667,2307900,60.0000000001117
10049,104.67708333333333,2308130,97.68749999979605
10050,104.696875,2308566,278.09375000019685
10051,104.70729166666668,2308796,507.78125000030127
10052,104.71770833333333,2309025,33.468750000014325
10053,104.728125,2309255,7.156249999976438
10054,104.73854166666668,2309485,236.8437500000809
10055,104.74895833333333,2309715,466.531249999872
10056,104.75,2309737,489.49999999985107
10057,104.76041666666667,2309967,15.187500000190823
10058,104.77083333333333,2310197,244.87499999998192
10059,104.78125,2310427,218.56249999994404
10060,104.79166666666667,2310656,448.2500000000485
10061,104.80208333333333,2310886,101.93749999983268
10062,104.821875,2311322,154.34375000016232
10063,104.83229166666668,2311552,384.03125000026677
10064,104.84270833333333,2311782,37.71875000005096
10065,104.853125,2312011,139.40625000008424
10066,104.86354166666668,2312241,113.0937500003597
10067,104.87395833333333,2312471,342.7812500001508
10068,104.875,2312494,365.75000000012994
10069,104.88541666666667,2312723,19.43750000022746
10070,104.89583333333333,2312953,121.12499999994739
10071,104.90625,2313183,94.8124999999095
10072,104.91666666666667,2313413,324.500000000014
10073,104.92708333333333,2313642,42.18749999983373
10074,104.946875,2314079,30.593750000127784
10075,104.95729166666668,2314308,260.28125000023226
10076,104.96770833333333,2314538,489.9687500000233
10077,104.978125,2314768,15.65625000004971
10078,104.98854166666668,2314997,245.34375000015416
10079,104.99895833333333,2315227,219.03125000011627
10080,105.0,2315250,242.00000000009538
10081,105.01041666666667,2315480,471.68750000019986
10082,105.02083333333333,2315709,125.37499999998403
10083,105.03125,2315939,227.0625000000173
10084,105.04166666666667,2316169,200.74999999997942
10085,105.05208333333333,2316398,430.4374999997705
10086,105.071875,2316835,162.8437500002356
10087,105.08229166666668,2317065,136.5312500001977
10088,105.09270833333333,2317294,366.2187499999888
10089,105.103125,2317524,19.906250000086345
10090,105.11354166666668,2317754,121.59375000011963
10091,105.12395833333333,2317983,95.28125000008174
10092,105.125,2318006,118.25000000006085
10093,105.13541666666667,2318236,347.9375000001653
10094,105.14583333333333,2318466,1.6249999999494946
10095,105.15625,2318695,103.31249999998278
10096,105.16666666666667,2318925,77.00000000025824
10097,105.17708333333333,2319155,306.68750000004934
10098,105.196875,2319591,39.093750000201055
10099,105.20729166666668,2319821,12.781250000163169
10100,105.21770833333333,2320050,242.46874999995427
10101,105.228125,2320280,472.1562500000587
10102,105.23854166666668,2320510,125.84375000015626
10103,105.24895833333333,2320740,227.5312499998762
10104,105.25,2320762,250.4999999998553
10105,105.26041666666667,2320992,224.18750000013077
10106,105.27083333333333,2321222,453.8749999999219
10107,105.28125,2321452,107.56250000001941
10108,105.29166666666667,2321681,209.2500000000527
10109,105.30208333333333,2321911,182.9375000000148
10110,105.321875,2322347,43.34375000023769
10111,105.33229166666668,2322577,145.03125000027097
10112,105.34270833333333,2322807,118.71874999991974
10113,105.353125,2323036,348.4062500000242
10114,105.36354166666668,2323266,2.09375000012173
10115,105.37395833333333,2323496,103.78125000015501
10116,105.375,2323519,126.75000000013412
10117,105.38541666666667,2323748,100.43750000009624
10118,105.39583333333333,2323978,330.12499999988734
10119,105.40625,2324208,47.812500000020464
10120,105.41666666666667,2324438,85.50000000001816
10121,105.42708333333333,2324667,59.187499999980275
10122,105.446875,2325104,495.5937500002101
10123,105.45729166666668,2325333,21.28125000023644
10124,105.46770833333333,2325563,250.96875000002754
10125,105.478125,2325793,224.65624999998965
10126,105.48854166666668,2326022,454.34375000009413
10127,105.49895833333333,2326252,108.0312499998783
10128,105.5,2326275,3.0000000000995897
10129,105.51041666666667,2326505,232.68750000020404
10130,105.52083333333333,2326734,206.3749999998528
10131,105.53125,2326964,436.06249999995725
10132,105.54166666666667,2327194,89.7500000000548
10133,105.55208333333333,2327423,191.43749999977473
10134,105.571875,2327860,371.84375000017553
10135,105.58229166666668,2328090,25.531250000273076
10136,105.59270833333333,2328319,127.21874999999301
10137,105.603125,2328549,100.90625000026847
10138,105.61354166666668,2328779,330.5937500003729
10139,105.62395833333333,2329008,48.28124999987935
10140,105.625,2329031,7.250000000136225
10141,105.63541666666667,2329261,108.9375000001695
10142,105.64583333333333,2329491,82.62499999981827
10143,105.65625,2329720,312.3124999999227
10144,105.66666666666667,2329950,30.00000000005585
10145,105.67708333333333,2330180,67.6874999997402
10146,105.696875,2330616,248.093750000141
10147,105.70729166666668,2330846,477.78125000024545
10148,105.71770833333333,2331075,3.468749999958476
10149,105.728125,2331305,233.15625000006293
10150,105.73854166666668,2331535,206.8437500003384
10151,105.74895833333333,2331765,436.5312500001295
10152,105.75,2331788,459.50000000010857
10153,105.76041666666667,2332017,113.18750000020614
10154,105.77083333333333,2332247,214.87499999992608
10155,105.78125,2332477,188.5624999998882
10156,105.79166666666667,2332706,418.2499999999926
10157,105.80208333333333,2332936,71.93749999977683
10158,105.821875,2333372,124.34375000010647
10159,105.83229166666668,2333602,354.0312500002109
10160,105.84270833333333,2333832,7.7187499999951115
10161,105.853125,2334061,109.4062500000284
10162,105.86354166666668,2334291,83.09375000030386
10163,105.87395833333333,2334521,312.78125000009493
10164,105.875,2334544,335.75000000007407
10165,105.88541666666667,2334773,53.437500000207194
10166,105.89583333333333,2335003,91.12499999989154
10167,105.90625,2335233,64.81249999985366
10168,105.91666666666667,2335462,294.4999999999581
10169,105.92708333333333,2335692,12.187499999777884
10170,105.946875,2336129,0.5937500000719353
10171,105.95729166666668,2336358,230.28125000017639
10172,105.96770833333333,2336588,459.9687499999675
10173,105.978125,2336818,113.65625000006503
10174,105.98854166666668,2337047,215.3437500000983
10175,105.99895833333333,2337277,189.03125000006042
10176,106.0,2337300,212.00000000003953
10177,106.01041666666667,2337530,441.687500000144
10178,106.02083333333333,2337759,95.37499999992818
10179,106.03125,2337989,197.06249999996146
10180,106.04166666666667,2338219,170.75000000023692
10181,106.05208333333333,2338448,400.437500000028
10182,106.071875,2338885,132.84375000017974
10183,106.08229166666668,2339115,106.53125000014185
10184,106.09270833333333,2339344,336.2187499999329
10185,106.103125,2339574,53.90625000006608
10186,106.11354166666668,2339804,91.59375000037713
10187,106.12395833333333,2340033,65.28125000002589
10188,106.125,2340056,88.250000000005
10189,106.13541666666667,2340286,317.9375000001095
10190,106.14583333333333,2340516,35.62499999992923
10191,106.15625,2340745,73.31249999992693
10192,106.16666666666667,2340975,47.00000000020239
10193,106.17708333333333,2341205,276.6874999999935
10194,106.196875,2341641,9.093750000145207
10195,106.20729166666668,2341871,238.78125000024966
10196,106.21770833333333,2342100,212.46874999989842
10197,106.228125,2342330,442.15625000000284
10198,106.23854166666668,2342560,95.84375000010041
10199,106.24895833333333,2342790,197.5312500001337
10200,106.25,2342813,220.5000000001128
10201,106.26041666666667,2343042,194.18750000007492
10202,106.27083333333333,2343272,423.874999999866
10203,106.28125,2343502,77.56249999996356
10204,106.29166666666667,2343731,179.24999999999685
10205,106.30208333333333,2343961,152.93749999995896
10206,106.321875,2344397,13.343750000181842
10207,106.33229166666668,2344627,115.03125000021512
10208,106.34270833333333,2344857,88.71875000017724
10209,106.353125,2345086,318.4062500002817
10210,106.36354166666668,2345316,36.093750000101466
10211,106.37395833333333,2345546,73.78125000009916
10212,106.375,2345569,96.75000000007827
10213,106.38541666666667,2345798,70.43750000004039
10214,106.39583333333333,2346028,300.1249999998315
10215,106.40625,2346258,17.812499999964615
10216,106.41666666666667,2346487,55.49999999996231
10217,106.42708333333333,2346717,29.187499999924427
10218,106.446875,2347154,465.5937500001542
10219,106.45729166666668,2347383,119.28125000025176
10220,106.46770833333333,2347613,220.9687499999717
10221,106.478125,2347843,194.65625000024716
10222,106.48854166666668,2348072,424.34375000035163
10223,106.49895833333333,2348302,78.0312500001358
10224,106.5,2348325,101.00000000011491
10225,106.51041666666667,2348555,202.6875000001482
10226,106.52083333333333,2348784,176.37499999979696
10227,106.53125,2349014,406.06249999990143
10228,106.54166666666667,2349244,59.74999999999895
10229,106.55208333333333,2349473,161.43750000003223
10230,106.571875,2349910,341.8437500001197
10231,106.58229166666668,2350140,59.53125000025281
10232,106.59270833333333,2350369,97.21874999993716
10233,106.603125,2350599,70.90625000021262
10234,106.61354166666668,2350829,300.5937500003171
10235,106.62395833333333,2351058,18.28125000013685
10236,106.625,2351081,41.25000000011596
10237,106.63541666666667,2351311,78.93750000011366
10238,106.64583333333333,2351541,52.62499999976242
10239,106.65625,2351770,282.3124999998669
10240,106.66666666666667,2352000,0.0
10241,106.67708333333333,2352230,37.6874999999977
10242,106.696875,2352666,218.09375000008515
10243,106.70729166666668,2352896,447.78125000018963
10244,106.71770833333333,2353125,101.4687499999738
10245,106.728125,2353355,203.15625000000708
10246,106.73854166666668,2353585,176.84375000028254
10247,106.74895833333333,2353815,406.53125000007367
10248,106.75,2353838,429.50000000005275
10249,106.76041666666667,2354067,83.1875000001503
10250,106.77083333333333,2354297,184.87499999987023
10251,106.78125,2354527,158.5625000001457
10252,106.79166666666667,2354756,388.2500000002501
10253,106.80208333333333,2354986,41.93750000003433
10254,106.821875,2355422,94.34375000005062
10255,106.83229166666668,2355652,324.03125000015507
10256,106.84270833333333,2355882,41.71874999997485
10257,106.853125,2356111,79.40624999997254
10258,106.86354166666668,2356341,53.09375000024801
10259,106.87395833333333,2356571,282.7812500000391
10260,106.875,2356594,305.7500000000182
10261,106.88541666666667,2356823,23.437500000151346
10262,106.89583333333333,2357053,61.124999999835694
10263,106.90625,2357283,34.81250000011116
10264,106.91666666666667,2357513,264.5000000002156
10265,106.92708333333333,2357742,494.1875000000067
10266,106.946875,2358179,226.59375000015842
10267,106.95729166666668,2358408,200.28125000012054
10268,106.96770833333333,2358638,429.96874999991167
10269,106.978125,2358868,83.65625000000918
10270,106.98854166666668,2359097,185.3437500003558
10271,106.99895833333333,2359327,159.03125000000458
10272,107.0,2359350,181.9999999999837
10273,107.01041666666667,2359580,411.6875000000881
10274,107.02083333333333,2359809,65.37499999987233
10275,107.03125,2360039,167.0624999999056
10276,107.04166666666667,2360269,140.75000000018107
10277,107.05208333333333,2360498,370.43749999997215
10278,107.071875,2360935,102.84375000012389
10279,107.08229166666668,2361165,76.531250000086
10280,107.09270833333333,2361394,306.2187499998771
10281,107.103125,2361624,23.906250000010232
10282,107.11354166666668,2361854,61.59375000032128
10283,107.12395833333333,2362083,35.28124999997004
10284,107.125,2362106,58.249999999949154
10285,107.13541666666667,2362336,287.9375000000536
10286,107.14583333333333,2362566,5.624999999873381
10287,107.15625,2362795,43.31249999987108
10288,107.16666666666667,2363025,17.000000000146542
10289,107.17708333333333,2363255,246.68749999993764
10290,107.196875,2363691,107.09375000016053
10291,107.20729166666668,2363921,208.7812500001938
10292,107.21770833333333,2364150,182.46875000015592
10293,107.228125,2364380,412.15625000026034
10294,107.23854166666668,2364610,65.84375000035791
10295,107.24895833333333,2364840,167.53125000007785
10296,107.25,2364863,190.50000000005696
10297,107.26041666666667,2365092,164.18750000001907
10298,107.27083333333333,2365322,393.87499999981014
10299,107.28125,2365552,47.562499999907715
10300,107.29166666666667,2365781,149.25000000025435
10301,107.30208333333333,2366011,122.93749999990311
10302,107.321875,2366447,47.34375000016158
10303,107.33229166666668,2366677,85.03125000015928
10304,107.34270833333333,2366907,58.71875000012139
10305,107.353125,2367136,288.40625000022584
10306,107.36354166666668,2367366,6.093750000358966
10307,107.37395833333333,2367596,43.781250000043315
10308,107.375,2367619,66.75000000002242
10309,107.38541666666667,2367848,40.43749999998454
10310,107.39583333333333,2368078,270.12499999977564
10311,107.40625,2368308,499.81249999988006
10312,107.41666666666667,2368538,25.500000000219814
10313,107.42708333333333,2368767,255.1875000000109
10314,107.446875,2369204,435.59375000009834
10315,107.45729166666668,2369433,89.28125000019591
10316,107.46770833333333,2369663,190.96874999991584
10317,107.478125,2369893,164.6562500001913
10318,107.48854166666668,2370122,394.34375000029576
10319,107.49895833333333,2370352,48.03125000007995
10320,107.5,2370375,71.00000000005906
10321,107.51041666666667,2370605,172.68750000009234
10322,107.52083333333333,2370834,146.3749999997411
10323,107.53125,2371064,376.06249999984556
10324,107.54166666666667,2371294,29.75000000025645
10325,107.55208333333333,2371523,131.43749999997638
10326,107.571875,2371960,311.84375000006384
10327,107.58229166666668,2372190,29.531250000196962
10328,107.59270833333333,2372419,67.21874999988131
10329,107.603125,2372649,40.906250000156774
10330,107.61354166666668,2372879,270.59375000026125
10331,107.62395833333333,2373108,500.2812500000523
10332,107.625,2373131,11.250000000060112
10333,107.63541666666667,2373361,48.93750000005781
10334,107.64583333333333,2373591,22.625000000019924
10335,107.65625,2373820,252.31250000012437
10336,107.66666666666667,2374050,482.00000000022885
10337,107.67708333333333,2374280,7.687499999941849
10338,107.696875,2374716,188.0937500000293
10339,107.70729166666668,2374946,417.78125000013375
10340,107.71770833333333,2375175,71.46874999991795
10341,107.728125,2375405,173.15625000026458
10342,107.73854166666668,2375635,146.8437500002267
10343,107.74895833333333,2375865,376.5312500000178
10344,107.75,2375887,399.49999999999693
10345,107.76041666666667,2376117,53.187500000094445
10346,107.77083333333333,2376347,154.87499999981438
10347,107.78125,2376577,128.56250000008984
10348,107.79166666666667,2376806,358.2500000001943
10349,107.80208333333333,2377036,11.937499999978485
10350,107.821875,2377472,64.34374999999477
10351,107.83229166666668,2377702,294.03125000009925
10352,107.84270833333333,2377932,11.718749999918998
10353,107.853125,2378161,49.406250000230045
10354,107.86354166666668,2378391,23.09375000019216
10355,107.87395833333333,2378621,252.78124999998326
10356,107.875,2378644,275.74999999996237
10357,107.88541666666667,2378873,505.43750000006685
10358,107.89583333333333,2379103,31.124999999779845
10359,107.90625,2379333,4.812500000055309
10360,107.91666666666667,2379563,234.50000000015976
10361,107.92708333333333,2379792,464.1874999999509
10362,107.946875,2380229,196.59375000010257
10363,107.95729166666668,2380458,170.28125000037804
10364,107.96770833333333,2380688,399.96875000016917
10365,107.978125,2380918,53.65625000026668
10366,107.98854166666668,2381147,155.34375000029996
10367,107.99895833333333,2381377,129.03124999994873
10368,108.0,2381400,151.99999999992784
10369,108.01041666666667,2381630,381.6875000000323
10370,108.02083333333333,2381859,35.37499999981648
10371,108.03125,2382089,137.06249999984976
10372,108.04166666666667,2382319,110.75000000012523
10373,108.05208333333333,2382548,340.4374999999163
10374,108.071875,2382985,72.84375000006804
10375,108.08229166666668,2383215,46.531250000343505
10376,108.09270833333333,2383444,276.2187500001346
10377,108.103125,2383674,505.9062500002391
10378,108.11354166666668,2383904,31.59375000026543
10379,108.12395833333333,2384133,5.281249999914195
10380,108.125,2384156,28.249999999893305
10381,108.13541666666667,2384386,257.9374999999977
10382,108.14583333333333,2384616,487.6249999997889
10383,108.15625,2384845,13.31250000012858
10384,108.16666666666667,2385075,243.00000000023303
10385,108.17708333333333,2385305,216.6874999998818
10386,108.196875,2385741,77.09375000010468
10387,108.20729166666668,2385971,178.78125000013796
10388,108.21770833333333,2386200,152.46875000010007
10389,108.228125,2386430,382.1562500002045
10390,108.23854166666668,2386660,35.843750000302066
10391,108.24895833333333,2386890,137.531250000022
10392,108.25,2386913,160.5000000000011
10393,108.26041666666667,2387142,134.18749999996322
10394,108.27083333333333,2387372,363.8749999997543
10395,108.28125,2387602,17.562499999851866
10396,108.29166666666667,2387831,119.2500000001985
10397,108.30208333333333,2388061,92.93749999984726
10398,108.321875,2388497,17.34375000010573
10399,108.33229166666668,2388727,55.03125000010343
10400,108.34270833333333,2388957,28.71875000006554
10401,108.353125,2389186,258.40625000016996
10402,108.36354166666668,2389416,488.09375000027444
10403,108.37395833333333,2389646,13.781249999987466
10404,108.375,2389669,36.749999999966576
10405,108.38541666666667,2389898,10.43750000024204
10406,108.39583333333333,2390128,240.12500000003314
10407,108.40625,2390358,469.81250000013756
10408,108.41666666666667,2390588,123.50000000023513
10409,108.42708333333333,2390817,225.18749999995507
10410,108.446875,2391254,405.5937500000425
10411,108.45729166666668,2391483,59.28125000014006
10412,108.46770833333333,2391713,160.96875000017334
10413,108.478125,2391943,134.65625000013546
10414,108.48854166666668,2392172,364.3437500002399
10415,108.49895833333333,2392402,18.0312500000241
10416,108.5,2392425,41.00000000000321
10417,108.51041666666667,2392655,142.6875000000365
10418,108.52083333333333,2392884,116.37499999999861
10419,108.53125,2393114,346.06250000010306
10420,108.54166666666667,2393344,63.750000000236184
10421,108.55208333333333,2393573,101.43749999992053
10422,108.571875,2394010,281.84375000000796
10423,108.58229166666668,2394240,511.53125000011244
10424,108.59270833333333,2394469,37.21875000013881
10425,108.603125,2394699,10.906250000100925
10426,108.61354166666668,2394929,240.59375000020538
10427,108.62395833333333,2395158,470.2812499999965
10428,108.625,2395181,493.24999999997556
10429,108.63541666666667,2395411,18.93750000000196
10430,108.64583333333333,2395641,248.62499999979306
10431,108.65625,2395870,222.31250000006852
10432,108.66666666666667,2396100,452.000000000173
10433,108.67708333333333,2396330,105.68749999995717
10434,108.696875,2396766,158.09374999997345
10435,108.70729166666668,2396996,387.7812500000779
10436,108.71770833333333,2397225,41.46875000017545
10437,108.728125,2397455,143.15625000020873
10438,108.73854166666668,2397685,116.84375000017084
10439,108.74895833333333,2397915,346.5312499999619
10440,108.75,2397937,369.49999999994105
10441,108.76041666666667,2398167,23.187500000038597
10442,108.77083333333333,2398397,124.87499999975853
10443,108.78125,2398627,98.56250000003399
10444,108.79166666666667,2398856,328.25000000013847
10445,108.80208333333333,2399086,45.93749999995822
10446,108.821875,2399522,34.34375000025227
10447,108.83229166666668,2399752,264.03125000035675
10448,108.84270833333333,2399982,493.7187500001478
10449,108.853125,2400211,19.406250000174197
10450,108.86354166666668,2400441,249.09375000027865
10451,108.87395833333333,2400671,222.7812499999274
10452,108.875,2400694,245.74999999990652
10453,108.88541666666667,2400923,475.43750000001097
10454,108.89583333333333,2401153,1.1250000000373461
10455,108.90625,2401383,230.8125000001418
10456,108.91666666666667,2401613,204.5000000001039
10457,108.92708333333333,2401842,434.187499999895
10458,108.946875,2402279,166.59375000004673
10459,108.95729166666668,2402508,140.2812500003222
10460,108.96770833333333,2402738,369.9687500001133
10461,108.978125,2402968,23.656250000210832
10462,108.98854166666668,2403197,125.34375000024411
10463,108.99895833333333,2403427,99.03124999989288
10464,109.0,2403450,121.99999999987199
10465,109.01041666666667,2403680,351.68749999997647
10466,109.02083333333333,2403909,5.374999999760632
10467,109.03125,2404139,107.06250000010726
10468,109.04166666666667,2404369,80.75000000006938
10469,109.05208333333333,2404598,310.4374999998605
10470,109.071875,2405035,42.84375000001219
10471,109.08229166666668,2405265,16.531250000287656
10472,109.09270833333333,2405494,246.21875000007876
10473,109.103125,2405724,475.9062500001832
10474,109.11354166666668,2405954,1.5937500002095817
10475,109.12395833333333,2406183,231.28125000000068
10476,109.125,2406206,254.2499999999798
10477,109.13541666666667,2406436,227.93750000025526
10478,109.14583333333333,2406666,457.6250000000464
10479,109.15625,2406895,111.3125000001439
10480,109.16666666666667,2407125,213.00000000017718
10481,109.17708333333333,2407355,186.68749999982595
10482,109.196875,2407791,47.09375000004883
10483,109.20729166666668,2408021,148.7812500000821
10484,109.21770833333333,2408250,122.46875000004422
10485,109.228125,2408480,352.1562500001487
10486,109.23854166666668,2408710,5.843750000246217
10487,109.24895833333333,2408940,107.53124999996615
10488,109.25,2408962,130.49999999994526
10489,109.26041666666667,2409192,104.18750000022072
10490,109.27083333333333,2409422,333.8750000000118
10491,109.28125,2409652,51.56250000014495
10492,109.29166666666667,2409881,89.25000000014265
10493,109.30208333333333,2410111,62.93749999979141
10494,109.321875,2410547,499.3437500000212
10495,109.33229166666668,2410777,25.031250000360927
10496,109.34270833333333,2411007,254.71875000015203
10497,109.353125,2411236,228.40625000011414
10498,109.36354166666668,2411466,458.0937500002186
10499,109.37395833333333,2411696,111.78125000000279
10500,109.375,2411719,6.749999999910727
10501,109.38541666666667,2411948,236.43750000001518
10502,109.39583333333333,2412178,210.1249999999773
10503,109.40625,2412408,439.81250000008174
10504,109.41666666666667,2412638,93.50000000017928
10505,109.42708333333333,2412867,195.18749999989922
10506,109.446875,2413304,375.5937499999867
10507,109.45729166666668,2413533,29.281250000084214
10508,109.46770833333333,2413763,130.9687500001175
10509,109.478125,2413993,104.65625000007961
10510,109.48854166666668,2414222,334.34375000018406
10511,109.49895833333333,2414452,52.03125000000384
10512,109.5,2414475,10.999999999947363
10513,109.51041666666667,2414705,112.68749999998064
10514,109.52083333333333,2414934,86.37499999994276
10515,109.53125,2415164,316.0625000000472
10516,109.54166666666667,2415394,33.750000000180336
10517,109.55208333333333,2415623,71.43749999986468
10518,109.571875,2416060,251.8437500002655
10519,109.58229166666668,2416290,481.53125000036994
10520,109.59270833333333,2416519,7.218750000082963
10521,109.603125,2416749,236.9062500001874
10522,109.61354166666668,2416979,210.59375000014953
10523,109.62395833333333,2417208,440.28124999994066
10524,109.625,2417231,463.24999999991974
10525,109.63541666666667,2417461,116.93750000001728
10526,109.64583333333333,2417691,218.62500000005056
10527,109.65625,2417920,192.31250000001268
10528,109.66666666666667,2418150,422.0000000001171
10529,109.67708333333333,2418380,75.68749999990132
10530,109.696875,2418816,128.09375000023095
10531,109.70729166666668,2419046,357.7812500003354
10532,109.71770833333333,2419275,11.468750000119599
10533,109.728125,2419505,113.15625000015288
10534,109.73854166666668,2419735,86.843750000115
10535,109.74895833333333,2419965,316.5312499999061
10536,109.75,2419987,339.4999999998852
10537,109.76041666666667,2420217,57.18750000001833
10538,109.77083333333333,2420447,94.87500000001603
10539,109.78125,2420677,68.56249999997814
10540,109.79166666666667,2420906,298.2500000000826
10541,109.80208333333333,2421136,15.937499999902371
10542,109.821875,2421572,4.343750000196422
10543,109.83229166666668,2421802,234.03125000030087
10544,109.84270833333333,2422032,463.718750000092
10545,109.853125,2422261,117.40625000018952
10546,109.86354166666668,2422491,219.0937500002228
10547,109.87395833333333,2422721,192.78124999987156
10548,109.875,2422744,215.74999999985067
10549,109.88541666666667,2422973,445.4374999999551
10550,109.89583333333333,2423203,99.12499999973932
10551,109.90625,2423433,200.81250000008595
10552,109.91666666666667,2423663,174.50000000004806
10553,109.92708333333333,2423892,404.18749999983913
10554,109.946875,2424329,136.59374999999088
10555,109.95729166666668,2424558,110.28125000026634
10556,109.96770833333333,2424788,339.9687500000574
10557,109.978125,2425018,57.65625000019057
10558,109.98854166666668,2425247,95.34375000018827
10559,109.99895833333333,2425477,69.03125000015038
10560,110.0,2425500,92.00000000012949
10561,110.01041666666667,2425730,321.68750000023397
10562,110.02083333333333,2425959,39.37499999974037
10563,110.03125,2426189,77.06250000005141
10564,110.04166666666667,2426419,50.75000000001353
10565,110.05208333333333,2426648,280.43749999980463
10566,110.071875,2427085,12.843750000269694
10567,110.08229166666668,2427315,242.53125000037414
10568,110.09270833333333,2427544,216.2187500000229
10569,110.103125,2427774,445.90625000012733
10570,110.11354166666668,2428004,99.5937500002249
10571,110.12395833333333,2428233,201.28124999994483
10572,110.125,2428256,224.24999999992394
10573,110.13541666666667,2428486,197.9375000001994
10574,110.14583333333333,2428716,427.6249999999905
10575,110.15625,2428945,81.31250000008805
10576,110.16666666666667,2429175,183.00000000012133
10577,110.17708333333333,2429405,156.6874999997701
10578,110.196875,2429841,17.09374999999298
10579,110.20729166666668,2430071,118.78125000033961
10580,110.21770833333333,2430300,92.46874999998838
10581,110.228125,2430530,322.1562500000928
10582,110.23854166666668,2430760,39.84375000022595
10583,110.24895833333333,2430990,77.5312499999103
10584,110.25,2431012,100.49999999988941
10585,110.26041666666667,2431242,74.18750000016487
10586,110.27083333333333,2431472,303.874999999956
10587,110.28125,2431702,21.562500000089102
10588,110.29166666666667,2431931,59.2500000000868
10589,110.30208333333333,2432161,32.937500000048914
10590,110.321875,2432597,469.3437500002787
10591,110.33229166666668,2432827,123.03125000037625
10592,110.34270833333333,2433057,224.71875000009618
10593,110.353125,2433286,198.4062500000583
10594,110.36354166666668,2433516,428.09375000016274
10595,110.37395833333333,2433746,81.78124999994694
10596,110.375,2433769,104.74999999992605
10597,110.38541666666667,2433998,206.43749999995933
10598,110.39583333333333,2434228,180.12499999992144
10599,110.40625,2434458,409.8125000000259
10600,110.41666666666667,2434688,63.500000000123435
10601,110.42708333333333,2434917,165.18749999984337
10602,110.446875,2435354,345.5937500002442
10603,110.45729166666668,2435583,63.2812500003773
10604,110.46770833333333,2435813,100.96875000006165
10605,110.478125,2436043,74.65625000002376
10606,110.48854166666668,2436272,304.34375000012824
10607,110.49895833333333,2436502,22.03124999994799
10608,110.5,2436525,44.9999999999271
10609,110.51041666666667,2436755,82.68750000023815
10610,110.52083333333333,2436984,56.37499999988691
10611,110.53125,2437214,286.06249999999136
10612,110.54166666666667,2437444,3.750000000124487
10613,110.55208333333333,2437673,41.437499999808836
10614,110.571875,2438110,221.84375000020964
10615,110.58229166666668,2438340,451.5312500003141
10616,110.59270833333333,2438569,105.21875000009828
10617,110.603125,2438799,206.90625000013156
10618,110.61354166666668,2439029,180.59375000009368
10619,110.62395833333333,2439258,410.2812499998848
10620,110.625,2439281,433.2499999998639
10621,110.63541666666667,2439511,86.93749999996143
10622,110.64583333333333,2439741,188.6249999999947
10623,110.65625,2439970,162.31249999995683
10624,110.66666666666667,2440200,392.0000000000613
10625,110.67708333333333,2440430,45.68749999984547
10626,110.696875,2440866,98.0937500001751
10627,110.70729166666668,2441096,327.78125000027956
10628,110.71770833333333,2441325,45.468750000099334
10629,110.728125,2441555,83.15625000009703
10630,110.73854166666668,2441785,56.843750000372495
10631,110.74895833333333,2442015,286.5312500001636
10632,110.75,2442038,309.5000000001427
10633,110.76041666666667,2442267,27.187499999962483
10634,110.77083333333333,2442497,64.87499999996018
10635,110.78125,2442727,38.562499999922295
10636,110.79166666666667,2442956,268.2500000000267
10637,110.80208333333333,2443186,497.9374999998179
10638,110.821875,2443622,230.34374999996956
10639,110.83229166666668,2443852,204.03125000024502
10640,110.84270833333333,2444082,433.71875000003615
10641,110.853125,2444311,87.40625000013367
10642,110.86354166666668,2444541,189.09375000016695
10643,110.87395833333333,2444771,162.78125000012906
10644,110.875,2444794,185.75000000010817
10645,110.88541666666667,2445023,415.4375000002126
10646,110.89583333333333,2445253,69.12499999999682
10647,110.90625,2445483,170.8125000000301
10648,110.91666666666667,2445712,144.4999999999922
10649,110.92708333333333,2445942,374.1874999997833
10650,110.946875,2446379,106.59375000024838
10651,110.95729166666668,2446608,80.28125000021049
10652,110.96770833333333,2446838,309.9687500000016
10653,110.978125,2447068,27.65625000013472
10654,110.98854166666668,2447297,65.34375000013242
10655,110.99895833333333,2447527,39.03125000009453
10656,111.0,2447550,62.00000000007364
10657,111.01041666666667,2447780,291.6875000001781
10658,111.02083333333333,2448009,9.374999999997868
10659,111.03125,2448239,47.062499999995566
10660,111.04166666666667,2448469,20.74999999995768
10661,111.05208333333333,2448698,250.43749999974878
10662,111.071875,2449135,110.84374999997166
10663,111.08229166666668,2449365,212.5312500003183
10664,111.09270833333333,2449594,186.21874999996706
10665,111.103125,2449824,415.9062500000715
10666,111.11354166666668,2450054,69.59375000016905
10667,111.12395833333333,2450283,171.28124999988898
10668,111.125,2450306,194.2499999998681
10669,111.13541666666667,2450536,167.93750000014356
10670,111.14583333333333,2450766,397.62499999993463
10671,111.15625,2450995,51.3125000000322
10672,111.16666666666667,2451225,153.00000000006548
10673,111.17708333333333,2451455,126.6875000000276
10674,111.196875,2451891,51.093749999972715
10675,111.20729166666668,2452121,88.78125000028376
10676,111.21770833333333,2452350,62.46874999993253
10677,111.228125,2452580,292.15625000003695
10678,111.23854166666668,2452810,9.843750000170104
10679,111.24895833333333,2453040,47.5312500001678
10680,111.25,2453063,70.50000000014691
10681,111.26041666666667,2453292,44.187500000109026
10682,111.27083333333333,2453522,273.8749999999001
10683,111.28125,2453752,503.56250000000455
10684,111.29166666666667,2453981,29.25000000003095
10685,111.30208333333333,2454211,2.937499999993065
10686,111.321875,2454647,439.3437500002228
10687,111.33229166666668,2454877,93.0312500003204
10688,111.34270833333333,2455107,194.71875000004033
10689,111.353125,2455336,168.40625000000244
10690,111.36354166666668,2455566,398.09375000010687
10691,111.37395833333333,2455796,51.78124999989109
10692,111.375,2455819,74.7499999998702
10693,111.38541666666667,2456048,176.43750000021683
10694,111.39583333333333,2456278,150.1249999998656
10695,111.40625,2456508,379.81249999997004
10696,111.41666666666667,2456738,33.50000000006759
10697,111.42708333333333,2456967,135.18749999978752
10698,111.446875,2457404,315.5937500001883
10699,111.45729166666668,2457633,33.28125000032145
10700,111.46770833333333,2457863,70.9687500000058
10701,111.478125,2458093,44.65625000028126
10702,111.48854166666668,2458322,274.34375000038574
10703,111.49895833333333,2458552,504.0312500001768
10704,111.5,2458575,14.99999999987125
10705,111.51041666666667,2458805,52.6875000001823
10706,111.52083333333333,2459034,26.37499999983106
10707,111.53125,2459264,256.06249999993554
10708,111.54166666666667,2459494,485.75000000003996
10709,111.55208333333333,2459723,11.437499999752987
10710,111.571875,2460160,191.8437500001538
10711,111.58229166666668,2460390,421.53125000025824
10712,111.59270833333333,2460619,75.21875000004243
10713,111.603125,2460849,176.90625000007572
10714,111.61354166666668,2461079,150.59375000035118
10715,111.62395833333333,2461308,380.2812500001423
10716,111.625,2461331,403.2500000001214
10717,111.63541666666667,2461561,56.93750000021893
10718,111.64583333333333,2461791,158.62499999993886
10719,111.65625,2462020,132.31249999990098
10720,111.66666666666667,2462250,362.00000000000546
10721,111.67708333333333,2462480,15.687499999789623
10722,111.696875,2462916,68.09375000011926
10723,111.70729166666668,2463146,297.78125000022374
10724,111.71770833333333,2463375,15.468750000043485
10725,111.728125,2463605,53.15625000004118
10726,111.73854166666668,2463835,26.843750000316646
10727,111.74895833333333,2464065,256.5312500001078
10728,111.75,2464088,279.50000000008686
10729,111.76041666666667,2464317,509.18750000019133
10730,111.77083333333333,2464547,34.87499999990433
10731,111.78125,2464777,8.562499999866446
10732,111.79166666666667,2465006,238.2499999999709
10733,111.80208333333333,2465236,467.937499999762
10734,111.821875,2465672,200.34375000022706
10735,111.83229166666668,2465902,174.03125000018917
10736,111.84270833333333,2466132,403.7187499999803
10737,111.853125,2466361,57.40625000007782
10738,111.86354166666668,2466591,159.0937500001111
10739,111.87395833333333,2466821,132.78125000007321
10740,111.875,2466844,155.75000000005232
10741,111.88541666666667,2467073,385.4375000001568
10742,111.89583333333333,2467303,39.12499999994097
10743,111.90625,2467533,140.81249999997425
10744,111.91666666666667,2467763,114.50000000024971
10745,111.92708333333333,2467992,344.1875000000408
10746,111.946875,2468429,76.59375000019253
10747,111.95729166666668,2468658,50.28125000015464
10748,111.96770833333333,2468888,279.96874999994577
10749,111.978125,2469118,509.6562500000502
10750,111.98854166666668,2469347,35.34375000007657
10751,111.99895833333333,2469577,9.031250000038682
10752,112.0,2469600,32.00000000001779
10753,112.01041666666667,2469830,261.6875000001222
10754,112.02083333333333,2470059,491.37499999991337
10755,112.03125,2470289,17.062499999939718
10756,112.04166666666667,2470519,246.75000000004417
10757,112.05208333333333,2470748,220.43750000000628
10758,112.071875,2471185,80.84375000022916
10759,112.08229166666668,2471415,182.53125000026245
10760,112.09270833333333,2471644,156.2187499999112
10761,112.103125,2471874,385.9062500000157
10762,112.11354166666668,2472104,39.593750000113204
10763,112.12395833333333,2472333,141.28125000014649
10764,112.125,2472356,164.2500000001256
10765,112.13541666666667,2472586,137.9375000000877
10766,112.14583333333333,2472816,367.6249999998788
10767,112.15625,2473045,21.312499999976353
10768,112.16666666666667,2473275,123.00000000000963
10769,112.17708333333333,2473505,96.68749999997175
10770,112.196875,2473941,21.093750000230216
10771,112.20729166666668,2474171,58.781250000227914
10772,112.21770833333333,2474400,32.46874999987668
10773,112.228125,2474630,262.1562499999811
10774,112.23854166666668,2474860,491.8437500000856
10775,112.24895833333333,2475090,17.531250000111953
10776,112.25,2475113,40.50000000009106
10777,112.26041666666667,2475342,14.187500000053177
10778,112.27083333333333,2475572,243.87499999984428
10779,112.28125,2475802,473.5624999999487
10780,112.29166666666667,2476031,127.25000000004627
10781,112.30208333333333,2476261,228.9374999997662
10782,112.321875,2476697,409.343750000167
10783,112.33229166666668,2476927,63.03125000026455
10784,112.34270833333333,2477157,164.71874999998448
10785,112.353125,2477386,138.40625000025994
10786,112.36354166666668,2477616,368.09375000036437
10787,112.37395833333333,2477846,21.78125000014859
10788,112.375,2477869,44.7500000001277
10789,112.38541666666667,2478098,146.43750000016098
10790,112.39583333333333,2478328,120.12499999980975
10791,112.40625,2478558,349.81249999991417
10792,112.41666666666667,2478788,3.500000000011738
10793,112.42708333333333,2479017,105.18750000004502
10794,112.446875,2479454,285.59375000013245
10795,112.45729166666668,2479683,3.281250000265601
10796,112.46770833333333,2479913,40.96874999994995
10797,112.478125,2480143,14.656250000225413
10798,112.48854166666668,2480372,244.34375000032986
10799,112.49895833333333,2480602,474.03125000012096
10800,112.5,2480625,497.00000000010004
10801,112.51041666666667,2480855,22.687500000126448
10802,112.52083333333333,2481084,252.37499999991755
10803,112.53125,2481314,226.06249999987966
10804,112.54166666666667,2481544,455.7499999999841
10805,112.55208333333333,2481773,109.4374999997683
10806,112.571875,2482210,161.84375000009794
10807,112.58229166666668,2482440,391.53125000020236
10808,112.59270833333333,2482669,45.218749999986585
10809,112.603125,2482899,146.90625000001987
10810,112.61354166666668,2483129,120.59375000029533
10811,112.62395833333333,2483358,350.2812500000864
10812,112.625,2483381,373.25000000006554
10813,112.63541666666667,2483611,26.937500000163084
10814,112.64583333333333,2483841,128.62499999988302
10815,112.65625,2484070,102.31249999984513
10816,112.66666666666667,2484300,331.9999999999496
10817,112.67708333333333,2484530,49.68749999976936
10818,112.696875,2484966,38.09375000006341
10819,112.70729166666668,2485196,267.78125000016786
10820,112.71770833333333,2485425,497.46874999995896
10821,112.728125,2485655,23.156249999985334
10822,112.73854166666668,2485885,252.84375000008978
10823,112.74895833333333,2486115,226.5312500000519
10824,112.75,2486138,249.500000000031
10825,112.76041666666667,2486367,479.18750000013546
10826,112.77083333333333,2486597,4.874999999848484
10827,112.78125,2486827,234.56249999995293
10828,112.79166666666667,2487056,208.2500000002284
10829,112.80208333333333,2487286,437.9375000000195
10830,112.821875,2487722,170.3437500001712
10831,112.83229166666668,2487952,144.03125000013333
10832,112.84270833333333,2488182,373.7187499999244
10833,112.853125,2488411,27.40625000002197
10834,112.86354166666668,2488641,129.0937500003686
10835,112.87395833333333,2488871,102.78125000001737
10836,112.875,2488894,125.74999999999648
10837,112.88541666666667,2489123,355.43750000010095
10838,112.89583333333333,2489353,9.12499999988512
10839,112.90625,2489583,110.8124999999184
10840,112.91666666666667,2489813,84.50000000019386
10841,112.92708333333333,2490042,314.187499999985
10842,112.946875,2490479,46.59375000013668
10843,112.95729166666668,2490708,20.281250000098794
10844,112.96770833333333,2490938,249.9687499998899
10845,112.978125,2491168,479.6562499999943
10846,112.98854166666668,2491397,5.343750000334069
10847,112.99895833333333,2491627,235.03125000012517
10848,113.0,2491650,1.9999999999619433
10849,113.01041666666667,2491880,231.6875000000664
10850,113.02083333333333,2492109,461.3749999998575
10851,113.03125,2492339,115.06249999995504
10852,113.04166666666667,2492569,216.74999999998832
10853,113.05208333333333,2492798,190.43749999995043
10854,113.071875,2493235,50.843750000173316
10855,113.08229166666668,2493465,152.5312500002066
10856,113.09270833333333,2493694,126.21875000016871
10857,113.103125,2493924,355.9062500002732
10858,113.11354166666668,2494154,9.593750000370704
10859,113.12395833333333,2494383,111.28125000009064
10860,113.125,2494406,134.25000000006975
10861,113.13541666666667,2494636,107.93750000003186
10862,113.14583333333333,2494866,337.624999999823
10863,113.15625,2495095,55.31249999995609
10864,113.16666666666667,2495325,92.99999999995379
10865,113.17708333333333,2495555,66.6874999999159
10866,113.196875,2495991,503.0937500001457
10867,113.20729166666668,2496221,28.781250000172065
10868,113.21770833333333,2496450,2.468750000134179
10869,113.228125,2496680,232.15625000023863
10870,113.23854166666668,2496910,461.8437500003431
10871,113.24895833333333,2497140,115.53125000012727
10872,113.25,2497163,10.500000000035214
10873,113.26041666666667,2497392,240.18750000013966
10874,113.27083333333333,2497622,213.87499999978843
10875,113.28125,2497852,443.5624999998929
10876,113.29166666666667,2498081,97.24999999999042
10877,113.30208333333333,2498311,198.9375000000237
10878,113.321875,2498747,379.3437500001112
10879,113.33229166666668,2498977,33.0312500002087
10880,113.34270833333333,2499207,134.71874999992863
10881,113.353125,2499436,108.4062500002041
10882,113.36354166666668,2499666,338.09375000030855
10883,113.37395833333333,2499896,55.781250000128324
10884,113.375,2499919,14.75000000007185
10885,113.38541666666667,2500148,116.43750000010513
10886,113.39583333333333,2500378,90.1249999997539
10887,113.40625,2500608,319.81249999985835
10888,113.41666666666667,2500837,37.49999999999147
10889,113.42708333333333,2501067,75.18749999998917
10890,113.446875,2501504,255.59375000007662
10891,113.45729166666668,2501733,485.2812500001811
10892,113.46770833333333,2501963,10.9687499998941
10893,113.478125,2502193,240.65624999999855
10894,113.48854166666668,2502422,214.343750000274
10895,113.49895833333333,2502652,444.03125000006514
10896,113.5,2502675,467.0000000000442
10897,113.51041666666667,2502905,120.68750000014177
10898,113.52083333333333,2503134,222.3749999998617
10899,113.53125,2503364,196.06250000013716
10900,113.54166666666667,2503594,425.7500000002416
10901,113.55208333333333,2503823,79.4375000000258
10902,113.571875,2504260,131.8437500000421
10903,113.58229166666668,2504490,361.53125000014654
10904,113.59270833333333,2504719,15.218749999930736
10905,113.603125,2504949,116.90625000027737
10906,113.61354166666668,2505179,90.59375000023948
10907,113.62395833333333,2505408,320.2812500000306
10908,113.625,2505431,343.25000000000966
10909,113.63541666666667,2505661,60.93750000014282
10910,113.64583333333333,2505891,98.62499999982717
10911,113.65625,2506120,72.31250000010263
10912,113.66666666666667,2506350,302.0000000002071
10913,113.67708333333333,2506580,19.68750000002686
10914,113.696875,2507016,8.09375000000756
10915,113.70729166666668,2507246,237.781250000112
10916,113.71770833333333,2507475,467.46874999990314
10917,113.728125,2507705,121.15625000000065
10918,113.73854166666668,2507935,222.84375000034728
10919,113.74895833333333,2508165,196.53124999999605
10920,113.75,2508187,219.49999999997516
10921,113.76041666666667,2508417,449.1875000000796
10922,113.77083333333333,2508647,102.8749999998638
10923,113.78125,2508877,204.56249999989708
10924,113.79166666666667,2509106,178.25000000017255
10925,113.80208333333333,2509336,407.9374999999636
10926,113.821875,2509772,140.34375000011536
10927,113.83229166666668,2510002,114.03125000007748
10928,113.84270833333333,2510232,343.7187499998686
10929,113.853125,2510461,61.406250000001705
10930,113.86354166666668,2510691,99.09375000031275
10931,113.87395833333333,2510921,72.78124999996152
10932,113.875,2510944,95.74999999994063
10933,113.88541666666667,2511173,325.4375000000451
10934,113.89583333333333,2511403,43.124999999864855
10935,113.90625,2511633,80.81249999986255
10936,113.91666666666667,2511863,54.500000000138016
10937,113.92708333333333,2512092,284.1874999999291
10938,113.946875,2512529,16.59375000008083
10939,113.95729166666668,2512758,246.28125000018528
10940,113.96770833333333,2512988,219.9687500001474
10941,113.978125,2513218,449.6562500002518
10942,113.98854166666668,2513447,103.34375000034939
10943,113.99895833333333,2513677,205.03125000006932
10944,114.0,2513700,228.00000000004843
10945,114.01041666666667,2513930,201.68750000001054
10946,114.02083333333333,2514159,431.3749999998016
10947,114.03125,2514389,85.06249999989919
10948,114.04166666666667,2514619,186.75000000024582
10949,114.05208333333333,2514848,160.43749999989458
10950,114.071875,2515285,20.843750000117467
10951,114.08229166666668,2515515,122.53125000015075
10952,114.09270833333333,2515744,96.21875000011286
10953,114.103125,2515974,325.9062500002173
10954,114.11354166666668,2516204,43.59375000035044
10955,114.12395833333333,2516433,81.28125000003479
10956,114.125,2516456,104.2500000000139
10957,114.13541666666667,2516686,77.93749999997601
10958,114.14583333333333,2516916,307.6249999997671
10959,114.15625,2517145,25.31249999990024
10960,114.16666666666667,2517375,63.00000000021129
10961,114.17708333333333,2517605,36.68749999986005
10962,114.196875,2518041,473.0937500000898
10963,114.20729166666668,2518271,126.78125000018738
10964,114.21770833333333,2518500,228.46874999990732
10965,114.228125,2518730,202.15625000018278
10966,114.23854166666668,2518960,431.84375000028723
10967,114.24895833333333,2519190,85.53125000007142
10968,114.25,2519213,108.50000000005053
10969,114.26041666666667,2519442,210.18750000008382
10970,114.27083333333333,2519672,183.87500000004593
10971,114.28125,2519902,413.5625000001504
10972,114.29166666666667,2520131,67.25000000024792
10973,114.30208333333333,2520361,168.93749999996786
10974,114.321875,2520797,349.3437500000553
10975,114.33229166666668,2521027,3.031250000152852
10976,114.34270833333333,2521257,104.71874999987278
10977,114.353125,2521486,78.40625000014825
10978,114.36354166666668,2521716,308.0937500002527
10979,114.37395833333333,2521946,25.781250000072475
10980,114.375,2521969,48.750000000051585
10981,114.38541666666667,2522198,86.43750000004928
10982,114.39583333333333,2522428,60.1250000000114
10983,114.40625,2522658,289.81250000011585
10984,114.41666666666667,2522888,7.500000000248974
10985,114.42708333333333,2523117,45.18749999993332
10986,114.446875,2523554,225.59375000002078
10987,114.45729166666668,2523783,455.2812500001252
10988,114.46770833333333,2524013,108.96874999990942
10989,114.478125,2524243,210.65625000025605
10990,114.48854166666668,2524472,184.34375000021817
10991,114.49895833333333,2524702,414.03125000000927
10992,114.5,2524725,436.9999999999884
10993,114.51041666666667,2524955,90.68750000008592
10994,114.52083333333333,2525184,192.37499999980585
10995,114.53125,2525414,166.06250000008131
10996,114.54166666666667,2525644,395.75000000018576
10997,114.55208333333333,2525873,49.43749999996996
10998,114.571875,2526310,101.84374999998624
10999,114.58229166666668,2526540,331.5312500000907
11000,114.59270833333333,2526769,49.21874999991047
11001,114.603125,2526999,86.90625000022152
11002,114.61354166666668,2527229,60.59375000018363
11003,114.62395833333333,2527458,290.28124999997476
11004,114.625,2527481,313.24999999995384
11005,114.63541666666667,2527711,30.93750000008697
11006,114.64583333333333,2527941,68.62499999977132
11007,114.65625,2528170,42.31250000004678
11008,114.66666666666667,2528400,272.0000000001512
11009,114.67708333333333,2528630,501.68749999994236
11010,114.696875,2529066,234.09375000009405
11011,114.70729166666668,2529296,207.7812500003695
11012,114.71770833333333,2529525,437.46875000016064
11013,114.728125,2529755,91.15625000025815
11014,114.73854166666668,2529985,192.84375000029144
11015,114.74895833333333,2530215,166.5312499999402
11016,114.75,2530237,189.4999999999193
11017,114.76041666666667,2530467,419.18750000002376
11018,114.77083333333333,2530697,72.87499999980795
11019,114.78125,2530927,174.56250000015459
11020,114.79166666666667,2531156,148.2500000001167
11021,114.80208333333333,2531386,377.9374999999078
11022,114.821875,2531822,110.34375000005952
11023,114.83229166666668,2532052,84.03125000033498
11024,114.84270833333333,2532282,313.7187500001261
11025,114.853125,2532511,31.406250000259206
11026,114.86354166666668,2532741,69.0937500002569
11027,114.87395833333333,2532971,42.78124999990567
11028,114.875,2532994,65.74999999988478
11029,114.88541666666667,2533223,295.4374999999892
11030,114.89583333333333,2533453,13.124999999809006
11031,114.90625,2533683,50.81250000012005
11032,114.91666666666667,2533913,24.500000000082167
11033,114.92708333333333,2534142,254.18749999987327
11034,114.946875,2534579,114.59375000009615
11035,114.95729166666668,2534808,216.28125000012943
11036,114.96770833333333,2535038,189.96875000009155
11037,114.978125,2535268,419.656250000196
11038,114.98854166666668,2535497,73.34375000029354
11039,114.99895833333333,2535727,175.03125000001347
11040,115.0,2535750,197.99999999999258
11041,115.01041666666667,2535980,171.6874999999547
11042,115.02083333333333,2536209,401.3749999997458
11043,115.03125,2536439,55.06249999984334
11044,115.04166666666667,2536669,156.75000000018997
11045,115.05208333333333,2536898,130.43749999983874
11046,115.071875,2537335,54.8437500000972
11047,115.08229166666668,2537565,92.5312500000949
11048,115.09270833333333,2537794,66.21875000005701
11049,115.103125,2538024,295.90625000016144
11050,115.11354166666668,2538254,13.593750000294591
11051,115.12395833333333,2538483,51.28124999997894
11052,115.125,2538506,74.24999999995805
11053,115.13541666666667,2538736,47.93750000023351
11054,115.14583333333333,2538966,277.6250000000246
11055,115.15625,2539195,507.31250000012903
11056,115.16666666666667,2539425,33.00000000015544
11057,115.17708333333333,2539655,6.687499999804203
11058,115.196875,2540091,443.093750000034
11059,115.20729166666668,2540321,96.78125000013154
11060,115.21770833333333,2540550,198.46875000016482
11061,115.228125,2540780,172.15625000012693
11062,115.23854166666668,2541010,401.84375000023135
11063,115.24895833333333,2541240,55.531250000015575
11064,115.25,2541262,78.49999999999469
11065,115.26041666666667,2541492,180.18750000002797
11066,115.27083333333333,2541722,153.87499999999008
11067,115.28125,2541952,383.56250000009453
11068,115.29166666666667,2542181,37.250000000192074
11069,115.30208333333333,2542411,138.937499999912
11070,115.321875,2542847,319.34374999999943
11071,115.33229166666668,2543077,37.03125000013259
11072,115.34270833333333,2543307,74.71875000013029
11073,115.353125,2543536,48.4062500000924
11074,115.36354166666668,2543766,278.09375000019685
11075,115.37395833333333,2543996,507.78124999998795
11076,115.375,2544019,18.749999999995737
11077,115.38541666666667,2544248,56.437499999993435
11078,115.39583333333333,2544478,30.12499999995555
11079,115.40625,2544708,259.81250000006
11080,115.41666666666667,2544938,489.50000000016445
11081,115.42708333333333,2545167,15.187499999877474
11082,115.446875,2545604,195.59375000027828
11083,115.45729166666668,2545833,425.2812500003827
11084,115.46770833333333,2546063,78.96875000016692
11085,115.478125,2546293,180.6562500002002
11086,115.48854166666668,2546522,154.34375000016232
11087,115.49895833333333,2546752,384.0312499999534
11088,115.5,2546775,406.9999999999325
11089,115.51041666666667,2547005,60.68750000003007
11090,115.52083333333333,2547234,162.37499999975
11091,115.53125,2547464,136.06250000002547
11092,115.54166666666667,2547694,365.75000000012994
11093,115.55208333333333,2547923,19.43749999991411
11094,115.571875,2548360,71.84375000024374
11095,115.58229166666668,2548590,301.5312500003482
11096,115.59270833333333,2548819,19.218750000167972
11097,115.603125,2549049,56.90625000016567
11098,115.61354166666668,2549279,30.593750000127784
11099,115.62395833333333,2549508,260.2812499999189
11100,115.625,2549531,283.249999999898
11101,115.63541666666667,2549761,0.9375000000311218
11102,115.64583333333333,2549991,38.62500000002882
11103,115.65625,2550220,12.312499999990933
11104,115.66666666666667,2550450,242.00000000009538
11105,115.67708333333333,2550680,471.6874999998865
11106,115.696875,2551116,204.0937500000382
11107,115.70729166666668,2551346,177.78125000031366
11108,115.71770833333333,2551575,407.46875000010476
11109,115.728125,2551805,61.156250000202306
11110,115.73854166666668,2552035,162.8437500002356
11111,115.74895833333333,2552265,136.53124999988435
11112,115.75,2552287,159.49999999986346
11113,115.76041666666667,2552517,389.18749999996794
11114,115.77083333333333,2552747,42.874999999752106
11115,115.78125,2552977,144.56250000009874
11116,115.79166666666667,2553206,118.25000000006085
11117,115.80208333333333,2553436,347.937499999852
11118,115.821875,2553872,80.34375000000367
11119,115.83229166666668,2554102,54.03125000027913
11120,115.84270833333333,2554332,283.71875000007026
11121,115.853125,2554561,1.4062500002033573
11122,115.86354166666668,2554791,39.093750000201055
11123,115.87395833333333,2555021,12.781250000163169
11124,115.875,2555044,35.75000000014228
11125,115.88541666666667,2555273,265.4375000002467
11126,115.89583333333333,2555503,495.12500000003786
11127,115.90625,2555733,20.812500000064205
11128,115.91666666666667,2555963,250.50000000016865
11129,115.92708333333333,2556192,224.18749999981742
11130,115.946875,2556629,84.5937500000403
11131,115.95729166666668,2556858,186.28125000007358
11132,115.96770833333333,2557088,159.9687500000357
11133,115.978125,2557318,389.6562500001402
11134,115.98854166666668,2557547,43.34375000023769
11135,115.99895833333333,2557777,145.03124999995762
11136,116.0,2557800,167.99999999993673
11137,116.01041666666667,2558030,141.6875000002122
11138,116.02083333333333,2558259,371.3750000000033
11139,116.03125,2558489,25.06250000010084
11140,116.04166666666667,2558719,126.75000000013412
11141,116.05208333333333,2558948,100.43749999978289
11142,116.071875,2559385,24.843750000041354
11143,116.08229166666668,2559615,62.5312500003524
11144,116.09270833333333,2559844,36.218750000001165
11145,116.103125,2560074,265.9062500001056
11146,116.11354166666668,2560304,495.5937500002101
11147,116.12395833333333,2560533,21.28124999992309
11148,116.125,2560556,44.2499999999022
11149,116.13541666666667,2560786,17.937500000177664
11150,116.14583333333333,2561016,247.62499999996876
11151,116.15625,2561245,477.3125000000732
11152,116.16666666666667,2561475,3.0000000000995897
11153,116.17708333333333,2561705,232.6874999998907
11154,116.196875,2562141,413.0937499999782
11155,116.20729166666668,2562371,66.78125000007569
11156,116.21770833333333,2562600,168.46875000010897
11157,116.228125,2562830,142.15625000007108
11158,116.23854166666668,2563060,371.84375000017553
11159,116.24895833333333,2563290,25.531249999959726
11160,116.25,2563312,48.49999999993884
11161,116.26041666666667,2563542,150.18749999997212
11162,116.27083333333333,2563772,123.87499999993423
11163,116.28125,2564002,353.56250000003865
11164,116.29166666666667,2564231,7.250000000136225
11165,116.30208333333333,2564461,108.93749999985616
11166,116.321875,2564897,289.34375000025693
11167,116.33229166666668,2565127,7.031250000076739
11168,116.34270833333333,2565357,44.71875000007444
11169,116.353125,2565586,18.40625000003655
11170,116.36354166666668,2565816,248.093750000141
11171,116.37395833333333,2566046,477.78124999993213
11172,116.375,2566069,500.7499999999112
11173,116.38541666666667,2566298,26.437500000250935
11174,116.39583333333333,2566528,0.12499999989969979
11175,116.40625,2566758,229.81250000000415
11176,116.41666666666667,2566988,459.50000000010857
11177,116.42708333333333,2567217,113.1874999998928
11178,116.446875,2567654,165.59375000022243
11179,116.45729166666668,2567883,395.28125000032685
11180,116.46770833333333,2568113,48.96875000011107
11181,116.478125,2568343,150.65625000014435
11182,116.48854166666668,2568572,124.34375000010647
11183,116.49895833333333,2568802,354.03124999989757
11184,116.5,2568825,376.99999999987665
11185,116.51041666666667,2569055,30.68749999997422
11186,116.52083333333333,2569284,132.3750000000075
11187,116.53125,2569514,106.06249999996962
11188,116.54166666666667,2569744,335.75000000007407
11189,116.55208333333333,2569973,53.437499999893845
11190,116.571875,2570410,41.843750000187896
11191,116.58229166666668,2570640,271.53125000029235
11192,116.59270833333333,2570869,501.21875000008345
11193,116.603125,2571099,26.90625000010982
11194,116.61354166666668,2571329,0.5937500003852847
11195,116.62395833333333,2571558,230.28125000017639
11196,116.625,2571581,253.2500000001555
11197,116.63541666666667,2571811,482.93750000025994
11198,116.64583333333333,2572041,8.624999999972971
11199,116.65625,2572270,238.31250000007742
11200,116.66666666666667,2572500,212.00000000003953
11201,116.67708333333333,2572730,441.6874999998306
11202,116.696875,2573166,174.09374999998235
11203,116.70729166666668,2573396,147.7812500002578
11204,116.71770833333333,2573625,377.4687500000489
11205,116.728125,2573855,31.156250000146457
11206,116.73854166666668,2574085,132.84375000017974
11207,116.74895833333333,2574315,106.53125000014185
11208,116.75,2574338,129.50000000012096
11209,116.76041666666667,2574567,359.18750000022544
11210,116.77083333333333,2574797,12.875000000009607
11211,116.78125,2575027,114.56250000004289
11212,116.79166666666667,2575256,88.250000000005
11213,116.80208333333333,2575486,317.9374999997961
11214,116.821875,2575922,50.34375000026117
11215,116.83229166666668,2576152,24.03125000022328
11216,116.84270833333333,2576382,253.71875000001438
11217,116.853125,2576611,483.4062500001188
11218,116.86354166666668,2576841,9.093750000145207
11219,116.87395833333333,2577071,238.7812499999363
11220,116.875,2577094,5.75000000008643
11221,116.88541666666667,2577323,235.43750000019088
11222,116.89583333333333,2577553,465.124999999982
11223,116.90625,2577783,118.81250000007952
11224,116.91666666666667,2578013,220.5000000001128
11225,116.92708333333333,2578242,194.18749999976157
11226,116.946875,2578679,54.59374999998445
11227,116.95729166666668,2578908,156.28125000033108
11228,116.96770833333333,2579138,129.96874999997985
11229,116.978125,2579368,359.6562500000843
11230,116.98854166666668,2579597,13.343750000181842
11231,116.99895833333333,2579827,115.03124999990177
11232,117.0,2579850,137.99999999988088
11233,117.01041666666667,2580080,111.68750000015635
11234,117.02083333333333,2580309,341.3749999999475
11235,117.03125,2580539,59.062500000080576
11236,117.04166666666667,2580769,96.75000000007827
11237,117.05208333333333,2580998,70.43750000004039
11238,117.071875,2581435,506.8437500002702
11239,117.08229166666668,2581665,32.53125000029655
11240,117.09270833333333,2581894,6.218749999945317
11241,117.103125,2582124,235.90625000004977
11242,117.11354166666668,2582354,465.5937500001542
11243,117.12395833333333,2582583,119.28124999993841
11244,117.125,2582606,14.249999999846352
11245,117.13541666666667,2582836,243.9374999999508
11246,117.14583333333333,2583066,217.62499999991292
11247,117.15625,2583295,447.3125000000174
11248,117.16666666666667,2583525,101.00000000011491
11249,117.17708333333333,2583755,202.68749999983484
11250,117.196875,2584191,383.0937500002357
11251,117.20729166666668,2584421,36.78125000033319
11252,117.21770833333333,2584650,138.46875000005312
11253,117.228125,2584880,112.15625000001523
11254,117.23854166666668,2585110,341.8437500001197
11255,117.24895833333333,2585340,59.53124999993946
11256,117.25,2585362,18.499999999882988
11257,117.26041666666667,2585592,120.18750000022962
11258,117.27083333333333,2585822,93.87499999987838
11259,117.28125,2586052,323.56249999998283
11260,117.29166666666667,2586281,41.25000000011596
11261,117.30208333333333,2586511,78.93749999980031
11262,117.321875,2586947,259.3437500002011
11263,117.33229166666668,2587177,489.0312500003056
11264,117.34270833333333,2587407,14.718750000018588
11265,117.353125,2587636,244.40625000012304
11266,117.36354166666668,2587866,218.09375000008515
11267,117.37395833333333,2588096,447.78124999987625
11268,117.375,2588119,470.7499999998554
11269,117.38541666666667,2588348,124.4374999999529
11270,117.39583333333333,2588578,226.1249999999862
11271,117.40625,2588808,199.8124999999483
11272,117.41666666666667,2589038,429.50000000005275
11273,117.42708333333333,2589267,83.18749999983694
11274,117.446875,2589704,135.59375000016658
11275,117.45729166666668,2589933,365.28125000027103
11276,117.46770833333333,2590163,18.968750000055223
11277,117.478125,2590393,120.6562500000885
11278,117.48854166666668,2590622,94.34375000036397
11279,117.49895833333333,2590852,324.03125000015507
11280,117.5,2590875,347.00000000013415
11281,117.51041666666667,2591105,0.6875000002317222
11282,117.52083333333333,2591334,102.37499999995165
11283,117.53125,2591564,76.06249999991377
11284,117.54166666666667,2591794,305.7500000000182
11285,117.55208333333333,2592023,23.437499999837996
11286,117.571875,2592460,11.843750000132047
11287,117.58229166666668,2592690,241.5312500002365
11288,117.59270833333333,2592919,471.2187500000276
11289,117.603125,2593149,124.90625000012514
11290,117.61354166666668,2593379,226.59375000015842
11291,117.62395833333333,2593608,200.28125000012054
11292,117.625,2593631,223.25000000009965
11293,117.63541666666667,2593861,452.93750000020407
11294,117.64583333333333,2594091,106.62499999998829
11295,117.65625,2594320,208.31250000002157
11296,117.66666666666667,2594550,181.9999999999837
11297,117.67708333333333,2594780,411.6874999997748
11298,117.696875,2595216,144.09375000023985
11299,117.70729166666668,2595446,117.78125000020196
11300,117.71770833333333,2595675,347.46874999999307
11301,117.728125,2595905,1.1562500000906084
11302,117.73854166666668,2596135,102.84375000012389
11303,117.74895833333333,2596365,76.531250000086
11304,117.75,2596388,99.50000000006511
11305,117.76041666666667,2596617,329.18750000016956
11306,117.77083333333333,2596847,46.87499999998934
11307,117.78125,2597077,84.56249999998704
11308,117.79166666666667,2597306,58.249999999949154
11309,117.80208333333333,2597536,287.9374999997402
11310,117.821875,2597972,20.34375000020532
11311,117.83229166666668,2598202,250.03125000030977
11312,117.84270833333333,2598432,223.71874999995853
11313,117.853125,2598661,453.406250000063
11314,117.86354166666668,2598891,107.09375000016053
11315,117.87395833333333,2599121,208.78124999988046
11316,117.875,2599144,231.74999999985957
11317,117.88541666666667,2599373,205.43750000013503
11318,117.89583333333333,2599603,435.1249999999261
11319,117.90625,2599833,88.81250000002368
11320,117.91666666666667,2600063,190.50000000005696
11321,117.92708333333333,2600292,164.18750000001907
11322,117.946875,2600729,24.593750000241954
11323,117.95729166666668,2600958,126.28125000027524
11324,117.96770833333333,2601188,99.968749999924
11325,117.978125,2601418,329.6562500000284
11326,117.98854166666668,2601647,47.34375000016158
11327,117.99895833333333,2601877,85.03125000015928
11328,118.0,2601900,108.00000000013839
11329,118.01041666666667,2602130,81.6875000001005
11330,118.02083333333333,2602359,311.3749999998916
11331,118.03125,2602589,29.062500000024727
11332,118.04166666666667,2602819,66.75000000002242
11333,118.05208333333333,2603048,40.43749999998454
11334,118.071875,2603485,476.8437500002143
11335,118.08229166666668,2603715,2.5312500002407035
11336,118.09270833333333,2603944,232.2187500000318
11337,118.103125,2604174,205.90624999999392
11338,118.11354166666668,2604404,435.59375000009834
11339,118.12395833333333,2604633,89.28124999988256
11340,118.125,2604656,112.24999999986167
11341,118.13541666666667,2604886,213.9375000002083
11342,118.14583333333333,2605116,187.62499999985707
11343,118.15625,2605345,417.3124999999615
11344,118.16666666666667,2605575,71.00000000005906
11345,118.17708333333333,2605805,172.687499999779
11346,118.196875,2606241,353.0937500001798
11347,118.20729166666668,2606471,6.781250000277339
11348,118.21770833333333,2606700,108.46874999999727
11349,118.228125,2606930,82.15625000027273
11350,118.23854166666668,2607160,311.8437500003772
11351,118.24895833333333,2607390,29.531249999883613
11352,118.25,2607412,52.49999999986272
11353,118.26041666666667,2607642,90.18750000017377
11354,118.27083333333333,2607872,63.874999999822535
11355,118.28125,2608102,293.562499999927
11356,118.29166666666667,2608331,11.250000000060112
11357,118.30208333333333,2608561,48.93749999974446
11358,118.321875,2608997,229.34375000014526
11359,118.33229166666668,2609227,459.0312500002497
11360,118.34270833333333,2609457,112.7187500000339
11361,118.353125,2609686,214.4062500000672
11362,118.36354166666668,2609916,188.09375000034265
11363,118.37395833333333,2610146,417.78125000013375
11364,118.375,2610169,440.7500000001129
11365,118.38541666666667,2610398,94.4375000002104
11366,118.39583333333333,2610628,196.12499999993034
11367,118.40625,2610858,169.81249999989245
11368,118.41666666666667,2611087,399.49999999999693
11369,118.42708333333333,2611317,53.187499999781096
11370,118.446875,2611754,105.59375000011073
11371,118.45729166666668,2611983,335.2812500002152
11372,118.46770833333333,2612213,52.96875000003496
11373,118.478125,2612443,90.65625000003266
11374,118.48854166666668,2612672,64.34375000030812
11375,118.49895833333333,2612902,294.03125000009925
11376,118.5,2612925,317.00000000007833
11377,118.51041666666667,2613155,34.68750000021146
11378,118.52083333333333,2613384,72.3749999998958
11379,118.53125,2613614,46.06249999985792
11380,118.54166666666667,2613844,275.74999999996237
11381,118.55208333333333,2614073,505.43749999975347
11382,118.571875,2614510,237.84375000021853
11383,118.58229166666668,2614740,211.53125000018065
11384,118.59270833333333,2614969,441.21874999997175
11385,118.603125,2615199,94.90625000006929
11386,118.61354166666668,2615429,196.59375000010257
11387,118.62395833333333,2615658,170.2812500000647
11388,118.625,2615681,193.2500000000438
11389,118.63541666666667,2615911,422.93750000014825
11390,118.64583333333333,2616141,76.62499999993244
11391,118.65625,2616370,178.31249999996572
11392,118.66666666666667,2616600,152.0000000002412
11393,118.67708333333333,2616830,381.6875000000323
11394,118.696875,2617266,114.093750000184
11395,118.70729166666668,2617496,87.78125000014612
11396,118.71770833333333,2617725,317.46874999993724
11397,118.728125,2617955,35.156250000070344
11398,118.73854166666668,2618185,72.84375000038139
11399,118.74895833333333,2618415,46.531250000030155
11400,118.75,2618438,69.50000000000927
11401,118.76041666666667,2618667,299.1875000001137
11402,118.77083333333333,2618897,16.874999999933493
11403,118.78125,2619127,54.56249999993119
11404,118.79166666666667,2619356,28.250000000206654
11405,118.80208333333333,2619586,257.9374999999977
11406,118.821875,2620022,118.34375000022064
11407,118.83229166666668,2620252,220.03125000025392
11408,118.84270833333333,2620482,193.71874999990268
11409,118.853125,2620711,423.40625000000716
11410,118.86354166666668,2620941,77.09375000010468
11411,118.87395833333333,2621171,178.78125000013796
11412,118.875,2621194,201.75000000011707
11413,118.88541666666667,2621423,175.43750000007918
11414,118.89583333333333,2621653,405.1249999998703
11415,118.90625,2621883,58.81249999996783
11416,118.91666666666667,2622113,160.5000000000011
11417,118.92708333333333,2622342,134.18749999996322
11418,118.946875,2622779,58.59375000022169
11419,118.95729166666668,2623008,96.28125000021939
11420,118.96770833333333,2623238,69.96874999986815
11421,118.978125,2623468,299.6562499999726
11422,118.98854166666668,2623697,17.34375000010573
11423,118.99895833333333,2623927,55.03125000010343
11424,119.0,2623950,78.00000000008254
11425,119.01041666666667,2624180,51.68750000004465
11426,119.02083333333333,2624409,281.3749999998357
11427,119.03125,2624639,511.0624999999402
11428,119.04166666666667,2624869,36.749999999966576
11429,119.05208333333333,2625098,10.43749999992869
11430,119.071875,2625535,446.8437500001585
11431,119.08229166666668,2625765,100.53125000025602
11432,119.09270833333333,2625994,202.21874999997596
11433,119.103125,2626224,175.90625000025142
11434,119.11354166666668,2626454,405.59375000035584
11435,119.12395833333333,2626683,59.28125000014006
11436,119.125,2626706,82.25000000011917
11437,119.13541666666667,2626936,183.93750000015245
11438,119.14583333333333,2627166,157.62499999980122
11439,119.15625,2627395,387.31249999990564
11440,119.16666666666667,2627625,41.00000000000321
11441,119.17708333333333,2627855,142.6875000000365
11442,119.196875,2628291,323.0937500001239
11443,119.20729166666668,2628521,40.781250000257074
11444,119.21770833333333,2628750,78.46874999994142
11445,119.228125,2628980,52.156250000216886
11446,119.23854166666668,2629210,281.84375000032134
11447,119.24895833333333,2629440,511.53125000011244
11448,119.25,2629463,22.500000000120224
11449,119.26041666666667,2629692,60.18750000011792
11450,119.27083333333333,2629922,33.874999999766686
11451,119.28125,2630152,263.56249999987114
11452,119.29166666666667,2630381,493.24999999997556
11453,119.30208333333333,2630611,18.93750000000196
11454,119.321875,2631047,199.34375000008941
11455,119.33229166666668,2631277,429.03125000019384
11456,119.34270833333333,2631507,82.71874999997806
11457,119.353125,2631736,184.40625000001134
11458,119.36354166666668,2631966,158.0937500002868
11459,119.37395833333333,2632196,387.7812500000779
11460,119.375,2632219,410.750000000057
11461,119.38541666666667,2632448,64.43750000015456
11462,119.39583333333333,2632678,166.1249999998745
11463,119.40625,2632908,139.81250000014995
11464,119.41666666666667,2633138,369.50000000025443
11465,119.42708333333333,2633367,23.187500000038597
11466,119.446875,2633804,75.59375000005488
11467,119.45729166666668,2634033,305.28125000015933
11468,119.46770833333333,2634263,22.96874999997911
11469,119.478125,2634493,60.65624999997681
11470,119.48854166666668,2634722,34.34375000025227
11471,119.49895833333333,2634952,264.03125000004337
11472,119.5,2634975,287.0000000000225
11473,119.51041666666667,2635205,4.687500000155609
11474,119.52083333333333,2635434,42.37499999983996
11475,119.53125,2635664,16.06250000011542
11476,119.54166666666667,2635894,245.75000000021987
11477,119.55208333333333,2636123,475.43750000001097
11478,119.571875,2636560,207.8437500001627
11479,119.58229166666668,2636790,181.5312500001248
11480,119.59270833333333,2637019,411.2187499999159
11481,119.603125,2637249,64.90625000001344
11482,119.61354166666668,2637479,166.59375000036007
11483,119.62395833333333,2637708,140.28125000000884
11484,119.625,2637731,163.24999999998795
11485,119.63541666666667,2637961,392.9375000000924
11486,119.64583333333333,2638191,46.62499999987659
11487,119.65625,2638420,148.31249999990987
11488,119.66666666666667,2638650,122.00000000018534
11489,119.67708333333333,2638880,351.68749999997647
11490,119.696875,2639316,84.09375000012815
11491,119.70729166666668,2639546,57.78125000009027
11492,119.71770833333333,2639775,287.46874999988137
11493,119.728125,2640005,5.156250000014495
11494,119.73854166666668,2640235,42.84375000032554
11495,119.74895833333333,2640465,16.531249999974307
11496,119.75,2640487,39.49999999995342
11497,119.76041666666667,2640717,269.18750000005787
11498,119.77083333333333,2640947,498.87499999984897
11499,119.78125,2641177,24.562499999875342
11500,119.79166666666667,2641406,254.2499999999798
11501,119.80208333333333,2641636,227.9374999999419
11502,119.821875,2642072,88.34375000016479
11503,119.83229166666668,2642302,190.03125000019807
11504,119.84270833333333,2642532,163.71875000016018
11505,119.853125,2642761,393.40625000026466
11506,119.86354166666668,2642991,47.09375000036218
11507,119.87395833333333,2643221,148.7812500000821
11508,119.875,2643244,171.75000000006122
11509,119.88541666666667,2643473,145.43750000002333
11510,119.89583333333333,2643703,375.12499999981446
11511,119.90625,2643933,28.812499999911978
11512,119.91666666666667,2644163,130.5000000002586
11513,119.92708333333333,2644392,104.18749999990737
11514,119.946875,2644829,28.59375000016584
11515,119.95729166666668,2645058,66.28125000016354
11516,119.96770833333333,2645288,39.96875000012565
11517,119.978125,2645518,269.6562500002301
11518,119.98854166666668,2645747,499.3437500003346
11519,119.99895833333333,2645977,25.031250000047578
11520,120.0,2646000,48.00000000002669
11521,120.01041666666667,2646230,21.687499999988802
11522,120.02083333333333,2646459,251.3749999997799
11523,120.03125,2646689,481.0624999998844
11524,120.04166666666667,2646919,6.750000000224077
11525,120.05208333333333,2647148,236.43750000001518
11526,120.071875,2647585,416.84375000010266
11527,120.08229166666668,2647815,70.53125000020017
11528,120.09270833333333,2648044,172.2187499999201
11529,120.103125,2648274,145.90625000019557
11530,120.11354166666668,2648504,375.5937500003
11531,120.12395833333333,2648733,29.281250000084214
11532,120.125,2648756,52.250000000063324
11533,120.13541666666667,2648986,153.9375000000966
11534,120.14583333333333,2649216,127.62499999974537
11535,120.15625,2649445,357.3124999998498
11536,120.16666666666667,2649675,11.000000000260712
11537,120.17708333333333,2649905,112.68749999998064
11538,120.196875,2650341,293.0937500000681
11539,120.20729166666668,2650571,10.781250000201226
11540,120.21770833333333,2650800,48.468749999885574
11541,120.228125,2651030,22.156250000161037
11542,120.23854166666668,2651260,251.8437500002655
11543,120.24895833333333,2651490,481.5312500000566
11544,120.25,2651513,504.5000000000357
11545,120.26041666666667,2651742,30.187500000062073
11546,120.27083333333333,2651972,3.875000000024187
11547,120.28125,2652202,233.56250000012864
11548,120.29166666666667,2652431,463.25000000023306
11549,120.30208333333333,2652661,116.93750000001728
11550,120.321875,2653097,169.34375000003357
11551,120.33229166666668,2653327,399.031250000138
11552,120.34270833333333,2653557,52.71874999992221
11553,120.353125,2653786,154.40625000026884
11554,120.36354166666668,2654016,128.09375000023095
11555,120.37395833333333,2654246,357.78125000002206
11556,120.375,2654269,380.75000000000114
11557,120.38541666666667,2654498,34.43750000009871
11558,120.39583333333333,2654728,136.12499999981864
11559,120.40625,2654958,109.8125000000941
11560,120.41666666666667,2655188,339.50000000019855
11561,120.42708333333333,2655417,57.18750000001833
11562,120.446875,2655854,45.593749999999034
11563,120.45729166666668,2656083,275.28125000010346
11564,120.46770833333333,2656313,504.9687499998946
11565,120.478125,2656543,30.65625000023431
11566,120.48854166666668,2656772,4.343750000196422
11567,120.49895833333333,2657002,234.03124999998752
11568,120.5,2657025,256.99999999996663
11569,120.51041666666667,2657255,486.68750000007105
11570,120.52083333333333,2657484,12.374999999784109
11571,120.53125,2657714,242.06249999988856
11572,120.54166666666667,2657944,215.75000000016402
11573,120.55208333333333,2658173,445.4374999999551
11574,120.571875,2658610,177.84375000010684
11575,120.58229166666668,2658840,151.5312500003823
11576,120.59270833333333,2659069,381.2187500001734
11577,120.603125,2659299,34.906250000270944
11578,120.61354166666668,2659529,136.59375000030423
11579,120.62395833333333,2659758,110.28124999995299
11580,120.625,2659781,133.2499999999321
11581,120.63541666666667,2660011,362.93750000003655
11582,120.64583333333333,2660241,16.624999999820744
11583,120.65625,2660470,118.31249999985403
11584,120.66666666666667,2660700,92.00000000012949
11585,120.67708333333333,2660930,321.6874999999206
11586,120.696875,2661366,54.093750000072305
11587,120.70729166666668,2661596,27.781250000347768
11588,120.71770833333333,2661825,257.46875000013887
11589,120.728125,2662055,487.1562500002433
11590,120.73854166666668,2662285,12.843750000269694
11591,120.74895833333333,2662515,242.5312500000608
11592,120.75,2662537,9.499999999897568
11593,120.76041666666667,2662767,239.18750000000202
11594,120.77083333333333,2662997,468.8749999997931
11595,120.78125,2663227,122.56249999989066
11596,120.79166666666667,2663456,224.2500000002373
11597,120.80208333333333,2663686,197.93749999988606
11598,120.821875,2664122,58.34375000010894
11599,120.83229166666668,2664352,160.03125000014222
11600,120.84270833333333,2664582,133.71875000010434
11601,120.853125,2664811,363.4062500002088
11602,120.86354166666668,2665041,17.09375000030633
11603,120.87395833333333,2665271,118.78125000002626
11604,120.875,2665294,141.75000000000537
11605,120.88541666666667,2665523,115.43749999996749
11606,120.89583333333333,2665753,345.1249999997586
11607,120.90625,2665983,62.81249999989171
11608,120.91666666666667,2666213,100.50000000020276
11609,120.92708333333333,2666442,74.18749999985152
11610,120.946875,2666879,510.5937500000813
11611,120.95729166666668,2667108,36.28125000010769
11612,120.96770833333333,2667338,9.968750000069804
11613,120.978125,2667568,239.65625000017425
11614,120.98854166666668,2667797,469.3437500002787
11615,120.99895833333333,2668027,123.0312500000629
11616,121.0,2668050,17.99999999997084
11617,121.01041666666667,2668280,247.6875000000753
11618,121.02083333333333,2668509,221.3750000000374
11619,121.03125,2668739,451.0625000001419
11620,121.04166666666667,2668969,104.7500000002394
11621,121.05208333333333,2669198,206.43749999995933
11622,121.071875,2669635,386.8437500000468
11623,121.08229166666668,2669865,40.531250000144325
11624,121.09270833333333,2670094,142.21874999986426
11625,121.103125,2670324,115.90625000013972
11626,121.11354166666668,2670554,345.5937500002442
11627,121.12395833333333,2670783,63.28125000006395
11628,121.125,2670806,22.250000000007475
11629,121.13541666666667,2671036,123.93750000004076
11630,121.14583333333333,2671266,97.62500000000287
11631,121.15625,2671495,327.3125000001073
11632,121.16666666666667,2671725,45.00000000024045
11633,121.17708333333333,2671955,82.6874999999248
11634,121.196875,2672391,263.0937500000123
11635,121.20729166666668,2672621,492.7812500001167
11636,121.21770833333333,2672850,18.468750000143075
11637,121.228125,2673080,248.15625000024752
11638,121.23854166666668,2673310,221.84375000020964
11639,121.24895833333333,2673540,451.53125000000074
11640,121.25,2673562,474.4999999999799
11641,121.26041666666667,2673792,0.18750000000622435
11642,121.27083333333333,2674022,229.87499999979732
11643,121.28125,2674252,203.5625000000728
11644,121.29166666666667,2674481,433.25000000017724
11645,121.30208333333333,2674711,86.93749999996143
11646,121.321875,2675147,139.34374999997772
11647,121.33229166666668,2675377,369.0312500000822
11648,121.34270833333333,2675607,22.71874999986636
11649,121.353125,2675836,124.40625000021299
11650,121.36354166666668,2676066,98.0937500001751
11651,121.37395833333333,2676296,327.78124999996624
11652,121.375,2676319,350.7499999999453
11653,121.38541666666667,2676548,4.43750000004286
11654,121.39583333333333,2676778,106.12499999976279
11655,121.40625,2677008,79.81250000003826
11656,121.41666666666667,2677238,309.5000000001427
11657,121.42708333333333,2677467,27.187499999962483
11658,121.446875,2677904,15.593750000256534
11659,121.45729166666668,2678133,245.28125000036098
11660,121.46770833333333,2678363,474.9687500001521
11661,121.478125,2678593,0.6562500001784599
11662,121.48854166666668,2678822,230.3437500002829
11663,121.49895833333333,2679052,204.03124999993167
11664,121.5,2679075,226.99999999991078
11665,121.51041666666667,2679305,456.68750000001523
11666,121.52083333333333,2679534,110.37499999979943
11667,121.53125,2679764,212.06250000014606
11668,121.54166666666667,2679994,185.75000000010817
11669,121.55208333333333,2680223,415.4374999998993
11670,121.571875,2680660,147.843750000051
11671,121.58229166666668,2680890,121.53125000032645
11672,121.59270833333333,2681119,351.21875000011755
11673,121.603125,2681349,4.9062500002150955
11674,121.61354166666668,2681579,106.59375000024838
11675,121.62395833333333,2681808,80.28124999989714
11676,121.625,2681831,103.24999999987625
11677,121.63541666666667,2682061,332.9374999999807
11678,121.64583333333333,2682291,50.62499999980048
11679,121.65625,2682520,88.31250000011153
11680,121.66666666666667,2682750,62.00000000007364
11681,121.67708333333333,2682980,291.6874999998647
11682,121.696875,2683416,24.093750000016456
11683,121.70729166666668,2683646,253.7812500001209
11684,121.71770833333333,2683875,227.46875000008302
11685,121.728125,2684105,457.15625000018747
11686,121.73854166666668,2684335,110.84375000028501
11687,121.74895833333333,2684565,212.53125000000495
11688,121.75,2684587,235.49999999998406
11689,121.76041666666667,2684817,209.18750000025952
11690,121.77083333333333,2685047,438.8750000000506
11691,121.78125,2685277,92.56250000014816
11692,121.79166666666667,2685506,194.25000000018144
11693,121.80208333333333,2685736,167.9374999998302
11694,121.821875,2686172,28.34375000005309
11695,121.83229166666668,2686402,130.03125000008637
11696,121.84270833333333,2686632,103.71875000004849
11697,121.853125,2686861,333.4062500001529
11698,121.86354166666668,2687091,51.093750000286065
11699,121.87395833333333,2687321,88.78124999997041
11700,121.875,2687344,111.74999999994952
11701,121.88541666666667,2687573,85.43750000022499
11702,121.89583333333333,2687803,315.1250000000161
11703,121.90625,2688033,32.812500000149214
11704,121.91666666666667,2688263,70.50000000014691
11705,121.92708333333333,2688492,44.187499999795676
11706,121.946875,2688929,480.59375000002547
11707,121.95729166666668,2689158,6.2812500003651905
11708,121.96770833333333,2689388,235.9687500001563
11709,121.978125,2689618,209.6562500001184
11710,121.98854166666668,2689847,439.3437500002228
11711,121.99895833333333,2690077,93.03125000000705
11712,122.0,2690100,115.99999999998616
11713,122.01041666666667,2690330,217.68750000001944
11714,122.02083333333333,2690559,191.37499999998155
11715,122.03125,2690789,421.062500000086
11716,122.04166666666667,2691019,74.75000000018355
11717,122.05208333333333,2691248,176.43749999990348
11718,122.071875,2691685,356.8437499999909
11719,122.08229166666668,2691915,10.531250000088477
11720,122.09270833333333,2692144,112.21875000012176
11721,122.103125,2692374,85.90625000008387
11722,122.11354166666668,2692604,315.5937500001883
11723,122.12395833333333,2692833,33.2812500000081
11724,122.125,2692856,56.24999999998721
11725,122.13541666666667,2693086,93.93749999998491
11726,122.14583333333333,2693316,67.62499999994702
11727,122.15625,2693545,297.3125000000515
11728,122.16666666666667,2693775,15.000000000184599
11729,122.17708333333333,2694005,52.68749999986895
11730,122.196875,2694441,233.09375000026975
11731,122.20729166666668,2694671,462.7812500003742
11732,122.21770833333333,2694900,116.4687500001584
11733,122.228125,2695130,218.15625000019168
11734,122.23854166666668,2695360,191.8437500001538
11735,122.24895833333333,2695590,421.53124999994486
11736,122.25,2695612,444.499999999924
11737,122.26041666666667,2695842,98.18750000002154
11738,122.27083333333333,2696072,199.87499999974148
11739,122.28125,2696302,173.56250000001694
11740,122.29166666666667,2696531,403.2500000001214
11741,122.30208333333333,2696761,56.93749999990558
11742,122.321875,2697197,109.34375000023522
11743,122.33229166666668,2697427,339.0312500003397
11744,122.34270833333333,2697657,56.718750000159446
11745,122.353125,2697886,94.40625000015714
11746,122.36354166666668,2698116,68.09375000011926
11747,122.37395833333333,2698346,297.78124999991036
11748,122.375,2698369,320.7499999998895
11749,122.38541666666667,2698598,38.437500000022595
11750,122.39583333333333,2698828,76.1250000000203
11751,122.40625,2699058,49.81249999998241
11752,122.41666666666667,2699288,279.50000000008686
11753,122.42708333333333,2699517,509.18749999987796
11754,122.446875,2699954,241.59375000002967
11755,122.45729166666668,2700183,215.28125000030514
11756,122.46770833333333,2700413,444.96875000009624
11757,122.478125,2700643,98.65625000019378
11758,122.48854166666668,2700872,200.34375000022706
11759,122.49895833333333,2701102,174.03124999987583
11760,122.5,2701125,196.99999999985494
11761,122.51041666666667,2701355,426.6874999999594
11762,122.52083333333333,2701584,80.37499999974358
11763,122.53125,2701814,182.0625000000902
11764,122.54166666666667,2702044,155.75000000005232
11765,122.55208333333333,2702273,385.43749999984345
11766,122.571875,2702710,117.84374999999514
11767,122.58229166666668,2702940,91.5312500002706
11768,122.59270833333333,2703169,321.21875000006173
11769,122.603125,2703399,38.90625000019483
11770,122.61354166666668,2703629,76.59375000019253
11771,122.62395833333333,2703858,50.28125000015464
11772,122.625,2703881,73.25000000013375
11773,122.63541666666667,2704111,302.9375000002382
11774,122.64583333333333,2704341,20.62499999974463
11775,122.65625,2704570,58.31250000005568
11776,122.66666666666667,2704800,32.00000000001779
11777,122.67708333333333,2705030,261.6874999998089
11778,122.696875,2705466,122.09375000003178
11779,122.70729166666668,2705696,223.7812500003784
11780,122.71770833333333,2705925,197.46875000002717
11781,122.728125,2706155,427.15625000013165
11782,122.73854166666668,2706385,80.84375000022916
11783,122.74895833333333,2706615,182.5312499999491
11784,122.75,2706637,205.4999999999282
11785,122.76041666666667,2706867,179.18750000020367
11786,122.77083333333333,2707097,408.87499999999477
11787,122.78125,2707327,62.562500000092314
11788,122.79166666666667,2707556,164.2500000001256
11789,122.80208333333333,2707786,137.93749999977436
11790,122.821875,2708222,62.34375000003283
11791,122.83229166666668,2708452,100.03125000034387
11792,122.84270833333333,2708682,73.71874999999264
11793,122.853125,2708911,303.4062500000971
11794,122.86354166666668,2709141,21.093750000230216
11795,122.87395833333333,2709371,58.781249999914564
11796,122.875,2709394,81.74999999989367
11797,122.88541666666667,2709623,55.43750000016914
11798,122.89583333333333,2709853,285.1249999999602
11799,122.90625,2710083,2.8125000000933653
11800,122.91666666666667,2710313,40.50000000009106
11801,122.92708333333333,2710542,14.187499999739828
11802,122.946875,2710979,450.59374999996965
11803,122.95729166666668,2711208,104.28125000038051
11804,122.96770833333333,2711438,205.96875000010044
11805,122.978125,2711668,179.65625000006256
11806,122.98854166666668,2711897,409.343750000167
11807,122.99895833333333,2712127,63.0312499999512
11808,123.0,2712150,85.99999999993031
11809,123.01041666666667,2712380,187.6874999999636
11810,123.02083333333333,2712609,161.3749999999257
11811,123.03125,2712839,391.0625000000301
11812,123.04166666666667,2713069,44.7500000001277
11813,123.05208333333333,2713298,146.43749999984763
11814,123.071875,2713735,326.8437500002484
11815,123.08229166666668,2713965,44.53125000038156
11816,123.09270833333333,2714194,82.21875000006591
11817,123.103125,2714424,55.906250000028024
11818,123.11354166666668,2714654,285.59375000013245
11819,123.12395833333333,2714883,3.2812499999522515
11820,123.125,2714906,26.24999999993136
11821,123.13541666666667,2715136,63.93750000024241
11822,123.14583333333333,2715366,37.62499999989117
11823,123.15625,2715595,267.3124999999956
11824,123.16666666666667,2715825,497.00000000010004
11825,123.17708333333333,2716055,22.6874999998131
11826,123.196875,2716491,203.0937500002139
11827,123.20729166666668,2716721,432.7812500003183
11828,123.21770833333333,2716950,86.46875000010255
11829,123.228125,2717180,188.15625000013583
11830,123.23854166666668,2717410,161.84375000009794
11831,123.24895833333333,2717640,391.53124999988904
11832,123.25,2717662,414.4999999998681
11833,123.26041666666667,2717892,68.1874999999657
11834,123.27083333333333,2718122,169.87499999999898
11835,123.28125,2718352,143.5624999999611
11836,123.29166666666667,2718581,373.25000000006554
11837,123.30208333333333,2718811,26.937499999849734
11838,123.321875,2719247,79.34375000017937
11839,123.33229166666668,2719477,309.0312500002838
11840,123.34270833333333,2719707,26.718750000103597
11841,123.353125,2719936,64.4062500001013
11842,123.36354166666668,2720166,38.09375000037676
11843,123.37395833333333,2720396,267.78125000016786
11844,123.375,2720419,290.750000000147
11845,123.38541666666667,2720648,8.437499999966747
11846,123.39583333333333,2720878,46.124999999964444
11847,123.40625,2721108,19.81249999992656
11848,123.41666666666667,2721338,249.500000000031
11849,123.42708333333333,2721567,479.1874999998221
11850,123.446875,2722004,211.59374999997382
11851,123.45729166666668,2722233,185.2812500002493
11852,123.46770833333333,2722463,414.96875000004036
11853,123.478125,2722693,68.65625000013793
11854,123.48854166666668,2722922,170.3437500001712
11855,123.49895833333333,2723152,144.03125000013333
11856,123.5,2723175,167.00000000011244
11857,123.51041666666667,2723405,396.6875000002169
11858,123.52083333333333,2723634,50.37500000000108
11859,123.53125,2723864,152.06250000003436
11860,123.54166666666667,2724094,125.74999999999648
11861,123.55208333333333,2724323,355.4374999997876
11862,123.571875,2724760,87.84375000025264
11863,123.58229166666668,2724990,61.531250000214754
11864,123.59270833333333,2725219,291.21875000000585
11865,123.603125,2725449,8.906250000138982
11866,123.61354166666668,2725679,46.59375000013668
11867,123.62395833333333,2725908,20.281250000098794
11868,123.625,2725931,43.250000000077904
11869,123.63541666666667,2726161,272.93750000018235
11870,123.64583333333333,2726391,502.62499999997345
11871,123.65625,2726620,28.31249999999983
11872,123.66666666666667,2726850,1.9999999999619433
11873,123.67708333333333,2727080,231.68749999975304
11874,123.696875,2727516,92.09374999997593
11875,123.70729166666668,2727746,193.78125000032256
11876,123.71770833333333,2727975,167.46874999997132
11877,123.728125,2728205,397.1562500000758
11878,123.73854166666668,2728435,50.843750000173316
11879,123.74895833333333,2728665,152.53124999989325
11880,123.75,2728687,175.49999999987236
11881,123.76041666666667,2728917,149.18750000014782
11882,123.77083333333333,2729147,378.87499999993895
11883,123.78125,2729377,32.562500000036465
11884,123.79166666666667,2729606,134.25000000006975
11885,123.80208333333333,2729836,107.93750000003186
11886,123.821875,2730272,32.34374999997698
11887,123.83229166666668,2730502,70.03125000028803
11888,123.84270833333333,2730732,43.71874999993679
11889,123.853125,2730961,273.40625000004127
11890,123.86354166666668,2731191,503.0937500001457
11891,123.87395833333333,2731421,28.781250000172065
11892,123.875,2731444,51.750000000151175
11893,123.88541666666667,2731673,25.43750000011329
11894,123.89583333333333,2731903,255.1249999999044
11895,123.90625,2732133,484.81250000000887
11896,123.91666666666667,2732363,10.500000000035214
11897,123.92708333333333,2732592,240.18749999982631
11898,123.946875,2733029,420.59375000022715
11899,123.95729166666668,2733258,74.28125000032466
11900,123.96770833333333,2733488,175.9687500000446
11901,123.978125,2733718,149.6562500000067
11902,123.98854166666668,2733947,379.3437500001112
11903,123.99895833333333,2734177,33.03124999989535
11904,124.0,2734200,55.99999999987446
11905,124.01041666666667,2734430,157.6875000002211
11906,124.02083333333333,2734659,131.37499999986986
11907,124.03125,2734889,361.0624999999743
11908,124.04166666666667,2735119,14.75000000007185
11909,124.05208333333333,2735348,116.43749999979178
11910,124.071875,2735785,296.8437500001926
11911,124.08229166666668,2736015,14.531250000325713
11912,124.09270833333333,2736244,52.21875000001006
11913,124.103125,2736474,25.906249999972175
11914,124.11354166666668,2736704,255.59375000007662
11915,124.12395833333333,2736933,485.2812499998677
11916,124.125,2736956,508.24999999984686
11917,124.13541666666667,2737186,33.93750000018656
11918,124.14583333333333,2737416,7.624999999835325
11919,124.15625,2737645,237.31249999993977
11920,124.16666666666667,2737875,467.0000000000442
11921,124.17708333333333,2738105,120.68749999982842
11922,124.196875,2738541,173.09375000015805
11923,124.20729166666668,2738771,402.7812500002625
11924,124.21770833333333,2739000,56.4687500000467
11925,124.228125,2739230,158.15625000007998
11926,124.23854166666668,2739460,131.84375000035544
11927,124.24895833333333,2739690,361.53125000014654
11928,124.25,2739713,384.5000000001256
11929,124.26041666666667,2739942,38.187500000223196
11930,124.27083333333333,2740172,139.87499999994313
11931,124.28125,2740402,113.56249999990524
11932,124.29166666666667,2740631,343.25000000000966
11933,124.30208333333333,2740861,60.93749999982947
11934,124.321875,2741297,49.34375000012352
11935,124.33229166666668,2741527,279.03125000022794
11936,124.34270833333333,2741757,508.7187500000191
11937,124.353125,2741986,34.406250000045446
11938,124.36354166666668,2742216,8.09375000032091
11939,124.37395833333333,2742446,237.781250000112
11940,124.375,2742469,260.7500000000911
11941,124.38541666666667,2742698,490.43750000019554
11942,124.39583333333333,2742928,16.124999999908596
11943,124.40625,2743158,245.81250000001305
11944,124.41666666666667,2743387,219.49999999997516
11945,124.42708333333333,2743617,449.18749999976626
11946,124.446875,2744054,181.59375000023132
11947,124.45729166666668,2744283,155.28125000019344
11948,124.46770833333333,2744513,384.96874999998454
11949,124.478125,2744743,38.65625000008208
11950,124.48854166666668,2744972,140.34375000011536
11951,124.49895833333333,2745202,114.03125000007748
11952,124.5,2745225,137.0000000000566
11953,124.51041666666667,2745455,366.68750000016104
11954,124.52083333333333,2745684,20.37499999994523
11955,124.53125,2745914,122.06249999997851
11956,124.54166666666667,2746144,95.75000000025398
11957,124.55208333333333,2746373,325.4375000000451
11958,124.571875,2746810,57.84375000019679
11959,124.58229166666668,2747040,31.531250000158906
11960,124.59270833333333,2747269,261.21874999995
11961,124.603125,2747499,490.90625000005446
11962,124.61354166666668,2747729,16.59375000008083
11963,124.62395833333333,2747958,246.28124999987193
11964,124.625,2747981,13.250000000022055
11965,124.63541666666667,2748211,242.9375000001265
11966,124.64583333333333,2748441,472.6249999999176
11967,124.65625,2748670,126.31250000001515
11968,124.66666666666667,2748900,228.00000000004843
11969,124.67708333333333,2749130,201.68750000001054
11970,124.696875,2749566,62.09375000023343
11971,124.70729166666668,2749796,163.7812500002667
11972,124.71770833333333,2750025,137.46874999991547
11973,124.728125,2750255,367.1562500000199
11974,124.73854166666668,2750485,20.843750000117467
11975,124.74895833333333,2750715,122.53125000015075
11976,124.75,2750738,145.50000000012986
11977,124.76041666666667,2750967,119.18750000009197
11978,124.77083333333333,2751197,348.8749999998831
11979,124.78125,2751427,2.5624999999806164
11980,124.79166666666667,2751656,104.2500000000139
11981,124.80208333333333,2751886,77.93749999997601
11982,124.821875,2752322,2.343750000234479
11983,124.83229166666668,2752552,40.03125000023218
11984,124.84270833333333,2752782,13.718749999880941
11985,124.853125,2753011,243.4062499999854
11986,124.86354166666668,2753241,473.0937500000898
11987,124.87395833333333,2753471,126.78124999987403
11988,124.875,2753494,21.750000000095326
11989,124.88541666666667,2753723,251.43750000019978
11990,124.89583333333333,2753953,225.12499999984854
11991,124.90625,2754183,454.812499999953
11992,124.91666666666667,2754413,108.50000000005053
11993,124.92708333333333,2754642,210.18749999977047
11994,124.946875,2755079,390.59375000017127
11995,124.95729166666668,2755308,44.28125000026881
11996,124.96770833333333,2755538,145.96874999998875
11997,124.978125,2755768,119.65625000026421
11998,124.98854166666668,2755997,349.3437500003687
11999,124.99895833333333,2756227,3.031250000152852
