idx,ppq,mixed_sample,exact_sample,role
0,0.0,0,0.0,primary
1,0.010416666666666666,230,229.6875,secondary
2,0.020833333333333332,459,459.375,secondary
3,0.03125,689,689.0625,secondary
4,0.041666666666666664,919,918.75,secondary
5,0.05208333333333333,1148,1148.4375,secondary
6,0.071875,1585,1584.8437499999998,secondary
7,0.08229166666666667,1815,1814.53125,secondary
8,0.09270833333333332,2044,2044.2187499999998,secondary
9,0.103125,2274,2273.90625,secondary
10,0.11354166666666665,2504,2503.5937499999995,secondary
11,0.12395833333333332,2733,2733.28125,secondary
12,0.125,2756,2756.25,primary
13,0.13541666666666666,2986,2985.9375,secondary
14,0.14583333333333334,3215,3215.625,secondary
15,0.15625,3445,3445.3125,secondary
16,0.16666666666666666,3675,3675.0,secondary
17,0.17708333333333331,3904,3904.6874999999995,secondary
18,0.196875,4341,4341.09375,secondary
19,0.20729166666666665,4571,4570.78125,secondary
20,0.21770833333333334,4800,4800.46875,secondary
21,0.228125,5030,5030.15625,secondary
22,0.23854166666666665,5260,5259.84375,secondary
23,0.24895833333333334,5490,5489.53125,secondary
24,0.25,5512,5512.5,primary
25,0.2604166666666667,5742,5742.1875,secondary
26,0.2708333333333333,5971,5971.875,secondary
27,0.28125,6201,6201.5625,secondary
28,0.2916666666666667,6431,6431.25,secondary
29,0.3020833333333333,6660,6660.9375,secondary
30,0.321875,7097,7097.343750000001,secondary
31,0.3322916666666667,7327,7327.031250000001,secondary
32,0.34270833333333334,7557,7556.71875,secondary
33,0.353125,7786,7786.406250000001,secondary
34,0.3635416666666667,8016,8016.093750000001,secondary
35,0.37395833333333334,8246,8245.78125,secondary
36,0.375,8269,8268.75,primary
37,0.3854166666666667,8499,8498.4375,secondary
38,0.3958333333333333,8728,8728.125,secondary
39,0.40625,8958,8957.8125,secondary
40,0.4166666666666667,9188,9187.5,secondary
41,0.4270833333333333,9417,9417.1875,secondary
42,0.446875,9854,9853.59375,secondary
43,0.4572916666666667,10083,10083.28125,secondary
44,0.46770833333333334,10313,10312.96875,secondary
45,0.478125,10543,10542.65625,secondary
46,0.4885416666666667,10772,10772.34375,secondary
47,0.49895833333333334,11002,11002.03125,secondary
48,0.5,11025,11025.0,primary
49,0.5104166666666666,11255,11254.6875,secondary
50,0.5208333333333334,11484,11484.375,secondary
51,0.53125,11714,11714.0625,secondary
52,0.5416666666666666,11944,11943.75,secondary
53,0.5520833333333334,12173,12173.4375,secondary
54,0.571875,12610,12609.84375,secondary
55,0.5822916666666667,12840,12839.53125,secondary
56,0.5927083333333334,13069,13069.218750000002,secondary
57,0.603125,13299,13298.90625,secondary
58,0.6135416666666667,13529,13528.59375,secondary
59,0.6239583333333334,13758,13758.281250000002,secondary
60,0.625,13781,13781.25,primary
61,0.6354166666666666,14011,14010.9375,secondary
62,0.6458333333333334,14240,14240.625,secondary
63,0.65625,14470,14470.3125,secondary
64,0.6666666666666666,14700,14700.0,secondary
65,0.6770833333333334,14929,14929.6875,secondary
66,0.696875,15366,15366.09375,secondary
67,0.7072916666666667,15596,15595.78125,secondary
68,0.7177083333333334,15825,15825.468750000002,secondary
69,0.728125,16055,16055.15625,secondary
70,0.7385416666666667,16285,16284.84375,secondary
71,0.7489583333333334,16515,16514.53125,secondary
72,0.75,16538,16537.5,primary
73,0.7604166666666666,16768,16767.1875,secondary
74,0.7708333333333334,16997,16996.875,secondary
75,0.78125,17227,17226.5625,secondary
76,0.7916666666666666,17457,17456.25,secondary
77,0.8020833333333334,17686,17685.9375,secondary
78,0.821875,18122,18122.34375,secondary
79,0.8322916666666667,18352,18352.03125,secondary
80,0.8427083333333334,18582,18581.71875,secondary
81,0.853125,18811,18811.40625,secondary
82,0.8635416666666667,19041,19041.09375,secondary
83,0.8739583333333334,19271,19270.78125,secondary
84,0.875,19294,19293.75,primary
85,0.8854166666666666,19524,19523.4375,secondary
86,0.8958333333333334,19753,19753.125,secondary
87,0.90625,19983,19982.8125,secondary
88,0.9166666666666666,20213,20212.5,secondary
89,0.9270833333333334,20442,20442.1875,secondary
90,0.946875,20879,20878.59375,secondary
91,0.9572916666666667,21108,21108.28125,secondary
92,0.9677083333333334,21338,21337.96875,secondary
93,0.978125,21568,21567.65625,secondary
94,0.9885416666666667,21797,21797.34375,secondary
95,0.9989583333333334,22027,22027.03125,secondary
96,1.0,22050,22050.0,primary
97,1.0104166666666667,22280,22279.6875,secondary
98,1.0208333333333333,22509,22509.375,secondary
99,1.03125,22739,22739.0625,secondary
100,1.0416666666666667,22969,22968.75,secondary
101,1.0520833333333333,23198,23198.4375,secondary
102,1.071875,23635,23634.843749999996,secondary
103,1.0822916666666667,23865,23864.53125,secondary
104,1.0927083333333332,24094,24094.218749999996,secondary
105,1.103125,24324,24323.906249999996,secondary
106,1.1135416666666667,24554,24553.59375,secondary
107,1.1239583333333332,24783,24783.281249999996,secondary
108,1.125,24806,24806.25,primary
109,1.1354166666666667,25036,25035.9375,secondary
110,1.1458333333333333,25265,25265.625,secondary
111,1.15625,25495,25495.3125,secondary
112,1.1666666666666667,25725,25725.0,secondary
113,1.1770833333333333,25954,25954.6875,secondary
114,1.196875,26391,26391.093749999996,secondary
115,1.2072916666666667,26621,26620.78125,secondary
116,1.2177083333333332,26850,26850.468749999996,secondary
117,1.228125,27080,27080.156249999996,secondary
118,1.2385416666666667,27310,27309.84375,secondary
119,1.2489583333333332,27540,27539.531249999996,secondary
120,1.25,27562,27562.5,primary
121,1.2604166666666667,27792,27792.1875,secondary
122,1.2708333333333333,28021,28021.875,secondary
123,1.28125,28251,28251.5625,secondary
124,1.2916666666666667,28481,28481.25,secondary
125,1.3020833333333333,28710,28710.9375,secondary
126,1.321875,29147,29147.343749999996,secondary
127,1.3322916666666667,29377,29377.03125,secondary
128,1.3427083333333332,29607,29606.718749999996,secondary
129,1.353125,29836,29836.406249999996,secondary
130,1.3635416666666667,30066,30066.09375,secondary
131,1.3739583333333332,30296,30295.781249999996,secondary
132,1.375,30319,30318.75,primary
133,1.3854166666666667,30549,30548.4375,secondary
134,1.3958333333333333,30778,30778.125,secondary
135,1.40625,31008,31007.8125,secondary
136,1.4166666666666667,31238,31237.5,secondary
137,1.4270833333333333,31467,31467.1875,secondary
138,1.446875,31904,31903.593749999996,secondary
139,1.4572916666666667,32133,32133.28125,secondary
140,1.4677083333333332,32363,32362.968749999996,secondary
141,1.478125,32593,32592.656249999996,secondary
142,1.4885416666666667,32822,32822.34375,secondary
143,1.4989583333333332,33052,33052.03125,secondary
144,1.5,33075,33075.0,primary
145,1.5104166666666667,33305,33304.6875,secondary
146,1.5208333333333333,33534,33534.375,secondary
147,1.53125,33764,33764.0625,secondary
148,1.5416666666666667,33994,33993.75,secondary
149,1.5520833333333333,34223,34223.4375,secondary
150,1.571875,34660,34659.84375,secondary
151,1.5822916666666667,34890,34889.53125,secondary
152,1.5927083333333332,35119,35119.21875,secondary
153,1.603125,35349,35348.90625,secondary
154,1.6135416666666667,35579,35578.59375,secondary
155,1.6239583333333332,35808,35808.28125,secondary
156,1.625,35831,35831.25,primary
157,1.6354166666666667,36061,36060.9375,secondary
158,1.6458333333333333,36290,36290.625,secondary
159,1.65625,36520,36520.3125,secondary
160,1.6666666666666667,36750,36750.0,secondary
161,1.6770833333333333,36979,36979.6875,secondary
162,1.696875,37416,37416.09375,secondary
163,1.7072916666666667,37646,37645.78125,secondary
164,1.7177083333333332,37875,37875.46875,secondary
165,1.728125,38105,38105.15625,secondary
166,1.7385416666666667,38335,38334.84375,secondary
167,1.7489583333333332,38565,38564.53125,secondary
168,1.75,38588,38587.5,primary
169,1.7604166666666667,38818,38817.1875,secondary
170,1.7708333333333333,39047,39046.875,secondary
171,1.78125,39277,39276.5625,secondary
172,1.7916666666666667,39507,39506.25,secondary
173,1.8020833333333333,39736,39735.9375,secondary
174,1.821875,40172,40172.34375,secondary
175,1.8322916666666667,40402,40402.03125,secondary
176,1.8427083333333332,40632,40631.71875,secondary
177,1.853125,40861,40861.40625,secondary
178,1.8635416666666667,41091,41091.09375,secondary
179,1.8739583333333332,41321,41320.78125,secondary
180,1.875,41344,41343.75,primary
181,1.8854166666666667,41574,41573.4375,secondary
182,1.8958333333333333,41803,41803.125,secondary
183,1.90625,42033,42032.8125,secondary
184,1.9166666666666667,42263,42262.5,secondary
185,1.9270833333333333,42492,42492.1875,secondary
186,1.946875,42929,42928.59375,secondary
187,1.9572916666666667,43158,43158.28125,secondary
188,1.9677083333333332,43388,43387.96875,secondary
189,1.978125,43618,43617.65625,secondary
190,1.9885416666666667,43847,43847.34375,secondary
191,1.9989583333333332,44077,44077.03125,secondary
192,2.0,44100,44100.0,primary
193,2.0104166666666665,44330,44329.6875,secondary
194,2.0208333333333335,44559,44559.375,secondary
195,2.03125,44789,44789.0625,secondary
196,2.0416666666666665,45019,45018.75,secondary
197,2.0520833333333335,45248,45248.4375,secondary
198,2.071875,45685,45684.84375,secondary
199,2.0822916666666664,45915,45914.53124999999,secondary
200,2.0927083333333334,46144,46144.21875,secondary
201,2.103125,46374,46373.90625,secondary
202,2.1135416666666664,46604,46603.59374999999,secondary
203,2.1239583333333334,46833,46833.28125,secondary
204,2.125,46856,46856.25,primary
205,2.1354166666666665,47086,47085.9375,secondary
206,2.1458333333333335,47315,47315.625,secondary
207,2.15625,47545,47545.3125,secondary
208,2.1666666666666665,47775,47775.0,secondary
209,2.1770833333333335,48004,48004.6875,secondary
210,2.196875,48441,48441.09375,secondary
211,2.2072916666666664,48671,48670.78124999999,secondary
212,2.2177083333333334,48900,48900.46875,secondary
213,2.228125,49130,49130.15625,secondary
214,2.2385416666666664,49360,49359.84374999999,secondary
215,2.2489583333333334,49590,49589.53125,secondary
216,2.25,49612,49612.5,primary
217,2.2604166666666665,49842,49842.1875,secondary
218,2.2708333333333335,50071,50071.875,secondary
219,2.28125,50301,50301.5625,secondary
220,2.2916666666666665,50531,50531.25,secondary
221,2.3020833333333335,50760,50760.9375,secondary
222,2.321875,51197,51197.34375,secondary
223,2.3322916666666664,51427,51427.03124999999,secondary
224,2.3427083333333334,51657,51656.71875,secondary
225,2.353125,51886,51886.40625,secondary
226,2.3635416666666664,52116,52116.09374999999,secondary
227,2.3739583333333334,52346,52345.78125,secondary
228,2.375,52369,52368.75,primary
229,2.3854166666666665,52599,52598.4375,secondary
230,2.3958333333333335,52828,52828.125,secondary
231,2.40625,53058,53057.8125,secondary
232,2.4166666666666665,53288,53287.5,secondary
233,2.4270833333333335,53517,53517.1875,secondary
234,2.446875,53954,53953.59375,secondary
235,2.4572916666666664,54183,54183.28124999999,secondary
236,2.4677083333333334,54413,54412.96875,secondary
237,2.478125,54643,54642.65625,secondary
238,2.4885416666666664,54872,54872.34374999999,secondary
239,2.4989583333333334,55102,55102.03125,secondary
240,2.5,55125,55125.0,primary
241,2.5104166666666665,55355,55354.6875,secondary
242,2.5208333333333335,55584,55584.375,secondary
243,2.53125,55814,55814.0625,secondary
244,2.5416666666666665,56044,56043.75,secondary
245,2.5520833333333335,56273,56273.4375,secondary
246,2.571875,56710,56709.84375,secondary
247,2.5822916666666664,56940,56939.53124999999,secondary
248,2.5927083333333334,57169,57169.21875,secondary
249,2.603125,57399,57398.90625,secondary
250,2.6135416666666664,57629,57628.59374999999,secondary
251,2.6239583333333334,57858,57858.28125,secondary
252,2.625,57881,57881.25,primary
253,2.6354166666666665,58111,58110.9375,secondary
254,2.6458333333333335,58340,58340.625,secondary
255,2.65625,58570,58570.3125,secondary
256,2.6666666666666665,58800,58800.0,secondary
257,2.6770833333333335,59029,59029.6875,secondary
258,2.696875,59466,59466.09375,secondary
259,2.7072916666666664,59696,59695.78124999999,secondary
260,2.7177083333333334,59925,59925.46875,secondary
261,2.728125,60155,60155.15625,secondary
262,2.7385416666666664,60385,60384.84374999999,secondary
263,2.7489583333333334,60615,60614.53125,secondary
264,2.75,60638,60637.5,primary
265,2.7604166666666665,60868,60867.1875,secondary
266,2.7708333333333335,61097,61096.875,secondary
267,2.78125,61327,61326.5625,secondary
268,2.7916666666666665,61557,61556.25,secondary
269,2.8020833333333335,61786,61785.9375,secondary
270,2.821875,62222,62222.34375,secondary
271,2.8322916666666664,62452,62452.03124999999,secondary
272,2.8427083333333334,62682,62681.71875,secondary
273,2.853125,62911,62911.40625,secondary
274,2.8635416666666664,63141,63141.09374999999,secondary
275,2.8739583333333334,63371,63370.78125,secondary
276,2.875,63394,63393.75,primary
277,2.8854166666666665,63624,63623.4375,secondary
278,2.8958333333333335,63853,63853.125,secondary
279,2.90625,64083,64082.8125,secondary
280,2.9166666666666665,64313,64312.5,secondary
281,2.9270833333333335,64542,64542.1875,secondary
282,2.946875,64979,64978.59375,secondary
283,2.9572916666666664,65208,65208.28124999999,secondary
284,2.9677083333333334,65438,65437.96875,secondary
285,2.978125,65668,65667.65625,secondary
286,2.9885416666666664,65897,65897.34375,secondary
287,2.9989583333333334,66127,66127.03125,secondary
288,3.0,66150,66150.0,primary
289,3.0104166666666665,66380,66379.6875,secondary
290,3.0208333333333335,66609,66609.375,secondary
291,3.03125,66839,66839.0625,secondary
292,3.0416666666666665,67069,67068.75,secondary
293,3.0520833333333335,67298,67298.4375,secondary
294,3.071875,67735,67734.84375,secondary
295,3.0822916666666664,67965,67964.53125,secondary
296,3.0927083333333334,68194,68194.21875,secondary
297,3.103125,68424,68423.90625,secondary
298,3.1135416666666664,68654,68653.59375,secondary
299,3.1239583333333334,68883,68883.28125,secondary
300,3.125,68906,68906.25,primary
301,3.1354166666666665,69136,69135.9375,secondary
302,3.1458333333333335,69365,69365.625,secondary
303,3.15625,69595,69595.3125,secondary
304,3.1666666666666665,69825,69825.0,secondary
305,3.1770833333333335,70054,70054.6875,secondary
306,3.196875,70491,70491.09375,secondary
307,3.2072916666666664,70721,70720.78125,secondary
308,3.2177083333333334,70950,70950.46875,secondary
309,3.228125,71180,71180.15625,secondary
310,3.2385416666666664,71410,71409.84375,secondary
311,3.2489583333333334,71640,71639.53125,secondary
312,3.25,71662,71662.5,primary
313,3.2604166666666665,71892,71892.1875,secondary
314,3.2708333333333335,72121,72121.875,secondary
315,3.28125,72351,72351.5625,secondary
316,3.2916666666666665,72581,72581.25,secondary
317,3.3020833333333335,72810,72810.9375,secondary
318,3.321875,73247,73247.34375,secondary
319,3.3322916666666664,73477,73477.03125,secondary
320,3.3427083333333334,73707,73706.71875,secondary
321,3.353125,73936,73936.40625,secondary
322,3.3635416666666664,74166,74166.09375,secondary
323,3.3739583333333334,74396,74395.78125,secondary
324,3.375,74419,74418.75,primary
325,3.3854166666666665,74649,74648.4375,secondary
326,3.3958333333333335,74878,74878.125,secondary
327,3.40625,75108,75107.8125,secondary
328,3.4166666666666665,75338,75337.5,secondary
329,3.4270833333333335,75567,75567.1875,secondary
330,3.446875,76004,76003.59375,secondary
331,3.4572916666666664,76233,76233.28125,secondary
332,3.4677083333333334,76463,76462.96875,secondary
333,3.478125,76693,76692.65625,secondary
334,3.4885416666666664,76922,76922.34375,secondary
335,3.4989583333333334,77152,77152.03125,secondary
336,3.5,77175,77175.0,primary
337,3.5104166666666665,77405,77404.6875,secondary
338,3.5208333333333335,77634,77634.375,secondary
339,3.53125,77864,77864.0625,secondary
340,3.5416666666666665,78094,78093.75,secondary
341,3.5520833333333335,78323,78323.4375,secondary
342,3.571875,78760,78759.84375,secondary
343,3.5822916666666664,78990,78989.53125,secondary
344,3.5927083333333334,79219,79219.21875,secondary
345,3.603125,79449,79448.90625,secondary
346,3.6135416666666664,79679,79678.59375,secondary
347,3.6239583333333334,79908,79908.28125,secondary
348,3.625,79931,79931.25,primary
349,3.6354166666666665,80161,80160.9375,secondary
350,3.6458333333333335,80390,80390.625,secondary
351,3.65625,80620,80620.3125,secondary
352,3.6666666666666665,80850,80850.0,secondary
353,3.6770833333333335,81079,81079.6875,secondary
354,3.696875,81516,81516.09375,secondary
355,3.7072916666666664,81746,81745.78125,secondary
356,3.7177083333333334,81975,81975.46875,secondary
357,3.728125,82205,82205.15625,secondary
358,3.7385416666666664,82435,82434.84375,secondary
359,3.7489583333333334,82665,82664.53125,secondary
360,3.75,82688,82687.5,primary
361,3.7604166666666665,82918,82917.1875,secondary
362,3.7708333333333335,83147,83146.875,secondary
363,3.78125,83377,83376.5625,secondary
364,3.7916666666666665,83607,83606.25,secondary
365,3.8020833333333335,83836,83835.9375,secondary
366,3.821875,84272,84272.34375,secondary
367,3.8322916666666664,84502,84502.03125,secondary
368,3.8427083333333334,84732,84731.71875,secondary
369,3.853125,84961,84961.40625,secondary
370,3.8635416666666664,85191,85191.09375,secondary
371,3.8739583333333334,85421,85420.78125,secondary
372,3.875,85444,85443.75,primary
373,3.8854166666666665,85674,85673.4375,secondary
374,3.8958333333333335,85903,85903.125,secondary
375,3.90625,86133,86132.8125,secondary
376,3.9166666666666665,86363,86362.5,secondary
377,3.9270833333333335,86592,86592.1875,secondary
378,3.946875,87029,87028.59375,secondary
379,3.9572916666666664,87258,87258.28125,secondary
380,3.9677083333333334,87488,87487.96875,secondary
381,3.978125,87718,87717.65625,secondary
382,3.9885416666666664,87947,87947.34375,secondary
383,3.9989583333333334,88177,88177.03125,secondary
384,4.0,88200,88200.0,primary
385,4.010416666666667,88430,88429.6875,secondary
386,4.020833333333333,88659,88659.375,secondary
387,4.03125,88889,88889.0625,secondary
388,4.041666666666667,89119,89118.75,secondary
389,4.052083333333333,89348,89348.4375,secondary
390,4.071875,89785,89784.84375000001,secondary
391,4.082291666666667,90015,90014.53125000001,secondary
392,4.092708333333333,90244,90244.21875,secondary
393,4.103125,90474,90473.90625000001,secondary
394,4.113541666666667,90704,90703.59375000001,secondary
395,4.123958333333333,90933,90933.28125,secondary
396,4.125,90956,90956.25,primary
397,4.135416666666667,91186,91185.9375,secondary
398,4.145833333333333,91415,91415.625,secondary
399,4.15625,91645,91645.3125,secondary
400,4.166666666666667,91875,91875.0,secondary
401,4.177083333333333,92104,92104.6875,secondary
402,4.196875,92541,92541.09375000001,secondary
403,4.207291666666667,92771,92770.78125000001,secondary
404,4.217708333333333,93000,93000.46875,secondary
405,4.228125,93230,93230.15625000001,secondary
406,4.238541666666667,93460,93459.84375000001,secondary
407,4.248958333333333,93690,93689.53125,secondary
408,4.25,93712,93712.5,primary
409,4.260416666666667,93942,93942.1875,secondary
410,4.270833333333333,94171,94171.875,secondary
411,4.28125,94401,94401.5625,secondary
412,4.291666666666667,94631,94631.25,secondary
413,4.302083333333333,94860,94860.9375,secondary
414,4.321875,95297,95297.34375000001,secondary
415,4.332291666666667,95527,95527.03125000001,secondary
416,4.342708333333333,95757,95756.71875,secondary
417,4.353125,95986,95986.40625000001,secondary
418,4.363541666666667,96216,96216.09375000001,secondary
419,4.373958333333333,96446,96445.78125,secondary
420,4.375,96469,96468.75,primary
421,4.385416666666667,96699,96698.4375,secondary
422,4.395833333333333,96928,96928.125,secondary
423,4.40625,97158,97157.8125,secondary
424,4.416666666666667,97388,97387.5,secondary
425,4.427083333333333,97617,97617.1875,secondary
426,4.446875,98054,98053.59375000001,secondary
427,4.457291666666667,98283,98283.28125000001,secondary
428,4.467708333333333,98513,98512.96875,secondary
429,4.478125,98743,98742.65625000001,secondary
430,4.488541666666667,98972,98972.34375000001,secondary
431,4.498958333333333,99202,99202.03125,secondary
432,4.5,99225,99225.0,primary
433,4.510416666666667,99455,99454.6875,secondary
434,4.520833333333333,99684,99684.375,secondary
435,4.53125,99914,99914.0625,secondary
436,4.541666666666667,100144,100143.75,secondary
437,4.552083333333333,100373,100373.4375,secondary
438,4.571875,100810,100809.84375000001,secondary
439,4.582291666666667,101040,101039.53125000001,secondary
440,4.592708333333333,101269,101269.21875,secondary
441,4.603125,101499,101498.90625000001,secondary
442,4.613541666666667,101729,101728.59375000001,secondary
443,4.623958333333333,101958,101958.28125,secondary
444,4.625,101981,101981.25,primary
445,4.635416666666667,102211,102210.9375,secondary
446,4.645833333333333,102440,102440.625,secondary
447,4.65625,102670,102670.3125,secondary
448,4.666666666666667,102900,102900.0,secondary
449,4.677083333333333,103129,103129.6875,secondary
450,4.696875,103566,103566.09375000001,secondary
451,4.707291666666667,103796,103795.78125000001,secondary
452,4.717708333333333,104025,104025.46875,secondary
453,4.728125,104255,104255.15625000001,secondary
454,4.738541666666667,104485,104484.84375000001,secondary
455,4.748958333333333,104715,104714.53125,secondary
456,4.75,104738,104737.5,primary
457,4.760416666666667,104968,104967.1875,secondary
458,4.770833333333333,105197,105196.875,secondary
459,4.78125,105427,105426.5625,secondary
460,4.791666666666667,105657,105656.25,secondary
461,4.802083333333333,105886,105885.9375,secondary
462,4.821875,106322,106322.34375000001,secondary
463,4.832291666666667,106552,106552.03125000001,secondary
464,4.842708333333333,106782,106781.71875,secondary
465,4.853125,107011,107011.40625000001,secondary
466,4.863541666666667,107241,107241.09375000001,secondary
467,4.873958333333333,107471,107470.78125,secondary
468,4.875,107494,107493.75,primary
469,4.885416666666667,107724,107723.4375,secondary
470,4.895833333333333,107953,107953.125,secondary
471,4.90625,108183,108182.8125,secondary
472,4.916666666666667,108413,108412.5,secondary
473,4.927083333333333,108642,108642.1875,secondary
474,4.946875,109079,109078.59375000001,secondary
475,4.957291666666667,109308,109308.28125000001,secondary
476,4.967708333333333,109538,109537.96875,secondary
477,4.978125,109768,109767.65625000001,secondary
478,4.988541666666667,109997,109997.34375000001,secondary
479,4.998958333333333,110227,110227.03125,secondary
480,5.0,110250,110250.0,primary
481,5.010416666666667,110480,110479.6875,secondary
482,5.020833333333333,110709,110709.375,secondary
483,5.03125,110939,110939.0625,secondary
484,5.041666666666667,111169,111168.75,secondary
485,5.052083333333333,111398,111398.4375,secondary
486,5.071875,111835,111834.84375000001,secondary
487,5.082291666666667,112065,112064.53125000001,secondary
488,5.092708333333333,112294,112294.21875,secondary
489,5.103125,112524,112523.90625000001,secondary
490,5.113541666666667,112754,112753.59375000001,secondary
491,5.123958333333333,112983,112983.28125,secondary
492,5.125,113006,113006.25,primary
493,5.135416666666667,113236,113235.9375,secondary
494,5.145833333333333,113465,113465.625,secondary
495,5.15625,113695,113695.3125,secondary
496,5.166666666666667,113925,113925.0,secondary
497,5.177083333333333,114154,114154.6875,secondary
498,5.196875,114591,114591.09375000001,secondary
499,5.207291666666667,114821,114820.78125000001,secondary
500,5.217708333333333,115050,115050.46875,secondary
501,5.228125,115280,115280.15625000001,secondary
502,5.238541666666667,115510,115509.84375000001,secondary
503,5.248958333333333,115740,115739.53125,secondary
504,5.25,115762,115762.5,primary
505,5.260416666666667,115992,115992.1875,secondary
506,5.270833333333333,116221,116221.875,secondary
507,5.28125,116451,116451.5625,secondary
508,5.291666666666667,116681,116681.25,secondary
509,5.302083333333333,116910,116910.9375,secondary
510,5.321875,117347,117347.34375000001,secondary
511,5.332291666666667,117577,117577.03125000001,secondary
512,5.342708333333333,117807,117806.71875,secondary
513,5.353125,118036,118036.40625000001,secondary
514,5.363541666666667,118266,118266.09375000001,secondary
515,5.373958333333333,118496,118495.78125,secondary
516,5.375,118519,118518.75,primary
517,5.385416666666667,118749,118748.4375,secondary
518,5.395833333333333,118978,118978.125,secondary
519,5.40625,119208,119207.8125,secondary
520,5.416666666666667,119438,119437.5,secondary
521,5.427083333333333,119667,119667.1875,secondary
522,5.446875,120104,120103.59375000001,secondary
523,5.457291666666667,120333,120333.28125000001,secondary
524,5.467708333333333,120563,120562.96875,secondary
525,5.478125,120793,120792.65625000001,secondary
526,5.488541666666667,121022,121022.34375000001,secondary
527,5.498958333333333,121252,121252.03125,secondary
528,5.5,121275,121275.0,primary
529,5.510416666666667,121505,121504.6875,secondary
530,5.520833333333333,121734,121734.375,secondary
531,5.53125,121964,121964.0625,secondary
532,5.541666666666667,122194,122193.75,secondary
533,5.552083333333333,122423,122423.4375,secondary
534,5.571875,122860,122859.84375000001,secondary
535,5.582291666666667,123090,123089.53125000001,secondary
536,5.592708333333333,123319,123319.21875,secondary
537,5.603125,123549,123548.90625000001,secondary
538,5.613541666666667,123779,123778.59375000001,secondary
539,5.623958333333333,124008,124008.28125,secondary
540,5.625,124031,124031.25,primary
541,5.635416666666667,124261,124260.9375,secondary
542,5.645833333333333,124490,124490.625,secondary
543,5.65625,124720,124720.3125,secondary
544,5.666666666666667,124950,124950.0,secondary
545,5.677083333333333,125179,125179.6875,secondary
546,5.696875,125616,125616.09375000001,secondary
547,5.707291666666667,125846,125845.78125000001,secondary
548,5.717708333333333,126075,126075.46875,secondary
549,5.728125,126305,126305.15625000001,secondary
550,5.738541666666667,126535,126534.84375000001,secondary
551,5.748958333333333,126765,126764.53125,secondary
552,5.75,126788,126787.5,primary
553,5.760416666666667,127018,127017.1875,secondary
554,5.770833333333333,127247,127246.875,secondary
555,5.78125,127477,127476.5625,secondary
556,5.791666666666667,127707,127706.25,secondary
557,5.802083333333333,127936,127935.9375,secondary
558,5.821875,128372,128372.34375000001,secondary
559,5.832291666666667,128602,128602.03125000001,secondary
560,5.842708333333333,128832,128831.71875,secondary
561,5.853125,129061,129061.40625000001,secondary
562,5.863541666666667,129291,129291.09375000001,secondary
563,5.873958333333333,129521,129520.78125,secondary
564,5.875,129544,129543.75,primary
565,5.885416666666667,129774,129773.4375,secondary
566,5.895833333333333,130003,130003.125,secondary
567,5.90625,130233,130232.8125,secondary
568,5.916666666666667,130463,130462.5,secondary
569,5.927083333333333,130692,130692.1875,secondary
570,5.946875,131129,131128.59375,secondary
571,5.957291666666667,131358,131358.28125,secondary
572,5.967708333333333,131588,131587.96875,secondary
573,5.978125,131818,131817.65625,secondary
574,5.988541666666667,132047,132047.34375,secondary
575,5.998958333333333,132277,132277.03125,secondary
576,6.0,132300,132300.0,primary
577,6.010416666666667,132530,132529.6875,secondary
578,6.020833333333333,132759,132759.375,secondary
579,6.03125,132989,132989.0625,secondary
580,6.041666666666667,133219,133218.75,secondary
581,6.052083333333333,133448,133448.4375,secondary
582,6.071875,133885,133884.84375,secondary
583,6.082291666666667,134115,134114.53125,secondary
584,6.092708333333333,134344,134344.21875,secondary
585,6.103125,134574,134573.90625,secondary
586,6.113541666666667,134804,134803.59375,secondary
587,6.123958333333333,135033,135033.28125,secondary
588,6.125,135056,135056.25,primary
589,6.135416666666667,135286,135285.9375,secondary
590,6.145833333333333,135515,135515.625,secondary
591,6.15625,135745,135745.3125,secondary
592,6.166666666666667,135975,135975.0,secondary
593,6.177083333333333,136204,136204.6875,secondary
594,6.196875,136641,136641.09375,secondary
595,6.207291666666667,136871,136870.78125,secondary
596,6.217708333333333,137100,137100.46875,secondary
597,6.228125,137330,137330.15625,secondary
598,6.238541666666667,137560,137559.84375,secondary
599,6.248958333333333,137790,137789.53125,secondary
600,6.25,137812,137812.5,primary
601,6.260416666666667,138042,138042.1875,secondary
602,6.270833333333333,138271,138271.875,secondary
603,6.28125,138501,138501.5625,secondary
604,6.291666666666667,138731,138731.25,secondary
605,6.302083333333333,138960,138960.9375,secondary
606,6.321875,139397,139397.34375,secondary
607,6.332291666666667,139627,139627.03125,secondary
608,6.342708333333333,139857,139856.71875,secondary
609,6.353125,140086,140086.40625,secondary
610,6.363541666666667,140316,140316.09375,secondary
611,6.373958333333333,140546,140545.78125,secondary
612,6.375,140569,140568.75,primary
613,6.385416666666667,140799,140798.4375,secondary
614,6.395833333333333,141028,141028.125,secondary
615,6.40625,141258,141257.8125,secondary
616,6.416666666666667,141488,141487.5,secondary
617,6.427083333333333,141717,141717.1875,secondary
618,6.446875,142154,142153.59375,secondary
619,6.457291666666667,142383,142383.28125,secondary
620,6.467708333333333,142613,142612.96875,secondary
621,6.478125,142843,142842.65625,secondary
622,6.488541666666667,143072,143072.34375,secondary
623,6.498958333333333,143302,143302.03125,secondary
624,6.5,143325,143325.0,primary
625,6.510416666666667,143555,143554.6875,secondary
626,6.520833333333333,143784,143784.375,secondary
627,6.53125,144014,144014.0625,secondary
628,6.541666666666667,144244,144243.75,secondary
629,6.552083333333333,144473,144473.4375,secondary
630,6.571875,144910,144909.84375,secondary
631,6.582291666666667,145140,145139.53125,secondary
632,6.592708333333333,145369,145369.21875,secondary
633,6.603125,145599,145598.90625,secondary
634,6.613541666666667,145829,145828.59375,secondary
635,6.623958333333333,146058,146058.28125,secondary
636,6.625,146081,146081.25,primary
637,6.635416666666667,146311,146310.9375,secondary
638,6.645833333333333,146540,146540.625,secondary
639,6.65625,146770,146770.3125,secondary
640,6.666666666666667,147000,147000.0,secondary
641,6.677083333333333,147229,147229.6875,secondary
642,6.696875,147666,147666.09375,secondary
643,6.707291666666667,147896,147895.78125,secondary
644,6.717708333333333,148125,148125.46875,secondary
645,6.728125,148355,148355.15625,secondary
646,6.738541666666667,148585,148584.84375,secondary
647,6.748958333333333,148815,148814.53125,secondary
648,6.75,148838,148837.5,primary
649,6.760416666666667,149068,149067.1875,secondary
650,6.770833333333333,149297,149296.875,secondary
651,6.78125,149527,149526.5625,secondary
652,6.791666666666667,149757,149756.25,secondary
653,6.802083333333333,149986,149985.9375,secondary
654,6.821875,150422,150422.34375,secondary
655,6.832291666666667,150652,150652.03125,secondary
656,6.842708333333333,150882,150881.71875,secondary
657,6.853125,151111,151111.40625,secondary
658,6.863541666666667,151341,151341.09375,secondary
659,6.873958333333333,151571,151570.78125,secondary
660,6.875,151594,151593.75,primary
661,6.885416666666667,151824,151823.4375,secondary
662,6.895833333333333,152053,152053.125,secondary
663,6.90625,152283,152282.8125,secondary
664,6.916666666666667,152513,152512.5,secondary
665,6.927083333333333,152742,152742.1875,secondary
666,6.946875,153179,153178.59375,secondary
667,6.957291666666667,153408,153408.28125,secondary
668,6.967708333333333,153638,153637.96875,secondary
669,6.978125,153868,153867.65625,secondary
670,6.988541666666667,154097,154097.34375,secondary
671,6.998958333333333,154327,154327.03125,secondary
672,7.0,154350,154350.0,primary
673,7.010416666666667,154580,154579.6875,secondary
674,7.020833333333333,154809,154809.375,secondary
675,7.03125,155039,155039.0625,secondary
676,7.041666666666667,155269,155268.75,secondary
677,7.052083333333333,155498,155498.4375,secondary
678,7.071875,155935,155934.84375,secondary
679,7.082291666666667,156165,156164.53125,secondary
680,7.092708333333333,156394,156394.21875,secondary
681,7.103125,156624,156623.90625,secondary
682,7.113541666666667,156854,156853.59375,secondary
683,7.123958333333333,157083,157083.28125,secondary
684,7.125,157106,157106.25,primary
685,7.135416666666667,157336,157335.9375,secondary
686,7.145833333333333,157565,157565.625,secondary
687,7.15625,157795,157795.3125,secondary
688,7.166666666666667,158025,158025.0,secondary
689,7.177083333333333,158254,158254.6875,secondary
690,7.196875,158691,158691.09375,secondary
691,7.207291666666667,158921,158920.78125,secondary
692,7.217708333333333,159150,159150.46875,secondary
693,7.228125,159380,159380.15625,secondary
694,7.238541666666667,159610,159609.84375,secondary
695,7.248958333333333,159840,159839.53125,secondary
696,7.25,159862,159862.5,primary
697,7.260416666666667,160092,160092.1875,secondary
698,7.270833333333333,160321,160321.875,secondary
699,7.28125,160551,160551.5625,secondary
700,7.291666666666667,160781,160781.25,secondary
701,7.302083333333333,161010,161010.9375,secondary
702,7.321875,161447,161447.34375,secondary
703,7.332291666666667,161677,161677.03125,secondary
704,7.342708333333333,161907,161906.71875,secondary
705,7.353125,162136,162136.40625,secondary
706,7.363541666666667,162366,162366.09375,secondary
707,7.373958333333333,162596,162595.78125,secondary
708,7.375,162619,162618.75,primary
709,7.385416666666667,162849,162848.4375,secondary
710,7.395833333333333,163078,163078.125,secondary
711,7.40625,163308,163307.8125,secondary
712,7.416666666666667,163538,163537.5,secondary
713,7.427083333333333,163767,163767.1875,secondary
714,7.446875,164204,164203.59375,secondary
715,7.457291666666667,164433,164433.28125,secondary
716,7.467708333333333,164663,164662.96875,secondary
717,7.478125,164893,164892.65625,secondary
718,7.488541666666667,165122,165122.34375,secondary
719,7.498958333333333,165352,165352.03125,secondary
720,7.5,165375,165375.0,primary
721,7.510416666666667,165605,165604.6875,secondary
722,7.520833333333333,165834,165834.375,secondary
723,7.53125,166064,166064.0625,secondary
724,7.541666666666667,166294,166293.75,secondary
725,7.552083333333333,166523,166523.4375,secondary
726,7.571875,166960,166959.84375,secondary
727,7.582291666666667,167190,167189.53125,secondary
728,7.592708333333333,167419,167419.21875,secondary
729,7.603125,167649,167648.90625,secondary
730,7.613541666666667,167879,167878.59375,secondary
731,7.623958333333333,168108,168108.28125,secondary
732,7.625,168131,168131.25,primary
733,7.635416666666667,168361,168360.9375,secondary
734,7.645833333333333,168590,168590.625,secondary
735,7.65625,168820,168820.3125,secondary
736,7.666666666666667,169050,169050.0,secondary
737,7.677083333333333,169279,169279.6875,secondary
738,7.696875,169716,169716.09375,secondary
739,7.707291666666667,169946,169945.78125,secondary
740,7.717708333333333,170175,170175.46875,secondary
741,7.728125,170405,170405.15625,secondary
742,7.738541666666667,170635,170634.84375,secondary
743,7.748958333333333,170865,170864.53125,secondary
744,7.75,170888,170887.5,primary
745,7.760416666666667,171118,171117.1875,secondary
746,7.770833333333333,171347,171346.875,secondary
747,7.78125,171577,171576.5625,secondary
748,7.791666666666667,171807,171806.25,secondary
749,7.802083333333333,172036,172035.9375,secondary
750,7.821875,172472,172472.34375,secondary
751,7.832291666666667,172702,172702.03125,secondary
752,7.842708333333333,172932,172931.71875,secondary
753,7.853125,173161,173161.40625,secondary
754,7.863541666666667,173391,173391.09375,secondary
755,7.873958333333333,173621,173620.78125,secondary
756,7.875,173644,173643.75,primary
757,7.885416666666667,173874,173873.4375,secondary
758,7.895833333333333,174103,174103.125,secondary
759,7.90625,174333,174332.8125,secondary
760,7.916666666666667,174563,174562.5,secondary
761,7.927083333333333,174792,174792.1875,secondary
762,7.946875,175229,175228.59375,secondary
763,7.957291666666667,175458,175458.28125,secondary
764,7.967708333333333,175688,175687.96875,secondary
765,7.978125,175918,175917.65625,secondary
766,7.988541666666667,176147,176147.34375,secondary
767,7.998958333333333,176377,176377.03125,secondary
768,8.0,176400,176400.0,primary
769,8.010416666666666,176630,176629.6875,secondary
770,8.020833333333334,176859,176859.375,secondary
771,8.03125,177089,177089.0625,secondary
772,8.041666666666666,177319,177318.75,secondary
773,8.052083333333334,177548,177548.4375,secondary
774,8.071875,177985,177984.84375,secondary
775,8.082291666666666,178215,178214.53125,secondary
776,8.092708333333334,178444,178444.21875000003,secondary
777,8.103125,178674,178673.90625,secondary
778,8.113541666666666,178904,178903.59375,secondary
779,8.123958333333334,179133,179133.28125000003,secondary
780,8.125,179156,179156.25,primary
781,8.135416666666666,179386,179385.9375,secondary
782,8.145833333333334,179615,179615.625,secondary
783,8.15625,179845,179845.3125,secondary
784,8.166666666666666,180075,180075.0,secondary
785,8.177083333333334,180304,180304.6875,secondary
786,8.196875,180741,180741.09375,secondary
787,8.207291666666666,180971,180970.78125,secondary
788,8.217708333333334,181200,181200.46875000003,secondary
789,8.228125,181430,181430.15625,secondary
790,8.238541666666666,181660,181659.84375,secondary
791,8.248958333333334,181890,181889.53125000003,secondary
792,8.25,181912,181912.5,primary
793,8.260416666666666,182142,182142.1875,secondary
794,8.270833333333334,182371,182371.875,secondary
795,8.28125,182601,182601.5625,secondary
796,8.291666666666666,182831,182831.25,secondary
797,8.302083333333334,183060,183060.9375,secondary
798,8.321875,183497,183497.34375,secondary
799,8.332291666666666,183727,183727.03125,secondary
800,8.342708333333334,183957,183956.71875000003,secondary
801,8.353125,184186,184186.40625,secondary
802,8.363541666666666,184416,184416.09375,secondary
803,8.373958333333334,184646,184645.78125000003,secondary
804,8.375,184669,184668.75,primary
805,8.385416666666666,184899,184898.4375,secondary
806,8.395833333333334,185128,185128.125,secondary
807,8.40625,185358,185357.8125,secondary
808,8.416666666666666,185588,185587.5,secondary
809,8.427083333333334,185817,185817.1875,secondary
810,8.446875,186254,186253.59375,secondary
811,8.457291666666666,186483,186483.28125,secondary
812,8.467708333333334,186713,186712.96875000003,secondary
813,8.478125,186943,186942.65625,secondary
814,8.488541666666666,187172,187172.34375,secondary
815,8.498958333333334,187402,187402.03125000003,secondary
816,8.5,187425,187425.0,primary
817,8.510416666666666,187655,187654.6875,secondary
818,8.520833333333334,187884,187884.375,secondary
819,8.53125,188114,188114.0625,secondary
820,8.541666666666666,188344,188343.75,secondary
821,8.552083333333334,188573,188573.4375,secondary
822,8.571875,189010,189009.84375,secondary
823,8.582291666666666,189240,189239.53125,secondary
824,8.592708333333334,189469,189469.21875000003,secondary
825,8.603125,189699,189698.90625,secondary
826,8.613541666666666,189929,189928.59375,secondary
827,8.623958333333334,190158,190158.28125000003,secondary
828,8.625,190181,190181.25,primary
829,8.635416666666666,190411,190410.9375,secondary
830,8.645833333333334,190640,190640.625,secondary
831,8.65625,190870,190870.3125,secondary
832,8.666666666666666,191100,191100.0,secondary
833,8.677083333333334,191329,191329.6875,secondary
834,8.696875,191766,191766.09375,secondary
835,8.707291666666666,191996,191995.78125,secondary
836,8.717708333333334,192225,192225.46875000003,secondary
837,8.728125,192455,192455.15625,secondary
838,8.738541666666666,192685,192684.84375,secondary
839,8.748958333333334,192915,192914.53125000003,secondary
840,8.75,192938,192937.5,primary
841,8.760416666666666,193168,193167.1875,secondary
842,8.770833333333334,193397,193396.875,secondary
843,8.78125,193627,193626.5625,secondary
844,8.791666666666666,193857,193856.25,secondary
845,8.802083333333334,194086,194085.9375,secondary
846,8.821875,194522,194522.34375,secondary
847,8.832291666666666,194752,194752.03125,secondary
848,8.842708333333334,194982,194981.71875000003,secondary
849,8.853125,195211,195211.40625,secondary
850,8.863541666666666,195441,195441.09375,secondary
851,8.873958333333334,195671,195670.78125000003,secondary
852,8.875,195694,195693.75,primary
853,8.885416666666666,195924,195923.4375,secondary
854,8.895833333333334,196153,196153.125,secondary
855,8.90625,196383,196382.8125,secondary
856,8.916666666666666,196613,196612.5,secondary
857,8.927083333333334,196842,196842.1875,secondary
858,8.946875,197279,197278.59375,secondary
859,8.957291666666666,197508,197508.28125,secondary
860,8.967708333333334,197738,197737.96875000003,secondary
861,8.978125,197968,197967.65625,secondary
862,8.988541666666666,198197,198197.34375,secondary
863,8.998958333333334,198427,198427.03125000003,secondary
864,9.0,198450,198450.0,primary
865,9.010416666666666,198680,198679.6875,secondary
866,9.020833333333334,198909,198909.375,secondary
867,9.03125,199139,199139.0625,secondary
868,9.041666666666666,199369,199368.75,secondary
869,9.052083333333334,199598,199598.4375,secondary
870,9.071875,200035,200034.84375,secondary
871,9.082291666666666,200265,200264.53125,secondary
872,9.092708333333334,200494,200494.21875000003,secondary
873,9.103125,200724,200723.90625,secondary
874,9.113541666666666,200954,200953.59375,secondary
875,9.123958333333334,201183,201183.28125000003,secondary
876,9.125,201206,201206.25,primary
877,9.135416666666666,201436,201435.9375,secondary
878,9.145833333333334,201665,201665.625,secondary
879,9.15625,201895,201895.3125,secondary
880,9.166666666666666,202125,202125.0,secondary
881,9.177083333333334,202354,202354.6875,secondary
882,9.196875,202791,202791.09375,secondary
883,9.207291666666666,203021,203020.78125,secondary
884,9.217708333333334,203250,203250.46875000003,secondary
885,9.228125,203480,203480.15625,secondary
886,9.238541666666666,203710,203709.84375,secondary
887,9.248958333333334,203940,203939.53125000003,secondary
888,9.25,203962,203962.5,primary
889,9.260416666666666,204192,204192.1875,secondary
890,9.270833333333334,204421,204421.875,secondary
891,9.28125,204651,204651.5625,secondary
892,9.291666666666666,204881,204881.25,secondary
893,9.302083333333334,205110,205110.9375,secondary
894,9.321875,205547,205547.34375,secondary
895,9.332291666666666,205777,205777.03125,secondary
896,9.342708333333334,206007,206006.71875000003,secondary
897,9.353125,206236,206236.40625,secondary
898,9.363541666666666,206466,206466.09375,secondary
899,9.373958333333334,206696,206695.78125000003,secondary
900,9.375,206719,206718.75,primary
901,9.385416666666666,206949,206948.4375,secondary
902,9.395833333333334,207178,207178.125,secondary
903,9.40625,207408,207407.8125,secondary
904,9.416666666666666,207638,207637.5,secondary
905,9.427083333333334,207867,207867.1875,secondary
906,9.446875,208304,208303.59375,secondary
907,9.457291666666666,208533,208533.28125,secondary
908,9.467708333333334,208763,208762.96875000003,secondary
909,9.478125,208993,208992.65625,secondary
910,9.488541666666666,209222,209222.34375,secondary
911,9.498958333333334,209452,209452.03125000003,secondary
912,9.5,209475,209475.0,primary
913,9.510416666666666,209705,209704.6875,secondary
914,9.520833333333334,209934,209934.375,secondary
915,9.53125,210164,210164.0625,secondary
916,9.541666666666666,210394,210393.75,secondary
917,9.552083333333334,210623,210623.4375,secondary
918,9.571875,211060,211059.84375,secondary
919,9.582291666666666,211290,211289.53125,secondary
920,9.592708333333334,211519,211519.21875000003,secondary
921,9.603125,211749,211748.90625,secondary
922,9.613541666666666,211979,211978.59375,secondary
923,9.623958333333334,212208,212208.28125000003,secondary
924,9.625,212231,212231.25,primary
925,9.635416666666666,212461,212460.9375,secondary
926,9.645833333333334,212690,212690.625,secondary
927,9.65625,212920,212920.3125,secondary
928,9.666666666666666,213150,213150.0,secondary
929,9.677083333333334,213379,213379.6875,secondary
930,9.696875,213816,213816.09375,secondary
931,9.707291666666666,214046,214045.78125,secondary
932,9.717708333333334,214275,214275.46875000003,secondary
933,9.728125,214505,214505.15625,secondary
934,9.738541666666666,214735,214734.84375,secondary
935,9.748958333333334,214965,214964.53125000003,secondary
936,9.75,214988,214987.5,primary
937,9.760416666666666,215218,215217.1875,secondary
938,9.770833333333334,215447,215446.875,secondary
939,9.78125,215677,215676.5625,secondary
940,9.791666666666666,215907,215906.25,secondary
941,9.802083333333334,216136,216135.9375,secondary
942,9.821875,216572,216572.34375,secondary
943,9.832291666666666,216802,216802.03125,secondary
944,9.842708333333334,217032,217031.71875000003,secondary
945,9.853125,217261,217261.40625,secondary
946,9.863541666666666,217491,217491.09375,secondary
947,9.873958333333334,217721,217720.78125000003,secondary
948,9.875,217744,217743.75,primary
949,9.885416666666666,217974,217973.4375,secondary
950,9.895833333333334,218203,218203.125,secondary
951,9.90625,218433,218432.8125,secondary
952,9.916666666666666,218663,218662.5,secondary
953,9.927083333333334,218892,218892.1875,secondary
954,9.946875,219329,219328.59375,secondary
955,9.957291666666666,219558,219558.28125,secondary
956,9.967708333333334,219788,219787.96875000003,secondary
957,9.978125,220018,220017.65625,secondary
958,9.988541666666666,220247,220247.34375,secondary
959,9.998958333333334,220477,220477.03125000003,secondary
960,10.0,220500,220500.0,primary
961,10.010416666666666,220730,220729.6875,secondary
962,10.020833333333334,220959,220959.375,secondary
963,10.03125,221189,221189.0625,secondary
964,10.041666666666666,221419,221418.75,secondary
965,10.052083333333334,221648,221648.4375,secondary
966,10.071875,222085,222084.84375,secondary
967,10.082291666666666,222315,222314.53125,secondary
968,10.092708333333334,222544,222544.21875000003,secondary
969,10.103125,222774,222773.90625,secondary
970,10.113541666666666,223004,223003.59375,secondary
971,10.123958333333334,223233,223233.28125000003,secondary
972,10.125,223256,223256.25,primary
973,10.135416666666666,223486,223485.9375,secondary
974,10.145833333333334,223715,223715.625,secondary
975,10.15625,223945,223945.3125,secondary
976,10.166666666666666,224175,224175.0,secondary
977,10.177083333333334,224404,224404.6875,secondary
978,10.196875,224841,224841.09375,secondary
979,10.207291666666666,225071,225070.78125,secondary
980,10.217708333333334,225300,225300.46875000003,secondary
981,10.228125,225530,225530.15625,secondary
982,10.238541666666666,225760,225759.84375,secondary
983,10.248958333333334,225990,225989.53125000003,secondary
984,10.25,226012,226012.5,primary
985,10.260416666666666,226242,226242.1875,secondary
986,10.270833333333334,226471,226471.875,secondary
987,10.28125,226701,226701.5625,secondary
988,10.291666666666666,226931,226931.25,secondary
989,10.302083333333334,227160,227160.9375,secondary
990,10.321875,227597,227597.34375,secondary
991,10.332291666666666,227827,227827.03125,secondary
992,10.342708333333334,228057,228056.71875000003,secondary
993,10.353125,228286,228286.40625,secondary
994,10.363541666666666,228516,228516.09375,secondary
995,10.373958333333334,228746,228745.78125000003,secondary
996,10.375,228769,228768.75,primary
997,10.385416666666666,228999,228998.4375,secondary
998,10.395833333333334,229228,229228.125,secondary
999,10.40625,229458,229457.8125,secondary
1000,10.416666666666666,229688,229687.5,secondary
1001,10.427083333333334,229917,229917.1875,secondary
1002,10.446875,230354,230353.59375,secondary
1003,10.457291666666666,230583,230583.28125,secondary
1004,10.467708333333334,230813,230812.96875000003,secondary
1005,10.478125,231043,231042.65625,secondary
1006,10.488541666666666,231272,231272.34375,secondary
1007,10.498958333333334,231502,231502.03125000003,secondary
1008,10.5,231525,231525.0,primary
1009,10.510416666666666,231755,231754.6875,secondary
1010,10.520833333333334,231984,231984.375,secondary
1011,10.53125,232214,232214.0625,secondary
1012,10.541666666666666,232444,232443.75,secondary
1013,10.552083333333334,232673,232673.4375,secondary
1014,10.571875,233110,233109.84375,secondary
1015,10.582291666666666,233340,233339.53125,secondary
1016,10.592708333333334,233569,233569.21875000003,secondary
1017,10.603125,233799,233798.90625,secondary
1018,10.613541666666666,234029,234028.59375,secondary
1019,10.623958333333334,234258,234258.28125000003,secondary
1020,10.625,234281,234281.25,primary
1021,10.635416666666666,234511,234510.9375,secondary
1022,10.645833333333334,234740,234740.625,secondary
1023,10.65625,234970,234970.3125,secondary
1024,10.666666666666666,235200,235200.0,secondary
1025,10.677083333333334,235429,235429.6875,secondary
1026,10.696875,235866,235866.09375,secondary
1027,10.707291666666666,236096,236095.78125,secondary
1028,10.717708333333334,236325,236325.46875000003,secondary
1029,10.728125,236555,236555.15625,secondary
1030,10.738541666666666,236785,236784.84375,secondary
1031,10.748958333333334,237015,237014.53125000003,secondary
1032,10.75,237038,237037.5,primary
1033,10.760416666666666,237268,237267.1875,secondary
1034,10.770833333333334,237497,237496.875,secondary
1035,10.78125,237727,237726.5625,secondary
1036,10.791666666666666,237957,237956.25,secondary
1037,10.802083333333334,238186,238185.9375,secondary
1038,10.821875,238622,238622.34375,secondary
1039,10.832291666666666,238852,238852.03125,secondary
1040,10.842708333333334,239082,239081.71875000003,secondary
1041,10.853125,239311,239311.40625,secondary
1042,10.863541666666666,239541,239541.09375,secondary
1043,10.873958333333334,239771,239770.78125000003,secondary
1044,10.875,239794,239793.75,primary
1045,10.885416666666666,240024,240023.4375,secondary
1046,10.895833333333334,240253,240253.125,secondary
1047,10.90625,240483,240482.8125,secondary
1048,10.916666666666666,240713,240712.5,secondary
1049,10.927083333333334,240942,240942.1875,secondary
1050,10.946875,241379,241378.59375,secondary
1051,10.957291666666666,241608,241608.28125,secondary
1052,10.967708333333334,241838,241837.96875000003,secondary
1053,10.978125,242068,242067.65625,secondary
1054,10.988541666666666,242297,242297.34375,secondary
1055,10.998958333333334,242527,242527.03125000003,secondary
1056,11.0,242550,242550.0,primary
1057,11.010416666666666,242780,242779.6875,secondary
1058,11.020833333333334,243009,243009.375,secondary
1059,11.03125,243239,243239.0625,secondary
1060,11.041666666666666,243469,243468.75,secondary
1061,11.052083333333334,243698,243698.4375,secondary
1062,11.071875,244135,244134.84375,secondary
1063,11.082291666666666,244365,244364.53125,secondary
1064,11.092708333333334,244594,244594.21875000003,secondary
1065,11.103125,244824,244823.90625,secondary
1066,11.113541666666666,245054,245053.59375,secondary
1067,11.123958333333334,245283,245283.28125000003,secondary
1068,11.125,245306,245306.25,primary
1069,11.135416666666666,245536,245535.9375,secondary
1070,11.145833333333334,245765,245765.625,secondary
1071,11.15625,245995,245995.3125,secondary
1072,11.166666666666666,246225,246225.0,secondary
1073,11.177083333333334,246454,246454.6875,secondary
1074,11.196875,246891,246891.09375,secondary
1075,11.207291666666666,247121,247120.78125,secondary
1076,11.217708333333334,247350,247350.46875000003,secondary
1077,11.228125,247580,247580.15625,secondary
1078,11.238541666666666,247810,247809.84375,secondary
1079,11.248958333333334,248040,248039.53125000003,secondary
1080,11.25,248062,248062.5,primary
1081,11.260416666666666,248292,248292.1875,secondary
1082,11.270833333333334,248521,248521.875,secondary
1083,11.28125,248751,248751.5625,secondary
1084,11.291666666666666,248981,248981.25,secondary
1085,11.302083333333334,249210,249210.9375,secondary
1086,11.321875,249647,249647.34375,secondary
1087,11.332291666666666,249877,249877.03125,secondary
1088,11.342708333333334,250107,250106.71875000003,secondary
1089,11.353125,250336,250336.40625,secondary
1090,11.363541666666666,250566,250566.09375,secondary
1091,11.373958333333334,250796,250795.78125000003,secondary
1092,11.375,250819,250818.75,primary
1093,11.385416666666666,251049,251048.4375,secondary
1094,11.395833333333334,251278,251278.125,secondary
1095,11.40625,251508,251507.8125,secondary
1096,11.416666666666666,251738,251737.5,secondary
1097,11.427083333333334,251967,251967.1875,secondary
1098,11.446875,252404,252403.59375,secondary
1099,11.457291666666666,252633,252633.28125,secondary
1100,11.467708333333334,252863,252862.96875000003,secondary
1101,11.478125,253093,253092.65625,secondary
1102,11.488541666666666,253322,253322.34375,secondary
1103,11.498958333333334,253552,253552.03125000003,secondary
1104,11.5,253575,253575.0,primary
1105,11.510416666666666,253805,253804.6875,secondary
1106,11.520833333333334,254034,254034.375,secondary
1107,11.53125,254264,254264.0625,secondary
1108,11.541666666666666,254494,254493.75,secondary
1109,11.552083333333334,254723,254723.4375,secondary
1110,11.571875,255160,255159.84375,secondary
1111,11.582291666666666,255390,255389.53125,secondary
1112,11.592708333333334,255619,255619.21875000003,secondary
1113,11.603125,255849,255848.90625,secondary
1114,11.613541666666666,256079,256078.59375,secondary
1115,11.623958333333334,256308,256308.28125000003,secondary
1116,11.625,256331,256331.25,primary
1117,11.635416666666666,256561,256560.9375,secondary
1118,11.645833333333334,256790,256790.625,secondary
1119,11.65625,257020,257020.3125,secondary
1120,11.666666666666666,257250,257250.0,secondary
1121,11.677083333333334,257479,257479.6875,secondary
1122,11.696875,257916,257916.09375,secondary
1123,11.707291666666666,258146,258145.78125,secondary
1124,11.717708333333334,258375,258375.46875000003,secondary
1125,11.728125,258605,258605.15625,secondary
1126,11.738541666666666,258835,258834.84375,secondary
1127,11.748958333333334,259065,259064.53125000003,secondary
1128,11.75,259088,259087.5,primary
1129,11.760416666666666,259318,259317.1875,secondary
1130,11.770833333333334,259547,259546.875,secondary
1131,11.78125,259777,259776.5625,secondary
1132,11.791666666666666,260007,260006.25,secondary
1133,11.802083333333334,260236,260235.9375,secondary
1134,11.821875,260672,260672.34375,secondary
1135,11.832291666666666,260902,260902.03125,secondary
1136,11.842708333333334,261132,261131.71875000003,secondary
1137,11.853125,261361,261361.40625,secondary
1138,11.863541666666666,261591,261591.09375,secondary
1139,11.873958333333334,261821,261820.78125000003,secondary
1140,11.875,261844,261843.75,primary
1141,11.885416666666666,262074,262073.4375,secondary
1142,11.895833333333334,262303,262303.125,secondary
1143,11.90625,262533,262532.8125,secondary
1144,11.916666666666666,262763,262762.5,secondary
1145,11.927083333333334,262992,262992.1875,secondary
1146,11.946875,263429,263428.59375,secondary
1147,11.957291666666666,263658,263658.28125,secondary
1148,11.967708333333334,263888,263887.96875,secondary
1149,11.978125,264118,264117.65625,secondary
1150,11.988541666666666,264347,264347.34375,secondary
1151,11.998958333333334,264577,264577.03125,secondary
1152,12.0,264600,264600.0,primary
1153,12.010416666666666,264830,264829.6875,secondary
1154,12.020833333333334,265059,265059.375,secondary
1155,12.03125,265289,265289.0625,secondary
1156,12.041666666666666,265519,265518.75,secondary
1157,12.052083333333334,265748,265748.4375,secondary
1158,12.071875,266185,266184.84375,secondary
1159,12.082291666666666,266415,266414.53125,secondary
1160,12.092708333333334,266644,266644.21875,secondary
1161,12.103125,266874,266873.90625,secondary
1162,12.113541666666666,267104,267103.59375,secondary
1163,12.123958333333334,267333,267333.28125,secondary
1164,12.125,267356,267356.25,primary
1165,12.135416666666666,267586,267585.9375,secondary
1166,12.145833333333334,267815,267815.625,secondary
1167,12.15625,268045,268045.3125,secondary
1168,12.166666666666666,268275,268275.0,secondary
1169,12.177083333333334,268504,268504.6875,secondary
1170,12.196875,268941,268941.09375,secondary
1171,12.207291666666666,269171,269170.78125,secondary
1172,12.217708333333334,269400,269400.46875,secondary
1173,12.228125,269630,269630.15625,secondary
1174,12.238541666666666,269860,269859.84375,secondary
1175,12.248958333333334,270090,270089.53125,secondary
1176,12.25,270112,270112.5,primary
1177,12.260416666666666,270342,270342.1875,secondary
1178,12.270833333333334,270571,270571.875,secondary
1179,12.28125,270801,270801.5625,secondary
1180,12.291666666666666,271031,271031.25,secondary
1181,12.302083333333334,271260,271260.9375,secondary
1182,12.321875,271697,271697.34375,secondary
1183,12.332291666666666,271927,271927.03125,secondary
1184,12.342708333333334,272157,272156.71875,secondary
1185,12.353125,272386,272386.40625,secondary
1186,12.363541666666666,272616,272616.09375,secondary
1187,12.373958333333334,272846,272845.78125,secondary
1188,12.375,272869,272868.75,primary
1189,12.385416666666666,273099,273098.4375,secondary
1190,12.395833333333334,273328,273328.125,secondary
1191,12.40625,273558,273557.8125,secondary
1192,12.416666666666666,273788,273787.5,secondary
1193,12.427083333333334,274017,274017.1875,secondary
1194,12.446875,274454,274453.59375,secondary
1195,12.457291666666666,274683,274683.28125,secondary
1196,12.467708333333334,274913,274912.96875,secondary
1197,12.478125,275143,275142.65625,secondary
1198,12.488541666666666,275372,275372.34375,secondary
1199,12.498958333333334,275602,275602.03125,secondary
1200,12.5,275625,275625.0,primary
1201,12.510416666666666,275855,275854.6875,secondary
1202,12.520833333333334,276084,276084.375,secondary
1203,12.53125,276314,276314.0625,secondary
1204,12.541666666666666,276544,276543.75,secondary
1205,12.552083333333334,276773,276773.4375,secondary
1206,12.571875,277210,277209.84375,secondary
1207,12.582291666666666,277440,277439.53125,secondary
1208,12.592708333333334,277669,277669.21875,secondary
1209,12.603125,277899,277898.90625,secondary
1210,12.613541666666666,278129,278128.59375,secondary
1211,12.623958333333334,278358,278358.28125,secondary
1212,12.625,278381,278381.25,primary
1213,12.635416666666666,278611,278610.9375,secondary
1214,12.645833333333334,278840,278840.625,secondary
1215,12.65625,279070,279070.3125,secondary
1216,12.666666666666666,279300,279300.0,secondary
1217,12.677083333333334,279529,279529.6875,secondary
1218,12.696875,279966,279966.09375,secondary
1219,12.707291666666666,280196,280195.78125,secondary
1220,12.717708333333334,280425,280425.46875,secondary
1221,12.728125,280655,280655.15625,secondary
1222,12.738541666666666,280885,280884.84375,secondary
1223,12.748958333333334,281115,281114.53125,secondary
1224,12.75,281138,281137.5,primary
1225,12.760416666666666,281368,281367.1875,secondary
1226,12.770833333333334,281597,281596.875,secondary
1227,12.78125,281827,281826.5625,secondary
1228,12.791666666666666,282057,282056.25,secondary
1229,12.802083333333334,282286,282285.9375,secondary
1230,12.821875,282722,282722.34375,secondary
1231,12.832291666666666,282952,282952.03125,secondary
1232,12.842708333333334,283182,283181.71875,secondary
1233,12.853125,283411,283411.40625,secondary
1234,12.863541666666666,283641,283641.09375,secondary
1235,12.873958333333334,283871,283870.78125,secondary
1236,12.875,283894,283893.75,primary
1237,12.885416666666666,284124,284123.4375,secondary
1238,12.895833333333334,284353,284353.125,secondary
1239,12.90625,284583,284582.8125,secondary
1240,12.916666666666666,284813,284812.5,secondary
1241,12.927083333333334,285042,285042.1875,secondary
1242,12.946875,285479,285478.59375,secondary
1243,12.957291666666666,285708,285708.28125,secondary
1244,12.967708333333334,285938,285937.96875,secondary
1245,12.978125,286168,286167.65625,secondary
1246,12.988541666666666,286397,286397.34375,secondary
1247,12.998958333333334,286627,286627.03125,secondary
1248,13.0,286650,286650.0,primary
1249,13.010416666666666,286880,286879.6875,secondary
1250,13.020833333333334,287109,287109.375,secondary
1251,13.03125,287339,287339.0625,secondary
1252,13.041666666666666,287569,287568.75,secondary
1253,13.052083333333334,287798,287798.4375,secondary
1254,13.071875,288235,288234.84375,secondary
1255,13.082291666666666,288465,288464.53125,secondary
1256,13.092708333333334,288694,288694.21875,secondary
1257,13.103125,288924,288923.90625,secondary
1258,13.113541666666666,289154,289153.59375,secondary
1259,13.123958333333334,289383,289383.28125,secondary
1260,13.125,289406,289406.25,primary
1261,13.135416666666666,289636,289635.9375,secondary
1262,13.145833333333334,289865,289865.625,secondary
1263,13.15625,290095,290095.3125,secondary
1264,13.166666666666666,290325,290325.0,secondary
1265,13.177083333333334,290554,290554.6875,secondary
1266,13.196875,290991,290991.09375,secondary
1267,13.207291666666666,291221,291220.78125,secondary
1268,13.217708333333334,291450,291450.46875,secondary
1269,13.228125,291680,291680.15625,secondary
1270,13.238541666666666,291910,291909.84375,secondary
1271,13.248958333333334,292140,292139.53125,secondary
1272,13.25,292162,292162.5,primary
1273,13.260416666666666,292392,292392.1875,secondary
1274,13.270833333333334,292621,292621.875,secondary
1275,13.28125,292851,292851.5625,secondary
1276,13.291666666666666,293081,293081.25,secondary
1277,13.302083333333334,293310,293310.9375,secondary
1278,13.321875,293747,293747.34375,secondary
1279,13.332291666666666,293977,293977.03125,secondary
1280,13.342708333333334,294207,294206.71875,secondary
1281,13.353125,294436,294436.40625,secondary
1282,13.363541666666666,294666,294666.09375,secondary
1283,13.373958333333334,294896,294895.78125,secondary
1284,13.375,294919,294918.75,primary
1285,13.385416666666666,295149,295148.4375,secondary
1286,13.395833333333334,295378,295378.125,secondary
1287,13.40625,295608,295607.8125,secondary
1288,13.416666666666666,295838,295837.5,secondary
1289,13.427083333333334,296067,296067.1875,secondary
1290,13.446875,296504,296503.59375,secondary
1291,13.457291666666666,296733,296733.28125,secondary
1292,13.467708333333334,296963,296962.96875,secondary
1293,13.478125,297193,297192.65625,secondary
1294,13.488541666666666,297422,297422.34375,secondary
1295,13.498958333333334,297652,297652.03125,secondary
1296,13.5,297675,297675.0,primary
1297,13.510416666666666,297905,297904.6875,secondary
1298,13.520833333333334,298134,298134.375,secondary
1299,13.53125,298364,298364.0625,secondary
1300,13.541666666666666,298594,298593.75,secondary
1301,13.552083333333334,298823,298823.4375,secondary
1302,13.571875,299260,299259.84375,secondary
1303,13.582291666666666,299490,299489.53125,secondary
1304,13.592708333333334,299719,299719.21875,secondary
1305,13.603125,299949,299948.90625,secondary
1306,13.613541666666666,300179,300178.59375,secondary
1307,13.623958333333334,300408,300408.28125,secondary
1308,13.625,300431,300431.25,primary
1309,13.635416666666666,300661,300660.9375,secondary
1310,13.645833333333334,300890,300890.625,secondary
1311,13.65625,301120,301120.3125,secondary
1312,13.666666666666666,301350,301350.0,secondary
1313,13.677083333333334,301579,301579.6875,secondary
1314,13.696875,302016,302016.09375,secondary
1315,13.707291666666666,302246,302245.78125,secondary
1316,13.717708333333334,302475,302475.46875,secondary
1317,13.728125,302705,302705.15625,secondary
1318,13.738541666666666,302935,302934.84375,secondary
1319,13.748958333333334,303165,303164.53125,secondary
1320,13.75,303188,303187.5,primary
1321,13.760416666666666,303418,303417.1875,secondary
1322,13.770833333333334,303647,303646.875,secondary
1323,13.78125,303877,303876.5625,secondary
1324,13.791666666666666,304107,304106.25,secondary
1325,13.802083333333334,304336,304335.9375,secondary
1326,13.821875,304772,304772.34375,secondary
1327,13.832291666666666,305002,305002.03125,secondary
1328,13.842708333333334,305232,305231.71875,secondary
1329,13.853125,305461,305461.40625,secondary
1330,13.863541666666666,305691,305691.09375,secondary
1331,13.873958333333334,305921,305920.78125,secondary
1332,13.875,305944,305943.75,primary
1333,13.885416666666666,306174,306173.4375,secondary
1334,13.895833333333334,306403,306403.125,secondary
1335,13.90625,306633,306632.8125,secondary
1336,13.916666666666666,306863,306862.5,secondary
1337,13.927083333333334,307092,307092.1875,secondary
1338,13.946875,307529,307528.59375,secondary
1339,13.957291666666666,307758,307758.28125,secondary
1340,13.967708333333334,307988,307987.96875,secondary
1341,13.978125,308218,308217.65625,secondary
1342,13.988541666666666,308447,308447.34375,secondary
1343,13.998958333333334,308677,308677.03125,secondary
1344,14.0,308700,308700.0,primary
1345,14.010416666666666,308930,308929.6875,secondary
1346,14.020833333333334,309159,309159.375,secondary
1347,14.03125,309389,309389.0625,secondary
1348,14.041666666666666,309619,309618.75,secondary
1349,14.052083333333334,309848,309848.4375,secondary
1350,14.071875,310285,310284.84375,secondary
1351,14.082291666666666,310515,310514.53125,secondary
1352,14.092708333333334,310744,310744.21875,secondary
1353,14.103125,310974,310973.90625,secondary
1354,14.113541666666666,311204,311203.59375,secondary
1355,14.123958333333334,311433,311433.28125,secondary
1356,14.125,311456,311456.25,primary
1357,14.135416666666666,311686,311685.9375,secondary
1358,14.145833333333334,311915,311915.625,secondary
1359,14.15625,312145,312145.3125,secondary
1360,14.166666666666666,312375,312375.0,secondary
1361,14.177083333333334,312604,312604.6875,secondary
1362,14.196875,313041,313041.09375,secondary
1363,14.207291666666666,313271,313270.78125,secondary
1364,14.217708333333334,313500,313500.46875,secondary
1365,14.228125,313730,313730.15625,secondary
1366,14.238541666666666,313960,313959.84375,secondary
1367,14.248958333333334,314190,314189.53125,secondary
1368,14.25,314212,314212.5,primary
1369,14.260416666666666,314442,314442.1875,secondary
1370,14.270833333333334,314671,314671.875,secondary
1371,14.28125,314901,314901.5625,secondary
1372,14.291666666666666,315131,315131.25,secondary
1373,14.302083333333334,315360,315360.9375,secondary
1374,14.321875,315797,315797.34375,secondary
1375,14.332291666666666,316027,316027.03125,secondary
1376,14.342708333333334,316257,316256.71875,secondary
1377,14.353125,316486,316486.40625,secondary
1378,14.363541666666666,316716,316716.09375,secondary
1379,14.373958333333334,316946,316945.78125,secondary
1380,14.375,316969,316968.75,primary
1381,14.385416666666666,317199,317198.4375,secondary
1382,14.395833333333334,317428,317428.125,secondary
1383,14.40625,317658,317657.8125,secondary
1384,14.416666666666666,317888,317887.5,secondary
1385,14.427083333333334,318117,318117.1875,secondary
1386,14.446875,318554,318553.59375,secondary
1387,14.457291666666666,318783,318783.28125,secondary
1388,14.467708333333334,319013,319012.96875,secondary
1389,14.478125,319243,319242.65625,secondary
1390,14.488541666666666,319472,319472.34375,secondary
1391,14.498958333333334,319702,319702.03125,secondary
1392,14.5,319725,319725.0,primary
1393,14.510416666666666,319955,319954.6875,secondary
1394,14.520833333333334,320184,320184.375,secondary
1395,14.53125,320414,320414.0625,secondary
1396,14.541666666666666,320644,320643.75,secondary
1397,14.552083333333334,320873,320873.4375,secondary
1398,14.571875,321310,321309.84375,secondary
1399,14.582291666666666,321540,321539.53125,secondary
1400,14.592708333333334,321769,321769.21875,secondary
1401,14.603125,321999,321998.90625,secondary
1402,14.613541666666666,322229,322228.59375,secondary
1403,14.623958333333334,322458,322458.28125,secondary
1404,14.625,322481,322481.25,primary
1405,14.635416666666666,322711,322710.9375,secondary
1406,14.645833333333334,322940,322940.625,secondary
1407,14.65625,323170,323170.3125,secondary
1408,14.666666666666666,323400,323400.0,secondary
1409,14.677083333333334,323629,323629.6875,secondary
1410,14.696875,324066,324066.09375,secondary
1411,14.707291666666666,324296,324295.78125,secondary
1412,14.717708333333334,324525,324525.46875,secondary
1413,14.728125,324755,324755.15625,secondary
1414,14.738541666666666,324985,324984.84375,secondary
1415,14.748958333333334,325215,325214.53125,secondary
1416,14.75,325238,325237.5,primary
1417,14.760416666666666,325468,325467.1875,secondary
1418,14.770833333333334,325697,325696.875,secondary
1419,14.78125,325927,325926.5625,secondary
1420,14.791666666666666,326157,326156.25,secondary
1421,14.802083333333334,326386,326385.9375,secondary
1422,14.821875,326822,326822.34375,secondary
1423,14.832291666666666,327052,327052.03125,secondary
1424,14.842708333333334,327282,327281.71875,secondary
1425,14.853125,327511,327511.40625,secondary
1426,14.863541666666666,327741,327741.09375,secondary
1427,14.873958333333334,327971,327970.78125,secondary
1428,14.875,327994,327993.75,primary
1429,14.885416666666666,328224,328223.4375,secondary
1430,14.895833333333334,328453,328453.125,secondary
1431,14.90625,328683,328682.8125,secondary
1432,14.916666666666666,328913,328912.5,secondary
1433,14.927083333333334,329142,329142.1875,secondary
1434,14.946875,329579,329578.59375,secondary
1435,14.957291666666666,329808,329808.28125,secondary
1436,14.967708333333334,330038,330037.96875,secondary
1437,14.978125,330268,330267.65625,secondary
1438,14.988541666666666,330497,330497.34375,secondary
1439,14.998958333333334,330727,330727.03125,secondary
1440,15.0,330750,330750.0,primary
1441,15.010416666666666,330980,330979.6875,secondary
1442,15.020833333333334,331209,331209.375,secondary
1443,15.03125,331439,331439.0625,secondary
1444,15.041666666666666,331669,331668.75,secondary
1445,15.052083333333334,331898,331898.4375,secondary
1446,15.071875,332335,332334.84375,secondary
1447,15.082291666666666,332565,332564.53125,secondary
1448,15.092708333333334,332794,332794.21875,secondary
1449,15.103125,333024,333023.90625,secondary
1450,15.113541666666666,333254,333253.59375,secondary
1451,15.123958333333334,333483,333483.28125,secondary
1452,15.125,333506,333506.25,primary
1453,15.135416666666666,333736,333735.9375,secondary
1454,15.145833333333334,333965,333965.625,secondary
1455,15.15625,334195,334195.3125,secondary
1456,15.166666666666666,334425,334425.0,secondary
1457,15.177083333333334,334654,334654.6875,secondary
1458,15.196875,335091,335091.09375,secondary
1459,15.207291666666666,335321,335320.78125,secondary
1460,15.217708333333334,335550,335550.46875,secondary
1461,15.228125,335780,335780.15625,secondary
1462,15.238541666666666,336010,336009.84375,secondary
1463,15.248958333333334,336240,336239.53125,secondary
1464,15.25,336262,336262.5,primary
1465,15.260416666666666,336492,336492.1875,secondary
1466,15.270833333333334,336721,336721.875,secondary
1467,15.28125,336951,336951.5625,secondary
1468,15.291666666666666,337181,337181.25,secondary
1469,15.302083333333334,337410,337410.9375,secondary
1470,15.321875,337847,337847.34375,secondary
1471,15.332291666666666,338077,338077.03125,secondary
1472,15.342708333333334,338307,338306.71875,secondary
1473,15.353125,338536,338536.40625,secondary
1474,15.363541666666666,338766,338766.09375,secondary
1475,15.373958333333334,338996,338995.78125,secondary
1476,15.375,339019,339018.75,primary
1477,15.385416666666666,339249,339248.4375,secondary
1478,15.395833333333334,339478,339478.125,secondary
1479,15.40625,339708,339707.8125,secondary
1480,15.416666666666666,339938,339937.5,secondary
1481,15.427083333333334,340167,340167.1875,secondary
1482,15.446875,340604,340603.59375,secondary
1483,15.457291666666666,340833,340833.28125,secondary
1484,15.467708333333334,341063,341062.96875,secondary
1485,15.478125,341293,341292.65625,secondary
1486,15.488541666666666,341522,341522.34375,secondary
1487,15.498958333333334,341752,341752.03125,secondary
1488,15.5,341775,341775.0,primary
1489,15.510416666666666,342005,342004.6875,secondary
1490,15.520833333333334,342234,342234.375,secondary
1491,15.53125,342464,342464.0625,secondary
1492,15.541666666666666,342694,342693.75,secondary
1493,15.552083333333334,342923,342923.4375,secondary
1494,15.571875,343360,343359.84375,secondary
1495,15.582291666666666,343590,343589.53125,secondary
1496,15.592708333333334,343819,343819.21875,secondary
1497,15.603125,344049,344048.90625,secondary
1498,15.613541666666666,344279,344278.59375,secondary
1499,15.623958333333334,344508,344508.28125,secondary
1500,15.625,344531,344531.25,primary
1501,15.635416666666666,344761,344760.9375,secondary
1502,15.645833333333334,344990,344990.625,secondary
1503,15.65625,345220,345220.3125,secondary
1504,15.666666666666666,345450,345450.0,secondary
1505,15.677083333333334,345679,345679.6875,secondary
1506,15.696875,346116,346116.09375,secondary
1507,15.707291666666666,346346,346345.78125,secondary
1508,15.717708333333334,346575,346575.46875,secondary
1509,15.728125,346805,346805.15625,secondary
1510,15.738541666666666,347035,347034.84375,secondary
1511,15.748958333333334,347265,347264.53125,secondary
1512,15.75,347288,347287.5,primary
1513,15.760416666666666,347518,347517.1875,secondary
1514,15.770833333333334,347747,347746.875,secondary
1515,15.78125,347977,347976.5625,secondary
1516,15.791666666666666,348207,348206.25,secondary
1517,15.802083333333334,348436,348435.9375,secondary
1518,15.821875,348872,348872.34375,secondary
1519,15.832291666666666,349102,349102.03125,secondary
1520,15.842708333333334,349332,349331.71875,secondary
1521,15.853125,349561,349561.40625,secondary
1522,15.863541666666666,349791,349791.09375,secondary
1523,15.873958333333334,350021,350020.78125,secondary
1524,15.875,350044,350043.75,primary
1525,15.885416666666666,350274,350273.4375,secondary
1526,15.895833333333334,350503,350503.125,secondary
1527,15.90625,350733,350732.8125,secondary
1528,15.916666666666666,350963,350962.5,secondary
1529,15.927083333333334,351192,351192.1875,secondary
1530,15.946875,351629,351628.59375,secondary
1531,15.957291666666666,351858,351858.28125,secondary
1532,15.967708333333334,352088,352087.96875,secondary
1533,15.978125,352318,352317.65625,secondary
1534,15.988541666666666,352547,352547.34375,secondary
1535,15.998958333333334,352777,352777.03125,secondary
1536,16.0,352800,352800.0,primary
1537,16.010416666666668,353030,353029.6875,secondary
1538,16.020833333333332,353259,353259.375,secondary
1539,16.03125,353489,353489.0625,secondary
1540,16.041666666666668,353719,353718.75,secondary
1541,16.052083333333332,353948,353948.4375,secondary
1542,16.071875,354385,354384.84374999994,secondary
1543,16.082291666666666,354615,354614.53125,secondary
1544,16.09270833333333,354844,354844.21874999994,secondary
1545,16.103125,355074,355073.90624999994,secondary
1546,16.113541666666666,355304,355303.59375,secondary
1547,16.12395833333333,355533,355533.28124999994,secondary
1548,16.125,355556,355556.25,primary
1549,16.135416666666668,355786,355785.9375,secondary
1550,16.145833333333332,356015,356015.625,secondary
1551,16.15625,356245,356245.3125,secondary
1552,16.166666666666668,356475,356475.0,secondary
1553,16.177083333333332,356704,356704.6875,secondary
1554,16.196875,357141,357141.09374999994,secondary
1555,16.207291666666666,357371,357370.78125,secondary
1556,16.21770833333333,357600,357600.46874999994,secondary
1557,16.228125,357830,357830.15624999994,secondary
1558,16.238541666666666,358060,358059.84375,secondary
1559,16.24895833333333,358290,358289.53124999994,secondary
1560,16.25,358312,358312.5,primary
1561,16.260416666666668,358542,358542.1875,secondary
1562,16.270833333333332,358771,358771.875,secondary
1563,16.28125,359001,359001.5625,secondary
1564,16.291666666666668,359231,359231.25,secondary
1565,16.302083333333332,359460,359460.9375,secondary
1566,16.321875,359897,359897.34374999994,secondary
1567,16.332291666666666,360127,360127.03125,secondary
1568,16.34270833333333,360357,360356.71874999994,secondary
1569,16.353125,360586,360586.40624999994,secondary
1570,16.363541666666666,360816,360816.09375,secondary
1571,16.37395833333333,361046,361045.78124999994,secondary
1572,16.375,361069,361068.75,primary
1573,16.385416666666668,361299,361298.4375,secondary
1574,16.395833333333332,361528,361528.125,secondary
1575,16.40625,361758,361757.8125,secondary
1576,16.416666666666668,361988,361987.5,secondary
1577,16.427083333333332,362217,362217.1875,secondary
1578,16.446875,362654,362653.59374999994,secondary
1579,16.457291666666666,362883,362883.28125,secondary
1580,16.46770833333333,363113,363112.96874999994,secondary
1581,16.478125,363343,363342.65624999994,secondary
1582,16.488541666666666,363572,363572.34375,secondary
1583,16.49895833333333,363802,363802.03124999994,secondary
1584,16.5,363825,363825.0,primary
1585,16.510416666666668,364055,364054.6875,secondary
1586,16.520833333333332,364284,364284.375,secondary
1587,16.53125,364514,364514.0625,secondary
1588,16.541666666666668,364744,364743.75,secondary
1589,16.552083333333332,364973,364973.4375,secondary
1590,16.571875,365410,365409.84374999994,secondary
1591,16.582291666666666,365640,365639.53125,secondary
1592,16.59270833333333,365869,365869.21874999994,secondary
1593,16.603125,366099,366098.90624999994,secondary
1594,16.613541666666666,366329,366328.59375,secondary
1595,16.62395833333333,366558,366558.28124999994,secondary
1596,16.625,366581,366581.25,primary
1597,16.635416666666668,366811,366810.9375,secondary
1598,16.645833333333332,367040,367040.625,secondary
1599,16.65625,367270,367270.3125,secondary
1600,16.666666666666668,367500,367500.0,secondary
1601,16.677083333333332,367729,367729.6875,secondary
1602,16.696875,368166,368166.09374999994,secondary
1603,16.707291666666666,368396,368395.78125,secondary
1604,16.71770833333333,368625,368625.46874999994,secondary
1605,16.728125,368855,368855.15624999994,secondary
1606,16.738541666666666,369085,369084.84375,secondary
1607,16.74895833333333,369315,369314.53124999994,secondary
1608,16.75,369338,369337.5,primary
1609,16.760416666666668,369568,369567.1875,secondary
1610,16.770833333333332,369797,369796.875,secondary
1611,16.78125,370027,370026.5625,secondary
1612,16.791666666666668,370257,370256.25,secondary
1613,16.802083333333332,370486,370485.9375,secondary
1614,16.821875,370922,370922.34374999994,secondary
1615,16.832291666666666,371152,371152.03125,secondary
1616,16.84270833333333,371382,371381.71874999994,secondary
1617,16.853125,371611,371611.40624999994,secondary
1618,16.863541666666666,371841,371841.09375,secondary
1619,16.87395833333333,372071,372070.78124999994,secondary
1620,16.875,372094,372093.75,primary
1621,16.885416666666668,372324,372323.4375,secondary
1622,16.895833333333332,372553,372553.125,secondary
1623,16.90625,372783,372782.8125,secondary
1624,16.916666666666668,373013,373012.5,secondary
1625,16.927083333333332,373242,373242.1875,secondary
1626,16.946875,373679,373678.59374999994,secondary
1627,16.957291666666666,373908,373908.28125,secondary
1628,16.96770833333333,374138,374137.96874999994,secondary
1629,16.978125,374368,374367.65624999994,secondary
1630,16.988541666666666,374597,374597.34375,secondary
1631,16.99895833333333,374827,374827.03124999994,secondary
1632,17.0,374850,374850.0,primary
1633,17.010416666666668,375080,375079.6875,secondary
1634,17.020833333333332,375309,375309.375,secondary
1635,17.03125,375539,375539.0625,secondary
1636,17.041666666666668,375769,375768.75,secondary
1637,17.052083333333332,375998,375998.4375,secondary
1638,17.071875,376435,376434.84374999994,secondary
1639,17.082291666666666,376665,376664.53125,secondary
1640,17.09270833333333,376894,376894.21874999994,secondary
1641,17.103125,377124,377123.90624999994,secondary
1642,17.113541666666666,377354,377353.59375,secondary
1643,17.12395833333333,377583,377583.28124999994,secondary
1644,17.125,377606,377606.25,primary
1645,17.135416666666668,377836,377835.9375,secondary
1646,17.145833333333332,378065,378065.625,secondary
1647,17.15625,378295,378295.3125,secondary
1648,17.166666666666668,378525,378525.0,secondary
1649,17.177083333333332,378754,378754.6875,secondary
1650,17.196875,379191,379191.09374999994,secondary
1651,17.207291666666666,379421,379420.78125,secondary
1652,17.21770833333333,379650,379650.46874999994,secondary
1653,17.228125,379880,379880.15624999994,secondary
1654,17.238541666666666,380110,380109.84375,secondary
1655,17.24895833333333,380340,380339.53124999994,secondary
1656,17.25,380362,380362.5,primary
1657,17.260416666666668,380592,380592.1875,secondary
1658,17.270833333333332,380821,380821.875,secondary
1659,17.28125,381051,381051.5625,secondary
1660,17.291666666666668,381281,381281.25,secondary
1661,17.302083333333332,381510,381510.9375,secondary
1662,17.321875,381947,381947.34374999994,secondary
1663,17.332291666666666,382177,382177.03125,secondary
1664,17.34270833333333,382407,382406.71874999994,secondary
1665,17.353125,382636,382636.40624999994,secondary
1666,17.363541666666666,382866,382866.09375,secondary
1667,17.37395833333333,383096,383095.78124999994,secondary
1668,17.375,383119,383118.75,primary
1669,17.385416666666668,383349,383348.4375,secondary
1670,17.395833333333332,383578,383578.125,secondary
1671,17.40625,383808,383807.8125,secondary
1672,17.416666666666668,384038,384037.5,secondary
1673,17.427083333333332,384267,384267.1875,secondary
1674,17.446875,384704,384703.59374999994,secondary
1675,17.457291666666666,384933,384933.28125,secondary
1676,17.46770833333333,385163,385162.96874999994,secondary
1677,17.478125,385393,385392.65624999994,secondary
1678,17.488541666666666,385622,385622.34375,secondary
1679,17.49895833333333,385852,385852.03124999994,secondary
1680,17.5,385875,385875.0,primary
1681,17.510416666666668,386105,386104.6875,secondary
1682,17.520833333333332,386334,386334.375,secondary
1683,17.53125,386564,386564.0625,secondary
1684,17.541666666666668,386794,386793.75,secondary
1685,17.552083333333332,387023,387023.4375,secondary
1686,17.571875,387460,387459.84374999994,secondary
1687,17.582291666666666,387690,387689.53125,secondary
1688,17.59270833333333,387919,387919.21874999994,secondary
1689,17.603125,388149,388148.90624999994,secondary
1690,17.613541666666666,388379,388378.59375,secondary
1691,17.62395833333333,388608,388608.28124999994,secondary
1692,17.625,388631,388631.25,primary
1693,17.635416666666668,388861,388860.9375,secondary
1694,17.645833333333332,389090,389090.625,secondary
1695,17.65625,389320,389320.3125,secondary
1696,17.666666666666668,389550,389550.0,secondary
1697,17.677083333333332,389779,389779.6875,secondary
1698,17.696875,390216,390216.09374999994,secondary
1699,17.707291666666666,390446,390445.78125,secondary
1700,17.71770833333333,390675,390675.46874999994,secondary
1701,17.728125,390905,390905.15624999994,secondary
1702,17.738541666666666,391135,391134.84375,secondary
1703,17.74895833333333,391365,391364.53124999994,secondary
1704,17.75,391388,391387.5,primary
1705,17.760416666666668,391618,391617.1875,secondary
1706,17.770833333333332,391847,391846.875,secondary
1707,17.78125,392077,392076.5625,secondary
1708,17.791666666666668,392307,392306.25,secondary
1709,17.802083333333332,392536,392535.9375,secondary
1710,17.821875,392972,392972.34374999994,secondary
1711,17.832291666666666,393202,393202.03125,secondary
1712,17.84270833333333,393432,393431.71874999994,secondary
1713,17.853125,393661,393661.40624999994,secondary
1714,17.863541666666666,393891,393891.09375,secondary
1715,17.87395833333333,394121,394120.78124999994,secondary
1716,17.875,394144,394143.75,primary
1717,17.885416666666668,394374,394373.4375,secondary
1718,17.895833333333332,394603,394603.125,secondary
1719,17.90625,394833,394832.8125,secondary
1720,17.916666666666668,395063,395062.5,secondary
1721,17.927083333333332,395292,395292.1875,secondary
1722,17.946875,395729,395728.59374999994,secondary
1723,17.957291666666666,395958,395958.28125,secondary
1724,17.96770833333333,396188,396187.96874999994,secondary
1725,17.978125,396418,396417.65624999994,secondary
1726,17.988541666666666,396647,396647.34375,secondary
1727,17.99895833333333,396877,396877.03124999994,secondary
1728,18.0,396900,396900.0,primary
1729,18.010416666666668,397130,397129.6875,secondary
1730,18.020833333333332,397359,397359.375,secondary
1731,18.03125,397589,397589.0625,secondary
1732,18.041666666666668,397819,397818.75,secondary
1733,18.052083333333332,398048,398048.4375,secondary
1734,18.071875,398485,398484.84374999994,secondary
1735,18.082291666666666,398715,398714.53125,secondary
1736,18.09270833333333,398944,398944.21874999994,secondary
1737,18.103125,399174,399173.90624999994,secondary
1738,18.113541666666666,399404,399403.59375,secondary
1739,18.12395833333333,399633,399633.28124999994,secondary
1740,18.125,399656,399656.25,primary
1741,18.135416666666668,399886,399885.9375,secondary
1742,18.145833333333332,400115,400115.625,secondary
1743,18.15625,400345,400345.3125,secondary
1744,18.166666666666668,400575,400575.0,secondary
1745,18.177083333333332,400804,400804.6875,secondary
1746,18.196875,401241,401241.09374999994,secondary
1747,18.207291666666666,401471,401470.78125,secondary
1748,18.21770833333333,401700,401700.46874999994,secondary
1749,18.228125,401930,401930.15624999994,secondary
1750,18.238541666666666,402160,402159.84375,secondary
1751,18.24895833333333,402390,402389.53124999994,secondary
1752,18.25,402412,402412.5,primary
1753,18.260416666666668,402642,402642.1875,secondary
1754,18.270833333333332,402871,402871.875,secondary
1755,18.28125,403101,403101.5625,secondary
1756,18.291666666666668,403331,403331.25,secondary
1757,18.302083333333332,403560,403560.9375,secondary
1758,18.321875,403997,403997.34374999994,secondary
1759,18.332291666666666,404227,404227.03125,secondary
1760,18.34270833333333,404457,404456.71874999994,secondary
1761,18.353125,404686,404686.40624999994,secondary
1762,18.363541666666666,404916,404916.09375,secondary
1763,18.37395833333333,405146,405145.78124999994,secondary
1764,18.375,405169,405168.75,primary
1765,18.385416666666668,405399,405398.4375,secondary
1766,18.395833333333332,405628,405628.125,secondary
1767,18.40625,405858,405857.8125,secondary
1768,18.416666666666668,406088,406087.5,secondary
1769,18.427083333333332,406317,406317.1875,secondary
1770,18.446875,406754,406753.59374999994,secondary
1771,18.457291666666666,406983,406983.28125,secondary
1772,18.46770833333333,407213,407212.96874999994,secondary
1773,18.478125,407443,407442.65624999994,secondary
1774,18.488541666666666,407672,407672.34375,secondary
1775,18.49895833333333,407902,407902.03124999994,secondary
1776,18.5,407925,407925.0,primary
1777,18.510416666666668,408155,408154.6875,secondary
1778,18.520833333333332,408384,408384.375,secondary
1779,18.53125,408614,408614.0625,secondary
1780,18.541666666666668,408844,408843.75,secondary
1781,18.552083333333332,409073,409073.4375,secondary
1782,18.571875,409510,409509.84374999994,secondary
1783,18.582291666666666,409740,409739.53125,secondary
1784,18.59270833333333,409969,409969.21874999994,secondary
1785,18.603125,410199,410198.90624999994,secondary
1786,18.613541666666666,410429,410428.59375,secondary
1787,18.62395833333333,410658,410658.28124999994,secondary
1788,18.625,410681,410681.25,primary
1789,18.635416666666668,410911,410910.9375,secondary
1790,18.645833333333332,411140,411140.625,secondary
1791,18.65625,411370,411370.3125,secondary
1792,18.666666666666668,411600,411600.0,secondary
1793,18.677083333333332,411829,411829.6875,secondary
1794,18.696875,412266,412266.09374999994,secondary
1795,18.707291666666666,412496,412495.78125,secondary
1796,18.71770833333333,412725,412725.46874999994,secondary
1797,18.728125,412955,412955.15624999994,secondary
1798,18.738541666666666,413185,413184.84375,secondary
1799,18.74895833333333,413415,413414.53124999994,secondary
1800,18.75,413438,413437.5,primary
1801,18.760416666666668,413668,413667.1875,secondary
1802,18.770833333333332,413897,413896.875,secondary
1803,18.78125,414127,414126.5625,secondary
1804,18.791666666666668,414357,414356.25,secondary
1805,18.802083333333332,414586,414585.9375,secondary
1806,18.821875,415022,415022.34374999994,secondary
1807,18.832291666666666,415252,415252.03125,secondary
1808,18.84270833333333,415482,415481.71874999994,secondary
1809,18.853125,415711,415711.40624999994,secondary
1810,18.863541666666666,415941,415941.09375,secondary
1811,18.87395833333333,416171,416170.78124999994,secondary
1812,18.875,416194,416193.75,primary
1813,18.885416666666668,416424,416423.4375,secondary
1814,18.895833333333332,416653,416653.125,secondary
1815,18.90625,416883,416882.8125,secondary
1816,18.916666666666668,417113,417112.5,secondary
1817,18.927083333333332,417342,417342.1875,secondary
1818,18.946875,417779,417778.59374999994,secondary
1819,18.957291666666666,418008,418008.28125,secondary
1820,18.96770833333333,418238,418237.96874999994,secondary
1821,18.978125,418468,418467.65624999994,secondary
1822,18.988541666666666,418697,418697.34375,secondary
1823,18.99895833333333,418927,418927.03124999994,secondary
1824,19.0,418950,418950.0,primary
1825,19.010416666666668,419180,419179.6875,secondary
1826,19.020833333333332,419409,419409.375,secondary
1827,19.03125,419639,419639.0625,secondary
1828,19.041666666666668,419869,419868.75,secondary
1829,19.052083333333332,420098,420098.4375,secondary
1830,19.071875,420535,420534.84374999994,secondary
1831,19.082291666666666,420765,420764.53125,secondary
1832,19.09270833333333,420994,420994.21874999994,secondary
1833,19.103125,421224,421223.90624999994,secondary
1834,19.113541666666666,421454,421453.59375,secondary
1835,19.12395833333333,421683,421683.28124999994,secondary
1836,19.125,421706,421706.25,primary
1837,19.135416666666668,421936,421935.9375,secondary
1838,19.145833333333332,422165,422165.625,secondary
1839,19.15625,422395,422395.3125,secondary
1840,19.166666666666668,422625,422625.0,secondary
1841,19.177083333333332,422854,422854.6875,secondary
1842,19.196875,423291,423291.09374999994,secondary
1843,19.207291666666666,423521,423520.78125,secondary
1844,19.21770833333333,423750,423750.46874999994,secondary
1845,19.228125,423980,423980.15624999994,secondary
1846,19.238541666666666,424210,424209.84375,secondary
1847,19.24895833333333,424440,424439.53124999994,secondary
1848,19.25,424462,424462.5,primary
1849,19.260416666666668,424692,424692.1875,secondary
1850,19.270833333333332,424921,424921.875,secondary
1851,19.28125,425151,425151.5625,secondary
1852,19.291666666666668,425381,425381.25,secondary
1853,19.302083333333332,425610,425610.9375,secondary
1854,19.321875,426047,426047.34374999994,secondary
1855,19.332291666666666,426277,426277.03125,secondary
1856,19.34270833333333,426507,426506.71874999994,secondary
1857,19.353125,426736,426736.40624999994,secondary
1858,19.363541666666666,426966,426966.09375,secondary
1859,19.37395833333333,427196,427195.78124999994,secondary
1860,19.375,427219,427218.75,primary
1861,19.385416666666668,427449,427448.4375,secondary
1862,19.395833333333332,427678,427678.125,secondary
1863,19.40625,427908,427907.8125,secondary
1864,19.416666666666668,428138,428137.5,secondary
1865,19.427083333333332,428367,428367.1875,secondary
1866,19.446875,428804,428803.59374999994,secondary
1867,19.457291666666666,429033,429033.28125,secondary
1868,19.46770833333333,429263,429262.96874999994,secondary
1869,19.478125,429493,429492.65624999994,secondary
1870,19.488541666666666,429722,429722.34375,secondary
1871,19.49895833333333,429952,429952.03124999994,secondary
1872,19.5,429975,429975.0,primary
1873,19.510416666666668,430205,430204.6875,secondary
1874,19.520833333333332,430434,430434.375,secondary
1875,19.53125,430664,430664.0625,secondary
1876,19.541666666666668,430894,430893.75,secondary
1877,19.552083333333332,431123,431123.4375,secondary
1878,19.571875,431560,431559.84374999994,secondary
1879,19.582291666666666,431790,431789.53125,secondary
1880,19.59270833333333,432019,432019.21874999994,secondary
1881,19.603125,432249,432248.90624999994,secondary
1882,19.613541666666666,432479,432478.59375,secondary
1883,19.62395833333333,432708,432708.28124999994,secondary
1884,19.625,432731,432731.25,primary
1885,19.635416666666668,432961,432960.9375,secondary
1886,19.645833333333332,433190,433190.625,secondary
1887,19.65625,433420,433420.3125,secondary
1888,19.666666666666668,433650,433650.0,secondary
1889,19.677083333333332,433879,433879.6875,secondary
1890,19.696875,434316,434316.09374999994,secondary
1891,19.707291666666666,434546,434545.78125,secondary
1892,19.71770833333333,434775,434775.46874999994,secondary
1893,19.728125,435005,435005.15624999994,secondary
1894,19.738541666666666,435235,435234.84375,secondary
1895,19.74895833333333,435465,435464.53124999994,secondary
1896,19.75,435488,435487.5,primary
1897,19.760416666666668,435718,435717.1875,secondary
1898,19.770833333333332,435947,435946.875,secondary
1899,19.78125,436177,436176.5625,secondary
1900,19.791666666666668,436407,436406.25,secondary
1901,19.802083333333332,436636,436635.9375,secondary
1902,19.821875,437072,437072.34374999994,secondary
1903,19.832291666666666,437302,437302.03125,secondary
1904,19.84270833333333,437532,437531.71874999994,secondary
1905,19.853125,437761,437761.40624999994,secondary
1906,19.863541666666666,437991,437991.09375,secondary
1907,19.87395833333333,438221,438220.78124999994,secondary
1908,19.875,438244,438243.75,primary
1909,19.885416666666668,438474,438473.4375,secondary
1910,19.895833333333332,438703,438703.125,secondary
1911,19.90625,438933,438932.8125,secondary
1912,19.916666666666668,439163,439162.5,secondary
1913,19.927083333333332,439392,439392.1875,secondary
1914,19.946875,439829,439828.59374999994,secondary
1915,19.957291666666666,440058,440058.28125,secondary
1916,19.96770833333333,440288,440287.96874999994,secondary
1917,19.978125,440518,440517.65624999994,secondary
1918,19.988541666666666,440747,440747.34375,secondary
1919,19.99895833333333,440977,440977.03124999994,secondary
1920,20.0,441000,441000.0,primary
1921,20.010416666666668,441230,441229.6875,secondary
1922,20.020833333333332,441459,441459.375,secondary
1923,20.03125,441689,441689.0625,secondary
1924,20.041666666666668,441919,441918.75,secondary
1925,20.052083333333332,442148,442148.4375,secondary
1926,20.071875,442585,442584.84374999994,secondary
1927,20.082291666666666,442815,442814.53125,secondary
1928,20.09270833333333,443044,443044.21874999994,secondary
1929,20.103125,443274,443273.90624999994,secondary
1930,20.113541666666666,443504,443503.59375,secondary
1931,20.12395833333333,443733,443733.28124999994,secondary
1932,20.125,443756,443756.25,primary
1933,20.135416666666668,443986,443985.9375,secondary
1934,20.145833333333332,444215,444215.625,secondary
1935,20.15625,444445,444445.3125,secondary
1936,20.166666666666668,444675,444675.0,secondary
1937,20.177083333333332,444904,444904.6875,secondary
1938,20.196875,445341,445341.09374999994,secondary
1939,20.207291666666666,445571,445570.78125,secondary
1940,20.21770833333333,445800,445800.46874999994,secondary
1941,20.228125,446030,446030.15624999994,secondary
1942,20.238541666666666,446260,446259.84375,secondary
1943,20.24895833333333,446490,446489.53124999994,secondary
1944,20.25,446512,446512.5,primary
1945,20.260416666666668,446742,446742.1875,secondary
1946,20.270833333333332,446971,446971.875,secondary
1947,20.28125,447201,447201.5625,secondary
1948,20.291666666666668,447431,447431.25,secondary
1949,20.302083333333332,447660,447660.9375,secondary
1950,20.321875,448097,448097.34374999994,secondary
1951,20.332291666666666,448327,448327.03125,secondary
1952,20.34270833333333,448557,448556.71874999994,secondary
1953,20.353125,448786,448786.40624999994,secondary
1954,20.363541666666666,449016,449016.09375,secondary
1955,20.37395833333333,449246,449245.78124999994,secondary
1956,20.375,449269,449268.75,primary
1957,20.385416666666668,449499,449498.4375,secondary
1958,20.395833333333332,449728,449728.125,secondary
1959,20.40625,449958,449957.8125,secondary
1960,20.416666666666668,450188,450187.5,secondary
1961,20.427083333333332,450417,450417.1875,secondary
1962,20.446875,450854,450853.59374999994,secondary
1963,20.457291666666666,451083,451083.28125,secondary
1964,20.46770833333333,451313,451312.96874999994,secondary
1965,20.478125,451543,451542.65624999994,secondary
1966,20.488541666666666,451772,451772.34375,secondary
1967,20.49895833333333,452002,452002.03124999994,secondary
1968,20.5,452025,452025.0,primary
1969,20.510416666666668,452255,452254.6875,secondary
1970,20.520833333333332,452484,452484.375,secondary
1971,20.53125,452714,452714.0625,secondary
1972,20.541666666666668,452944,452943.75,secondary
1973,20.552083333333332,453173,453173.4375,secondary
1974,20.571875,453610,453609.84374999994,secondary
1975,20.582291666666666,453840,453839.53125,secondary
1976,20.59270833333333,454069,454069.21874999994,secondary
1977,20.603125,454299,454298.90624999994,secondary
1978,20.613541666666666,454529,454528.59375,secondary
1979,20.62395833333333,454758,454758.28124999994,secondary
1980,20.625,454781,454781.25,primary
1981,20.635416666666668,455011,455010.9375,secondary
1982,20.645833333333332,455240,455240.625,secondary
1983,20.65625,455470,455470.3125,secondary
1984,20.666666666666668,455700,455700.0,secondary
1985,20.677083333333332,455929,455929.6875,secondary
1986,20.696875,456366,456366.09374999994,secondary
1987,20.707291666666666,456596,456595.78125,secondary
1988,20.71770833333333,456825,456825.46874999994,secondary
1989,20.728125,457055,457055.15624999994,secondary
1990,20.738541666666666,457285,457284.84375,secondary
1991,20.74895833333333,457515,457514.53124999994,secondary
1992,20.75,457538,457537.5,primary
1993,20.760416666666668,457768,457767.1875,secondary
1994,20.770833333333332,457997,457996.875,secondary
1995,20.78125,458227,458226.5625,secondary
1996,20.791666666666668,458457,458456.25,secondary
1997,20.802083333333332,458686,458685.9375,secondary
1998,20.821875,459122,459122.34374999994,secondary
1999,20.832291666666666,459352,459352.03125,secondary
2000,20.84270833333333,459582,459581.71874999994,secondary
2001,20.853125,459811,459811.40624999994,secondary
2002,20.863541666666666,460041,460041.09375,secondary
2003,20.87395833333333,460271,460270.78124999994,secondary
2004,20.875,460294,460293.75,primary
2005,20.885416666666668,460524,460523.4375,secondary
2006,20.895833333333332,460753,460753.125,secondary
2007,20.90625,460983,460982.8125,secondary
2008,20.916666666666668,461213,461212.5,secondary
2009,20.927083333333332,461442,461442.1875,secondary
2010,20.946875,461879,461878.59374999994,secondary
2011,20.957291666666666,462108,462108.28125,secondary
2012,20.96770833333333,462338,462337.96874999994,secondary
2013,20.978125,462568,462567.65624999994,secondary
2014,20.988541666666666,462797,462797.34375,secondary
2015,20.99895833333333,463027,463027.03124999994,secondary
2016,21.0,463050,463050.0,primary
2017,21.010416666666668,463280,463279.6875,secondary
2018,21.020833333333332,463509,463509.375,secondary
2019,21.03125,463739,463739.0625,secondary
2020,21.041666666666668,463969,463968.75,secondary
2021,21.052083333333332,464198,464198.4375,secondary
2022,21.071875,464635,464634.84374999994,secondary
2023,21.082291666666666,464865,464864.53125,secondary
2024,21.09270833333333,465094,465094.21874999994,secondary
2025,21.103125,465324,465323.90624999994,secondary
2026,21.113541666666666,465554,465553.59375,secondary
2027,21.12395833333333,465783,465783.28124999994,secondary
2028,21.125,465806,465806.25,primary
2029,21.135416666666668,466036,466035.9375,secondary
2030,21.145833333333332,466265,466265.625,secondary
2031,21.15625,466495,466495.3125,secondary
2032,21.166666666666668,466725,466725.0,secondary
2033,21.177083333333332,466954,466954.6875,secondary
2034,21.196875,467391,467391.09374999994,secondary
2035,21.207291666666666,467621,467620.78125,secondary
2036,21.21770833333333,467850,467850.46874999994,secondary
2037,21.228125,468080,468080.15624999994,secondary
2038,21.238541666666666,468310,468309.84375,secondary
2039,21.24895833333333,468540,468539.53124999994,secondary
2040,21.25,468562,468562.5,primary
2041,21.260416666666668,468792,468792.1875,secondary
2042,21.270833333333332,469021,469021.875,secondary
2043,21.28125,469251,469251.5625,secondary
2044,21.291666666666668,469481,469481.25,secondary
2045,21.302083333333332,469710,469710.9375,secondary
2046,21.321875,470147,470147.34374999994,secondary
2047,21.332291666666666,470377,470377.03125,secondary
2048,21.34270833333333,470607,470606.71874999994,secondary
2049,21.353125,470836,470836.40624999994,secondary
2050,21.363541666666666,471066,471066.09375,secondary
2051,21.37395833333333,471296,471295.78124999994,secondary
2052,21.375,471319,471318.75,primary
2053,21.385416666666668,471549,471548.4375,secondary
2054,21.395833333333332,471778,471778.125,secondary
2055,21.40625,472008,472007.8125,secondary
2056,21.416666666666668,472238,472237.5,secondary
2057,21.427083333333332,472467,472467.1875,secondary
2058,21.446875,472904,472903.59374999994,secondary
2059,21.457291666666666,473133,473133.28125,secondary
2060,21.46770833333333,473363,473362.96874999994,secondary
2061,21.478125,473593,473592.65624999994,secondary
2062,21.488541666666666,473822,473822.34375,secondary
2063,21.49895833333333,474052,474052.03124999994,secondary
2064,21.5,474075,474075.0,primary
2065,21.510416666666668,474305,474304.6875,secondary
2066,21.520833333333332,474534,474534.375,secondary
2067,21.53125,474764,474764.0625,secondary
2068,21.541666666666668,474994,474993.75,secondary
2069,21.552083333333332,475223,475223.4375,secondary
2070,21.571875,475660,475659.84374999994,secondary
2071,21.582291666666666,475890,475889.53125,secondary
2072,21.59270833333333,476119,476119.21874999994,secondary
2073,21.603125,476349,476348.90624999994,secondary
2074,21.613541666666666,476579,476578.59375,secondary
2075,21.62395833333333,476808,476808.28124999994,secondary
2076,21.625,476831,476831.25,primary
2077,21.635416666666668,477061,477060.9375,secondary
2078,21.645833333333332,477290,477290.625,secondary
2079,21.65625,477520,477520.3125,secondary
2080,21.666666666666668,477750,477750.0,secondary
2081,21.677083333333332,477979,477979.6875,secondary
2082,21.696875,478416,478416.09374999994,secondary
2083,21.707291666666666,478646,478645.78125,secondary
2084,21.71770833333333,478875,478875.46874999994,secondary
2085,21.728125,479105,479105.15624999994,secondary
2086,21.738541666666666,479335,479334.84375,secondary
2087,21.74895833333333,479565,479564.53124999994,secondary
2088,21.75,479588,479587.5,primary
2089,21.760416666666668,479818,479817.1875,secondary
2090,21.770833333333332,480047,480046.875,secondary
2091,21.78125,480277,480276.5625,secondary
2092,21.791666666666668,480507,480506.25,secondary
2093,21.802083333333332,480736,480735.9375,secondary
2094,21.821875,481172,481172.34374999994,secondary
2095,21.832291666666666,481402,481402.03125,secondary
2096,21.84270833333333,481632,481631.71874999994,secondary
2097,21.853125,481861,481861.40624999994,secondary
2098,21.863541666666666,482091,482091.09375,secondary
2099,21.87395833333333,482321,482320.78124999994,secondary
2100,21.875,482344,482343.75,primary
2101,21.885416666666668,482574,482573.4375,secondary
2102,21.895833333333332,482803,482803.125,secondary
2103,21.90625,483033,483032.8125,secondary
2104,21.916666666666668,483263,483262.5,secondary
2105,21.927083333333332,483492,483492.1875,secondary
2106,21.946875,483929,483928.59374999994,secondary
2107,21.957291666666666,484158,484158.28125,secondary
2108,21.96770833333333,484388,484387.96874999994,secondary
2109,21.978125,484618,484617.65624999994,secondary
2110,21.988541666666666,484847,484847.34375,secondary
2111,21.99895833333333,485077,485077.03124999994,secondary
2112,22.0,485100,485100.0,primary
2113,22.010416666666668,485330,485329.6875,secondary
2114,22.020833333333332,485559,485559.375,secondary
2115,22.03125,485789,485789.0625,secondary
2116,22.041666666666668,486019,486018.75,secondary
2117,22.052083333333332,486248,486248.4375,secondary
2118,22.071875,486685,486684.84374999994,secondary
2119,22.082291666666666,486915,486914.53125,secondary
2120,22.09270833333333,487144,487144.21874999994,secondary
2121,22.103125,487374,487373.90624999994,secondary
2122,22.113541666666666,487604,487603.59375,secondary
2123,22.12395833333333,487833,487833.28124999994,secondary
2124,22.125,487856,487856.25,primary
2125,22.135416666666668,488086,488085.9375,secondary
2126,22.145833333333332,488315,488315.625,secondary
2127,22.15625,488545,488545.3125,secondary
2128,22.166666666666668,488775,488775.0,secondary
2129,22.177083333333332,489004,489004.6875,secondary
2130,22.196875,489441,489441.09374999994,secondary
2131,22.207291666666666,489671,489670.78125,secondary
2132,22.21770833333333,489900,489900.46874999994,secondary
2133,22.228125,490130,490130.15624999994,secondary
2134,22.238541666666666,490360,490359.84375,secondary
2135,22.24895833333333,490590,490589.53124999994,secondary
2136,22.25,490612,490612.5,primary
2137,22.260416666666668,490842,490842.1875,secondary
2138,22.270833333333332,491071,491071.875,secondary
2139,22.28125,491301,491301.5625,secondary
2140,22.291666666666668,491531,491531.25,secondary
2141,22.302083333333332,491760,491760.9375,secondary
2142,22.321875,492197,492197.34374999994,secondary
2143,22.332291666666666,492427,492427.03125,secondary
2144,22.34270833333333,492657,492656.71874999994,secondary
2145,22.353125,492886,492886.40624999994,secondary
2146,22.363541666666666,493116,493116.09375,secondary
2147,22.37395833333333,493346,493345.78124999994,secondary
2148,22.375,493369,493368.75,primary
2149,22.385416666666668,493599,493598.4375,secondary
2150,22.395833333333332,493828,493828.125,secondary
2151,22.40625,494058,494057.8125,secondary
2152,22.416666666666668,494288,494287.5,secondary
2153,22.427083333333332,494517,494517.1875,secondary
2154,22.446875,494954,494953.59374999994,secondary
2155,22.457291666666666,495183,495183.28125,secondary
2156,22.46770833333333,495413,495412.96874999994,secondary
2157,22.478125,495643,495642.65624999994,secondary
2158,22.488541666666666,495872,495872.34375,secondary
2159,22.49895833333333,496102,496102.03124999994,secondary
2160,22.5,496125,496125.0,primary
2161,22.510416666666668,496355,496354.6875,secondary
2162,22.520833333333332,496584,496584.375,secondary
2163,22.53125,496814,496814.0625,secondary
2164,22.541666666666668,497044,497043.75,secondary
2165,22.552083333333332,497273,497273.4375,secondary
2166,22.571875,497710,497709.84374999994,secondary
2167,22.582291666666666,497940,497939.53125,secondary
2168,22.59270833333333,498169,498169.21874999994,secondary
2169,22.603125,498399,498398.90624999994,secondary
2170,22.613541666666666,498629,498628.59375,secondary
2171,22.62395833333333,498858,498858.28124999994,secondary
2172,22.625,498881,498881.25,primary
2173,22.635416666666668,499111,499110.9375,secondary
2174,22.645833333333332,499340,499340.625,secondary
2175,22.65625,499570,499570.3125,secondary
2176,22.666666666666668,499800,499800.0,secondary
2177,22.677083333333332,500029,500029.6875,secondary
2178,22.696875,500466,500466.09374999994,secondary
2179,22.707291666666666,500696,500695.78125,secondary
2180,22.71770833333333,500925,500925.46874999994,secondary
2181,22.728125,501155,501155.15624999994,secondary
2182,22.738541666666666,501385,501384.84375,secondary
2183,22.74895833333333,501615,501614.53124999994,secondary
2184,22.75,501638,501637.5,primary
2185,22.760416666666668,501868,501867.1875,secondary
2186,22.770833333333332,502097,502096.875,secondary
2187,22.78125,502327,502326.5625,secondary
2188,22.791666666666668,502557,502556.25,secondary
2189,22.802083333333332,502786,502785.9375,secondary
2190,22.821875,503222,503222.34374999994,secondary
2191,22.832291666666666,503452,503452.03125,secondary
2192,22.84270833333333,503682,503681.71874999994,secondary
2193,22.853125,503911,503911.40624999994,secondary
2194,22.863541666666666,504141,504141.09375,secondary
2195,22.87395833333333,504371,504370.78124999994,secondary
2196,22.875,504394,504393.75,primary
2197,22.885416666666668,504624,504623.4375,secondary
2198,22.895833333333332,504853,504853.125,secondary
2199,22.90625,505083,505082.8125,secondary
2200,22.916666666666668,505313,505312.5,secondary
2201,22.927083333333332,505542,505542.1875,secondary
2202,22.946875,505979,505978.59374999994,secondary
2203,22.957291666666666,506208,506208.28125,secondary
2204,22.96770833333333,506438,506437.96874999994,secondary
2205,22.978125,506668,506667.65624999994,secondary
2206,22.988541666666666,506897,506897.34375,secondary
2207,22.99895833333333,507127,507127.03124999994,secondary
2208,23.0,507150,507150.0,primary
2209,23.010416666666668,507380,507379.6875,secondary
2210,23.020833333333332,507609,507609.375,secondary
2211,23.03125,507839,507839.0625,secondary
2212,23.041666666666668,508069,508068.75,secondary
2213,23.052083333333332,508298,508298.4375,secondary
2214,23.071875,508735,508734.84374999994,secondary
2215,23.082291666666666,508965,508964.53125,secondary
2216,23.09270833333333,509194,509194.21874999994,secondary
2217,23.103125,509424,509423.90624999994,secondary
2218,23.113541666666666,509654,509653.59375,secondary
2219,23.12395833333333,509883,509883.28124999994,secondary
2220,23.125,509906,509906.25,primary
2221,23.135416666666668,510136,510135.9375,secondary
2222,23.145833333333332,510365,510365.625,secondary
2223,23.15625,510595,510595.3125,secondary
2224,23.166666666666668,510825,510825.0,secondary
2225,23.177083333333332,511054,511054.6875,secondary
2226,23.196875,511491,511491.09374999994,secondary
2227,23.207291666666666,511721,511720.78125,secondary
2228,23.21770833333333,511950,511950.46874999994,secondary
2229,23.228125,512180,512180.15624999994,secondary
2230,23.238541666666666,512410,512409.84375,secondary
2231,23.24895833333333,512640,512639.53124999994,secondary
2232,23.25,512662,512662.5,primary
2233,23.260416666666668,512892,512892.1875,secondary
2234,23.270833333333332,513121,513121.875,secondary
2235,23.28125,513351,513351.5625,secondary
2236,23.291666666666668,513581,513581.25,secondary
2237,23.302083333333332,513810,513810.9375,secondary
2238,23.321875,514247,514247.34374999994,secondary
2239,23.332291666666666,514477,514477.03125,secondary
2240,23.34270833333333,514707,514706.71874999994,secondary
2241,23.353125,514936,514936.40624999994,secondary
2242,23.363541666666666,515166,515166.09375,secondary
2243,23.37395833333333,515396,515395.78124999994,secondary
2244,23.375,515419,515418.75,primary
2245,23.385416666666668,515649,515648.4375,secondary
2246,23.395833333333332,515878,515878.125,secondary
2247,23.40625,516108,516107.8125,secondary
2248,23.416666666666668,516338,516337.5,secondary
2249,23.427083333333332,516567,516567.1875,secondary
2250,23.446875,517004,517003.59374999994,secondary
2251,23.457291666666666,517233,517233.28125,secondary
2252,23.46770833333333,517463,517462.96874999994,secondary
2253,23.478125,517693,517692.65624999994,secondary
2254,23.488541666666666,517922,517922.34375,secondary
2255,23.49895833333333,518152,518152.03124999994,secondary
2256,23.5,518175,518175.0,primary
2257,23.510416666666668,518405,518404.6875,secondary
2258,23.520833333333332,518634,518634.375,secondary
2259,23.53125,518864,518864.0625,secondary
2260,23.541666666666668,519094,519093.75,secondary
2261,23.552083333333332,519323,519323.4375,secondary
2262,23.571875,519760,519759.84374999994,secondary
2263,23.582291666666666,519990,519989.53125,secondary
2264,23.59270833333333,520219,520219.21874999994,secondary
2265,23.603125,520449,520448.90624999994,secondary
2266,23.613541666666666,520679,520678.59375,secondary
2267,23.62395833333333,520908,520908.28124999994,secondary
2268,23.625,520931,520931.25,primary
2269,23.635416666666668,521161,521160.9375,secondary
2270,23.645833333333332,521390,521390.625,secondary
2271,23.65625,521620,521620.3125,secondary
2272,23.666666666666668,521850,521850.0,secondary
2273,23.677083333333332,522079,522079.6875,secondary
2274,23.696875,522516,522516.09374999994,secondary
2275,23.707291666666666,522746,522745.78125,secondary
2276,23.71770833333333,522975,522975.46874999994,secondary
2277,23.728125,523205,523205.15624999994,secondary
2278,23.738541666666666,523435,523434.84375,secondary
2279,23.74895833333333,523665,523664.53124999994,secondary
2280,23.75,523688,523687.5,primary
2281,23.760416666666668,523918,523917.1875,secondary
2282,23.770833333333332,524147,524146.875,secondary
2283,23.78125,524377,524376.5625,secondary
2284,23.791666666666668,524607,524606.25,secondary
2285,23.802083333333332,524836,524835.9375,secondary
2286,23.821875,525272,525272.34375,secondary
2287,23.832291666666666,525502,525502.03125,secondary
2288,23.84270833333333,525732,525731.71875,secondary
2289,23.853125,525961,525961.40625,secondary
2290,23.863541666666666,526191,526191.09375,secondary
2291,23.87395833333333,526421,526420.78125,secondary
2292,23.875,526444,526443.75,primary
2293,23.885416666666668,526674,526673.4375,secondary
2294,23.895833333333332,526903,526903.125,secondary
2295,23.90625,527133,527132.8125,secondary
2296,23.916666666666668,527363,527362.5,secondary
2297,23.927083333333332,527592,527592.1875,secondary
2298,23.946875,528029,528028.59375,secondary
2299,23.957291666666666,528258,528258.28125,secondary
2300,23.96770833333333,528488,528487.96875,secondary
2301,23.978125,528718,528717.65625,secondary
2302,23.988541666666666,528947,528947.34375,secondary
2303,23.99895833333333,529177,529177.03125,secondary
2304,24.0,529200,529200.0,primary
2305,24.010416666666668,529430,529429.6875,secondary
2306,24.020833333333332,529659,529659.375,secondary
2307,24.03125,529889,529889.0625,secondary
2308,24.041666666666668,530119,530118.75,secondary
2309,24.052083333333332,530348,530348.4375,secondary
2310,24.071875,530785,530784.84375,secondary
2311,24.082291666666666,531015,531014.53125,secondary
2312,24.09270833333333,531244,531244.21875,secondary
2313,24.103125,531474,531473.90625,secondary
2314,24.113541666666666,531704,531703.59375,secondary
2315,24.12395833333333,531933,531933.28125,secondary
2316,24.125,531956,531956.25,primary
2317,24.135416666666668,532186,532185.9375,secondary
2318,24.145833333333332,532415,532415.625,secondary
2319,24.15625,532645,532645.3125,secondary
2320,24.166666666666668,532875,532875.0,secondary
2321,24.177083333333332,533104,533104.6875,secondary
2322,24.196875,533541,533541.09375,secondary
2323,24.207291666666666,533771,533770.78125,secondary
2324,24.21770833333333,534000,534000.46875,secondary
2325,24.228125,534230,534230.15625,secondary
2326,24.238541666666666,534460,534459.84375,secondary
2327,24.24895833333333,534690,534689.53125,secondary
2328,24.25,534712,534712.5,primary
2329,24.260416666666668,534942,534942.1875,secondary
2330,24.270833333333332,535171,535171.875,secondary
2331,24.28125,535401,535401.5625,secondary
2332,24.291666666666668,535631,535631.25,secondary
2333,24.302083333333332,535860,535860.9375,secondary
2334,24.321875,536297,536297.34375,secondary
2335,24.332291666666666,536527,536527.03125,secondary
2336,24.34270833333333,536757,536756.71875,secondary
2337,24.353125,536986,536986.40625,secondary
2338,24.363541666666666,537216,537216.09375,secondary
2339,24.37395833333333,537446,537445.78125,secondary
2340,24.375,537469,537468.75,primary
2341,24.385416666666668,537699,537698.4375,secondary
2342,24.395833333333332,537928,537928.125,secondary
2343,24.40625,538158,538157.8125,secondary
2344,24.416666666666668,538388,538387.5,secondary
2345,24.427083333333332,538617,538617.1875,secondary
2346,24.446875,539054,539053.59375,secondary
2347,24.457291666666666,539283,539283.28125,secondary
2348,24.46770833333333,539513,539512.96875,secondary
2349,24.478125,539743,539742.65625,secondary
2350,24.488541666666666,539972,539972.34375,secondary
2351,24.49895833333333,540202,540202.03125,secondary
2352,24.5,540225,540225.0,primary
2353,24.510416666666668,540455,540454.6875,secondary
2354,24.520833333333332,540684,540684.375,secondary
2355,24.53125,540914,540914.0625,secondary
2356,24.541666666666668,541144,541143.75,secondary
2357,24.552083333333332,541373,541373.4375,secondary
2358,24.571875,541810,541809.84375,secondary
2359,24.582291666666666,542040,542039.53125,secondary
2360,24.59270833333333,542269,542269.21875,secondary
2361,24.603125,542499,542498.90625,secondary
2362,24.613541666666666,542729,542728.59375,secondary
2363,24.62395833333333,542958,542958.28125,secondary
2364,24.625,542981,542981.25,primary
2365,24.635416666666668,543211,543210.9375,secondary
2366,24.645833333333332,543440,543440.625,secondary
2367,24.65625,543670,543670.3125,secondary
2368,24.666666666666668,543900,543900.0,secondary
2369,24.677083333333332,544129,544129.6875,secondary
2370,24.696875,544566,544566.09375,secondary
2371,24.707291666666666,544796,544795.78125,secondary
2372,24.71770833333333,545025,545025.46875,secondary
2373,24.728125,545255,545255.15625,secondary
2374,24.738541666666666,545485,545484.84375,secondary
2375,24.74895833333333,545715,545714.53125,secondary
2376,24.75,545738,545737.5,primary
2377,24.760416666666668,545968,545967.1875,secondary
2378,24.770833333333332,546197,546196.875,secondary
2379,24.78125,546427,546426.5625,secondary
2380,24.791666666666668,546657,546656.25,secondary
2381,24.802083333333332,546886,546885.9375,secondary
2382,24.821875,547322,547322.34375,secondary
2383,24.832291666666666,547552,547552.03125,secondary
2384,24.84270833333333,547782,547781.71875,secondary
2385,24.853125,548011,548011.40625,secondary
2386,24.863541666666666,548241,548241.09375,secondary
2387,24.87395833333333,548471,548470.78125,secondary
2388,24.875,548494,548493.75,primary
2389,24.885416666666668,548724,548723.4375,secondary
2390,24.895833333333332,548953,548953.125,secondary
2391,24.90625,549183,549182.8125,secondary
2392,24.916666666666668,549413,549412.5,secondary
2393,24.927083333333332,549642,549642.1875,secondary
2394,24.946875,550079,550078.59375,secondary
2395,24.957291666666666,550308,550308.28125,secondary
2396,24.96770833333333,550538,550537.96875,secondary
2397,24.978125,550768,550767.65625,secondary
2398,24.988541666666666,550997,550997.34375,secondary
2399,24.99895833333333,551227,551227.03125,secondary
2400,25.0,551250,551250.0,primary
2401,25.010416666666668,551480,551479.6875,secondary
2402,25.020833333333332,551709,551709.375,secondary
2403,25.03125,551939,551939.0625,secondary
2404,25.041666666666668,552169,552168.75,secondary
2405,25.052083333333332,552398,552398.4375,secondary
2406,25.071875,552835,552834.84375,secondary
2407,25.082291666666666,553065,553064.53125,secondary
2408,25.09270833333333,553294,553294.21875,secondary
2409,25.103125,553524,553523.90625,secondary
2410,25.113541666666666,553754,553753.59375,secondary
2411,25.12395833333333,553983,553983.28125,secondary
2412,25.125,554006,554006.25,primary
2413,25.135416666666668,554236,554235.9375,secondary
2414,25.145833333333332,554465,554465.625,secondary
2415,25.15625,554695,554695.3125,secondary
2416,25.166666666666668,554925,554925.0,secondary
2417,25.177083333333332,555154,555154.6875,secondary
2418,25.196875,555591,555591.09375,secondary
2419,25.207291666666666,555821,555820.78125,secondary
2420,25.21770833333333,556050,556050.46875,secondary
2421,25.228125,556280,556280.15625,secondary
2422,25.238541666666666,556510,556509.84375,secondary
2423,25.24895833333333,556740,556739.53125,secondary
2424,25.25,556762,556762.5,primary
2425,25.260416666666668,556992,556992.1875,secondary
2426,25.270833333333332,557221,557221.875,secondary
2427,25.28125,557451,557451.5625,secondary
2428,25.291666666666668,557681,557681.25,secondary
2429,25.302083333333332,557910,557910.9375,secondary
2430,25.321875,558347,558347.34375,secondary
2431,25.332291666666666,558577,558577.03125,secondary
2432,25.34270833333333,558807,558806.71875,secondary
2433,25.353125,559036,559036.40625,secondary
2434,25.363541666666666,559266,559266.09375,secondary
2435,25.37395833333333,559496,559495.78125,secondary
2436,25.375,559519,559518.75,primary
2437,25.385416666666668,559749,559748.4375,secondary
2438,25.395833333333332,559978,559978.125,secondary
2439,25.40625,560208,560207.8125,secondary
2440,25.416666666666668,560438,560437.5,secondary
2441,25.427083333333332,560667,560667.1875,secondary
2442,25.446875,561104,561103.59375,secondary
2443,25.457291666666666,561333,561333.28125,secondary
2444,25.46770833333333,561563,561562.96875,secondary
2445,25.478125,561793,561792.65625,secondary
2446,25.488541666666666,562022,562022.34375,secondary
2447,25.49895833333333,562252,562252.03125,secondary
2448,25.5,562275,562275.0,primary
2449,25.510416666666668,562505,562504.6875,secondary
2450,25.520833333333332,562734,562734.375,secondary
2451,25.53125,562964,562964.0625,secondary
2452,25.541666666666668,563194,563193.75,secondary
2453,25.552083333333332,563423,563423.4375,secondary
2454,25.571875,563860,563859.84375,secondary
2455,25.582291666666666,564090,564089.53125,secondary
2456,25.59270833333333,564319,564319.21875,secondary
2457,25.603125,564549,564548.90625,secondary
2458,25.613541666666666,564779,564778.59375,secondary
2459,25.62395833333333,565008,565008.28125,secondary
2460,25.625,565031,565031.25,primary
2461,25.635416666666668,565261,565260.9375,secondary
2462,25.645833333333332,565490,565490.625,secondary
2463,25.65625,565720,565720.3125,secondary
2464,25.666666666666668,565950,565950.0,secondary
2465,25.677083333333332,566179,566179.6875,secondary
2466,25.696875,566616,566616.09375,secondary
2467,25.707291666666666,566846,566845.78125,secondary
2468,25.71770833333333,567075,567075.46875,secondary
2469,25.728125,567305,567305.15625,secondary
2470,25.738541666666666,567535,567534.84375,secondary
2471,25.74895833333333,567765,567764.53125,secondary
2472,25.75,567788,567787.5,primary
2473,25.760416666666668,568018,568017.1875,secondary
2474,25.770833333333332,568247,568246.875,secondary
2475,25.78125,568477,568476.5625,secondary
2476,25.791666666666668,568707,568706.25,secondary
2477,25.802083333333332,568936,568935.9375,secondary
2478,25.821875,569372,569372.34375,secondary
2479,25.832291666666666,569602,569602.03125,secondary
2480,25.84270833333333,569832,569831.71875,secondary
2481,25.853125,570061,570061.40625,secondary
2482,25.863541666666666,570291,570291.09375,secondary
2483,25.87395833333333,570521,570520.78125,secondary
2484,25.875,570544,570543.75,primary
2485,25.885416666666668,570774,570773.4375,secondary
2486,25.895833333333332,571003,571003.125,secondary
2487,25.90625,571233,571232.8125,secondary
2488,25.916666666666668,571463,571462.5,secondary
2489,25.927083333333332,571692,571692.1875,secondary
2490,25.946875,572129,572128.59375,secondary
2491,25.957291666666666,572358,572358.28125,secondary
2492,25.96770833333333,572588,572587.96875,secondary
2493,25.978125,572818,572817.65625,secondary
2494,25.988541666666666,573047,573047.34375,secondary
2495,25.99895833333333,573277,573277.03125,secondary
2496,26.0,573300,573300.0,primary
2497,26.010416666666668,573530,573529.6875,secondary
2498,26.020833333333332,573759,573759.375,secondary
2499,26.03125,573989,573989.0625,secondary
2500,26.041666666666668,574219,574218.75,secondary
2501,26.052083333333332,574448,574448.4375,secondary
2502,26.071875,574885,574884.84375,secondary
2503,26.082291666666666,575115,575114.53125,secondary
2504,26.09270833333333,575344,575344.21875,secondary
2505,26.103125,575574,575573.90625,secondary
2506,26.113541666666666,575804,575803.59375,secondary
2507,26.12395833333333,576033,576033.28125,secondary
2508,26.125,576056,576056.25,primary
2509,26.135416666666668,576286,576285.9375,secondary
2510,26.145833333333332,576515,576515.625,secondary
2511,26.15625,576745,576745.3125,secondary
2512,26.166666666666668,576975,576975.0,secondary
2513,26.177083333333332,577204,577204.6875,secondary
2514,26.196875,577641,577641.09375,secondary
2515,26.207291666666666,577871,577870.78125,secondary
2516,26.21770833333333,578100,578100.46875,secondary
2517,26.228125,578330,578330.15625,secondary
2518,26.238541666666666,578560,578559.84375,secondary
2519,26.24895833333333,578790,578789.53125,secondary
2520,26.25,578812,578812.5,primary
2521,26.260416666666668,579042,579042.1875,secondary
2522,26.270833333333332,579271,579271.875,secondary
2523,26.28125,579501,579501.5625,secondary
2524,26.291666666666668,579731,579731.25,secondary
2525,26.302083333333332,579960,579960.9375,secondary
2526,26.321875,580397,580397.34375,secondary
2527,26.332291666666666,580627,580627.03125,secondary
2528,26.34270833333333,580857,580856.71875,secondary
2529,26.353125,581086,581086.40625,secondary
2530,26.363541666666666,581316,581316.09375,secondary
2531,26.37395833333333,581546,581545.78125,secondary
2532,26.375,581569,581568.75,primary
2533,26.385416666666668,581799,581798.4375,secondary
2534,26.395833333333332,582028,582028.125,secondary
2535,26.40625,582258,582257.8125,secondary
2536,26.416666666666668,582488,582487.5,secondary
2537,26.427083333333332,582717,582717.1875,secondary
2538,26.446875,583154,583153.59375,secondary
2539,26.457291666666666,583383,583383.28125,secondary
2540,26.46770833333333,583613,583612.96875,secondary
2541,26.478125,583843,583842.65625,secondary
2542,26.488541666666666,584072,584072.34375,secondary
2543,26.49895833333333,584302,584302.03125,secondary
2544,26.5,584325,584325.0,primary
2545,26.510416666666668,584555,584554.6875,secondary
2546,26.520833333333332,584784,584784.375,secondary
2547,26.53125,585014,585014.0625,secondary
2548,26.541666666666668,585244,585243.75,secondary
2549,26.552083333333332,585473,585473.4375,secondary
2550,26.571875,585910,585909.84375,secondary
2551,26.582291666666666,586140,586139.53125,secondary
2552,26.59270833333333,586369,586369.21875,secondary
2553,26.603125,586599,586598.90625,secondary
2554,26.613541666666666,586829,586828.59375,secondary
2555,26.62395833333333,587058,587058.28125,secondary
2556,26.625,587081,587081.25,primary
2557,26.635416666666668,587311,587310.9375,secondary
2558,26.645833333333332,587540,587540.625,secondary
2559,26.65625,587770,587770.3125,secondary
2560,26.666666666666668,588000,588000.0,secondary
2561,26.677083333333332,588229,588229.6875,secondary
2562,26.696875,588666,588666.09375,secondary
2563,26.707291666666666,588896,588895.78125,secondary
2564,26.71770833333333,589125,589125.46875,secondary
2565,26.728125,589355,589355.15625,secondary
2566,26.738541666666666,589585,589584.84375,secondary
2567,26.74895833333333,589815,589814.53125,secondary
2568,26.75,589838,589837.5,primary
2569,26.760416666666668,590068,590067.1875,secondary
2570,26.770833333333332,590297,590296.875,secondary
2571,26.78125,590527,590526.5625,secondary
2572,26.791666666666668,590757,590756.25,secondary
2573,26.802083333333332,590986,590985.9375,secondary
2574,26.821875,591422,591422.34375,secondary
2575,26.832291666666666,591652,591652.03125,secondary
2576,26.84270833333333,591882,591881.71875,secondary
2577,26.853125,592111,592111.40625,secondary
2578,26.863541666666666,592341,592341.09375,secondary
2579,26.87395833333333,592571,592570.78125,secondary
2580,26.875,592594,592593.75,primary
2581,26.885416666666668,592824,592823.4375,secondary
2582,26.895833333333332,593053,593053.125,secondary
2583,26.90625,593283,593282.8125,secondary
2584,26.916666666666668,593513,593512.5,secondary
2585,26.927083333333332,593742,593742.1875,secondary
2586,26.946875,594179,594178.59375,secondary
2587,26.957291666666666,594408,594408.28125,secondary
2588,26.96770833333333,594638,594637.96875,secondary
2589,26.978125,594868,594867.65625,secondary
2590,26.988541666666666,595097,595097.34375,secondary
2591,26.99895833333333,595327,595327.03125,secondary
2592,27.0,595350,595350.0,primary
2593,27.010416666666668,595580,595579.6875,secondary
2594,27.020833333333332,595809,595809.375,secondary
2595,27.03125,596039,596039.0625,secondary
2596,27.041666666666668,596269,596268.75,secondary
2597,27.052083333333332,596498,596498.4375,secondary
2598,27.071875,596935,596934.84375,secondary
2599,27.082291666666666,597165,597164.53125,secondary
2600,27.09270833333333,597394,597394.21875,secondary
2601,27.103125,597624,597623.90625,secondary
2602,27.113541666666666,597854,597853.59375,secondary
2603,27.12395833333333,598083,598083.28125,secondary
2604,27.125,598106,598106.25,primary
2605,27.135416666666668,598336,598335.9375,secondary
2606,27.145833333333332,598565,598565.625,secondary
2607,27.15625,598795,598795.3125,secondary
2608,27.166666666666668,599025,599025.0,secondary
2609,27.177083333333332,599254,599254.6875,secondary
2610,27.196875,599691,599691.09375,secondary
2611,27.207291666666666,599921,599920.78125,secondary
2612,27.21770833333333,600150,600150.46875,secondary
2613,27.228125,600380,600380.15625,secondary
2614,27.238541666666666,600610,600609.84375,secondary
2615,27.24895833333333,600840,600839.53125,secondary
2616,27.25,600862,600862.5,primary
2617,27.260416666666668,601092,601092.1875,secondary
2618,27.270833333333332,601321,601321.875,secondary
2619,27.28125,601551,601551.5625,secondary
2620,27.291666666666668,601781,601781.25,secondary
2621,27.302083333333332,602010,602010.9375,secondary
2622,27.321875,602447,602447.34375,secondary
2623,27.332291666666666,602677,602677.03125,secondary
2624,27.34270833333333,602907,602906.71875,secondary
2625,27.353125,603136,603136.40625,secondary
2626,27.363541666666666,603366,603366.09375,secondary
2627,27.37395833333333,603596,603595.78125,secondary
2628,27.375,603619,603618.75,primary
2629,27.385416666666668,603849,603848.4375,secondary
2630,27.395833333333332,604078,604078.125,secondary
2631,27.40625,604308,604307.8125,secondary
2632,27.416666666666668,604538,604537.5,secondary
2633,27.427083333333332,604767,604767.1875,secondary
2634,27.446875,605204,605203.59375,secondary
2635,27.457291666666666,605433,605433.28125,secondary
2636,27.46770833333333,605663,605662.96875,secondary
2637,27.478125,605893,605892.65625,secondary
2638,27.488541666666666,606122,606122.34375,secondary
2639,27.49895833333333,606352,606352.03125,secondary
2640,27.5,606375,606375.0,primary
2641,27.510416666666668,606605,606604.6875,secondary
2642,27.520833333333332,606834,606834.375,secondary
2643,27.53125,607064,607064.0625,secondary
2644,27.541666666666668,607294,607293.75,secondary
2645,27.552083333333332,607523,607523.4375,secondary
2646,27.571875,607960,607959.84375,secondary
2647,27.582291666666666,608190,608189.53125,secondary
2648,27.59270833333333,608419,608419.21875,secondary
2649,27.603125,608649,608648.90625,secondary
2650,27.613541666666666,608879,608878.59375,secondary
2651,27.62395833333333,609108,609108.28125,secondary
2652,27.625,609131,609131.25,primary
2653,27.635416666666668,609361,609360.9375,secondary
2654,27.645833333333332,609590,609590.625,secondary
2655,27.65625,609820,609820.3125,secondary
2656,27.666666666666668,610050,610050.0,secondary
2657,27.677083333333332,610279,610279.6875,secondary
2658,27.696875,610716,610716.09375,secondary
2659,27.707291666666666,610946,610945.78125,secondary
2660,27.71770833333333,611175,611175.46875,secondary
2661,27.728125,611405,611405.15625,secondary
2662,27.738541666666666,611635,611634.84375,secondary
2663,27.74895833333333,611865,611864.53125,secondary
2664,27.75,611888,611887.5,primary
2665,27.760416666666668,612118,612117.1875,secondary
2666,27.770833333333332,612347,612346.875,secondary
2667,27.78125,612577,612576.5625,secondary
2668,27.791666666666668,612807,612806.25,secondary
2669,27.802083333333332,613036,613035.9375,secondary
2670,27.821875,613472,613472.34375,secondary
2671,27.832291666666666,613702,613702.03125,secondary
2672,27.84270833333333,613932,613931.71875,secondary
2673,27.853125,614161,614161.40625,secondary
2674,27.863541666666666,614391,614391.09375,secondary
2675,27.87395833333333,614621,614620.78125,secondary
2676,27.875,614644,614643.75,primary
2677,27.885416666666668,614874,614873.4375,secondary
2678,27.895833333333332,615103,615103.125,secondary
2679,27.90625,615333,615332.8125,secondary
2680,27.916666666666668,615563,615562.5,secondary
2681,27.927083333333332,615792,615792.1875,secondary
2682,27.946875,616229,616228.59375,secondary
2683,27.957291666666666,616458,616458.28125,secondary
2684,27.96770833333333,616688,616687.96875,secondary
2685,27.978125,616918,616917.65625,secondary
2686,27.988541666666666,617147,617147.34375,secondary
2687,27.99895833333333,617377,617377.03125,secondary
2688,28.0,617400,617400.0,primary
2689,28.010416666666668,617630,617629.6875,secondary
2690,28.020833333333332,617859,617859.375,secondary
2691,28.03125,618089,618089.0625,secondary
2692,28.041666666666668,618319,618318.75,secondary
2693,28.052083333333332,618548,618548.4375,secondary
2694,28.071875,618985,618984.84375,secondary
2695,28.082291666666666,619215,619214.53125,secondary
2696,28.09270833333333,619444,619444.21875,secondary
2697,28.103125,619674,619673.90625,secondary
2698,28.113541666666666,619904,619903.59375,secondary
2699,28.12395833333333,620133,620133.28125,secondary
2700,28.125,620156,620156.25,primary
2701,28.135416666666668,620386,620385.9375,secondary
2702,28.145833333333332,620615,620615.625,secondary
2703,28.15625,620845,620845.3125,secondary
2704,28.166666666666668,621075,621075.0,secondary
2705,28.177083333333332,621304,621304.6875,secondary
2706,28.196875,621741,621741.09375,secondary
2707,28.207291666666666,621971,621970.78125,secondary
2708,28.21770833333333,622200,622200.46875,secondary
2709,28.228125,622430,622430.15625,secondary
2710,28.238541666666666,622660,622659.84375,secondary
2711,28.24895833333333,622890,622889.53125,secondary
2712,28.25,622912,622912.5,primary
2713,28.260416666666668,623142,623142.1875,secondary
2714,28.270833333333332,623371,623371.875,secondary
2715,28.28125,623601,623601.5625,secondary
2716,28.291666666666668,623831,623831.25,secondary
2717,28.302083333333332,624060,624060.9375,secondary
2718,28.321875,624497,624497.34375,secondary
2719,28.332291666666666,624727,624727.03125,secondary
2720,28.34270833333333,624957,624956.71875,secondary
2721,28.353125,625186,625186.40625,secondary
2722,28.363541666666666,625416,625416.09375,secondary
2723,28.37395833333333,625646,625645.78125,secondary
2724,28.375,625669,625668.75,primary
2725,28.385416666666668,625899,625898.4375,secondary
2726,28.395833333333332,626128,626128.125,secondary
2727,28.40625,626358,626357.8125,secondary
2728,28.416666666666668,626588,626587.5,secondary
2729,28.427083333333332,626817,626817.1875,secondary
2730,28.446875,627254,627253.59375,secondary
2731,28.457291666666666,627483,627483.28125,secondary
2732,28.46770833333333,627713,627712.96875,secondary
2733,28.478125,627943,627942.65625,secondary
2734,28.488541666666666,628172,628172.34375,secondary
2735,28.49895833333333,628402,628402.03125,secondary
2736,28.5,628425,628425.0,primary
2737,28.510416666666668,628655,628654.6875,secondary
2738,28.520833333333332,628884,628884.375,secondary
2739,28.53125,629114,629114.0625,secondary
2740,28.541666666666668,629344,629343.75,secondary
2741,28.552083333333332,629573,629573.4375,secondary
2742,28.571875,630010,630009.84375,secondary
2743,28.582291666666666,630240,630239.53125,secondary
2744,28.59270833333333,630469,630469.21875,secondary
2745,28.603125,630699,630698.90625,secondary
2746,28.613541666666666,630929,630928.59375,secondary
2747,28.62395833333333,631158,631158.28125,secondary
2748,28.625,631181,631181.25,primary
2749,28.635416666666668,631411,631410.9375,secondary
2750,28.645833333333332,631640,631640.625,secondary
2751,28.65625,631870,631870.3125,secondary
2752,28.666666666666668,632100,632100.0,secondary
2753,28.677083333333332,632329,632329.6875,secondary
2754,28.696875,632766,632766.09375,secondary
2755,28.707291666666666,632996,632995.78125,secondary
2756,28.71770833333333,633225,633225.46875,secondary
2757,28.728125,633455,633455.15625,secondary
2758,28.738541666666666,633685,633684.84375,secondary
2759,28.74895833333333,633915,633914.53125,secondary
2760,28.75,633938,633937.5,primary
2761,28.760416666666668,634168,634167.1875,secondary
2762,28.770833333333332,634397,634396.875,secondary
2763,28.78125,634627,634626.5625,secondary
2764,28.791666666666668,634857,634856.25,secondary
2765,28.802083333333332,635086,635085.9375,secondary
2766,28.821875,635522,635522.34375,secondary
2767,28.832291666666666,635752,635752.03125,secondary
2768,28.84270833333333,635982,635981.71875,secondary
2769,28.853125,636211,636211.40625,secondary
2770,28.863541666666666,636441,636441.09375,secondary
2771,28.87395833333333,636671,636670.78125,secondary
2772,28.875,636694,636693.75,primary
2773,28.885416666666668,636924,636923.4375,secondary
2774,28.895833333333332,637153,637153.125,secondary
2775,28.90625,637383,637382.8125,secondary
2776,28.916666666666668,637613,637612.5,secondary
2777,28.927083333333332,637842,637842.1875,secondary
2778,28.946875,638279,638278.59375,secondary
2779,28.957291666666666,638508,638508.28125,secondary
2780,28.96770833333333,638738,638737.96875,secondary
2781,28.978125,638968,638967.65625,secondary
2782,28.988541666666666,639197,639197.34375,secondary
2783,28.99895833333333,639427,639427.03125,secondary
2784,29.0,639450,639450.0,primary
2785,29.010416666666668,639680,639679.6875,secondary
2786,29.020833333333332,639909,639909.375,secondary
2787,29.03125,640139,640139.0625,secondary
2788,29.041666666666668,640369,640368.75,secondary
2789,29.052083333333332,640598,640598.4375,secondary
2790,29.071875,641035,641034.84375,secondary
2791,29.082291666666666,641265,641264.53125,secondary
2792,29.09270833333333,641494,641494.21875,secondary
2793,29.103125,641724,641723.90625,secondary
2794,29.113541666666666,641954,641953.59375,secondary
2795,29.12395833333333,642183,642183.28125,secondary
2796,29.125,642206,642206.25,primary
2797,29.135416666666668,642436,642435.9375,secondary
2798,29.145833333333332,642665,642665.625,secondary
2799,29.15625,642895,642895.3125,secondary
2800,29.166666666666668,643125,643125.0,secondary
2801,29.177083333333332,643354,643354.6875,secondary
2802,29.196875,643791,643791.09375,secondary
2803,29.207291666666666,644021,644020.78125,secondary
2804,29.21770833333333,644250,644250.46875,secondary
2805,29.228125,644480,644480.15625,secondary
2806,29.238541666666666,644710,644709.84375,secondary
2807,29.24895833333333,644940,644939.53125,secondary
2808,29.25,644962,644962.5,primary
2809,29.260416666666668,645192,645192.1875,secondary
2810,29.270833333333332,645421,645421.875,secondary
2811,29.28125,645651,645651.5625,secondary
2812,29.291666666666668,645881,645881.25,secondary
2813,29.302083333333332,646110,646110.9375,secondary
2814,29.321875,646547,646547.34375,secondary
2815,29.332291666666666,646777,646777.03125,secondary
2816,29.34270833333333,647007,647006.71875,secondary
2817,29.353125,647236,647236.40625,secondary
2818,29.363541666666666,647466,647466.09375,secondary
2819,29.37395833333333,647696,647695.78125,secondary
2820,29.375,647719,647718.75,primary
2821,29.385416666666668,647949,647948.4375,secondary
2822,29.395833333333332,648178,648178.125,secondary
2823,29.40625,648408,648407.8125,secondary
2824,29.416666666666668,648638,648637.5,secondary
2825,29.427083333333332,648867,648867.1875,secondary
2826,29.446875,649304,649303.59375,secondary
2827,29.457291666666666,649533,649533.28125,secondary
2828,29.46770833333333,649763,649762.96875,secondary
2829,29.478125,649993,649992.65625,secondary
2830,29.488541666666666,650222,650222.34375,secondary
2831,29.49895833333333,650452,650452.03125,secondary
2832,29.5,650475,650475.0,primary
2833,29.510416666666668,650705,650704.6875,secondary
2834,29.520833333333332,650934,650934.375,secondary
2835,29.53125,651164,651164.0625,secondary
2836,29.541666666666668,651394,651393.75,secondary
2837,29.552083333333332,651623,651623.4375,secondary
2838,29.571875,652060,652059.84375,secondary
2839,29.582291666666666,652290,652289.53125,secondary
2840,29.59270833333333,652519,652519.21875,secondary
2841,29.603125,652749,652748.90625,secondary
2842,29.613541666666666,652979,652978.59375,secondary
2843,29.62395833333333,653208,653208.28125,secondary
2844,29.625,653231,653231.25,primary
2845,29.635416666666668,653461,653460.9375,secondary
2846,29.645833333333332,653690,653690.625,secondary
2847,29.65625,653920,653920.3125,secondary
2848,29.666666666666668,654150,654150.0,secondary
2849,29.677083333333332,654379,654379.6875,secondary
2850,29.696875,654816,654816.09375,secondary
2851,29.707291666666666,655046,655045.78125,secondary
2852,29.71770833333333,655275,655275.46875,secondary
2853,29.728125,655505,655505.15625,secondary
2854,29.738541666666666,655735,655734.84375,secondary
2855,29.74895833333333,655965,655964.53125,secondary
2856,29.75,655988,655987.5,primary
2857,29.760416666666668,656218,656217.1875,secondary
2858,29.770833333333332,656447,656446.875,secondary
2859,29.78125,656677,656676.5625,secondary
2860,29.791666666666668,656907,656906.25,secondary
2861,29.802083333333332,657136,657135.9375,secondary
2862,29.821875,657572,657572.34375,secondary
2863,29.832291666666666,657802,657802.03125,secondary
2864,29.84270833333333,658032,658031.71875,secondary
2865,29.853125,658261,658261.40625,secondary
2866,29.863541666666666,658491,658491.09375,secondary
2867,29.87395833333333,658721,658720.78125,secondary
2868,29.875,658744,658743.75,primary
2869,29.885416666666668,658974,658973.4375,secondary
2870,29.895833333333332,659203,659203.125,secondary
2871,29.90625,659433,659432.8125,secondary
2872,29.916666666666668,659663,659662.5,secondary
2873,29.927083333333332,659892,659892.1875,secondary
2874,29.946875,660329,660328.59375,secondary
2875,29.957291666666666,660558,660558.28125,secondary
2876,29.96770833333333,660788,660787.96875,secondary
2877,29.978125,661018,661017.65625,secondary
2878,29.988541666666666,661247,661247.34375,secondary
2879,29.99895833333333,661477,661477.03125,secondary
2880,30.0,661500,661500.0,primary
2881,30.010416666666668,661730,661729.6875,secondary
2882,30.020833333333332,661959,661959.375,secondary
2883,30.03125,662189,662189.0625,secondary
2884,30.041666666666668,662419,662418.75,secondary
2885,30.052083333333332,662648,662648.4375,secondary
2886,30.071875,663085,663084.84375,secondary
2887,30.082291666666666,663315,663314.53125,secondary
2888,30.09270833333333,663544,663544.21875,secondary
2889,30.103125,663774,663773.90625,secondary
2890,30.113541666666666,664004,664003.59375,secondary
2891,30.12395833333333,664233,664233.28125,secondary
2892,30.125,664256,664256.25,primary
2893,30.135416666666668,664486,664485.9375,secondary
2894,30.145833333333332,664715,664715.625,secondary
2895,30.15625,664945,664945.3125,secondary
2896,30.166666666666668,665175,665175.0,secondary
2897,30.177083333333332,665404,665404.6875,secondary
2898,30.196875,665841,665841.09375,secondary
2899,30.207291666666666,666071,666070.78125,secondary
2900,30.21770833333333,666300,666300.46875,secondary
2901,30.228125,666530,666530.15625,secondary
2902,30.238541666666666,666760,666759.84375,secondary
2903,30.24895833333333,666990,666989.53125,secondary
2904,30.25,667012,667012.5,primary
2905,30.260416666666668,667242,667242.1875,secondary
2906,30.270833333333332,667471,667471.875,secondary
2907,30.28125,667701,667701.5625,secondary
2908,30.291666666666668,667931,667931.25,secondary
2909,30.302083333333332,668160,668160.9375,secondary
2910,30.321875,668597,668597.34375,secondary
2911,30.332291666666666,668827,668827.03125,secondary
2912,30.34270833333333,669057,669056.71875,secondary
2913,30.353125,669286,669286.40625,secondary
2914,30.363541666666666,669516,669516.09375,secondary
2915,30.37395833333333,669746,669745.78125,secondary
2916,30.375,669769,669768.75,primary
2917,30.385416666666668,669999,669998.4375,secondary
2918,30.395833333333332,670228,670228.125,secondary
2919,30.40625,670458,670457.8125,secondary
2920,30.416666666666668,670688,670687.5,secondary
2921,30.427083333333332,670917,670917.1875,secondary
2922,30.446875,671354,671353.59375,secondary
2923,30.457291666666666,671583,671583.28125,secondary
2924,30.46770833333333,671813,671812.96875,secondary
2925,30.478125,672043,672042.65625,secondary
2926,30.488541666666666,672272,672272.34375,secondary
2927,30.49895833333333,672502,672502.03125,secondary
2928,30.5,672525,672525.0,primary
2929,30.510416666666668,672755,672754.6875,secondary
2930,30.520833333333332,672984,672984.375,secondary
2931,30.53125,673214,673214.0625,secondary
2932,30.541666666666668,673444,673443.75,secondary
2933,30.552083333333332,673673,673673.4375,secondary
2934,30.571875,674110,674109.84375,secondary
2935,30.582291666666666,674340,674339.53125,secondary
2936,30.59270833333333,674569,674569.21875,secondary
2937,30.603125,674799,674798.90625,secondary
2938,30.613541666666666,675029,675028.59375,secondary
2939,30.62395833333333,675258,675258.28125,secondary
2940,30.625,675281,675281.25,primary
2941,30.635416666666668,675511,675510.9375,secondary
2942,30.645833333333332,675740,675740.625,secondary
2943,30.65625,675970,675970.3125,secondary
2944,30.666666666666668,676200,676200.0,secondary
2945,30.677083333333332,676429,676429.6875,secondary
2946,30.696875,676866,676866.09375,secondary
2947,30.707291666666666,677096,677095.78125,secondary
2948,30.71770833333333,677325,677325.46875,secondary
2949,30.728125,677555,677555.15625,secondary
2950,30.738541666666666,677785,677784.84375,secondary
2951,30.74895833333333,678015,678014.53125,secondary
2952,30.75,678038,678037.5,primary
2953,30.760416666666668,678268,678267.1875,secondary
2954,30.770833333333332,678497,678496.875,secondary
2955,30.78125,678727,678726.5625,secondary
2956,30.791666666666668,678957,678956.25,secondary
2957,30.802083333333332,679186,679185.9375,secondary
2958,30.821875,679622,679622.34375,secondary
2959,30.832291666666666,679852,679852.03125,secondary
2960,30.84270833333333,680082,680081.71875,secondary
2961,30.853125,680311,680311.40625,secondary
2962,30.863541666666666,680541,680541.09375,secondary
2963,30.87395833333333,680771,680770.78125,secondary
2964,30.875,680794,680793.75,primary
2965,30.885416666666668,681024,681023.4375,secondary
2966,30.895833333333332,681253,681253.125,secondary
2967,30.90625,681483,681482.8125,secondary
2968,30.916666666666668,681713,681712.5,secondary
2969,30.927083333333332,681942,681942.1875,secondary
2970,30.946875,682379,682378.59375,secondary
2971,30.957291666666666,682608,682608.28125,secondary
2972,30.96770833333333,682838,682837.96875,secondary
2973,30.978125,683068,683067.65625,secondary
2974,30.988541666666666,683297,683297.34375,secondary
2975,30.99895833333333,683527,683527.03125,secondary
2976,31.0,683550,683550.0,primary
2977,31.010416666666668,683780,683779.6875,secondary
2978,31.020833333333332,684009,684009.375,secondary
2979,31.03125,684239,684239.0625,secondary
2980,31.041666666666668,684469,684468.75,secondary
2981,31.052083333333332,684698,684698.4375,secondary
2982,31.071875,685135,685134.84375,secondary
2983,31.082291666666666,685365,685364.53125,secondary
2984,31.09270833333333,685594,685594.21875,secondary
2985,31.103125,685824,685823.90625,secondary
2986,31.113541666666666,686054,686053.59375,secondary
2987,31.12395833333333,686283,686283.28125,secondary
2988,31.125,686306,686306.25,primary
2989,31.135416666666668,686536,686535.9375,secondary
2990,31.145833333333332,686765,686765.625,secondary
2991,31.15625,686995,686995.3125,secondary
2992,31.166666666666668,687225,687225.0,secondary
2993,31.177083333333332,687454,687454.6875,secondary
2994,31.196875,687891,687891.09375,secondary
2995,31.207291666666666,688121,688120.78125,secondary
2996,31.21770833333333,688350,688350.46875,secondary
2997,31.228125,688580,688580.15625,secondary
2998,31.238541666666666,688810,688809.84375,secondary
2999,31.24895833333333,689040,689039.53125,secondary
3000,31.25,689062,689062.5,primary
3001,31.260416666666668,689292,689292.1875,secondary
3002,31.270833333333332,689521,689521.875,secondary
3003,31.28125,689751,689751.5625,secondary
3004,31.291666666666668,689981,689981.25,secondary
3005,31.302083333333332,690210,690210.9375,secondary
3006,31.321875,690647,690647.34375,secondary
3007,31.332291666666666,690877,690877.03125,secondary
3008,31.34270833333333,691107,691106.71875,secondary
3009,31.353125,691336,691336.40625,secondary
3010,31.363541666666666,691566,691566.09375,secondary
3011,31.37395833333333,691796,691795.78125,secondary
3012,31.375,691819,691818.75,primary
3013,31.385416666666668,692049,692048.4375,secondary
3014,31.395833333333332,692278,692278.125,secondary
3015,31.40625,692508,692507.8125,secondary
3016,31.416666666666668,692738,692737.5,secondary
3017,31.427083333333332,692967,692967.1875,secondary
3018,31.446875,693404,693403.59375,secondary
3019,31.457291666666666,693633,693633.28125,secondary
3020,31.46770833333333,693863,693862.96875,secondary
3021,31.478125,694093,694092.65625,secondary
3022,31.488541666666666,694322,694322.34375,secondary
3023,31.49895833333333,694552,694552.03125,secondary
3024,31.5,694575,694575.0,primary
3025,31.510416666666668,694805,694804.6875,secondary
3026,31.520833333333332,695034,695034.375,secondary
3027,31.53125,695264,695264.0625,secondary
3028,31.541666666666668,695494,695493.75,secondary
3029,31.552083333333332,695723,695723.4375,secondary
3030,31.571875,696160,696159.84375,secondary
3031,31.582291666666666,696390,696389.53125,secondary
3032,31.59270833333333,696619,696619.21875,secondary
3033,31.603125,696849,696848.90625,secondary
3034,31.613541666666666,697079,697078.59375,secondary
3035,31.62395833333333,697308,697308.28125,secondary
3036,31.625,697331,697331.25,primary
3037,31.635416666666668,697561,697560.9375,secondary
3038,31.645833333333332,697790,697790.625,secondary
3039,31.65625,698020,698020.3125,secondary
3040,31.666666666666668,698250,698250.0,secondary
3041,31.677083333333332,698479,698479.6875,secondary
3042,31.696875,698916,698916.09375,secondary
3043,31.707291666666666,699146,699145.78125,secondary
3044,31.71770833333333,699375,699375.46875,secondary
3045,31.728125,699605,699605.15625,secondary
3046,31.738541666666666,699835,699834.84375,secondary
3047,31.74895833333333,700065,700064.53125,secondary
3048,31.75,700088,700087.5,primary
3049,31.760416666666668,700318,700317.1875,secondary
3050,31.770833333333332,700547,700546.875,secondary
3051,31.78125,700777,700776.5625,secondary
3052,31.791666666666668,701007,701006.25,secondary
3053,31.802083333333332,701236,701235.9375,secondary
3054,31.821875,701672,701672.34375,secondary
3055,31.832291666666666,701902,701902.03125,secondary
3056,31.84270833333333,702132,702131.71875,secondary
3057,31.853125,702361,702361.40625,secondary
3058,31.863541666666666,702591,702591.09375,secondary
3059,31.87395833333333,702821,702820.78125,secondary
3060,31.875,702844,702843.75,primary
3061,31.885416666666668,703074,703073.4375,secondary
3062,31.895833333333332,703303,703303.125,secondary
3063,31.90625,703533,703532.8125,secondary
3064,31.916666666666668,703763,703762.5,secondary
3065,31.927083333333332,703992,703992.1875,secondary
3066,31.946875,704429,704428.59375,secondary
3067,31.957291666666666,704658,704658.28125,secondary
3068,31.96770833333333,704888,704887.96875,secondary
3069,31.978125,705118,705117.65625,secondary
3070,31.988541666666666,705347,705347.34375,secondary
3071,31.99895833333333,705577,705577.03125,secondary
3072,32.0,705600,705600.0,primary
3073,32.010416666666664,705830,705829.6875,secondary
3074,32.020833333333336,706059,706059.375,secondary
3075,32.03125,706289,706289.0625,secondary
3076,32.041666666666664,706519,706518.75,secondary
3077,32.052083333333336,706748,706748.4375,secondary
3078,32.071875,707185,707184.84375,secondary
3079,32.08229166666666,707415,707414.5312499999,secondary
3080,32.092708333333334,707644,707644.21875,secondary
3081,32.103125,707874,707873.90625,secondary
3082,32.11354166666666,708104,708103.5937499999,secondary
3083,32.123958333333334,708333,708333.28125,secondary
3084,32.125,708356,708356.25,primary
3085,32.135416666666664,708586,708585.9375,secondary
3086,32.145833333333336,708815,708815.625,secondary
3087,32.15625,709045,709045.3125,secondary
3088,32.166666666666664,709275,709275.0,secondary
3089,32.177083333333336,709504,709504.6875,secondary
3090,32.196875,709941,709941.09375,secondary
3091,32.20729166666666,710171,710170.7812499999,secondary
3092,32.217708333333334,710400,710400.46875,secondary
3093,32.228125,710630,710630.15625,secondary
3094,32.23854166666666,710860,710859.8437499999,secondary
3095,32.248958333333334,711090,711089.53125,secondary
3096,32.25,711112,711112.5,primary
3097,32.260416666666664,711342,711342.1875,secondary
3098,32.270833333333336,711571,711571.875,secondary
3099,32.28125,711801,711801.5625,secondary
3100,32.291666666666664,712031,712031.25,secondary
3101,32.302083333333336,712260,712260.9375,secondary
3102,32.321875,712697,712697.34375,secondary
3103,32.33229166666666,712927,712927.0312499999,secondary
3104,32.342708333333334,713157,713156.71875,secondary
3105,32.353125,713386,713386.40625,secondary
3106,32.36354166666666,713616,713616.0937499999,secondary
3107,32.373958333333334,713846,713845.78125,secondary
3108,32.375,713869,713868.75,primary
3109,32.385416666666664,714099,714098.4375,secondary
3110,32.395833333333336,714328,714328.125,secondary
3111,32.40625,714558,714557.8125,secondary
3112,32.416666666666664,714788,714787.5,secondary
3113,32.427083333333336,715017,715017.1875,secondary
3114,32.446875,715454,715453.59375,secondary
3115,32.45729166666666,715683,715683.2812499999,secondary
3116,32.467708333333334,715913,715912.96875,secondary
3117,32.478125,716143,716142.65625,secondary
3118,32.48854166666666,716372,716372.3437499999,secondary
3119,32.498958333333334,716602,716602.03125,secondary
3120,32.5,716625,716625.0,primary
3121,32.510416666666664,716855,716854.6875,secondary
3122,32.520833333333336,717084,717084.375,secondary
3123,32.53125,717314,717314.0625,secondary
3124,32.541666666666664,717544,717543.75,secondary
3125,32.552083333333336,717773,717773.4375,secondary
3126,32.571875,718210,718209.84375,secondary
3127,32.58229166666666,718440,718439.5312499999,secondary
3128,32.592708333333334,718669,718669.21875,secondary
3129,32.603125,718899,718898.90625,secondary
3130,32.61354166666666,719129,719128.5937499999,secondary
3131,32.623958333333334,719358,719358.28125,secondary
3132,32.625,719381,719381.25,primary
3133,32.635416666666664,719611,719610.9375,secondary
3134,32.645833333333336,719840,719840.625,secondary
3135,32.65625,720070,720070.3125,secondary
3136,32.666666666666664,720300,720300.0,secondary
3137,32.677083333333336,720529,720529.6875,secondary
3138,32.696875,720966,720966.09375,secondary
3139,32.70729166666666,721196,721195.7812499999,secondary
3140,32.717708333333334,721425,721425.46875,secondary
3141,32.728125,721655,721655.15625,secondary
3142,32.73854166666666,721885,721884.8437499999,secondary
3143,32.748958333333334,722115,722114.53125,secondary
3144,32.75,722138,722137.5,primary
3145,32.760416666666664,722368,722367.1875,secondary
3146,32.770833333333336,722597,722596.875,secondary
3147,32.78125,722827,722826.5625,secondary
3148,32.791666666666664,723057,723056.25,secondary
3149,32.802083333333336,723286,723285.9375,secondary
3150,32.821875,723722,723722.34375,secondary
3151,32.83229166666666,723952,723952.0312499999,secondary
3152,32.842708333333334,724182,724181.71875,secondary
3153,32.853125,724411,724411.40625,secondary
3154,32.86354166666666,724641,724641.0937499999,secondary
3155,32.873958333333334,724871,724870.78125,secondary
3156,32.875,724894,724893.75,primary
3157,32.885416666666664,725124,725123.4375,secondary
3158,32.895833333333336,725353,725353.125,secondary
3159,32.90625,725583,725582.8125,secondary
3160,32.916666666666664,725813,725812.5,secondary
3161,32.927083333333336,726042,726042.1875,secondary
3162,32.946875,726479,726478.59375,secondary
3163,32.95729166666666,726708,726708.2812499999,secondary
3164,32.967708333333334,726938,726937.96875,secondary
3165,32.978125,727168,727167.65625,secondary
3166,32.98854166666666,727397,727397.3437499999,secondary
3167,32.998958333333334,727627,727627.03125,secondary
3168,33.0,727650,727650.0,primary
3169,33.010416666666664,727880,727879.6875,secondary
3170,33.020833333333336,728109,728109.375,secondary
3171,33.03125,728339,728339.0625,secondary
3172,33.041666666666664,728569,728568.75,secondary
3173,33.052083333333336,728798,728798.4375,secondary
3174,33.071875,729235,729234.84375,secondary
3175,33.08229166666666,729465,729464.5312499999,secondary
3176,33.092708333333334,729694,729694.21875,secondary
3177,33.103125,729924,729923.90625,secondary
3178,33.11354166666666,730154,730153.5937499999,secondary
3179,33.123958333333334,730383,730383.28125,secondary
3180,33.125,730406,730406.25,primary
3181,33.135416666666664,730636,730635.9375,secondary
3182,33.145833333333336,730865,730865.625,secondary
3183,33.15625,731095,731095.3125,secondary
3184,33.166666666666664,731325,731325.0,secondary
3185,33.177083333333336,731554,731554.6875,secondary
3186,33.196875,731991,731991.09375,secondary
3187,33.20729166666666,732221,732220.7812499999,secondary
3188,33.217708333333334,732450,732450.46875,secondary
3189,33.228125,732680,732680.15625,secondary
3190,33.23854166666666,732910,732909.8437499999,secondary
3191,33.248958333333334,733140,733139.53125,secondary
3192,33.25,733162,733162.5,primary
3193,33.260416666666664,733392,733392.1875,secondary
3194,33.270833333333336,733621,733621.875,secondary
3195,33.28125,733851,733851.5625,secondary
3196,33.291666666666664,734081,734081.25,secondary
3197,33.302083333333336,734310,734310.9375,secondary
3198,33.321875,734747,734747.34375,secondary
3199,33.33229166666666,734977,734977.0312499999,secondary
3200,33.342708333333334,735207,735206.71875,secondary
3201,33.353125,735436,735436.40625,secondary
3202,33.36354166666666,735666,735666.0937499999,secondary
3203,33.373958333333334,735896,735895.78125,secondary
3204,33.375,735919,735918.75,primary
3205,33.385416666666664,736149,736148.4375,secondary
3206,33.395833333333336,736378,736378.125,secondary
3207,33.40625,736608,736607.8125,secondary
3208,33.416666666666664,736838,736837.5,secondary
3209,33.427083333333336,737067,737067.1875,secondary
3210,33.446875,737504,737503.59375,secondary
3211,33.45729166666666,737733,737733.2812499999,secondary
3212,33.467708333333334,737963,737962.96875,secondary
3213,33.478125,738193,738192.65625,secondary
3214,33.48854166666666,738422,738422.3437499999,secondary
3215,33.498958333333334,738652,738652.03125,secondary
3216,33.5,738675,738675.0,primary
3217,33.510416666666664,738905,738904.6875,secondary
3218,33.520833333333336,739134,739134.375,secondary
3219,33.53125,739364,739364.0625,secondary
3220,33.541666666666664,739594,739593.75,secondary
3221,33.552083333333336,739823,739823.4375,secondary
3222,33.571875,740260,740259.84375,secondary
3223,33.58229166666666,740490,740489.5312499999,secondary
3224,33.592708333333334,740719,740719.21875,secondary
3225,33.603125,740949,740948.90625,secondary
3226,33.61354166666666,741179,741178.5937499999,secondary
3227,33.623958333333334,741408,741408.28125,secondary
3228,33.625,741431,741431.25,primary
3229,33.635416666666664,741661,741660.9375,secondary
3230,33.645833333333336,741890,741890.625,secondary
3231,33.65625,742120,742120.3125,secondary
3232,33.666666666666664,742350,742350.0,secondary
3233,33.677083333333336,742579,742579.6875,secondary
3234,33.696875,743016,743016.09375,secondary
3235,33.70729166666666,743246,743245.7812499999,secondary
3236,33.717708333333334,743475,743475.46875,secondary
3237,33.728125,743705,743705.15625,secondary
3238,33.73854166666666,743935,743934.8437499999,secondary
3239,33.748958333333334,744165,744164.53125,secondary
3240,33.75,744188,744187.5,primary
3241,33.760416666666664,744418,744417.1875,secondary
3242,33.770833333333336,744647,744646.875,secondary
3243,33.78125,744877,744876.5625,secondary
3244,33.791666666666664,745107,745106.25,secondary
3245,33.802083333333336,745336,745335.9375,secondary
3246,33.821875,745772,745772.34375,secondary
3247,33.83229166666666,746002,746002.0312499999,secondary
3248,33.842708333333334,746232,746231.71875,secondary
3249,33.853125,746461,746461.40625,secondary
3250,33.86354166666666,746691,746691.0937499999,secondary
3251,33.873958333333334,746921,746920.78125,secondary
3252,33.875,746944,746943.75,primary
3253,33.885416666666664,747174,747173.4375,secondary
3254,33.895833333333336,747403,747403.125,secondary
3255,33.90625,747633,747632.8125,secondary
3256,33.916666666666664,747863,747862.5,secondary
3257,33.927083333333336,748092,748092.1875,secondary
3258,33.946875,748529,748528.59375,secondary
3259,33.95729166666666,748758,748758.2812499999,secondary
3260,33.967708333333334,748988,748987.96875,secondary
3261,33.978125,749218,749217.65625,secondary
3262,33.98854166666666,749447,749447.3437499999,secondary
3263,33.998958333333334,749677,749677.03125,secondary
3264,34.0,749700,749700.0,primary
3265,34.010416666666664,749930,749929.6875,secondary
3266,34.020833333333336,750159,750159.375,secondary
3267,34.03125,750389,750389.0625,secondary
3268,34.041666666666664,750619,750618.75,secondary
3269,34.052083333333336,750848,750848.4375,secondary
3270,34.071875,751285,751284.84375,secondary
3271,34.08229166666666,751515,751514.5312499999,secondary
3272,34.092708333333334,751744,751744.21875,secondary
3273,34.103125,751974,751973.90625,secondary
3274,34.11354166666666,752204,752203.5937499999,secondary
3275,34.123958333333334,752433,752433.28125,secondary
3276,34.125,752456,752456.25,primary
3277,34.135416666666664,752686,752685.9375,secondary
3278,34.145833333333336,752915,752915.625,secondary
3279,34.15625,753145,753145.3125,secondary
3280,34.166666666666664,753375,753375.0,secondary
3281,34.177083333333336,753604,753604.6875,secondary
3282,34.196875,754041,754041.09375,secondary
3283,34.20729166666666,754271,754270.7812499999,secondary
3284,34.217708333333334,754500,754500.46875,secondary
3285,34.228125,754730,754730.15625,secondary
3286,34.23854166666666,754960,754959.8437499999,secondary
3287,34.248958333333334,755190,755189.53125,secondary
3288,34.25,755212,755212.5,primary
3289,34.260416666666664,755442,755442.1875,secondary
3290,34.270833333333336,755671,755671.875,secondary
3291,34.28125,755901,755901.5625,secondary
3292,34.291666666666664,756131,756131.25,secondary
3293,34.302083333333336,756360,756360.9375,secondary
3294,34.321875,756797,756797.34375,secondary
3295,34.33229166666666,757027,757027.0312499999,secondary
3296,34.342708333333334,757257,757256.71875,secondary
3297,34.353125,757486,757486.40625,secondary
3298,34.36354166666666,757716,757716.0937499999,secondary
3299,34.373958333333334,757946,757945.78125,secondary
3300,34.375,757969,757968.75,primary
3301,34.385416666666664,758199,758198.4375,secondary
3302,34.395833333333336,758428,758428.125,secondary
3303,34.40625,758658,758657.8125,secondary
3304,34.416666666666664,758888,758887.5,secondary
3305,34.427083333333336,759117,759117.1875,secondary
3306,34.446875,759554,759553.59375,secondary
3307,34.45729166666666,759783,759783.2812499999,secondary
3308,34.467708333333334,760013,760012.96875,secondary
3309,34.478125,760243,760242.65625,secondary
3310,34.48854166666666,760472,760472.3437499999,secondary
3311,34.498958333333334,760702,760702.03125,secondary
3312,34.5,760725,760725.0,primary
3313,34.510416666666664,760955,760954.6875,secondary
3314,34.520833333333336,761184,761184.375,secondary
3315,34.53125,761414,761414.0625,secondary
3316,34.541666666666664,761644,761643.75,secondary
3317,34.552083333333336,761873,761873.4375,secondary
3318,34.571875,762310,762309.84375,secondary
3319,34.58229166666666,762540,762539.5312499999,secondary
3320,34.592708333333334,762769,762769.21875,secondary
3321,34.603125,762999,762998.90625,secondary
3322,34.61354166666666,763229,763228.5937499999,secondary
3323,34.623958333333334,763458,763458.28125,secondary
3324,34.625,763481,763481.25,primary
3325,34.635416666666664,763711,763710.9375,secondary
3326,34.645833333333336,763940,763940.625,secondary
3327,34.65625,764170,764170.3125,secondary
3328,34.666666666666664,764400,764400.0,secondary
3329,34.677083333333336,764629,764629.6875,secondary
3330,34.696875,765066,765066.09375,secondary
3331,34.70729166666666,765296,765295.7812499999,secondary
3332,34.717708333333334,765525,765525.46875,secondary
3333,34.728125,765755,765755.15625,secondary
3334,34.73854166666666,765985,765984.8437499999,secondary
3335,34.748958333333334,766215,766214.53125,secondary
3336,34.75,766238,766237.5,primary
3337,34.760416666666664,766468,766467.1875,secondary
3338,34.770833333333336,766697,766696.875,secondary
3339,34.78125,766927,766926.5625,secondary
3340,34.791666666666664,767157,767156.25,secondary
3341,34.802083333333336,767386,767385.9375,secondary
3342,34.821875,767822,767822.34375,secondary
3343,34.83229166666666,768052,768052.0312499999,secondary
3344,34.842708333333334,768282,768281.71875,secondary
3345,34.853125,768511,768511.40625,secondary
3346,34.86354166666666,768741,768741.0937499999,secondary
3347,34.873958333333334,768971,768970.78125,secondary
3348,34.875,768994,768993.75,primary
3349,34.885416666666664,769224,769223.4375,secondary
3350,34.895833333333336,769453,769453.125,secondary
3351,34.90625,769683,769682.8125,secondary
3352,34.916666666666664,769913,769912.5,secondary
3353,34.927083333333336,770142,770142.1875,secondary
3354,34.946875,770579,770578.59375,secondary
3355,34.95729166666666,770808,770808.2812499999,secondary
3356,34.967708333333334,771038,771037.96875,secondary
3357,34.978125,771268,771267.65625,secondary
3358,34.98854166666666,771497,771497.3437499999,secondary
3359,34.998958333333334,771727,771727.03125,secondary
3360,35.0,771750,771750.0,primary
3361,35.010416666666664,771980,771979.6875,secondary
3362,35.020833333333336,772209,772209.375,secondary
3363,35.03125,772439,772439.0625,secondary
3364,35.041666666666664,772669,772668.75,secondary
3365,35.052083333333336,772898,772898.4375,secondary
3366,35.071875,773335,773334.84375,secondary
3367,35.08229166666666,773565,773564.5312499999,secondary
3368,35.092708333333334,773794,773794.21875,secondary
3369,35.103125,774024,774023.90625,secondary
3370,35.11354166666666,774254,774253.5937499999,secondary
3371,35.123958333333334,774483,774483.28125,secondary
3372,35.125,774506,774506.25,primary
3373,35.135416666666664,774736,774735.9375,secondary
3374,35.145833333333336,774965,774965.625,secondary
3375,35.15625,775195,775195.3125,secondary
3376,35.166666666666664,775425,775425.0,secondary
3377,35.177083333333336,775654,775654.6875,secondary
3378,35.196875,776091,776091.09375,secondary
3379,35.20729166666666,776321,776320.7812499999,secondary
3380,35.217708333333334,776550,776550.46875,secondary
3381,35.228125,776780,776780.15625,secondary
3382,35.23854166666666,777010,777009.8437499999,secondary
3383,35.248958333333334,777240,777239.53125,secondary
3384,35.25,777262,777262.5,primary
3385,35.260416666666664,777492,777492.1875,secondary
3386,35.270833333333336,777721,777721.875,secondary
3387,35.28125,777951,777951.5625,secondary
3388,35.291666666666664,778181,778181.25,secondary
3389,35.302083333333336,778410,778410.9375,secondary
3390,35.321875,778847,778847.34375,secondary
3391,35.33229166666666,779077,779077.0312499999,secondary
3392,35.342708333333334,779307,779306.71875,secondary
3393,35.353125,779536,779536.40625,secondary
3394,35.36354166666666,779766,779766.0937499999,secondary
3395,35.373958333333334,779996,779995.78125,secondary
3396,35.375,780019,780018.75,primary
3397,35.385416666666664,780249,780248.4375,secondary
3398,35.395833333333336,780478,780478.125,secondary
3399,35.40625,780708,780707.8125,secondary
3400,35.416666666666664,780938,780937.5,secondary
3401,35.427083333333336,781167,781167.1875,secondary
3402,35.446875,781604,781603.59375,secondary
3403,35.45729166666666,781833,781833.2812499999,secondary
3404,35.467708333333334,782063,782062.96875,secondary
3405,35.478125,782293,782292.65625,secondary
3406,35.48854166666666,782522,782522.3437499999,secondary
3407,35.498958333333334,782752,782752.03125,secondary
3408,35.5,782775,782775.0,primary
3409,35.510416666666664,783005,783004.6875,secondary
3410,35.520833333333336,783234,783234.375,secondary
3411,35.53125,783464,783464.0625,secondary
3412,35.541666666666664,783694,783693.75,secondary
3413,35.552083333333336,783923,783923.4375,secondary
3414,35.571875,784360,784359.84375,secondary
3415,35.58229166666666,784590,784589.5312499999,secondary
3416,35.592708333333334,784819,784819.21875,secondary
3417,35.603125,785049,785048.90625,secondary
3418,35.61354166666666,785279,785278.5937499999,secondary
3419,35.623958333333334,785508,785508.28125,secondary
3420,35.625,785531,785531.25,primary
3421,35.635416666666664,785761,785760.9375,secondary
3422,35.645833333333336,785990,785990.625,secondary
3423,35.65625,786220,786220.3125,secondary
3424,35.666666666666664,786450,786450.0,secondary
3425,35.677083333333336,786679,786679.6875,secondary
3426,35.696875,787116,787116.09375,secondary
3427,35.70729166666666,787346,787345.7812499999,secondary
3428,35.717708333333334,787575,787575.46875,secondary
3429,35.728125,787805,787805.15625,secondary
3430,35.73854166666666,788035,788034.8437499999,secondary
3431,35.748958333333334,788265,788264.53125,secondary
3432,35.75,788288,788287.5,primary
3433,35.760416666666664,788518,788517.1875,secondary
3434,35.770833333333336,788747,788746.875,secondary
3435,35.78125,788977,788976.5625,secondary
3436,35.791666666666664,789207,789206.25,secondary
3437,35.802083333333336,789436,789435.9375,secondary
3438,35.821875,789872,789872.34375,secondary
3439,35.83229166666666,790102,790102.0312499999,secondary
3440,35.842708333333334,790332,790331.71875,secondary
3441,35.853125,790561,790561.40625,secondary
3442,35.86354166666666,790791,790791.0937499999,secondary
3443,35.873958333333334,791021,791020.78125,secondary
3444,35.875,791044,791043.75,primary
3445,35.885416666666664,791274,791273.4375,secondary
3446,35.895833333333336,791503,791503.125,secondary
3447,35.90625,791733,791732.8125,secondary
3448,35.916666666666664,791963,791962.5,secondary
3449,35.927083333333336,792192,792192.1875,secondary
3450,35.946875,792629,792628.59375,secondary
3451,35.95729166666666,792858,792858.2812499999,secondary
3452,35.967708333333334,793088,793087.96875,secondary
3453,35.978125,793318,793317.65625,secondary
3454,35.98854166666666,793547,793547.3437499999,secondary
3455,35.998958333333334,793777,793777.03125,secondary
3456,36.0,793800,793800.0,primary
3457,36.010416666666664,794030,794029.6875,secondary
3458,36.020833333333336,794259,794259.375,secondary
3459,36.03125,794489,794489.0625,secondary
3460,36.041666666666664,794719,794718.75,secondary
3461,36.052083333333336,794948,794948.4375,secondary
3462,36.071875,795385,795384.84375,secondary
3463,36.08229166666666,795615,795614.5312499999,secondary
3464,36.092708333333334,795844,795844.21875,secondary
3465,36.103125,796074,796073.90625,secondary
3466,36.11354166666666,796304,796303.5937499999,secondary
3467,36.123958333333334,796533,796533.28125,secondary
3468,36.125,796556,796556.25,primary
3469,36.135416666666664,796786,796785.9375,secondary
3470,36.145833333333336,797015,797015.625,secondary
3471,36.15625,797245,797245.3125,secondary
3472,36.166666666666664,797475,797475.0,secondary
3473,36.177083333333336,797704,797704.6875,secondary
3474,36.196875,798141,798141.09375,secondary
3475,36.20729166666666,798371,798370.7812499999,secondary
3476,36.217708333333334,798600,798600.46875,secondary
3477,36.228125,798830,798830.15625,secondary
3478,36.23854166666666,799060,799059.8437499999,secondary
3479,36.248958333333334,799290,799289.53125,secondary
3480,36.25,799312,799312.5,primary
3481,36.260416666666664,799542,799542.1875,secondary
3482,36.270833333333336,799771,799771.875,secondary
3483,36.28125,800001,800001.5625,secondary
3484,36.291666666666664,800231,800231.25,secondary
3485,36.302083333333336,800460,800460.9375,secondary
3486,36.321875,800897,800897.34375,secondary
3487,36.33229166666666,801127,801127.0312499999,secondary
3488,36.342708333333334,801357,801356.71875,secondary
3489,36.353125,801586,801586.40625,secondary
3490,36.36354166666666,801816,801816.0937499999,secondary
3491,36.373958333333334,802046,802045.78125,secondary
3492,36.375,802069,802068.75,primary
3493,36.385416666666664,802299,802298.4375,secondary
3494,36.395833333333336,802528,802528.125,secondary
3495,36.40625,802758,802757.8125,secondary
3496,36.416666666666664,802988,802987.5,secondary
3497,36.427083333333336,803217,803217.1875,secondary
3498,36.446875,803654,803653.59375,secondary
3499,36.45729166666666,803883,803883.2812499999,secondary
3500,36.467708333333334,804113,804112.96875,secondary
3501,36.478125,804343,804342.65625,secondary
3502,36.48854166666666,804572,804572.3437499999,secondary
3503,36.498958333333334,804802,804802.03125,secondary
3504,36.5,804825,804825.0,primary
3505,36.510416666666664,805055,805054.6875,secondary
3506,36.520833333333336,805284,805284.375,secondary
3507,36.53125,805514,805514.0625,secondary
3508,36.541666666666664,805744,805743.75,secondary
3509,36.552083333333336,805973,805973.4375,secondary
3510,36.571875,806410,806409.84375,secondary
3511,36.58229166666666,806640,806639.5312499999,secondary
3512,36.592708333333334,806869,806869.21875,secondary
3513,36.603125,807099,807098.90625,secondary
3514,36.61354166666666,807329,807328.5937499999,secondary
3515,36.623958333333334,807558,807558.28125,secondary
3516,36.625,807581,807581.25,primary
3517,36.635416666666664,807811,807810.9375,secondary
3518,36.645833333333336,808040,808040.625,secondary
3519,36.65625,808270,808270.3125,secondary
3520,36.666666666666664,808500,808500.0,secondary
3521,36.677083333333336,808729,808729.6875,secondary
3522,36.696875,809166,809166.09375,secondary
3523,36.70729166666666,809396,809395.7812499999,secondary
3524,36.717708333333334,809625,809625.46875,secondary
3525,36.728125,809855,809855.15625,secondary
3526,36.73854166666666,810085,810084.8437499999,secondary
3527,36.748958333333334,810315,810314.53125,secondary
3528,36.75,810338,810337.5,primary
3529,36.760416666666664,810568,810567.1875,secondary
3530,36.770833333333336,810797,810796.875,secondary
3531,36.78125,811027,811026.5625,secondary
3532,36.791666666666664,811257,811256.25,secondary
3533,36.802083333333336,811486,811485.9375,secondary
3534,36.821875,811922,811922.34375,secondary
3535,36.83229166666666,812152,812152.0312499999,secondary
3536,36.842708333333334,812382,812381.71875,secondary
3537,36.853125,812611,812611.40625,secondary
3538,36.86354166666666,812841,812841.0937499999,secondary
3539,36.873958333333334,813071,813070.78125,secondary
3540,36.875,813094,813093.75,primary
3541,36.885416666666664,813324,813323.4375,secondary
3542,36.895833333333336,813553,813553.125,secondary
3543,36.90625,813783,813782.8125,secondary
3544,36.916666666666664,814013,814012.5,secondary
3545,36.927083333333336,814242,814242.1875,secondary
3546,36.946875,814679,814678.59375,secondary
3547,36.95729166666666,814908,814908.2812499999,secondary
3548,36.967708333333334,815138,815137.96875,secondary
3549,36.978125,815368,815367.65625,secondary
3550,36.98854166666666,815597,815597.3437499999,secondary
3551,36.998958333333334,815827,815827.03125,secondary
3552,37.0,815850,815850.0,primary
3553,37.010416666666664,816080,816079.6875,secondary
3554,37.020833333333336,816309,816309.375,secondary
3555,37.03125,816539,816539.0625,secondary
3556,37.041666666666664,816769,816768.75,secondary
3557,37.052083333333336,816998,816998.4375,secondary
3558,37.071875,817435,817434.84375,secondary
3559,37.08229166666666,817665,817664.5312499999,secondary
3560,37.092708333333334,817894,817894.21875,secondary
3561,37.103125,818124,818123.90625,secondary
3562,37.11354166666666,818354,818353.5937499999,secondary
3563,37.123958333333334,818583,818583.28125,secondary
3564,37.125,818606,818606.25,primary
3565,37.135416666666664,818836,818835.9375,secondary
3566,37.145833333333336,819065,819065.625,secondary
3567,37.15625,819295,819295.3125,secondary
3568,37.166666666666664,819525,819525.0,secondary
3569,37.177083333333336,819754,819754.6875,secondary
3570,37.196875,820191,820191.09375,secondary
3571,37.20729166666666,820421,820420.7812499999,secondary
3572,37.217708333333334,820650,820650.46875,secondary
3573,37.228125,820880,820880.15625,secondary
3574,37.23854166666666,821110,821109.8437499999,secondary
3575,37.248958333333334,821340,821339.53125,secondary
3576,37.25,821362,821362.5,primary
3577,37.260416666666664,821592,821592.1875,secondary
3578,37.270833333333336,821821,821821.875,secondary
3579,37.28125,822051,822051.5625,secondary
3580,37.291666666666664,822281,822281.25,secondary
3581,37.302083333333336,822510,822510.9375,secondary
3582,37.321875,822947,822947.34375,secondary
3583,37.33229166666666,823177,823177.0312499999,secondary
3584,37.342708333333334,823407,823406.71875,secondary
3585,37.353125,823636,823636.40625,secondary
3586,37.36354166666666,823866,823866.0937499999,secondary
3587,37.373958333333334,824096,824095.78125,secondary
3588,37.375,824119,824118.75,primary
3589,37.385416666666664,824349,824348.4375,secondary
3590,37.395833333333336,824578,824578.125,secondary
3591,37.40625,824808,824807.8125,secondary
3592,37.416666666666664,825038,825037.5,secondary
3593,37.427083333333336,825267,825267.1875,secondary
3594,37.446875,825704,825703.59375,secondary
3595,37.45729166666666,825933,825933.2812499999,secondary
3596,37.467708333333334,826163,826162.96875,secondary
3597,37.478125,826393,826392.65625,secondary
3598,37.48854166666666,826622,826622.3437499999,secondary
3599,37.498958333333334,826852,826852.03125,secondary
3600,37.5,826875,826875.0,primary
3601,37.510416666666664,827105,827104.6875,secondary
3602,37.520833333333336,827334,827334.375,secondary
3603,37.53125,827564,827564.0625,secondary
3604,37.541666666666664,827794,827793.75,secondary
3605,37.552083333333336,828023,828023.4375,secondary
3606,37.571875,828460,828459.84375,secondary
3607,37.58229166666666,828690,828689.5312499999,secondary
3608,37.592708333333334,828919,828919.21875,secondary
3609,37.603125,829149,829148.90625,secondary
3610,37.61354166666666,829379,829378.5937499999,secondary
3611,37.623958333333334,829608,829608.28125,secondary
3612,37.625,829631,829631.25,primary
3613,37.635416666666664,829861,829860.9375,secondary
3614,37.645833333333336,830090,830090.625,secondary
3615,37.65625,830320,830320.3125,secondary
3616,37.666666666666664,830550,830550.0,secondary
3617,37.677083333333336,830779,830779.6875,secondary
3618,37.696875,831216,831216.09375,secondary
3619,37.70729166666666,831446,831445.7812499999,secondary
3620,37.717708333333334,831675,831675.46875,secondary
3621,37.728125,831905,831905.15625,secondary
3622,37.73854166666666,832135,832134.8437499999,secondary
3623,37.748958333333334,832365,832364.53125,secondary
3624,37.75,832388,832387.5,primary
3625,37.760416666666664,832618,832617.1875,secondary
3626,37.770833333333336,832847,832846.875,secondary
3627,37.78125,833077,833076.5625,secondary
3628,37.791666666666664,833307,833306.25,secondary
3629,37.802083333333336,833536,833535.9375,secondary
3630,37.821875,833972,833972.34375,secondary
3631,37.83229166666666,834202,834202.0312499999,secondary
3632,37.842708333333334,834432,834431.71875,secondary
3633,37.853125,834661,834661.40625,secondary
3634,37.86354166666666,834891,834891.0937499999,secondary
3635,37.873958333333334,835121,835120.78125,secondary
3636,37.875,835144,835143.75,primary
3637,37.885416666666664,835374,835373.4375,secondary
3638,37.895833333333336,835603,835603.125,secondary
3639,37.90625,835833,835832.8125,secondary
3640,37.916666666666664,836063,836062.5,secondary
3641,37.927083333333336,836292,836292.1875,secondary
3642,37.946875,836729,836728.59375,secondary
3643,37.95729166666666,836958,836958.2812499999,secondary
3644,37.967708333333334,837188,837187.96875,secondary
3645,37.978125,837418,837417.65625,secondary
3646,37.98854166666666,837647,837647.3437499999,secondary
3647,37.998958333333334,837877,837877.03125,secondary
3648,38.0,837900,837900.0,primary
3649,38.010416666666664,838130,838129.6875,secondary
3650,38.020833333333336,838359,838359.375,secondary
3651,38.03125,838589,838589.0625,secondary
3652,38.041666666666664,838819,838818.75,secondary
3653,38.052083333333336,839048,839048.4375,secondary
3654,38.071875,839485,839484.84375,secondary
3655,38.08229166666666,839715,839714.5312499999,secondary
3656,38.092708333333334,839944,839944.21875,secondary
3657,38.103125,840174,840173.90625,secondary
3658,38.11354166666666,840404,840403.5937499999,secondary
3659,38.123958333333334,840633,840633.28125,secondary
3660,38.125,840656,840656.25,primary
3661,38.135416666666664,840886,840885.9375,secondary
3662,38.145833333333336,841115,841115.625,secondary
3663,38.15625,841345,841345.3125,secondary
3664,38.166666666666664,841575,841575.0,secondary
3665,38.177083333333336,841804,841804.6875,secondary
3666,38.196875,842241,842241.09375,secondary
3667,38.20729166666666,842471,842470.7812499999,secondary
3668,38.217708333333334,842700,842700.46875,secondary
3669,38.228125,842930,842930.15625,secondary
3670,38.23854166666666,843160,843159.8437499999,secondary
3671,38.248958333333334,843390,843389.53125,secondary
3672,38.25,843412,843412.5,primary
3673,38.260416666666664,843642,843642.1875,secondary
3674,38.270833333333336,843871,843871.875,secondary
3675,38.28125,844101,844101.5625,secondary
3676,38.291666666666664,844331,844331.25,secondary
3677,38.302083333333336,844560,844560.9375,secondary
3678,38.321875,844997,844997.34375,secondary
3679,38.33229166666666,845227,845227.0312499999,secondary
3680,38.342708333333334,845457,845456.71875,secondary
3681,38.353125,845686,845686.40625,secondary
3682,38.36354166666666,845916,845916.0937499999,secondary
3683,38.373958333333334,846146,846145.78125,secondary
3684,38.375,846169,846168.75,primary
3685,38.385416666666664,846399,846398.4375,secondary
3686,38.395833333333336,846628,846628.125,secondary
3687,38.40625,846858,846857.8125,secondary
3688,38.416666666666664,847088,847087.5,secondary
3689,38.427083333333336,847317,847317.1875,secondary
3690,38.446875,847754,847753.59375,secondary
3691,38.45729166666666,847983,847983.2812499999,secondary
3692,38.467708333333334,848213,848212.96875,secondary
3693,38.478125,848443,848442.65625,secondary
3694,38.48854166666666,848672,848672.3437499999,secondary
3695,38.498958333333334,848902,848902.03125,secondary
3696,38.5,848925,848925.0,primary
3697,38.510416666666664,849155,849154.6875,secondary
3698,38.520833333333336,849384,849384.375,secondary
3699,38.53125,849614,849614.0625,secondary
3700,38.541666666666664,849844,849843.75,secondary
3701,38.552083333333336,850073,850073.4375,secondary
3702,38.571875,850510,850509.84375,secondary
3703,38.58229166666666,850740,850739.5312499999,secondary
3704,38.592708333333334,850969,850969.21875,secondary
3705,38.603125,851199,851198.90625,secondary
3706,38.61354166666666,851429,851428.5937499999,secondary
3707,38.623958333333334,851658,851658.28125,secondary
3708,38.625,851681,851681.25,primary
3709,38.635416666666664,851911,851910.9375,secondary
3710,38.645833333333336,852140,852140.625,secondary
3711,38.65625,852370,852370.3125,secondary
3712,38.666666666666664,852600,852600.0,secondary
3713,38.677083333333336,852829,852829.6875,secondary
3714,38.696875,853266,853266.09375,secondary
3715,38.70729166666666,853496,853495.7812499999,secondary
3716,38.717708333333334,853725,853725.46875,secondary
3717,38.728125,853955,853955.15625,secondary
3718,38.73854166666666,854185,854184.8437499999,secondary
3719,38.748958333333334,854415,854414.53125,secondary
3720,38.75,854438,854437.5,primary
3721,38.760416666666664,854668,854667.1875,secondary
3722,38.770833333333336,854897,854896.875,secondary
3723,38.78125,855127,855126.5625,secondary
3724,38.791666666666664,855357,855356.25,secondary
3725,38.802083333333336,855586,855585.9375,secondary
3726,38.821875,856022,856022.34375,secondary
3727,38.83229166666666,856252,856252.0312499999,secondary
3728,38.842708333333334,856482,856481.71875,secondary
3729,38.853125,856711,856711.40625,secondary
3730,38.86354166666666,856941,856941.0937499999,secondary
3731,38.873958333333334,857171,857170.78125,secondary
3732,38.875,857194,857193.75,primary
3733,38.885416666666664,857424,857423.4375,secondary
3734,38.895833333333336,857653,857653.125,secondary
3735,38.90625,857883,857882.8125,secondary
3736,38.916666666666664,858113,858112.5,secondary
3737,38.927083333333336,858342,858342.1875,secondary
3738,38.946875,858779,858778.59375,secondary
3739,38.95729166666666,859008,859008.2812499999,secondary
3740,38.967708333333334,859238,859237.96875,secondary
3741,38.978125,859468,859467.65625,secondary
3742,38.98854166666666,859697,859697.3437499999,secondary
3743,38.998958333333334,859927,859927.03125,secondary
3744,39.0,859950,859950.0,primary
3745,39.010416666666664,860180,860179.6875,secondary
3746,39.020833333333336,860409,860409.375,secondary
3747,39.03125,860639,860639.0625,secondary
3748,39.041666666666664,860869,860868.75,secondary
3749,39.052083333333336,861098,861098.4375,secondary
3750,39.071875,861535,861534.84375,secondary
3751,39.08229166666666,861765,861764.5312499999,secondary
3752,39.092708333333334,861994,861994.21875,secondary
3753,39.103125,862224,862223.90625,secondary
3754,39.11354166666666,862454,862453.5937499999,secondary
3755,39.123958333333334,862683,862683.28125,secondary
3756,39.125,862706,862706.25,primary
3757,39.135416666666664,862936,862935.9375,secondary
3758,39.145833333333336,863165,863165.625,secondary
3759,39.15625,863395,863395.3125,secondary
3760,39.166666666666664,863625,863625.0,secondary
3761,39.177083333333336,863854,863854.6875,secondary
3762,39.196875,864291,864291.09375,secondary
3763,39.20729166666666,864521,864520.7812499999,secondary
3764,39.217708333333334,864750,864750.46875,secondary
3765,39.228125,864980,864980.15625,secondary
3766,39.23854166666666,865210,865209.8437499999,secondary
3767,39.248958333333334,865440,865439.53125,secondary
3768,39.25,865462,865462.5,primary
3769,39.260416666666664,865692,865692.1875,secondary
3770,39.270833333333336,865921,865921.875,secondary
3771,39.28125,866151,866151.5625,secondary
3772,39.291666666666664,866381,866381.25,secondary
3773,39.302083333333336,866610,866610.9375,secondary
3774,39.321875,867047,867047.34375,secondary
3775,39.33229166666666,867277,867277.0312499999,secondary
3776,39.342708333333334,867507,867506.71875,secondary
3777,39.353125,867736,867736.40625,secondary
3778,39.36354166666666,867966,867966.0937499999,secondary
3779,39.373958333333334,868196,868195.78125,secondary
3780,39.375,868219,868218.75,primary
3781,39.385416666666664,868449,868448.4375,secondary
3782,39.395833333333336,868678,868678.125,secondary
3783,39.40625,868908,868907.8125,secondary
3784,39.416666666666664,869138,869137.5,secondary
3785,39.427083333333336,869367,869367.1875,secondary
3786,39.446875,869804,869803.59375,secondary
3787,39.45729166666666,870033,870033.2812499999,secondary
3788,39.467708333333334,870263,870262.96875,secondary
3789,39.478125,870493,870492.65625,secondary
3790,39.48854166666666,870722,870722.3437499999,secondary
3791,39.498958333333334,870952,870952.03125,secondary
3792,39.5,870975,870975.0,primary
3793,39.510416666666664,871205,871204.6875,secondary
3794,39.520833333333336,871434,871434.375,secondary
3795,39.53125,871664,871664.0625,secondary
3796,39.541666666666664,871894,871893.75,secondary
3797,39.552083333333336,872123,872123.4375,secondary
3798,39.571875,872560,872559.84375,secondary
3799,39.58229166666666,872790,872789.5312499999,secondary
3800,39.592708333333334,873019,873019.21875,secondary
3801,39.603125,873249,873248.90625,secondary
3802,39.61354166666666,873479,873478.5937499999,secondary
3803,39.623958333333334,873708,873708.28125,secondary
3804,39.625,873731,873731.25,primary
3805,39.635416666666664,873961,873960.9375,secondary
3806,39.645833333333336,874190,874190.625,secondary
3807,39.65625,874420,874420.3125,secondary
3808,39.666666666666664,874650,874650.0,secondary
3809,39.677083333333336,874879,874879.6875,secondary
3810,39.696875,875316,875316.09375,secondary
3811,39.70729166666666,875546,875545.7812499999,secondary
3812,39.717708333333334,875775,875775.46875,secondary
3813,39.728125,876005,876005.15625,secondary
3814,39.73854166666666,876235,876234.8437499999,secondary
3815,39.748958333333334,876465,876464.53125,secondary
3816,39.75,876488,876487.5,primary
3817,39.760416666666664,876718,876717.1875,secondary
3818,39.770833333333336,876947,876946.875,secondary
3819,39.78125,877177,877176.5625,secondary
3820,39.791666666666664,877407,877406.25,secondary
3821,39.802083333333336,877636,877635.9375,secondary
3822,39.821875,878072,878072.34375,secondary
3823,39.83229166666666,878302,878302.0312499999,secondary
3824,39.842708333333334,878532,878531.71875,secondary
3825,39.853125,878761,878761.40625,secondary
3826,39.86354166666666,878991,878991.0937499999,secondary
3827,39.873958333333334,879221,879220.78125,secondary
3828,39.875,879244,879243.75,primary
3829,39.885416666666664,879474,879473.4375,secondary
3830,39.895833333333336,879703,879703.125,secondary
3831,39.90625,879933,879932.8125,secondary
3832,39.916666666666664,880163,880162.5,secondary
3833,39.927083333333336,880392,880392.1875,secondary
3834,39.946875,880829,880828.59375,secondary
3835,39.95729166666666,881058,881058.2812499999,secondary
3836,39.967708333333334,881288,881287.96875,secondary
3837,39.978125,881518,881517.65625,secondary
3838,39.98854166666666,881747,881747.3437499999,secondary
3839,39.998958333333334,881977,881977.03125,secondary
3840,40.0,882000,882000.0,primary
3841,40.010416666666664,882230,882229.6875,secondary
3842,40.020833333333336,882459,882459.375,secondary
3843,40.03125,882689,882689.0625,secondary
3844,40.041666666666664,882919,882918.75,secondary
3845,40.052083333333336,883148,883148.4375,secondary
3846,40.071875,883585,883584.84375,secondary
3847,40.08229166666666,883815,883814.5312499999,secondary
3848,40.092708333333334,884044,884044.21875,secondary
3849,40.103125,884274,884273.90625,secondary
3850,40.11354166666666,884504,884503.5937499999,secondary
3851,40.123958333333334,884733,884733.28125,secondary
3852,40.125,884756,884756.25,primary
3853,40.135416666666664,884986,884985.9375,secondary
3854,40.145833333333336,885215,885215.625,secondary
3855,40.15625,885445,885445.3125,secondary
3856,40.166666666666664,885675,885675.0,secondary
3857,40.177083333333336,885904,885904.6875,secondary
3858,40.196875,886341,886341.09375,secondary
3859,40.20729166666666,886571,886570.7812499999,secondary
3860,40.217708333333334,886800,886800.46875,secondary
3861,40.228125,887030,887030.15625,secondary
3862,40.23854166666666,887260,887259.8437499999,secondary
3863,40.248958333333334,887490,887489.53125,secondary
3864,40.25,887512,887512.5,primary
3865,40.260416666666664,887742,887742.1875,secondary
3866,40.270833333333336,887971,887971.875,secondary
3867,40.28125,888201,888201.5625,secondary
3868,40.291666666666664,888431,888431.25,secondary
3869,40.302083333333336,888660,888660.9375,secondary
3870,40.321875,889097,889097.34375,secondary
3871,40.33229166666666,889327,889327.0312499999,secondary
3872,40.342708333333334,889557,889556.71875,secondary
3873,40.353125,889786,889786.40625,secondary
3874,40.36354166666666,890016,890016.0937499999,secondary
3875,40.373958333333334,890246,890245.78125,secondary
3876,40.375,890269,890268.75,primary
3877,40.385416666666664,890499,890498.4375,secondary
3878,40.395833333333336,890728,890728.125,secondary
3879,40.40625,890958,890957.8125,secondary
3880,40.416666666666664,891188,891187.5,secondary
3881,40.427083333333336,891417,891417.1875,secondary
3882,40.446875,891854,891853.59375,secondary
3883,40.45729166666666,892083,892083.2812499999,secondary
3884,40.467708333333334,892313,892312.96875,secondary
3885,40.478125,892543,892542.65625,secondary
3886,40.48854166666666,892772,892772.3437499999,secondary
3887,40.498958333333334,893002,893002.03125,secondary
3888,40.5,893025,893025.0,primary
3889,40.510416666666664,893255,893254.6875,secondary
3890,40.520833333333336,893484,893484.375,secondary
3891,40.53125,893714,893714.0625,secondary
3892,40.541666666666664,893944,893943.75,secondary
3893,40.552083333333336,894173,894173.4375,secondary
3894,40.571875,894610,894609.84375,secondary
3895,40.58229166666666,894840,894839.5312499999,secondary
3896,40.592708333333334,895069,895069.21875,secondary
3897,40.603125,895299,895298.90625,secondary
3898,40.61354166666666,895529,895528.5937499999,secondary
3899,40.623958333333334,895758,895758.28125,secondary
3900,40.625,895781,895781.25,primary
3901,40.635416666666664,896011,896010.9375,secondary
3902,40.645833333333336,896240,896240.625,secondary
3903,40.65625,896470,896470.3125,secondary
3904,40.666666666666664,896700,896700.0,secondary
3905,40.677083333333336,896929,896929.6875,secondary
3906,40.696875,897366,897366.09375,secondary
3907,40.70729166666666,897596,897595.7812499999,secondary
3908,40.717708333333334,897825,897825.46875,secondary
3909,40.728125,898055,898055.15625,secondary
3910,40.73854166666666,898285,898284.8437499999,secondary
3911,40.748958333333334,898515,898514.53125,secondary
3912,40.75,898538,898537.5,primary
3913,40.760416666666664,898768,898767.1875,secondary
3914,40.770833333333336,898997,898996.875,secondary
3915,40.78125,899227,899226.5625,secondary
3916,40.791666666666664,899457,899456.25,secondary
3917,40.802083333333336,899686,899685.9375,secondary
3918,40.821875,900122,900122.34375,secondary
3919,40.83229166666666,900352,900352.0312499999,secondary
3920,40.842708333333334,900582,900581.71875,secondary
3921,40.853125,900811,900811.40625,secondary
3922,40.86354166666666,901041,901041.0937499999,secondary
3923,40.873958333333334,901271,901270.78125,secondary
3924,40.875,901294,901293.75,primary
3925,40.885416666666664,901524,901523.4375,secondary
3926,40.895833333333336,901753,901753.125,secondary
3927,40.90625,901983,901982.8125,secondary
3928,40.916666666666664,902213,902212.5,secondary
3929,40.927083333333336,902442,902442.1875,secondary
3930,40.946875,902879,902878.59375,secondary
3931,40.95729166666666,903108,903108.2812499999,secondary
3932,40.967708333333334,903338,903337.96875,secondary
3933,40.978125,903568,903567.65625,secondary
3934,40.98854166666666,903797,903797.3437499999,secondary
3935,40.998958333333334,904027,904027.03125,secondary
3936,41.0,904050,904050.0,primary
3937,41.010416666666664,904280,904279.6875,secondary
3938,41.020833333333336,904509,904509.375,secondary
3939,41.03125,904739,904739.0625,secondary
3940,41.041666666666664,904969,904968.75,secondary
3941,41.052083333333336,905198,905198.4375,secondary
3942,41.071875,905635,905634.84375,secondary
3943,41.08229166666666,905865,905864.5312499999,secondary
3944,41.092708333333334,906094,906094.21875,secondary
3945,41.103125,906324,906323.90625,secondary
3946,41.11354166666666,906554,906553.5937499999,secondary
3947,41.123958333333334,906783,906783.28125,secondary
3948,41.125,906806,906806.25,primary
3949,41.135416666666664,907036,907035.9375,secondary
3950,41.145833333333336,907265,907265.625,secondary
3951,41.15625,907495,907495.3125,secondary
3952,41.166666666666664,907725,907725.0,secondary
3953,41.177083333333336,907954,907954.6875,secondary
3954,41.196875,908391,908391.09375,secondary
3955,41.20729166666666,908621,908620.7812499999,secondary
3956,41.217708333333334,908850,908850.46875,secondary
3957,41.228125,909080,909080.15625,secondary
3958,41.23854166666666,909310,909309.8437499999,secondary
3959,41.248958333333334,909540,909539.53125,secondary
3960,41.25,909562,909562.5,primary
3961,41.260416666666664,909792,909792.1875,secondary
3962,41.270833333333336,910021,910021.875,secondary
3963,41.28125,910251,910251.5625,secondary
3964,41.291666666666664,910481,910481.25,secondary
3965,41.302083333333336,910710,910710.9375,secondary
3966,41.321875,911147,911147.34375,secondary
3967,41.33229166666666,911377,911377.0312499999,secondary
3968,41.342708333333334,911607,911606.71875,secondary
3969,41.353125,911836,911836.40625,secondary
3970,41.36354166666666,912066,912066.0937499999,secondary
3971,41.373958333333334,912296,912295.78125,secondary
3972,41.375,912319,912318.75,primary
3973,41.385416666666664,912549,912548.4375,secondary
3974,41.395833333333336,912778,912778.125,secondary
3975,41.40625,913008,913007.8125,secondary
3976,41.416666666666664,913238,913237.5,secondary
3977,41.427083333333336,913467,913467.1875,secondary
3978,41.446875,913904,913903.59375,secondary
3979,41.45729166666666,914133,914133.2812499999,secondary
3980,41.467708333333334,914363,914362.96875,secondary
3981,41.478125,914593,914592.65625,secondary
3982,41.48854166666666,914822,914822.3437499999,secondary
3983,41.498958333333334,915052,915052.03125,secondary
3984,41.5,915075,915075.0,primary
3985,41.510416666666664,915305,915304.6875,secondary
3986,41.520833333333336,915534,915534.375,secondary
3987,41.53125,915764,915764.0625,secondary
3988,41.541666666666664,915994,915993.75,secondary
3989,41.552083333333336,916223,916223.4375,secondary
3990,41.571875,916660,916659.84375,secondary
3991,41.58229166666666,916890,916889.5312499999,secondary
3992,41.592708333333334,917119,917119.21875,secondary
3993,41.603125,917349,917348.90625,secondary
3994,41.61354166666666,917579,917578.5937499999,secondary
3995,41.623958333333334,917808,917808.28125,secondary
3996,41.625,917831,917831.25,primary
3997,41.635416666666664,918061,918060.9375,secondary
3998,41.645833333333336,918290,918290.625,secondary
3999,41.65625,918520,918520.3125,secondary
4000,41.666666666666664,918750,918750.0,secondary
4001,41.677083333333336,918979,918979.6875,secondary
4002,41.696875,919416,919416.09375,secondary
4003,41.70729166666666,919646,919645.7812499999,secondary
4004,41.717708333333334,919875,919875.46875,secondary
4005,41.728125,920105,920105.15625,secondary
4006,41.73854166666666,920335,920334.8437499999,secondary
4007,41.748958333333334,920565,920564.53125,secondary
4008,41.75,920588,920587.5,primary
4009,41.760416666666664,920818,920817.1875,secondary
4010,41.770833333333336,921047,921046.875,secondary
4011,41.78125,921277,921276.5625,secondary
4012,41.791666666666664,921507,921506.25,secondary
4013,41.802083333333336,921736,921735.9375,secondary
4014,41.821875,922172,922172.34375,secondary
4015,41.83229166666666,922402,922402.0312499999,secondary
4016,41.842708333333334,922632,922631.71875,secondary
4017,41.853125,922861,922861.40625,secondary
4018,41.86354166666666,923091,923091.0937499999,secondary
4019,41.873958333333334,923321,923320.78125,secondary
4020,41.875,923344,923343.75,primary
4021,41.885416666666664,923574,923573.4375,secondary
4022,41.895833333333336,923803,923803.125,secondary
4023,41.90625,924033,924032.8125,secondary
4024,41.916666666666664,924263,924262.5,secondary
4025,41.927083333333336,924492,924492.1875,secondary
4026,41.946875,924929,924928.59375,secondary
4027,41.95729166666666,925158,925158.2812499999,secondary
4028,41.967708333333334,925388,925387.96875,secondary
4029,41.978125,925618,925617.65625,secondary
4030,41.98854166666666,925847,925847.3437499999,secondary
4031,41.998958333333334,926077,926077.03125,secondary
4032,42.0,926100,926100.0,primary
4033,42.010416666666664,926330,926329.6875,secondary
4034,42.020833333333336,926559,926559.375,secondary
4035,42.03125,926789,926789.0625,secondary
4036,42.041666666666664,927019,927018.75,secondary
4037,42.052083333333336,927248,927248.4375,secondary
4038,42.071875,927685,927684.84375,secondary
4039,42.08229166666666,927915,927914.5312499999,secondary
4040,42.092708333333334,928144,928144.21875,secondary
4041,42.103125,928374,928373.90625,secondary
4042,42.11354166666666,928604,928603.5937499999,secondary
4043,42.123958333333334,928833,928833.28125,secondary
4044,42.125,928856,928856.25,primary
4045,42.135416666666664,929086,929085.9375,secondary
4046,42.145833333333336,929315,929315.625,secondary
4047,42.15625,929545,929545.3125,secondary
4048,42.166666666666664,929775,929775.0,secondary
4049,42.177083333333336,930004,930004.6875,secondary
4050,42.196875,930441,930441.09375,secondary
4051,42.20729166666666,930671,930670.7812499999,secondary
4052,42.217708333333334,930900,930900.46875,secondary
4053,42.228125,931130,931130.15625,secondary
4054,42.23854166666666,931360,931359.8437499999,secondary
4055,42.248958333333334,931590,931589.53125,secondary
4056,42.25,931612,931612.5,primary
4057,42.260416666666664,931842,931842.1875,secondary
4058,42.270833333333336,932071,932071.875,secondary
4059,42.28125,932301,932301.5625,secondary
4060,42.291666666666664,932531,932531.25,secondary
4061,42.302083333333336,932760,932760.9375,secondary
4062,42.321875,933197,933197.34375,secondary
4063,42.33229166666666,933427,933427.0312499999,secondary
4064,42.342708333333334,933657,933656.71875,secondary
4065,42.353125,933886,933886.40625,secondary
4066,42.36354166666666,934116,934116.0937499999,secondary
4067,42.373958333333334,934346,934345.78125,secondary
4068,42.375,934369,934368.75,primary
4069,42.385416666666664,934599,934598.4375,secondary
4070,42.395833333333336,934828,934828.125,secondary
4071,42.40625,935058,935057.8125,secondary
4072,42.416666666666664,935288,935287.5,secondary
4073,42.427083333333336,935517,935517.1875,secondary
4074,42.446875,935954,935953.59375,secondary
4075,42.45729166666666,936183,936183.2812499999,secondary
4076,42.467708333333334,936413,936412.96875,secondary
4077,42.478125,936643,936642.65625,secondary
4078,42.48854166666666,936872,936872.3437499999,secondary
4079,42.498958333333334,937102,937102.03125,secondary
4080,42.5,937125,937125.0,primary
4081,42.510416666666664,937355,937354.6875,secondary
4082,42.520833333333336,937584,937584.375,secondary
4083,42.53125,937814,937814.0625,secondary
4084,42.541666666666664,938044,938043.75,secondary
4085,42.552083333333336,938273,938273.4375,secondary
4086,42.571875,938710,938709.84375,secondary
4087,42.58229166666666,938940,938939.5312499999,secondary
4088,42.592708333333334,939169,939169.21875,secondary
4089,42.603125,939399,939398.90625,secondary
4090,42.61354166666666,939629,939628.5937499999,secondary
4091,42.623958333333334,939858,939858.28125,secondary
4092,42.625,939881,939881.25,primary
4093,42.635416666666664,940111,940110.9375,secondary
4094,42.645833333333336,940340,940340.625,secondary
4095,42.65625,940570,940570.3125,secondary
4096,42.666666666666664,940800,940800.0,secondary
4097,42.677083333333336,941029,941029.6875,secondary
4098,42.696875,941466,941466.09375,secondary
4099,42.70729166666666,941696,941695.7812499999,secondary
4100,42.717708333333334,941925,941925.46875,secondary
4101,42.728125,942155,942155.15625,secondary
4102,42.73854166666666,942385,942384.8437499999,secondary
4103,42.748958333333334,942615,942614.53125,secondary
4104,42.75,942638,942637.5,primary
4105,42.760416666666664,942868,942867.1875,secondary
4106,42.770833333333336,943097,943096.875,secondary
4107,42.78125,943327,943326.5625,secondary
4108,42.791666666666664,943557,943556.25,secondary
4109,42.802083333333336,943786,943785.9375,secondary
4110,42.821875,944222,944222.34375,secondary
4111,42.83229166666666,944452,944452.0312499999,secondary
4112,42.842708333333334,944682,944681.71875,secondary
4113,42.853125,944911,944911.40625,secondary
4114,42.86354166666666,945141,945141.0937499999,secondary
4115,42.873958333333334,945371,945370.78125,secondary
4116,42.875,945394,945393.75,primary
4117,42.885416666666664,945624,945623.4375,secondary
4118,42.895833333333336,945853,945853.125,secondary
4119,42.90625,946083,946082.8125,secondary
4120,42.916666666666664,946313,946312.5,secondary
4121,42.927083333333336,946542,946542.1875,secondary
4122,42.946875,946979,946978.59375,secondary
4123,42.95729166666666,947208,947208.2812499999,secondary
4124,42.967708333333334,947438,947437.96875,secondary
4125,42.978125,947668,947667.65625,secondary
4126,42.98854166666666,947897,947897.3437499999,secondary
4127,42.998958333333334,948127,948127.03125,secondary
4128,43.0,948150,948150.0,primary
4129,43.010416666666664,948380,948379.6875,secondary
4130,43.020833333333336,948609,948609.375,secondary
4131,43.03125,948839,948839.0625,secondary
4132,43.041666666666664,949069,949068.75,secondary
4133,43.052083333333336,949298,949298.4375,secondary
4134,43.071875,949735,949734.84375,secondary
4135,43.08229166666666,949965,949964.5312499999,secondary
4136,43.092708333333334,950194,950194.21875,secondary
4137,43.103125,950424,950423.90625,secondary
4138,43.11354166666666,950654,950653.5937499999,secondary
4139,43.123958333333334,950883,950883.28125,secondary
4140,43.125,950906,950906.25,primary
4141,43.135416666666664,951136,951135.9375,secondary
4142,43.145833333333336,951365,951365.625,secondary
4143,43.15625,951595,951595.3125,secondary
4144,43.166666666666664,951825,951825.0,secondary
4145,43.177083333333336,952054,952054.6875,secondary
4146,43.196875,952491,952491.09375,secondary
4147,43.20729166666666,952721,952720.7812499999,secondary
4148,43.217708333333334,952950,952950.46875,secondary
4149,43.228125,953180,953180.15625,secondary
4150,43.23854166666666,953410,953409.8437499999,secondary
4151,43.248958333333334,953640,953639.53125,secondary
4152,43.25,953662,953662.5,primary
4153,43.260416666666664,953892,953892.1875,secondary
4154,43.270833333333336,954121,954121.875,secondary
4155,43.28125,954351,954351.5625,secondary
4156,43.291666666666664,954581,954581.25,secondary
4157,43.302083333333336,954810,954810.9375,secondary
4158,43.321875,955247,955247.34375,secondary
4159,43.33229166666666,955477,955477.0312499999,secondary
4160,43.342708333333334,955707,955706.71875,secondary
4161,43.353125,955936,955936.40625,secondary
4162,43.36354166666666,956166,956166.0937499999,secondary
4163,43.373958333333334,956396,956395.78125,secondary
4164,43.375,956419,956418.75,primary
4165,43.385416666666664,956649,956648.4375,secondary
4166,43.395833333333336,956878,956878.125,secondary
4167,43.40625,957108,957107.8125,secondary
4168,43.416666666666664,957338,957337.5,secondary
4169,43.427083333333336,957567,957567.1875,secondary
4170,43.446875,958004,958003.59375,secondary
4171,43.45729166666666,958233,958233.2812499999,secondary
4172,43.467708333333334,958463,958462.96875,secondary
4173,43.478125,958693,958692.65625,secondary
4174,43.48854166666666,958922,958922.3437499999,secondary
4175,43.498958333333334,959152,959152.03125,secondary
4176,43.5,959175,959175.0,primary
4177,43.510416666666664,959405,959404.6875,secondary
4178,43.520833333333336,959634,959634.375,secondary
4179,43.53125,959864,959864.0625,secondary
4180,43.541666666666664,960094,960093.75,secondary
4181,43.552083333333336,960323,960323.4375,secondary
4182,43.571875,960760,960759.84375,secondary
4183,43.58229166666666,960990,960989.5312499999,secondary
4184,43.592708333333334,961219,961219.21875,secondary
4185,43.603125,961449,961448.90625,secondary
4186,43.61354166666666,961679,961678.5937499999,secondary
4187,43.623958333333334,961908,961908.28125,secondary
4188,43.625,961931,961931.25,primary
4189,43.635416666666664,962161,962160.9375,secondary
4190,43.645833333333336,962390,962390.625,secondary
4191,43.65625,962620,962620.3125,secondary
4192,43.666666666666664,962850,962850.0,secondary
4193,43.677083333333336,963079,963079.6875,secondary
4194,43.696875,963516,963516.09375,secondary
4195,43.70729166666666,963746,963745.7812499999,secondary
4196,43.717708333333334,963975,963975.46875,secondary
4197,43.728125,964205,964205.15625,secondary
4198,43.73854166666666,964435,964434.8437499999,secondary
4199,43.748958333333334,964665,964664.53125,secondary
4200,43.75,964688,964687.5,primary
4201,43.760416666666664,964918,964917.1875,secondary
4202,43.770833333333336,965147,965146.875,secondary
4203,43.78125,965377,965376.5625,secondary
4204,43.791666666666664,965607,965606.25,secondary
4205,43.802083333333336,965836,965835.9375,secondary
4206,43.821875,966272,966272.34375,secondary
4207,43.83229166666666,966502,966502.0312499999,secondary
4208,43.842708333333334,966732,966731.71875,secondary
4209,43.853125,966961,966961.40625,secondary
4210,43.86354166666666,967191,967191.0937499999,secondary
4211,43.873958333333334,967421,967420.78125,secondary
4212,43.875,967444,967443.75,primary
4213,43.885416666666664,967674,967673.4375,secondary
4214,43.895833333333336,967903,967903.125,secondary
4215,43.90625,968133,968132.8125,secondary
4216,43.916666666666664,968363,968362.5,secondary
4217,43.927083333333336,968592,968592.1875,secondary
4218,43.946875,969029,969028.59375,secondary
4219,43.95729166666666,969258,969258.2812499999,secondary
4220,43.967708333333334,969488,969487.96875,secondary
4221,43.978125,969718,969717.65625,secondary
4222,43.98854166666666,969947,969947.3437499999,secondary
4223,43.998958333333334,970177,970177.03125,secondary
4224,44.0,970200,970200.0,primary
4225,44.010416666666664,970430,970429.6875,secondary
4226,44.020833333333336,970659,970659.375,secondary
4227,44.03125,970889,970889.0625,secondary
4228,44.041666666666664,971119,971118.75,secondary
4229,44.052083333333336,971348,971348.4375,secondary
4230,44.071875,971785,971784.84375,secondary
4231,44.08229166666666,972015,972014.5312499999,secondary
4232,44.092708333333334,972244,972244.21875,secondary
4233,44.103125,972474,972473.90625,secondary
4234,44.11354166666666,972704,972703.5937499999,secondary
4235,44.123958333333334,972933,972933.28125,secondary
4236,44.125,972956,972956.25,primary
4237,44.135416666666664,973186,973185.9375,secondary
4238,44.145833333333336,973415,973415.625,secondary
4239,44.15625,973645,973645.3125,secondary
4240,44.166666666666664,973875,973875.0,secondary
4241,44.177083333333336,974104,974104.6875,secondary
4242,44.196875,974541,974541.09375,secondary
4243,44.20729166666666,974771,974770.7812499999,secondary
4244,44.217708333333334,975000,975000.46875,secondary
4245,44.228125,975230,975230.15625,secondary
4246,44.23854166666666,975460,975459.8437499999,secondary
4247,44.248958333333334,975690,975689.53125,secondary
4248,44.25,975712,975712.5,primary
4249,44.260416666666664,975942,975942.1875,secondary
4250,44.270833333333336,976171,976171.875,secondary
4251,44.28125,976401,976401.5625,secondary
4252,44.291666666666664,976631,976631.25,secondary
4253,44.302083333333336,976860,976860.9375,secondary
4254,44.321875,977297,977297.34375,secondary
4255,44.33229166666666,977527,977527.0312499999,secondary
4256,44.342708333333334,977757,977756.71875,secondary
4257,44.353125,977986,977986.40625,secondary
4258,44.36354166666666,978216,978216.0937499999,secondary
4259,44.373958333333334,978446,978445.78125,secondary
4260,44.375,978469,978468.75,primary
4261,44.385416666666664,978699,978698.4375,secondary
4262,44.395833333333336,978928,978928.125,secondary
4263,44.40625,979158,979157.8125,secondary
4264,44.416666666666664,979388,979387.5,secondary
4265,44.427083333333336,979617,979617.1875,secondary
4266,44.446875,980054,980053.59375,secondary
4267,44.45729166666666,980283,980283.2812499999,secondary
4268,44.467708333333334,980513,980512.96875,secondary
4269,44.478125,980743,980742.65625,secondary
4270,44.48854166666666,980972,980972.3437499999,secondary
4271,44.498958333333334,981202,981202.03125,secondary
4272,44.5,981225,981225.0,primary
4273,44.510416666666664,981455,981454.6875,secondary
4274,44.520833333333336,981684,981684.375,secondary
4275,44.53125,981914,981914.0625,secondary
4276,44.541666666666664,982144,982143.75,secondary
4277,44.552083333333336,982373,982373.4375,secondary
4278,44.571875,982810,982809.84375,secondary
4279,44.58229166666666,983040,983039.5312499999,secondary
4280,44.592708333333334,983269,983269.21875,secondary
4281,44.603125,983499,983498.90625,secondary
4282,44.61354166666666,983729,983728.5937499999,secondary
4283,44.623958333333334,983958,983958.28125,secondary
4284,44.625,983981,983981.25,primary
4285,44.635416666666664,984211,984210.9375,secondary
4286,44.645833333333336,984440,984440.625,secondary
4287,44.65625,984670,984670.3125,secondary
4288,44.666666666666664,984900,984900.0,secondary
4289,44.677083333333336,985129,985129.6875,secondary
4290,44.696875,985566,985566.09375,secondary
4291,44.70729166666666,985796,985795.7812499999,secondary
4292,44.717708333333334,986025,986025.46875,secondary
4293,44.728125,986255,986255.15625,secondary
4294,44.73854166666666,986485,986484.8437499999,secondary
4295,44.748958333333334,986715,986714.53125,secondary
4296,44.75,986738,986737.5,primary
4297,44.760416666666664,986968,986967.1875,secondary
4298,44.770833333333336,987197,987196.875,secondary
4299,44.78125,987427,987426.5625,secondary
4300,44.791666666666664,987657,987656.25,secondary
4301,44.802083333333336,987886,987885.9375,secondary
4302,44.821875,988322,988322.34375,secondary
4303,44.83229166666666,988552,988552.0312499999,secondary
4304,44.842708333333334,988782,988781.71875,secondary
4305,44.853125,989011,989011.40625,secondary
4306,44.86354166666666,989241,989241.0937499999,secondary
4307,44.873958333333334,989471,989470.78125,secondary
4308,44.875,989494,989493.75,primary
4309,44.885416666666664,989724,989723.4375,secondary
4310,44.895833333333336,989953,989953.125,secondary
4311,44.90625,990183,990182.8125,secondary
4312,44.916666666666664,990413,990412.5,secondary
4313,44.927083333333336,990642,990642.1875,secondary
4314,44.946875,991079,991078.59375,secondary
4315,44.95729166666666,991308,991308.2812499999,secondary
4316,44.967708333333334,991538,991537.96875,secondary
4317,44.978125,991768,991767.65625,secondary
4318,44.98854166666666,991997,991997.3437499999,secondary
4319,44.998958333333334,992227,992227.03125,secondary
4320,45.0,992250,992250.0,primary
4321,45.010416666666664,992480,992479.6875,secondary
4322,45.020833333333336,992709,992709.375,secondary
4323,45.03125,992939,992939.0625,secondary
4324,45.041666666666664,993169,993168.75,secondary
4325,45.052083333333336,993398,993398.4375,secondary
4326,45.071875,993835,993834.84375,secondary
4327,45.08229166666666,994065,994064.5312499999,secondary
4328,45.092708333333334,994294,994294.21875,secondary
4329,45.103125,994524,994523.90625,secondary
4330,45.11354166666666,994754,994753.5937499999,secondary
4331,45.123958333333334,994983,994983.28125,secondary
4332,45.125,995006,995006.25,primary
4333,45.135416666666664,995236,995235.9375,secondary
4334,45.145833333333336,995465,995465.625,secondary
4335,45.15625,995695,995695.3125,secondary
4336,45.166666666666664,995925,995925.0,secondary
4337,45.177083333333336,996154,996154.6875,secondary
4338,45.196875,996591,996591.09375,secondary
4339,45.20729166666666,996821,996820.7812499999,secondary
4340,45.217708333333334,997050,997050.46875,secondary
4341,45.228125,997280,997280.15625,secondary
4342,45.23854166666666,997510,997509.8437499999,secondary
4343,45.248958333333334,997740,997739.53125,secondary
4344,45.25,997762,997762.5,primary
4345,45.260416666666664,997992,997992.1875,secondary
4346,45.270833333333336,998221,998221.875,secondary
4347,45.28125,998451,998451.5625,secondary
4348,45.291666666666664,998681,998681.25,secondary
4349,45.302083333333336,998910,998910.9375,secondary
4350,45.321875,999347,999347.34375,secondary
4351,45.33229166666666,999577,999577.0312499999,secondary
4352,45.342708333333334,999807,999806.71875,secondary
4353,45.353125,1000036,1000036.40625,secondary
4354,45.36354166666666,1000266,1000266.0937499999,secondary
4355,45.373958333333334,1000496,1000495.78125,secondary
4356,45.375,1000519,1000518.75,primary
4357,45.385416666666664,1000749,1000748.4375,secondary
4358,45.395833333333336,1000978,1000978.125,secondary
4359,45.40625,1001208,1001207.8125,secondary
4360,45.416666666666664,1001438,1001437.5,secondary
4361,45.427083333333336,1001667,1001667.1875,secondary
4362,45.446875,1002104,1002103.59375,secondary
4363,45.45729166666666,1002333,1002333.2812499999,secondary
4364,45.467708333333334,1002563,1002562.96875,secondary
4365,45.478125,1002793,1002792.65625,secondary
4366,45.48854166666666,1003022,1003022.3437499999,secondary
4367,45.498958333333334,1003252,1003252.03125,secondary
4368,45.5,1003275,1003275.0,primary
4369,45.510416666666664,1003505,1003504.6875,secondary
4370,45.520833333333336,1003734,1003734.375,secondary
4371,45.53125,1003964,1003964.0625,secondary
4372,45.541666666666664,1004194,1004193.75,secondary
4373,45.552083333333336,1004423,1004423.4375,secondary
4374,45.571875,1004860,1004859.84375,secondary
4375,45.58229166666666,1005090,1005089.5312499999,secondary
4376,45.592708333333334,1005319,1005319.21875,secondary
4377,45.603125,1005549,1005548.90625,secondary
4378,45.61354166666666,1005779,1005778.5937499999,secondary
4379,45.623958333333334,1006008,1006008.28125,secondary
4380,45.625,1006031,1006031.25,primary
4381,45.635416666666664,1006261,1006260.9375,secondary
4382,45.645833333333336,1006490,1006490.625,secondary
4383,45.65625,1006720,1006720.3125,secondary
4384,45.666666666666664,1006950,1006950.0,secondary
4385,45.677083333333336,1007179,1007179.6875,secondary
4386,45.696875,1007616,1007616.09375,secondary
4387,45.70729166666666,1007846,1007845.7812499999,secondary
4388,45.717708333333334,1008075,1008075.46875,secondary
4389,45.728125,1008305,1008305.15625,secondary
4390,45.73854166666666,1008535,1008534.8437499999,secondary
4391,45.748958333333334,1008765,1008764.53125,secondary
4392,45.75,1008788,1008787.5,primary
4393,45.760416666666664,1009018,1009017.1875,secondary
4394,45.770833333333336,1009247,1009246.875,secondary
4395,45.78125,1009477,1009476.5625,secondary
4396,45.791666666666664,1009707,1009706.25,secondary
4397,45.802083333333336,1009936,1009935.9375,secondary
4398,45.821875,1010372,1010372.34375,secondary
4399,45.83229166666666,1010602,1010602.0312499999,secondary
4400,45.842708333333334,1010832,1010831.71875,secondary
4401,45.853125,1011061,1011061.40625,secondary
4402,45.86354166666666,1011291,1011291.0937499999,secondary
4403,45.873958333333334,1011521,1011520.78125,secondary
4404,45.875,1011544,1011543.75,primary
4405,45.885416666666664,1011774,1011773.4375,secondary
4406,45.895833333333336,1012003,1012003.125,secondary
4407,45.90625,1012233,1012232.8125,secondary
4408,45.916666666666664,1012463,1012462.5,secondary
4409,45.927083333333336,1012692,1012692.1875,secondary
4410,45.946875,1013129,1013128.59375,secondary
4411,45.95729166666666,1013358,1013358.2812499999,secondary
4412,45.967708333333334,1013588,1013587.96875,secondary
4413,45.978125,1013818,1013817.65625,secondary
4414,45.98854166666666,1014047,1014047.3437499999,secondary
4415,45.998958333333334,1014277,1014277.03125,secondary
4416,46.0,1014300,1014300.0,primary
4417,46.010416666666664,1014530,1014529.6875,secondary
4418,46.020833333333336,1014759,1014759.375,secondary
4419,46.03125,1014989,1014989.0625,secondary
4420,46.041666666666664,1015219,1015218.75,secondary
4421,46.052083333333336,1015448,1015448.4375,secondary
4422,46.071875,1015885,1015884.84375,secondary
4423,46.08229166666666,1016115,1016114.5312499999,secondary
4424,46.092708333333334,1016344,1016344.21875,secondary
4425,46.103125,1016574,1016573.90625,secondary
4426,46.11354166666666,1016804,1016803.5937499999,secondary
4427,46.123958333333334,1017033,1017033.28125,secondary
4428,46.125,1017056,1017056.25,primary
4429,46.135416666666664,1017286,1017285.9375,secondary
4430,46.145833333333336,1017515,1017515.625,secondary
4431,46.15625,1017745,1017745.3125,secondary
4432,46.166666666666664,1017975,1017975.0,secondary
4433,46.177083333333336,1018204,1018204.6875,secondary
4434,46.196875,1018641,1018641.09375,secondary
4435,46.20729166666666,1018871,1018870.7812499999,secondary
4436,46.217708333333334,1019100,1019100.46875,secondary
4437,46.228125,1019330,1019330.15625,secondary
4438,46.23854166666666,1019560,1019559.8437499999,secondary
4439,46.248958333333334,1019790,1019789.53125,secondary
4440,46.25,1019812,1019812.5,primary
4441,46.260416666666664,1020042,1020042.1875,secondary
4442,46.270833333333336,1020271,1020271.875,secondary
4443,46.28125,1020501,1020501.5625,secondary
4444,46.291666666666664,1020731,1020731.25,secondary
4445,46.302083333333336,1020960,1020960.9375,secondary
4446,46.321875,1021397,1021397.34375,secondary
4447,46.33229166666666,1021627,1021627.0312499999,secondary
4448,46.342708333333334,1021857,1021856.71875,secondary
4449,46.353125,1022086,1022086.40625,secondary
4450,46.36354166666666,1022316,1022316.0937499999,secondary
4451,46.373958333333334,1022546,1022545.78125,secondary
4452,46.375,1022569,1022568.75,primary
4453,46.385416666666664,1022799,1022798.4375,secondary
4454,46.395833333333336,1023028,1023028.125,secondary
4455,46.40625,1023258,1023257.8125,secondary
4456,46.416666666666664,1023488,1023487.5,secondary
4457,46.427083333333336,1023717,1023717.1875,secondary
4458,46.446875,1024154,1024153.59375,secondary
4459,46.45729166666666,1024383,1024383.2812499999,secondary
4460,46.467708333333334,1024613,1024612.96875,secondary
4461,46.478125,1024843,1024842.65625,secondary
4462,46.48854166666666,1025072,1025072.3437499999,secondary
4463,46.498958333333334,1025302,1025302.03125,secondary
4464,46.5,1025325,1025325.0,primary
4465,46.510416666666664,1025555,1025554.6875,secondary
4466,46.520833333333336,1025784,1025784.375,secondary
4467,46.53125,1026014,1026014.0625,secondary
4468,46.541666666666664,1026244,1026243.75,secondary
4469,46.552083333333336,1026473,1026473.4375,secondary
4470,46.571875,1026910,1026909.84375,secondary
4471,46.58229166666666,1027140,1027139.5312499999,secondary
4472,46.592708333333334,1027369,1027369.21875,secondary
4473,46.603125,1027599,1027598.90625,secondary
4474,46.61354166666666,1027829,1027828.5937499999,secondary
4475,46.623958333333334,1028058,1028058.28125,secondary
4476,46.625,1028081,1028081.25,primary
4477,46.635416666666664,1028311,1028310.9375,secondary
4478,46.645833333333336,1028540,1028540.625,secondary
4479,46.65625,1028770,1028770.3125,secondary
4480,46.666666666666664,1029000,1029000.0,secondary
4481,46.677083333333336,1029229,1029229.6875,secondary
4482,46.696875,1029666,1029666.09375,secondary
4483,46.70729166666666,1029896,1029895.7812499999,secondary
4484,46.717708333333334,1030125,1030125.46875,secondary
4485,46.728125,1030355,1030355.15625,secondary
4486,46.73854166666666,1030585,1030584.8437499999,secondary
4487,46.748958333333334,1030815,1030814.53125,secondary
4488,46.75,1030838,1030837.5,primary
4489,46.760416666666664,1031068,1031067.1875,secondary
4490,46.770833333333336,1031297,1031296.875,secondary
4491,46.78125,1031527,1031526.5625,secondary
4492,46.791666666666664,1031757,1031756.25,secondary
4493,46.802083333333336,1031986,1031985.9375,secondary
4494,46.821875,1032422,1032422.34375,secondary
4495,46.83229166666666,1032652,1032652.0312499999,secondary
4496,46.842708333333334,1032882,1032881.71875,secondary
4497,46.853125,1033111,1033111.40625,secondary
4498,46.86354166666666,1033341,1033341.0937499999,secondary
4499,46.873958333333334,1033571,1033570.78125,secondary
4500,46.875,1033594,1033593.75,primary
4501,46.885416666666664,1033824,1033823.4375,secondary
4502,46.895833333333336,1034053,1034053.125,secondary
4503,46.90625,1034283,1034282.8125,secondary
4504,46.916666666666664,1034513,1034512.5,secondary
4505,46.927083333333336,1034742,1034742.1875,secondary
4506,46.946875,1035179,1035178.59375,secondary
4507,46.95729166666666,1035408,1035408.2812499999,secondary
4508,46.967708333333334,1035638,1035637.96875,secondary
4509,46.978125,1035868,1035867.65625,secondary
4510,46.98854166666666,1036097,1036097.3437499999,secondary
4511,46.998958333333334,1036327,1036327.03125,secondary
4512,47.0,1036350,1036350.0,primary
4513,47.010416666666664,1036580,1036579.6875,secondary
4514,47.020833333333336,1036809,1036809.375,secondary
4515,47.03125,1037039,1037039.0625,secondary
4516,47.041666666666664,1037269,1037268.75,secondary
4517,47.052083333333336,1037498,1037498.4375,secondary
4518,47.071875,1037935,1037934.84375,secondary
4519,47.08229166666666,1038165,1038164.5312499999,secondary
4520,47.092708333333334,1038394,1038394.21875,secondary
4521,47.103125,1038624,1038623.90625,secondary
4522,47.11354166666666,1038854,1038853.5937499999,secondary
4523,47.123958333333334,1039083,1039083.28125,secondary
4524,47.125,1039106,1039106.25,primary
4525,47.135416666666664,1039336,1039335.9375,secondary
4526,47.145833333333336,1039565,1039565.625,secondary
4527,47.15625,1039795,1039795.3125,secondary
4528,47.166666666666664,1040025,1040025.0,secondary
4529,47.177083333333336,1040254,1040254.6875,secondary
4530,47.196875,1040691,1040691.09375,secondary
4531,47.20729166666666,1040921,1040920.7812499999,secondary
4532,47.217708333333334,1041150,1041150.46875,secondary
4533,47.228125,1041380,1041380.15625,secondary
4534,47.23854166666666,1041610,1041609.8437499999,secondary
4535,47.248958333333334,1041840,1041839.53125,secondary
4536,47.25,1041862,1041862.5,primary
4537,47.260416666666664,1042092,1042092.1875,secondary
4538,47.270833333333336,1042321,1042321.875,secondary
4539,47.28125,1042551,1042551.5625,secondary
4540,47.291666666666664,1042781,1042781.25,secondary
4541,47.302083333333336,1043010,1043010.9375,secondary
4542,47.321875,1043447,1043447.34375,secondary
4543,47.33229166666666,1043677,1043677.0312499999,secondary
4544,47.342708333333334,1043907,1043906.71875,secondary
4545,47.353125,1044136,1044136.40625,secondary
4546,47.36354166666666,1044366,1044366.0937499999,secondary
4547,47.373958333333334,1044596,1044595.78125,secondary
4548,47.375,1044619,1044618.75,primary
4549,47.385416666666664,1044849,1044848.4375,secondary
4550,47.395833333333336,1045078,1045078.125,secondary
4551,47.40625,1045308,1045307.8125,secondary
4552,47.416666666666664,1045538,1045537.5,secondary
4553,47.427083333333336,1045767,1045767.1875,secondary
4554,47.446875,1046204,1046203.59375,secondary
4555,47.45729166666666,1046433,1046433.2812499999,secondary
4556,47.467708333333334,1046663,1046662.96875,secondary
4557,47.478125,1046893,1046892.65625,secondary
4558,47.48854166666666,1047122,1047122.3437499999,secondary
4559,47.498958333333334,1047352,1047352.03125,secondary
4560,47.5,1047375,1047375.0,primary
4561,47.510416666666664,1047605,1047604.6875,secondary
4562,47.520833333333336,1047834,1047834.375,secondary
4563,47.53125,1048064,1048064.0625,secondary
4564,47.541666666666664,1048294,1048293.75,secondary
4565,47.552083333333336,1048523,1048523.4375,secondary
4566,47.571875,1048960,1048959.84375,secondary
4567,47.58229166666666,1049190,1049189.53125,secondary
4568,47.592708333333334,1049419,1049419.21875,secondary
4569,47.603125,1049649,1049648.90625,secondary
4570,47.61354166666666,1049879,1049878.59375,secondary
4571,47.623958333333334,1050108,1050108.28125,secondary
4572,47.625,1050131,1050131.25,primary
4573,47.635416666666664,1050361,1050360.9375,secondary
4574,47.645833333333336,1050590,1050590.625,secondary
4575,47.65625,1050820,1050820.3125,secondary
4576,47.666666666666664,1051050,1051050.0,secondary
4577,47.677083333333336,1051279,1051279.6875,secondary
4578,47.696875,1051716,1051716.09375,secondary
4579,47.70729166666666,1051946,1051945.78125,secondary
4580,47.717708333333334,1052175,1052175.46875,secondary
4581,47.728125,1052405,1052405.15625,secondary
4582,47.73854166666666,1052635,1052634.84375,secondary
4583,47.748958333333334,1052865,1052864.53125,secondary
4584,47.75,1052888,1052887.5,primary
4585,47.760416666666664,1053118,1053117.1875,secondary
4586,47.770833333333336,1053347,1053346.875,secondary
4587,47.78125,1053577,1053576.5625,secondary
4588,47.791666666666664,1053807,1053806.25,secondary
4589,47.802083333333336,1054036,1054035.9375,secondary
4590,47.821875,1054472,1054472.34375,secondary
4591,47.83229166666666,1054702,1054702.03125,secondary
4592,47.842708333333334,1054932,1054931.71875,secondary
4593,47.853125,1055161,1055161.40625,secondary
4594,47.86354166666666,1055391,1055391.09375,secondary
4595,47.873958333333334,1055621,1055620.78125,secondary
4596,47.875,1055644,1055643.75,primary
4597,47.885416666666664,1055874,1055873.4375,secondary
4598,47.895833333333336,1056103,1056103.125,secondary
4599,47.90625,1056333,1056332.8125,secondary
4600,47.916666666666664,1056563,1056562.5,secondary
4601,47.927083333333336,1056792,1056792.1875,secondary
4602,47.946875,1057229,1057228.59375,secondary
4603,47.95729166666666,1057458,1057458.28125,secondary
4604,47.967708333333334,1057688,1057687.96875,secondary
4605,47.978125,1057918,1057917.65625,secondary
4606,47.98854166666666,1058147,1058147.34375,secondary
4607,47.998958333333334,1058377,1058377.03125,secondary
4608,48.0,1058400,1058400.0,primary
4609,48.010416666666664,1058630,1058629.6875,secondary
4610,48.020833333333336,1058859,1058859.375,secondary
4611,48.03125,1059089,1059089.0625,secondary
4612,48.041666666666664,1059319,1059318.75,secondary
4613,48.052083333333336,1059548,1059548.4375,secondary
4614,48.071875,1059985,1059984.84375,secondary
4615,48.08229166666666,1060215,1060214.53125,secondary
4616,48.092708333333334,1060444,1060444.21875,secondary
4617,48.103125,1060674,1060673.90625,secondary
4618,48.11354166666666,1060904,1060903.59375,secondary
4619,48.123958333333334,1061133,1061133.28125,secondary
4620,48.125,1061156,1061156.25,primary
4621,48.135416666666664,1061386,1061385.9375,secondary
4622,48.145833333333336,1061615,1061615.625,secondary
4623,48.15625,1061845,1061845.3125,secondary
4624,48.166666666666664,1062075,1062075.0,secondary
4625,48.177083333333336,1062304,1062304.6875,secondary
4626,48.196875,1062741,1062741.09375,secondary
4627,48.20729166666666,1062971,1062970.78125,secondary
4628,48.217708333333334,1063200,1063200.46875,secondary
4629,48.228125,1063430,1063430.15625,secondary
4630,48.23854166666666,1063660,1063659.84375,secondary
4631,48.248958333333334,1063890,1063889.53125,secondary
4632,48.25,1063912,1063912.5,primary
4633,48.260416666666664,1064142,1064142.1875,secondary
4634,48.270833333333336,1064371,1064371.875,secondary
4635,48.28125,1064601,1064601.5625,secondary
4636,48.291666666666664,1064831,1064831.25,secondary
4637,48.302083333333336,1065060,1065060.9375,secondary
4638,48.321875,1065497,1065497.34375,secondary
4639,48.33229166666666,1065727,1065727.03125,secondary
4640,48.342708333333334,1065957,1065956.71875,secondary
4641,48.353125,1066186,1066186.40625,secondary
4642,48.36354166666666,1066416,1066416.09375,secondary
4643,48.373958333333334,1066646,1066645.78125,secondary
4644,48.375,1066669,1066668.75,primary
4645,48.385416666666664,1066899,1066898.4375,secondary
4646,48.395833333333336,1067128,1067128.125,secondary
4647,48.40625,1067358,1067357.8125,secondary
4648,48.416666666666664,1067588,1067587.5,secondary
4649,48.427083333333336,1067817,1067817.1875,secondary
4650,48.446875,1068254,1068253.59375,secondary
4651,48.45729166666666,1068483,1068483.28125,secondary
4652,48.467708333333334,1068713,1068712.96875,secondary
4653,48.478125,1068943,1068942.65625,secondary
4654,48.48854166666666,1069172,1069172.34375,secondary
4655,48.498958333333334,1069402,1069402.03125,secondary
4656,48.5,1069425,1069425.0,primary
4657,48.510416666666664,1069655,1069654.6875,secondary
4658,48.520833333333336,1069884,1069884.375,secondary
4659,48.53125,1070114,1070114.0625,secondary
4660,48.541666666666664,1070344,1070343.75,secondary
4661,48.552083333333336,1070573,1070573.4375,secondary
4662,48.571875,1071010,1071009.84375,secondary
4663,48.58229166666666,1071240,1071239.53125,secondary
4664,48.592708333333334,1071469,1071469.21875,secondary
4665,48.603125,1071699,1071698.90625,secondary
4666,48.61354166666666,1071929,1071928.59375,secondary
4667,48.623958333333334,1072158,1072158.28125,secondary
4668,48.625,1072181,1072181.25,primary
4669,48.635416666666664,1072411,1072410.9375,secondary
4670,48.645833333333336,1072640,1072640.625,secondary
4671,48.65625,1072870,1072870.3125,secondary
4672,48.666666666666664,1073100,1073100.0,secondary
4673,48.677083333333336,1073329,1073329.6875,secondary
4674,48.696875,1073766,1073766.09375,secondary
4675,48.70729166666666,1073996,1073995.78125,secondary
4676,48.717708333333334,1074225,1074225.46875,secondary
4677,48.728125,1074455,1074455.15625,secondary
4678,48.73854166666666,1074685,1074684.84375,secondary
4679,48.748958333333334,1074915,1074914.53125,secondary
4680,48.75,1074938,1074937.5,primary
4681,48.760416666666664,1075168,1075167.1875,secondary
4682,48.770833333333336,1075397,1075396.875,secondary
4683,48.78125,1075627,1075626.5625,secondary
4684,48.791666666666664,1075857,1075856.25,secondary
4685,48.802083333333336,1076086,1076085.9375,secondary
4686,48.821875,1076522,1076522.34375,secondary
4687,48.83229166666666,1076752,1076752.03125,secondary
4688,48.842708333333334,1076982,1076981.71875,secondary
4689,48.853125,1077211,1077211.40625,secondary
4690,48.86354166666666,1077441,1077441.09375,secondary
4691,48.873958333333334,1077671,1077670.78125,secondary
4692,48.875,1077694,1077693.75,primary
4693,48.885416666666664,1077924,1077923.4375,secondary
4694,48.895833333333336,1078153,1078153.125,secondary
4695,48.90625,1078383,1078382.8125,secondary
4696,48.916666666666664,1078613,1078612.5,secondary
4697,48.927083333333336,1078842,1078842.1875,secondary
4698,48.946875,1079279,1079278.59375,secondary
4699,48.95729166666666,1079508,1079508.28125,secondary
4700,48.967708333333334,1079738,1079737.96875,secondary
4701,48.978125,1079968,1079967.65625,secondary
4702,48.98854166666666,1080197,1080197.34375,secondary
4703,48.998958333333334,1080427,1080427.03125,secondary
4704,49.0,1080450,1080450.0,primary
4705,49.010416666666664,1080680,1080679.6875,secondary
4706,49.020833333333336,1080909,1080909.375,secondary
4707,49.03125,1081139,1081139.0625,secondary
4708,49.041666666666664,1081369,1081368.75,secondary
4709,49.052083333333336,1081598,1081598.4375,secondary
4710,49.071875,1082035,1082034.84375,secondary
4711,49.08229166666666,1082265,1082264.53125,secondary
4712,49.092708333333334,1082494,1082494.21875,secondary
4713,49.103125,1082724,1082723.90625,secondary
4714,49.11354166666666,1082954,1082953.59375,secondary
4715,49.123958333333334,1083183,1083183.28125,secondary
4716,49.125,1083206,1083206.25,primary
4717,49.135416666666664,1083436,1083435.9375,secondary
4718,49.145833333333336,1083665,1083665.625,secondary
4719,49.15625,1083895,1083895.3125,secondary
4720,49.166666666666664,1084125,1084125.0,secondary
4721,49.177083333333336,1084354,1084354.6875,secondary
4722,49.196875,1084791,1084791.09375,secondary
4723,49.20729166666666,1085021,1085020.78125,secondary
4724,49.217708333333334,1085250,1085250.46875,secondary
4725,49.228125,1085480,1085480.15625,secondary
4726,49.23854166666666,1085710,1085709.84375,secondary
4727,49.248958333333334,1085940,1085939.53125,secondary
4728,49.25,1085962,1085962.5,primary
4729,49.260416666666664,1086192,1086192.1875,secondary
4730,49.270833333333336,1086421,1086421.875,secondary
4731,49.28125,1086651,1086651.5625,secondary
4732,49.291666666666664,1086881,1086881.25,secondary
4733,49.302083333333336,1087110,1087110.9375,secondary
4734,49.321875,1087547,1087547.34375,secondary
4735,49.33229166666666,1087777,1087777.03125,secondary
4736,49.342708333333334,1088007,1088006.71875,secondary
4737,49.353125,1088236,1088236.40625,secondary
4738,49.36354166666666,1088466,1088466.09375,secondary
4739,49.373958333333334,1088696,1088695.78125,secondary
4740,49.375,1088719,1088718.75,primary
4741,49.385416666666664,1088949,1088948.4375,secondary
4742,49.395833333333336,1089178,1089178.125,secondary
4743,49.40625,1089408,1089407.8125,secondary
4744,49.416666666666664,1089638,1089637.5,secondary
4745,49.427083333333336,1089867,1089867.1875,secondary
4746,49.446875,1090304,1090303.59375,secondary
4747,49.45729166666666,1090533,1090533.28125,secondary
4748,49.467708333333334,1090763,1090762.96875,secondary
4749,49.478125,1090993,1090992.65625,secondary
4750,49.48854166666666,1091222,1091222.34375,secondary
4751,49.498958333333334,1091452,1091452.03125,secondary
4752,49.5,1091475,1091475.0,primary
4753,49.510416666666664,1091705,1091704.6875,secondary
4754,49.520833333333336,1091934,1091934.375,secondary
4755,49.53125,1092164,1092164.0625,secondary
4756,49.541666666666664,1092394,1092393.75,secondary
4757,49.552083333333336,1092623,1092623.4375,secondary
4758,49.571875,1093060,1093059.84375,secondary
4759,49.58229166666666,1093290,1093289.53125,secondary
4760,49.592708333333334,1093519,1093519.21875,secondary
4761,49.603125,1093749,1093748.90625,secondary
4762,49.61354166666666,1093979,1093978.59375,secondary
4763,49.623958333333334,1094208,1094208.28125,secondary
4764,49.625,1094231,1094231.25,primary
4765,49.635416666666664,1094461,1094460.9375,secondary
4766,49.645833333333336,1094690,1094690.625,secondary
4767,49.65625,1094920,1094920.3125,secondary
4768,49.666666666666664,1095150,1095150.0,secondary
4769,49.677083333333336,1095379,1095379.6875,secondary
4770,49.696875,1095816,1095816.09375,secondary
4771,49.70729166666666,1096046,1096045.78125,secondary
4772,49.717708333333334,1096275,1096275.46875,secondary
4773,49.728125,1096505,1096505.15625,secondary
4774,49.73854166666666,1096735,1096734.84375,secondary
4775,49.748958333333334,1096965,1096964.53125,secondary
4776,49.75,1096988,1096987.5,primary
4777,49.760416666666664,1097218,1097217.1875,secondary
4778,49.770833333333336,1097447,1097446.875,secondary
4779,49.78125,1097677,1097676.5625,secondary
4780,49.791666666666664,1097907,1097906.25,secondary
4781,49.802083333333336,1098136,1098135.9375,secondary
4782,49.821875,1098572,1098572.34375,secondary
4783,49.83229166666666,1098802,1098802.03125,secondary
4784,49.842708333333334,1099032,1099031.71875,secondary
4785,49.853125,1099261,1099261.40625,secondary
4786,49.86354166666666,1099491,1099491.09375,secondary
4787,49.873958333333334,1099721,1099720.78125,secondary
4788,49.875,1099744,1099743.75,primary
4789,49.885416666666664,1099974,1099973.4375,secondary
4790,49.895833333333336,1100203,1100203.125,secondary
4791,49.90625,1100433,1100432.8125,secondary
4792,49.916666666666664,1100663,1100662.5,secondary
4793,49.927083333333336,1100892,1100892.1875,secondary
4794,49.946875,1101329,1101328.59375,secondary
4795,49.95729166666666,1101558,1101558.28125,secondary
4796,49.967708333333334,1101788,1101787.96875,secondary
4797,49.978125,1102018,1102017.65625,secondary
4798,49.98854166666666,1102247,1102247.34375,secondary
4799,49.998958333333334,1102477,1102477.03125,secondary
4800,50.0,1102500,1102500.0,primary
4801,50.010416666666664,1102730,1102729.6875,secondary
4802,50.020833333333336,1102959,1102959.375,secondary
4803,50.03125,1103189,1103189.0625,secondary
4804,50.041666666666664,1103419,1103418.75,secondary
4805,50.052083333333336,1103648,1103648.4375,secondary
4806,50.071875,1104085,1104084.84375,secondary
4807,50.08229166666666,1104315,1104314.53125,secondary
4808,50.092708333333334,1104544,1104544.21875,secondary
4809,50.103125,1104774,1104773.90625,secondary
4810,50.11354166666666,1105004,1105003.59375,secondary
4811,50.123958333333334,1105233,1105233.28125,secondary
4812,50.125,1105256,1105256.25,primary
4813,50.135416666666664,1105486,1105485.9375,secondary
4814,50.145833333333336,1105715,1105715.625,secondary
4815,50.15625,1105945,1105945.3125,secondary
4816,50.166666666666664,1106175,1106175.0,secondary
4817,50.177083333333336,1106404,1106404.6875,secondary
4818,50.196875,1106841,1106841.09375,secondary
4819,50.20729166666666,1107071,1107070.78125,secondary
4820,50.217708333333334,1107300,1107300.46875,secondary
4821,50.228125,1107530,1107530.15625,secondary
4822,50.23854166666666,1107760,1107759.84375,secondary
4823,50.248958333333334,1107990,1107989.53125,secondary
4824,50.25,1108012,1108012.5,primary
4825,50.260416666666664,1108242,1108242.1875,secondary
4826,50.270833333333336,1108471,1108471.875,secondary
4827,50.28125,1108701,1108701.5625,secondary
4828,50.291666666666664,1108931,1108931.25,secondary
4829,50.302083333333336,1109160,1109160.9375,secondary
4830,50.321875,1109597,1109597.34375,secondary
4831,50.33229166666666,1109827,1109827.03125,secondary
4832,50.342708333333334,1110057,1110056.71875,secondary
4833,50.353125,1110286,1110286.40625,secondary
4834,50.36354166666666,1110516,1110516.09375,secondary
4835,50.373958333333334,1110746,1110745.78125,secondary
4836,50.375,1110769,1110768.75,primary
4837,50.385416666666664,1110999,1110998.4375,secondary
4838,50.395833333333336,1111228,1111228.125,secondary
4839,50.40625,1111458,1111457.8125,secondary
4840,50.416666666666664,1111688,1111687.5,secondary
4841,50.427083333333336,1111917,1111917.1875,secondary
4842,50.446875,1112354,1112353.59375,secondary
4843,50.45729166666666,1112583,1112583.28125,secondary
4844,50.467708333333334,1112813,1112812.96875,secondary
4845,50.478125,1113043,1113042.65625,secondary
4846,50.48854166666666,1113272,1113272.34375,secondary
4847,50.498958333333334,1113502,1113502.03125,secondary
4848,50.5,1113525,1113525.0,primary
4849,50.510416666666664,1113755,1113754.6875,secondary
4850,50.520833333333336,1113984,1113984.375,secondary
4851,50.53125,1114214,1114214.0625,secondary
4852,50.541666666666664,1114444,1114443.75,secondary
4853,50.552083333333336,1114673,1114673.4375,secondary
4854,50.571875,1115110,1115109.84375,secondary
4855,50.58229166666666,1115340,1115339.53125,secondary
4856,50.592708333333334,1115569,1115569.21875,secondary
4857,50.603125,1115799,1115798.90625,secondary
4858,50.61354166666666,1116029,1116028.59375,secondary
4859,50.623958333333334,1116258,1116258.28125,secondary
4860,50.625,1116281,1116281.25,primary
4861,50.635416666666664,1116511,1116510.9375,secondary
4862,50.645833333333336,1116740,1116740.625,secondary
4863,50.65625,1116970,1116970.3125,secondary
4864,50.666666666666664,1117200,1117200.0,secondary
4865,50.677083333333336,1117429,1117429.6875,secondary
4866,50.696875,1117866,1117866.09375,secondary
4867,50.70729166666666,1118096,1118095.78125,secondary
4868,50.717708333333334,1118325,1118325.46875,secondary
4869,50.728125,1118555,1118555.15625,secondary
4870,50.73854166666666,1118785,1118784.84375,secondary
4871,50.748958333333334,1119015,1119014.53125,secondary
4872,50.75,1119038,1119037.5,primary
4873,50.760416666666664,1119268,1119267.1875,secondary
4874,50.770833333333336,1119497,1119496.875,secondary
4875,50.78125,1119727,1119726.5625,secondary
4876,50.791666666666664,1119957,1119956.25,secondary
4877,50.802083333333336,1120186,1120185.9375,secondary
4878,50.821875,1120622,1120622.34375,secondary
4879,50.83229166666666,1120852,1120852.03125,secondary
4880,50.842708333333334,1121082,1121081.71875,secondary
4881,50.853125,1121311,1121311.40625,secondary
4882,50.86354166666666,1121541,1121541.09375,secondary
4883,50.873958333333334,1121771,1121770.78125,secondary
4884,50.875,1121794,1121793.75,primary
4885,50.885416666666664,1122024,1122023.4375,secondary
4886,50.895833333333336,1122253,1122253.125,secondary
4887,50.90625,1122483,1122482.8125,secondary
4888,50.916666666666664,1122713,1122712.5,secondary
4889,50.927083333333336,1122942,1122942.1875,secondary
4890,50.946875,1123379,1123378.59375,secondary
4891,50.95729166666666,1123608,1123608.28125,secondary
4892,50.967708333333334,1123838,1123837.96875,secondary
4893,50.978125,1124068,1124067.65625,secondary
4894,50.98854166666666,1124297,1124297.34375,secondary
4895,50.998958333333334,1124527,1124527.03125,secondary
4896,51.0,1124550,1124550.0,primary
4897,51.010416666666664,1124780,1124779.6875,secondary
4898,51.020833333333336,1125009,1125009.375,secondary
4899,51.03125,1125239,1125239.0625,secondary
4900,51.041666666666664,1125469,1125468.75,secondary
4901,51.052083333333336,1125698,1125698.4375,secondary
4902,51.071875,1126135,1126134.84375,secondary
4903,51.08229166666666,1126365,1126364.53125,secondary
4904,51.092708333333334,1126594,1126594.21875,secondary
4905,51.103125,1126824,1126823.90625,secondary
4906,51.11354166666666,1127054,1127053.59375,secondary
4907,51.123958333333334,1127283,1127283.28125,secondary
4908,51.125,1127306,1127306.25,primary
4909,51.135416666666664,1127536,1127535.9375,secondary
4910,51.145833333333336,1127765,1127765.625,secondary
4911,51.15625,1127995,1127995.3125,secondary
4912,51.166666666666664,1128225,1128225.0,secondary
4913,51.177083333333336,1128454,1128454.6875,secondary
4914,51.196875,1128891,1128891.09375,secondary
4915,51.20729166666666,1129121,1129120.78125,secondary
4916,51.217708333333334,1129350,1129350.46875,secondary
4917,51.228125,1129580,1129580.15625,secondary
4918,51.23854166666666,1129810,1129809.84375,secondary
4919,51.248958333333334,1130040,1130039.53125,secondary
4920,51.25,1130062,1130062.5,primary
4921,51.260416666666664,1130292,1130292.1875,secondary
4922,51.270833333333336,1130521,1130521.875,secondary
4923,51.28125,1130751,1130751.5625,secondary
4924,51.291666666666664,1130981,1130981.25,secondary
4925,51.302083333333336,1131210,1131210.9375,secondary
4926,51.321875,1131647,1131647.34375,secondary
4927,51.33229166666666,1131877,1131877.03125,secondary
4928,51.342708333333334,1132107,1132106.71875,secondary
4929,51.353125,1132336,1132336.40625,secondary
4930,51.36354166666666,1132566,1132566.09375,secondary
4931,51.373958333333334,1132796,1132795.78125,secondary
4932,51.375,1132819,1132818.75,primary
4933,51.385416666666664,1133049,1133048.4375,secondary
4934,51.395833333333336,1133278,1133278.125,secondary
4935,51.40625,1133508,1133507.8125,secondary
4936,51.416666666666664,1133738,1133737.5,secondary
4937,51.427083333333336,1133967,1133967.1875,secondary
4938,51.446875,1134404,1134403.59375,secondary
4939,51.45729166666666,1134633,1134633.28125,secondary
4940,51.467708333333334,1134863,1134862.96875,secondary
4941,51.478125,1135093,1135092.65625,secondary
4942,51.48854166666666,1135322,1135322.34375,secondary
4943,51.498958333333334,1135552,1135552.03125,secondary
4944,51.5,1135575,1135575.0,primary
4945,51.510416666666664,1135805,1135804.6875,secondary
4946,51.520833333333336,1136034,1136034.375,secondary
4947,51.53125,1136264,1136264.0625,secondary
4948,51.541666666666664,1136494,1136493.75,secondary
4949,51.552083333333336,1136723,1136723.4375,secondary
4950,51.571875,1137160,1137159.84375,secondary
4951,51.58229166666666,1137390,1137389.53125,secondary
4952,51.592708333333334,1137619,1137619.21875,secondary
4953,51.603125,1137849,1137848.90625,secondary
4954,51.61354166666666,1138079,1138078.59375,secondary
4955,51.623958333333334,1138308,1138308.28125,secondary
4956,51.625,1138331,1138331.25,primary
4957,51.635416666666664,1138561,1138560.9375,secondary
4958,51.645833333333336,1138790,1138790.625,secondary
4959,51.65625,1139020,1139020.3125,secondary
4960,51.666666666666664,1139250,1139250.0,secondary
4961,51.677083333333336,1139479,1139479.6875,secondary
4962,51.696875,1139916,1139916.09375,secondary
4963,51.70729166666666,1140146,1140145.78125,secondary
4964,51.717708333333334,1140375,1140375.46875,secondary
4965,51.728125,1140605,1140605.15625,secondary
4966,51.73854166666666,1140835,1140834.84375,secondary
4967,51.748958333333334,1141065,1141064.53125,secondary
4968,51.75,1141088,1141087.5,primary
4969,51.760416666666664,1141318,1141317.1875,secondary
4970,51.770833333333336,1141547,1141546.875,secondary
4971,51.78125,1141777,1141776.5625,secondary
4972,51.791666666666664,1142007,1142006.25,secondary
4973,51.802083333333336,1142236,1142235.9375,secondary
4974,51.821875,1142672,1142672.34375,secondary
4975,51.83229166666666,1142902,1142902.03125,secondary
4976,51.842708333333334,1143132,1143131.71875,secondary
4977,51.853125,1143361,1143361.40625,secondary
4978,51.86354166666666,1143591,1143591.09375,secondary
4979,51.873958333333334,1143821,1143820.78125,secondary
4980,51.875,1143844,1143843.75,primary
4981,51.885416666666664,1144074,1144073.4375,secondary
4982,51.895833333333336,1144303,1144303.125,secondary
4983,51.90625,1144533,1144532.8125,secondary
4984,51.916666666666664,1144763,1144762.5,secondary
4985,51.927083333333336,1144992,1144992.1875,secondary
4986,51.946875,1145429,1145428.59375,secondary
4987,51.95729166666666,1145658,1145658.28125,secondary
4988,51.967708333333334,1145888,1145887.96875,secondary
4989,51.978125,1146118,1146117.65625,secondary
4990,51.98854166666666,1146347,1146347.34375,secondary
4991,51.998958333333334,1146577,1146577.03125,secondary
4992,52.0,1146600,1146600.0,primary
4993,52.010416666666664,1146830,1146829.6875,secondary
4994,52.020833333333336,1147059,1147059.375,secondary
4995,52.03125,1147289,1147289.0625,secondary
4996,52.041666666666664,1147519,1147518.75,secondary
4997,52.052083333333336,1147748,1147748.4375,secondary
4998,52.071875,1148185,1148184.84375,secondary
4999,52.08229166666666,1148415,1148414.53125,secondary
5000,52.092708333333334,1148644,1148644.21875,secondary
5001,52.103125,1148874,1148873.90625,secondary
5002,52.11354166666666,1149104,1149103.59375,secondary
5003,52.123958333333334,1149333,1149333.28125,secondary
5004,52.125,1149356,1149356.25,primary
5005,52.135416666666664,1149586,1149585.9375,secondary
5006,52.145833333333336,1149815,1149815.625,secondary
5007,52.15625,1150045,1150045.3125,secondary
5008,52.166666666666664,1150275,1150275.0,secondary
5009,52.177083333333336,1150504,1150504.6875,secondary
5010,52.196875,1150941,1150941.09375,secondary
5011,52.20729166666666,1151171,1151170.78125,secondary
5012,52.217708333333334,1151400,1151400.46875,secondary
5013,52.228125,1151630,1151630.15625,secondary
5014,52.23854166666666,1151860,1151859.84375,secondary
5015,52.248958333333334,1152090,1152089.53125,secondary
5016,52.25,1152112,1152112.5,primary
5017,52.260416666666664,1152342,1152342.1875,secondary
5018,52.270833333333336,1152571,1152571.875,secondary
5019,52.28125,1152801,1152801.5625,secondary
5020,52.291666666666664,1153031,1153031.25,secondary
5021,52.302083333333336,1153260,1153260.9375,secondary
5022,52.321875,1153697,1153697.34375,secondary
5023,52.33229166666666,1153927,1153927.03125,secondary
5024,52.342708333333334,1154157,1154156.71875,secondary
5025,52.353125,1154386,1154386.40625,secondary
5026,52.36354166666666,1154616,1154616.09375,secondary
5027,52.373958333333334,1154846,1154845.78125,secondary
5028,52.375,1154869,1154868.75,primary
5029,52.385416666666664,1155099,1155098.4375,secondary
5030,52.395833333333336,1155328,1155328.125,secondary
5031,52.40625,1155558,1155557.8125,secondary
5032,52.416666666666664,1155788,1155787.5,secondary
5033,52.427083333333336,1156017,1156017.1875,secondary
5034,52.446875,1156454,1156453.59375,secondary
5035,52.45729166666666,1156683,1156683.28125,secondary
5036,52.467708333333334,1156913,1156912.96875,secondary
5037,52.478125,1157143,1157142.65625,secondary
5038,52.48854166666666,1157372,1157372.34375,secondary
5039,52.498958333333334,1157602,1157602.03125,secondary
5040,52.5,1157625,1157625.0,primary
5041,52.510416666666664,1157855,1157854.6875,secondary
5042,52.520833333333336,1158084,1158084.375,secondary
5043,52.53125,1158314,1158314.0625,secondary
5044,52.541666666666664,1158544,1158543.75,secondary
5045,52.552083333333336,1158773,1158773.4375,secondary
5046,52.571875,1159210,1159209.84375,secondary
5047,52.58229166666666,1159440,1159439.53125,secondary
5048,52.592708333333334,1159669,1159669.21875,secondary
5049,52.603125,1159899,1159898.90625,secondary
5050,52.61354166666666,1160129,1160128.59375,secondary
5051,52.623958333333334,1160358,1160358.28125,secondary
5052,52.625,1160381,1160381.25,primary
5053,52.635416666666664,1160611,1160610.9375,secondary
5054,52.645833333333336,1160840,1160840.625,secondary
5055,52.65625,1161070,1161070.3125,secondary
5056,52.666666666666664,1161300,1161300.0,secondary
5057,52.677083333333336,1161529,1161529.6875,secondary
5058,52.696875,1161966,1161966.09375,secondary
5059,52.70729166666666,1162196,1162195.78125,secondary
5060,52.717708333333334,1162425,1162425.46875,secondary
5061,52.728125,1162655,1162655.15625,secondary
5062,52.73854166666666,1162885,1162884.84375,secondary
5063,52.748958333333334,1163115,1163114.53125,secondary
5064,52.75,1163138,1163137.5,primary
5065,52.760416666666664,1163368,1163367.1875,secondary
5066,52.770833333333336,1163597,1163596.875,secondary
5067,52.78125,1163827,1163826.5625,secondary
5068,52.791666666666664,1164057,1164056.25,secondary
5069,52.802083333333336,1164286,1164285.9375,secondary
5070,52.821875,1164722,1164722.34375,secondary
5071,52.83229166666666,1164952,1164952.03125,secondary
5072,52.842708333333334,1165182,1165181.71875,secondary
5073,52.853125,1165411,1165411.40625,secondary
5074,52.86354166666666,1165641,1165641.09375,secondary
5075,52.873958333333334,1165871,1165870.78125,secondary
5076,52.875,1165894,1165893.75,primary
5077,52.885416666666664,1166124,1166123.4375,secondary
5078,52.895833333333336,1166353,1166353.125,secondary
5079,52.90625,1166583,1166582.8125,secondary
5080,52.916666666666664,1166813,1166812.5,secondary
5081,52.927083333333336,1167042,1167042.1875,secondary
5082,52.946875,1167479,1167478.59375,secondary
5083,52.95729166666666,1167708,1167708.28125,secondary
5084,52.967708333333334,1167938,1167937.96875,secondary
5085,52.978125,1168168,1168167.65625,secondary
5086,52.98854166666666,1168397,1168397.34375,secondary
5087,52.998958333333334,1168627,1168627.03125,secondary
5088,53.0,1168650,1168650.0,primary
5089,53.010416666666664,1168880,1168879.6875,secondary
5090,53.020833333333336,1169109,1169109.375,secondary
5091,53.03125,1169339,1169339.0625,secondary
5092,53.041666666666664,1169569,1169568.75,secondary
5093,53.052083333333336,1169798,1169798.4375,secondary
5094,53.071875,1170235,1170234.84375,secondary
5095,53.08229166666666,1170465,1170464.53125,secondary
5096,53.092708333333334,1170694,1170694.21875,secondary
5097,53.103125,1170924,1170923.90625,secondary
5098,53.11354166666666,1171154,1171153.59375,secondary
5099,53.123958333333334,1171383,1171383.28125,secondary
5100,53.125,1171406,1171406.25,primary
5101,53.135416666666664,1171636,1171635.9375,secondary
5102,53.145833333333336,1171865,1171865.625,secondary
5103,53.15625,1172095,1172095.3125,secondary
5104,53.166666666666664,1172325,1172325.0,secondary
5105,53.177083333333336,1172554,1172554.6875,secondary
5106,53.196875,1172991,1172991.09375,secondary
5107,53.20729166666666,1173221,1173220.78125,secondary
5108,53.217708333333334,1173450,1173450.46875,secondary
5109,53.228125,1173680,1173680.15625,secondary
5110,53.23854166666666,1173910,1173909.84375,secondary
5111,53.248958333333334,1174140,1174139.53125,secondary
5112,53.25,1174162,1174162.5,primary
5113,53.260416666666664,1174392,1174392.1875,secondary
5114,53.270833333333336,1174621,1174621.875,secondary
5115,53.28125,1174851,1174851.5625,secondary
5116,53.291666666666664,1175081,1175081.25,secondary
5117,53.302083333333336,1175310,1175310.9375,secondary
5118,53.321875,1175747,1175747.34375,secondary
5119,53.33229166666666,1175977,1175977.03125,secondary
5120,53.342708333333334,1176207,1176206.71875,secondary
5121,53.353125,1176436,1176436.40625,secondary
5122,53.36354166666666,1176666,1176666.09375,secondary
5123,53.373958333333334,1176896,1176895.78125,secondary
5124,53.375,1176919,1176918.75,primary
5125,53.385416666666664,1177149,1177148.4375,secondary
5126,53.395833333333336,1177378,1177378.125,secondary
5127,53.40625,1177608,1177607.8125,secondary
5128,53.416666666666664,1177838,1177837.5,secondary
5129,53.427083333333336,1178067,1178067.1875,secondary
5130,53.446875,1178504,1178503.59375,secondary
5131,53.45729166666666,1178733,1178733.28125,secondary
5132,53.467708333333334,1178963,1178962.96875,secondary
5133,53.478125,1179193,1179192.65625,secondary
5134,53.48854166666666,1179422,1179422.34375,secondary
5135,53.498958333333334,1179652,1179652.03125,secondary
5136,53.5,1179675,1179675.0,primary
5137,53.510416666666664,1179905,1179904.6875,secondary
5138,53.520833333333336,1180134,1180134.375,secondary
5139,53.53125,1180364,1180364.0625,secondary
5140,53.541666666666664,1180594,1180593.75,secondary
5141,53.552083333333336,1180823,1180823.4375,secondary
5142,53.571875,1181260,1181259.84375,secondary
5143,53.58229166666666,1181490,1181489.53125,secondary
5144,53.592708333333334,1181719,1181719.21875,secondary
5145,53.603125,1181949,1181948.90625,secondary
5146,53.61354166666666,1182179,1182178.59375,secondary
5147,53.623958333333334,1182408,1182408.28125,secondary
5148,53.625,1182431,1182431.25,primary
5149,53.635416666666664,1182661,1182660.9375,secondary
5150,53.645833333333336,1182890,1182890.625,secondary
5151,53.65625,1183120,1183120.3125,secondary
5152,53.666666666666664,1183350,1183350.0,secondary
5153,53.677083333333336,1183579,1183579.6875,secondary
5154,53.696875,1184016,1184016.09375,secondary
5155,53.70729166666666,1184246,1184245.78125,secondary
5156,53.717708333333334,1184475,1184475.46875,secondary
5157,53.728125,1184705,1184705.15625,secondary
5158,53.73854166666666,1184935,1184934.84375,secondary
5159,53.748958333333334,1185165,1185164.53125,secondary
5160,53.75,1185188,1185187.5,primary
5161,53.760416666666664,1185418,1185417.1875,secondary
5162,53.770833333333336,1185647,1185646.875,secondary
5163,53.78125,1185877,1185876.5625,secondary
5164,53.791666666666664,1186107,1186106.25,secondary
5165,53.802083333333336,1186336,1186335.9375,secondary
5166,53.821875,1186772,1186772.34375,secondary
5167,53.83229166666666,1187002,1187002.03125,secondary
5168,53.842708333333334,1187232,1187231.71875,secondary
5169,53.853125,1187461,1187461.40625,secondary
5170,53.86354166666666,1187691,1187691.09375,secondary
5171,53.873958333333334,1187921,1187920.78125,secondary
5172,53.875,1187944,1187943.75,primary
5173,53.885416666666664,1188174,1188173.4375,secondary
5174,53.895833333333336,1188403,1188403.125,secondary
5175,53.90625,1188633,1188632.8125,secondary
5176,53.916666666666664,1188863,1188862.5,secondary
5177,53.927083333333336,1189092,1189092.1875,secondary
5178,53.946875,1189529,1189528.59375,secondary
5179,53.95729166666666,1189758,1189758.28125,secondary
5180,53.967708333333334,1189988,1189987.96875,secondary
5181,53.978125,1190218,1190217.65625,secondary
5182,53.98854166666666,1190447,1190447.34375,secondary
5183,53.998958333333334,1190677,1190677.03125,secondary
5184,54.0,1190700,1190700.0,primary
5185,54.010416666666664,1190930,1190929.6875,secondary
5186,54.020833333333336,1191159,1191159.375,secondary
5187,54.03125,1191389,1191389.0625,secondary
5188,54.041666666666664,1191619,1191618.75,secondary
5189,54.052083333333336,1191848,1191848.4375,secondary
5190,54.071875,1192285,1192284.84375,secondary
5191,54.08229166666666,1192515,1192514.53125,secondary
5192,54.092708333333334,1192744,1192744.21875,secondary
5193,54.103125,1192974,1192973.90625,secondary
5194,54.11354166666666,1193204,1193203.59375,secondary
5195,54.123958333333334,1193433,1193433.28125,secondary
5196,54.125,1193456,1193456.25,primary
5197,54.135416666666664,1193686,1193685.9375,secondary
5198,54.145833333333336,1193915,1193915.625,secondary
5199,54.15625,1194145,1194145.3125,secondary
5200,54.166666666666664,1194375,1194375.0,secondary
5201,54.177083333333336,1194604,1194604.6875,secondary
5202,54.196875,1195041,1195041.09375,secondary
5203,54.20729166666666,1195271,1195270.78125,secondary
5204,54.217708333333334,1195500,1195500.46875,secondary
5205,54.228125,1195730,1195730.15625,secondary
5206,54.23854166666666,1195960,1195959.84375,secondary
5207,54.248958333333334,1196190,1196189.53125,secondary
5208,54.25,1196212,1196212.5,primary
5209,54.260416666666664,1196442,1196442.1875,secondary
5210,54.270833333333336,1196671,1196671.875,secondary
5211,54.28125,1196901,1196901.5625,secondary
5212,54.291666666666664,1197131,1197131.25,secondary
5213,54.302083333333336,1197360,1197360.9375,secondary
5214,54.321875,1197797,1197797.34375,secondary
5215,54.33229166666666,1198027,1198027.03125,secondary
5216,54.342708333333334,1198257,1198256.71875,secondary
5217,54.353125,1198486,1198486.40625,secondary
5218,54.36354166666666,1198716,1198716.09375,secondary
5219,54.373958333333334,1198946,1198945.78125,secondary
5220,54.375,1198969,1198968.75,primary
5221,54.385416666666664,1199199,1199198.4375,secondary
5222,54.395833333333336,1199428,1199428.125,secondary
5223,54.40625,1199658,1199657.8125,secondary
5224,54.416666666666664,1199888,1199887.5,secondary
5225,54.427083333333336,1200117,1200117.1875,secondary
5226,54.446875,1200554,1200553.59375,secondary
5227,54.45729166666666,1200783,1200783.28125,secondary
5228,54.467708333333334,1201013,1201012.96875,secondary
5229,54.478125,1201243,1201242.65625,secondary
5230,54.48854166666666,1201472,1201472.34375,secondary
5231,54.498958333333334,1201702,1201702.03125,secondary
5232,54.5,1201725,1201725.0,primary
5233,54.510416666666664,1201955,1201954.6875,secondary
5234,54.520833333333336,1202184,1202184.375,secondary
5235,54.53125,1202414,1202414.0625,secondary
5236,54.541666666666664,1202644,1202643.75,secondary
5237,54.552083333333336,1202873,1202873.4375,secondary
5238,54.571875,1203310,1203309.84375,secondary
5239,54.58229166666666,1203540,1203539.53125,secondary
5240,54.592708333333334,1203769,1203769.21875,secondary
5241,54.603125,1203999,1203998.90625,secondary
5242,54.61354166666666,1204229,1204228.59375,secondary
5243,54.623958333333334,1204458,1204458.28125,secondary
5244,54.625,1204481,1204481.25,primary
5245,54.635416666666664,1204711,1204710.9375,secondary
5246,54.645833333333336,1204940,1204940.625,secondary
5247,54.65625,1205170,1205170.3125,secondary
5248,54.666666666666664,1205400,1205400.0,secondary
5249,54.677083333333336,1205629,1205629.6875,secondary
5250,54.696875,1206066,1206066.09375,secondary
5251,54.70729166666666,1206296,1206295.78125,secondary
5252,54.717708333333334,1206525,1206525.46875,secondary
5253,54.728125,1206755,1206755.15625,secondary
5254,54.73854166666666,1206985,1206984.84375,secondary
5255,54.748958333333334,1207215,1207214.53125,secondary
5256,54.75,1207238,1207237.5,primary
5257,54.760416666666664,1207468,1207467.1875,secondary
5258,54.770833333333336,1207697,1207696.875,secondary
5259,54.78125,1207927,1207926.5625,secondary
5260,54.791666666666664,1208157,1208156.25,secondary
5261,54.802083333333336,1208386,1208385.9375,secondary
5262,54.821875,1208822,1208822.34375,secondary
5263,54.83229166666666,1209052,1209052.03125,secondary
5264,54.842708333333334,1209282,1209281.71875,secondary
5265,54.853125,1209511,1209511.40625,secondary
5266,54.86354166666666,1209741,1209741.09375,secondary
5267,54.873958333333334,1209971,1209970.78125,secondary
5268,54.875,1209994,1209993.75,primary
5269,54.885416666666664,1210224,1210223.4375,secondary
5270,54.895833333333336,1210453,1210453.125,secondary
5271,54.90625,1210683,1210682.8125,secondary
5272,54.916666666666664,1210913,1210912.5,secondary
5273,54.927083333333336,1211142,1211142.1875,secondary
5274,54.946875,1211579,1211578.59375,secondary
5275,54.95729166666666,1211808,1211808.28125,secondary
5276,54.967708333333334,1212038,1212037.96875,secondary
5277,54.978125,1212268,1212267.65625,secondary
5278,54.98854166666666,1212497,1212497.34375,secondary
5279,54.998958333333334,1212727,1212727.03125,secondary
5280,55.0,1212750,1212750.0,primary
5281,55.010416666666664,1212980,1212979.6875,secondary
5282,55.020833333333336,1213209,1213209.375,secondary
5283,55.03125,1213439,1213439.0625,secondary
5284,55.041666666666664,1213669,1213668.75,secondary
5285,55.052083333333336,1213898,1213898.4375,secondary
5286,55.071875,1214335,1214334.84375,secondary
5287,55.08229166666666,1214565,1214564.53125,secondary
5288,55.092708333333334,1214794,1214794.21875,secondary
5289,55.103125,1215024,1215023.90625,secondary
5290,55.11354166666666,1215254,1215253.59375,secondary
5291,55.123958333333334,1215483,1215483.28125,secondary
5292,55.125,1215506,1215506.25,primary
5293,55.135416666666664,1215736,1215735.9375,secondary
5294,55.145833333333336,1215965,1215965.625,secondary
5295,55.15625,1216195,1216195.3125,secondary
5296,55.166666666666664,1216425,1216425.0,secondary
5297,55.177083333333336,1216654,1216654.6875,secondary
5298,55.196875,1217091,1217091.09375,secondary
5299,55.20729166666666,1217321,1217320.78125,secondary
5300,55.217708333333334,1217550,1217550.46875,secondary
5301,55.228125,1217780,1217780.15625,secondary
5302,55.23854166666666,1218010,1218009.84375,secondary
5303,55.248958333333334,1218240,1218239.53125,secondary
5304,55.25,1218262,1218262.5,primary
5305,55.260416666666664,1218492,1218492.1875,secondary
5306,55.270833333333336,1218721,1218721.875,secondary
5307,55.28125,1218951,1218951.5625,secondary
5308,55.291666666666664,1219181,1219181.25,secondary
5309,55.302083333333336,1219410,1219410.9375,secondary
5310,55.321875,1219847,1219847.34375,secondary
5311,55.33229166666666,1220077,1220077.03125,secondary
5312,55.342708333333334,1220307,1220306.71875,secondary
5313,55.353125,1220536,1220536.40625,secondary
5314,55.36354166666666,1220766,1220766.09375,secondary
5315,55.373958333333334,1220996,1220995.78125,secondary
5316,55.375,1221019,1221018.75,primary
5317,55.385416666666664,1221249,1221248.4375,secondary
5318,55.395833333333336,1221478,1221478.125,secondary
5319,55.40625,1221708,1221707.8125,secondary
5320,55.416666666666664,1221938,1221937.5,secondary
5321,55.427083333333336,1222167,1222167.1875,secondary
5322,55.446875,1222604,1222603.59375,secondary
5323,55.45729166666666,1222833,1222833.28125,secondary
5324,55.467708333333334,1223063,1223062.96875,secondary
5325,55.478125,1223293,1223292.65625,secondary
5326,55.48854166666666,1223522,1223522.34375,secondary
5327,55.498958333333334,1223752,1223752.03125,secondary
5328,55.5,1223775,1223775.0,primary
5329,55.510416666666664,1224005,1224004.6875,secondary
5330,55.520833333333336,1224234,1224234.375,secondary
5331,55.53125,1224464,1224464.0625,secondary
5332,55.541666666666664,1224694,1224693.75,secondary
5333,55.552083333333336,1224923,1224923.4375,secondary
5334,55.571875,1225360,1225359.84375,secondary
5335,55.58229166666666,1225590,1225589.53125,secondary
5336,55.592708333333334,1225819,1225819.21875,secondary
5337,55.603125,1226049,1226048.90625,secondary
5338,55.61354166666666,1226279,1226278.59375,secondary
5339,55.623958333333334,1226508,1226508.28125,secondary
5340,55.625,1226531,1226531.25,primary
5341,55.635416666666664,1226761,1226760.9375,secondary
5342,55.645833333333336,1226990,1226990.625,secondary
5343,55.65625,1227220,1227220.3125,secondary
5344,55.666666666666664,1227450,1227450.0,secondary
5345,55.677083333333336,1227679,1227679.6875,secondary
5346,55.696875,1228116,1228116.09375,secondary
5347,55.70729166666666,1228346,1228345.78125,secondary
5348,55.717708333333334,1228575,1228575.46875,secondary
5349,55.728125,1228805,1228805.15625,secondary
5350,55.73854166666666,1229035,1229034.84375,secondary
5351,55.748958333333334,1229265,1229264.53125,secondary
5352,55.75,1229288,1229287.5,primary
5353,55.760416666666664,1229518,1229517.1875,secondary
5354,55.770833333333336,1229747,1229746.875,secondary
5355,55.78125,1229977,1229976.5625,secondary
5356,55.791666666666664,1230207,1230206.25,secondary
5357,55.802083333333336,1230436,1230435.9375,secondary
5358,55.821875,1230872,1230872.34375,secondary
5359,55.83229166666666,1231102,1231102.03125,secondary
5360,55.842708333333334,1231332,1231331.71875,secondary
5361,55.853125,1231561,1231561.40625,secondary
5362,55.86354166666666,1231791,1231791.09375,secondary
5363,55.873958333333334,1232021,1232020.78125,secondary
5364,55.875,1232044,1232043.75,primary
5365,55.885416666666664,1232274,1232273.4375,secondary
5366,55.895833333333336,1232503,1232503.125,secondary
5367,55.90625,1232733,1232732.8125,secondary
5368,55.916666666666664,1232963,1232962.5,secondary
5369,55.927083333333336,1233192,1233192.1875,secondary
5370,55.946875,1233629,1233628.59375,secondary
5371,55.95729166666666,1233858,1233858.28125,secondary
5372,55.967708333333334,1234088,1234087.96875,secondary
5373,55.978125,1234318,1234317.65625,secondary
5374,55.98854166666666,1234547,1234547.34375,secondary
5375,55.998958333333334,1234777,1234777.03125,secondary
5376,56.0,1234800,1234800.0,primary
5377,56.010416666666664,1235030,1235029.6875,secondary
5378,56.020833333333336,1235259,1235259.375,secondary
5379,56.03125,1235489,1235489.0625,secondary
5380,56.041666666666664,1235719,1235718.75,secondary
5381,56.052083333333336,1235948,1235948.4375,secondary
5382,56.071875,1236385,1236384.84375,secondary
5383,56.08229166666666,1236615,1236614.53125,secondary
5384,56.092708333333334,1236844,1236844.21875,secondary
5385,56.103125,1237074,1237073.90625,secondary
5386,56.11354166666666,1237304,1237303.59375,secondary
5387,56.123958333333334,1237533,1237533.28125,secondary
5388,56.125,1237556,1237556.25,primary
5389,56.135416666666664,1237786,1237785.9375,secondary
5390,56.145833333333336,1238015,1238015.625,secondary
5391,56.15625,1238245,1238245.3125,secondary
5392,56.166666666666664,1238475,1238475.0,secondary
5393,56.177083333333336,1238704,1238704.6875,secondary
5394,56.196875,1239141,1239141.09375,secondary
5395,56.20729166666666,1239371,1239370.78125,secondary
5396,56.217708333333334,1239600,1239600.46875,secondary
5397,56.228125,1239830,1239830.15625,secondary
5398,56.23854166666666,1240060,1240059.84375,secondary
5399,56.248958333333334,1240290,1240289.53125,secondary
5400,56.25,1240312,1240312.5,primary
5401,56.260416666666664,1240542,1240542.1875,secondary
5402,56.270833333333336,1240771,1240771.875,secondary
5403,56.28125,1241001,1241001.5625,secondary
5404,56.291666666666664,1241231,1241231.25,secondary
5405,56.302083333333336,1241460,1241460.9375,secondary
5406,56.321875,1241897,1241897.34375,secondary
5407,56.33229166666666,1242127,1242127.03125,secondary
5408,56.342708333333334,1242357,1242356.71875,secondary
5409,56.353125,1242586,1242586.40625,secondary
5410,56.36354166666666,1242816,1242816.09375,secondary
5411,56.373958333333334,1243046,1243045.78125,secondary
5412,56.375,1243069,1243068.75,primary
5413,56.385416666666664,1243299,1243298.4375,secondary
5414,56.395833333333336,1243528,1243528.125,secondary
5415,56.40625,1243758,1243757.8125,secondary
5416,56.416666666666664,1243988,1243987.5,secondary
5417,56.427083333333336,1244217,1244217.1875,secondary
5418,56.446875,1244654,1244653.59375,secondary
5419,56.45729166666666,1244883,1244883.28125,secondary
5420,56.467708333333334,1245113,1245112.96875,secondary
5421,56.478125,1245343,1245342.65625,secondary
5422,56.48854166666666,1245572,1245572.34375,secondary
5423,56.498958333333334,1245802,1245802.03125,secondary
5424,56.5,1245825,1245825.0,primary
5425,56.510416666666664,1246055,1246054.6875,secondary
5426,56.520833333333336,1246284,1246284.375,secondary
5427,56.53125,1246514,1246514.0625,secondary
5428,56.541666666666664,1246744,1246743.75,secondary
5429,56.552083333333336,1246973,1246973.4375,secondary
5430,56.571875,1247410,1247409.84375,secondary
5431,56.58229166666666,1247640,1247639.53125,secondary
5432,56.592708333333334,1247869,1247869.21875,secondary
5433,56.603125,1248099,1248098.90625,secondary
5434,56.61354166666666,1248329,1248328.59375,secondary
5435,56.623958333333334,1248558,1248558.28125,secondary
5436,56.625,1248581,1248581.25,primary
5437,56.635416666666664,1248811,1248810.9375,secondary
5438,56.645833333333336,1249040,1249040.625,secondary
5439,56.65625,1249270,1249270.3125,secondary
5440,56.666666666666664,1249500,1249500.0,secondary
5441,56.677083333333336,1249729,1249729.6875,secondary
5442,56.696875,1250166,1250166.09375,secondary
5443,56.70729166666666,1250396,1250395.78125,secondary
5444,56.717708333333334,1250625,1250625.46875,secondary
5445,56.728125,1250855,1250855.15625,secondary
5446,56.73854166666666,1251085,1251084.84375,secondary
5447,56.748958333333334,1251315,1251314.53125,secondary
5448,56.75,1251338,1251337.5,primary
5449,56.760416666666664,1251568,1251567.1875,secondary
5450,56.770833333333336,1251797,1251796.875,secondary
5451,56.78125,1252027,1252026.5625,secondary
5452,56.791666666666664,1252257,1252256.25,secondary
5453,56.802083333333336,1252486,1252485.9375,secondary
5454,56.821875,1252922,1252922.34375,secondary
5455,56.83229166666666,1253152,1253152.03125,secondary
5456,56.842708333333334,1253382,1253381.71875,secondary
5457,56.853125,1253611,1253611.40625,secondary
5458,56.86354166666666,1253841,1253841.09375,secondary
5459,56.873958333333334,1254071,1254070.78125,secondary
5460,56.875,1254094,1254093.75,primary
5461,56.885416666666664,1254324,1254323.4375,secondary
5462,56.895833333333336,1254553,1254553.125,secondary
5463,56.90625,1254783,1254782.8125,secondary
5464,56.916666666666664,1255013,1255012.5,secondary
5465,56.927083333333336,1255242,1255242.1875,secondary
5466,56.946875,1255679,1255678.59375,secondary
5467,56.95729166666666,1255908,1255908.28125,secondary
5468,56.967708333333334,1256138,1256137.96875,secondary
5469,56.978125,1256368,1256367.65625,secondary
5470,56.98854166666666,1256597,1256597.34375,secondary
5471,56.998958333333334,1256827,1256827.03125,secondary
5472,57.0,1256850,1256850.0,primary
5473,57.010416666666664,1257080,1257079.6875,secondary
5474,57.020833333333336,1257309,1257309.375,secondary
5475,57.03125,1257539,1257539.0625,secondary
5476,57.041666666666664,1257769,1257768.75,secondary
5477,57.052083333333336,1257998,1257998.4375,secondary
5478,57.071875,1258435,1258434.84375,secondary
5479,57.08229166666666,1258665,1258664.53125,secondary
5480,57.092708333333334,1258894,1258894.21875,secondary
5481,57.103125,1259124,1259123.90625,secondary
5482,57.11354166666666,1259354,1259353.59375,secondary
5483,57.123958333333334,1259583,1259583.28125,secondary
5484,57.125,1259606,1259606.25,primary
5485,57.135416666666664,1259836,1259835.9375,secondary
5486,57.145833333333336,1260065,1260065.625,secondary
5487,57.15625,1260295,1260295.3125,secondary
5488,57.166666666666664,1260525,1260525.0,secondary
5489,57.177083333333336,1260754,1260754.6875,secondary
5490,57.196875,1261191,1261191.09375,secondary
5491,57.20729166666666,1261421,1261420.78125,secondary
5492,57.217708333333334,1261650,1261650.46875,secondary
5493,57.228125,1261880,1261880.15625,secondary
5494,57.23854166666666,1262110,1262109.84375,secondary
5495,57.248958333333334,1262340,1262339.53125,secondary
5496,57.25,1262362,1262362.5,primary
5497,57.260416666666664,1262592,1262592.1875,secondary
5498,57.270833333333336,1262821,1262821.875,secondary
5499,57.28125,1263051,1263051.5625,secondary
5500,57.291666666666664,1263281,1263281.25,secondary
5501,57.302083333333336,1263510,1263510.9375,secondary
5502,57.321875,1263947,1263947.34375,secondary
5503,57.33229166666666,1264177,1264177.03125,secondary
5504,57.342708333333334,1264407,1264406.71875,secondary
5505,57.353125,1264636,1264636.40625,secondary
5506,57.36354166666666,1264866,1264866.09375,secondary
5507,57.373958333333334,1265096,1265095.78125,secondary
5508,57.375,1265119,1265118.75,primary
5509,57.385416666666664,1265349,1265348.4375,secondary
5510,57.395833333333336,1265578,1265578.125,secondary
5511,57.40625,1265808,1265807.8125,secondary
5512,57.416666666666664,1266038,1266037.5,secondary
5513,57.427083333333336,1266267,1266267.1875,secondary
5514,57.446875,1266704,1266703.59375,secondary
5515,57.45729166666666,1266933,1266933.28125,secondary
5516,57.467708333333334,1267163,1267162.96875,secondary
5517,57.478125,1267393,1267392.65625,secondary
5518,57.48854166666666,1267622,1267622.34375,secondary
5519,57.498958333333334,1267852,1267852.03125,secondary
5520,57.5,1267875,1267875.0,primary
5521,57.510416666666664,1268105,1268104.6875,secondary
5522,57.520833333333336,1268334,1268334.375,secondary
5523,57.53125,1268564,1268564.0625,secondary
5524,57.541666666666664,1268794,1268793.75,secondary
5525,57.552083333333336,1269023,1269023.4375,secondary
5526,57.571875,1269460,1269459.84375,secondary
5527,57.58229166666666,1269690,1269689.53125,secondary
5528,57.592708333333334,1269919,1269919.21875,secondary
5529,57.603125,1270149,1270148.90625,secondary
5530,57.61354166666666,1270379,1270378.59375,secondary
5531,57.623958333333334,1270608,1270608.28125,secondary
5532,57.625,1270631,1270631.25,primary
5533,57.635416666666664,1270861,1270860.9375,secondary
5534,57.645833333333336,1271090,1271090.625,secondary
5535,57.65625,1271320,1271320.3125,secondary
5536,57.666666666666664,1271550,1271550.0,secondary
5537,57.677083333333336,1271779,1271779.6875,secondary
5538,57.696875,1272216,1272216.09375,secondary
5539,57.70729166666666,1272446,1272445.78125,secondary
5540,57.717708333333334,1272675,1272675.46875,secondary
5541,57.728125,1272905,1272905.15625,secondary
5542,57.73854166666666,1273135,1273134.84375,secondary
5543,57.748958333333334,1273365,1273364.53125,secondary
5544,57.75,1273388,1273387.5,primary
5545,57.760416666666664,1273618,1273617.1875,secondary
5546,57.770833333333336,1273847,1273846.875,secondary
5547,57.78125,1274077,1274076.5625,secondary
5548,57.791666666666664,1274307,1274306.25,secondary
5549,57.802083333333336,1274536,1274535.9375,secondary
5550,57.821875,1274972,1274972.34375,secondary
5551,57.83229166666666,1275202,1275202.03125,secondary
5552,57.842708333333334,1275432,1275431.71875,secondary
5553,57.853125,1275661,1275661.40625,secondary
5554,57.86354166666666,1275891,1275891.09375,secondary
5555,57.873958333333334,1276121,1276120.78125,secondary
5556,57.875,1276144,1276143.75,primary
5557,57.885416666666664,1276374,1276373.4375,secondary
5558,57.895833333333336,1276603,1276603.125,secondary
5559,57.90625,1276833,1276832.8125,secondary
5560,57.916666666666664,1277063,1277062.5,secondary
5561,57.927083333333336,1277292,1277292.1875,secondary
5562,57.946875,1277729,1277728.59375,secondary
5563,57.95729166666666,1277958,1277958.28125,secondary
5564,57.967708333333334,1278188,1278187.96875,secondary
5565,57.978125,1278418,1278417.65625,secondary
5566,57.98854166666666,1278647,1278647.34375,secondary
5567,57.998958333333334,1278877,1278877.03125,secondary
5568,58.0,1278900,1278900.0,primary
5569,58.010416666666664,1279130,1279129.6875,secondary
5570,58.020833333333336,1279359,1279359.375,secondary
5571,58.03125,1279589,1279589.0625,secondary
5572,58.041666666666664,1279819,1279818.75,secondary
5573,58.052083333333336,1280048,1280048.4375,secondary
5574,58.071875,1280485,1280484.84375,secondary
5575,58.08229166666666,1280715,1280714.53125,secondary
5576,58.092708333333334,1280944,1280944.21875,secondary
5577,58.103125,1281174,1281173.90625,secondary
5578,58.11354166666666,1281404,1281403.59375,secondary
5579,58.123958333333334,1281633,1281633.28125,secondary
5580,58.125,1281656,1281656.25,primary
5581,58.135416666666664,1281886,1281885.9375,secondary
5582,58.145833333333336,1282115,1282115.625,secondary
5583,58.15625,1282345,1282345.3125,secondary
5584,58.166666666666664,1282575,1282575.0,secondary
5585,58.177083333333336,1282804,1282804.6875,secondary
5586,58.196875,1283241,1283241.09375,secondary
5587,58.20729166666666,1283471,1283470.78125,secondary
5588,58.217708333333334,1283700,1283700.46875,secondary
5589,58.228125,1283930,1283930.15625,secondary
5590,58.23854166666666,1284160,1284159.84375,secondary
5591,58.248958333333334,1284390,1284389.53125,secondary
5592,58.25,1284412,1284412.5,primary
5593,58.260416666666664,1284642,1284642.1875,secondary
5594,58.270833333333336,1284871,1284871.875,secondary
5595,58.28125,1285101,1285101.5625,secondary
5596,58.291666666666664,1285331,1285331.25,secondary
5597,58.302083333333336,1285560,1285560.9375,secondary
5598,58.321875,1285997,1285997.34375,secondary
5599,58.33229166666666,1286227,1286227.03125,secondary
5600,58.342708333333334,1286457,1286456.71875,secondary
5601,58.353125,1286686,1286686.40625,secondary
5602,58.36354166666666,1286916,1286916.09375,secondary
5603,58.373958333333334,1287146,1287145.78125,secondary
5604,58.375,1287169,1287168.75,primary
5605,58.385416666666664,1287399,1287398.4375,secondary
5606,58.395833333333336,1287628,1287628.125,secondary
5607,58.40625,1287858,1287857.8125,secondary
5608,58.416666666666664,1288088,1288087.5,secondary
5609,58.427083333333336,1288317,1288317.1875,secondary
5610,58.446875,1288754,1288753.59375,secondary
5611,58.45729166666666,1288983,1288983.28125,secondary
5612,58.467708333333334,1289213,1289212.96875,secondary
5613,58.478125,1289443,1289442.65625,secondary
5614,58.48854166666666,1289672,1289672.34375,secondary
5615,58.498958333333334,1289902,1289902.03125,secondary
5616,58.5,1289925,1289925.0,primary
5617,58.510416666666664,1290155,1290154.6875,secondary
5618,58.520833333333336,1290384,1290384.375,secondary
5619,58.53125,1290614,1290614.0625,secondary
5620,58.541666666666664,1290844,1290843.75,secondary
5621,58.552083333333336,1291073,1291073.4375,secondary
5622,58.571875,1291510,1291509.84375,secondary
5623,58.58229166666666,1291740,1291739.53125,secondary
5624,58.592708333333334,1291969,1291969.21875,secondary
5625,58.603125,1292199,1292198.90625,secondary
5626,58.61354166666666,1292429,1292428.59375,secondary
5627,58.623958333333334,1292658,1292658.28125,secondary
5628,58.625,1292681,1292681.25,primary
5629,58.635416666666664,1292911,1292910.9375,secondary
5630,58.645833333333336,1293140,1293140.625,secondary
5631,58.65625,1293370,1293370.3125,secondary
5632,58.666666666666664,1293600,1293600.0,secondary
5633,58.677083333333336,1293829,1293829.6875,secondary
5634,58.696875,1294266,1294266.09375,secondary
5635,58.70729166666666,1294496,1294495.78125,secondary
5636,58.717708333333334,1294725,1294725.46875,secondary
5637,58.728125,1294955,1294955.15625,secondary
5638,58.73854166666666,1295185,1295184.84375,secondary
5639,58.748958333333334,1295415,1295414.53125,secondary
5640,58.75,1295438,1295437.5,primary
5641,58.760416666666664,1295668,1295667.1875,secondary
5642,58.770833333333336,1295897,1295896.875,secondary
5643,58.78125,1296127,1296126.5625,secondary
5644,58.791666666666664,1296357,1296356.25,secondary
5645,58.802083333333336,1296586,1296585.9375,secondary
5646,58.821875,1297022,1297022.34375,secondary
5647,58.83229166666666,1297252,1297252.03125,secondary
5648,58.842708333333334,1297482,1297481.71875,secondary
5649,58.853125,1297711,1297711.40625,secondary
5650,58.86354166666666,1297941,1297941.09375,secondary
5651,58.873958333333334,1298171,1298170.78125,secondary
5652,58.875,1298194,1298193.75,primary
5653,58.885416666666664,1298424,1298423.4375,secondary
5654,58.895833333333336,1298653,1298653.125,secondary
5655,58.90625,1298883,1298882.8125,secondary
5656,58.916666666666664,1299113,1299112.5,secondary
5657,58.927083333333336,1299342,1299342.1875,secondary
5658,58.946875,1299779,1299778.59375,secondary
5659,58.95729166666666,1300008,1300008.28125,secondary
5660,58.967708333333334,1300238,1300237.96875,secondary
5661,58.978125,1300468,1300467.65625,secondary
5662,58.98854166666666,1300697,1300697.34375,secondary
5663,58.998958333333334,1300927,1300927.03125,secondary
5664,59.0,1300950,1300950.0,primary
5665,59.010416666666664,1301180,1301179.6875,secondary
5666,59.020833333333336,1301409,1301409.375,secondary
5667,59.03125,1301639,1301639.0625,secondary
5668,59.041666666666664,1301869,1301868.75,secondary
5669,59.052083333333336,1302098,1302098.4375,secondary
5670,59.071875,1302535,1302534.84375,secondary
5671,59.08229166666666,1302765,1302764.53125,secondary
5672,59.092708333333334,1302994,1302994.21875,secondary
5673,59.103125,1303224,1303223.90625,secondary
5674,59.11354166666666,1303454,1303453.59375,secondary
5675,59.123958333333334,1303683,1303683.28125,secondary
5676,59.125,1303706,1303706.25,primary
5677,59.135416666666664,1303936,1303935.9375,secondary
5678,59.145833333333336,1304165,1304165.625,secondary
5679,59.15625,1304395,1304395.3125,secondary
5680,59.166666666666664,1304625,1304625.0,secondary
5681,59.177083333333336,1304854,1304854.6875,secondary
5682,59.196875,1305291,1305291.09375,secondary
5683,59.20729166666666,1305521,1305520.78125,secondary
5684,59.217708333333334,1305750,1305750.46875,secondary
5685,59.228125,1305980,1305980.15625,secondary
5686,59.23854166666666,1306210,1306209.84375,secondary
5687,59.248958333333334,1306440,1306439.53125,secondary
5688,59.25,1306462,1306462.5,primary
5689,59.260416666666664,1306692,1306692.1875,secondary
5690,59.270833333333336,1306921,1306921.875,secondary
5691,59.28125,1307151,1307151.5625,secondary
5692,59.291666666666664,1307381,1307381.25,secondary
5693,59.302083333333336,1307610,1307610.9375,secondary
5694,59.321875,1308047,1308047.34375,secondary
5695,59.33229166666666,1308277,1308277.03125,secondary
5696,59.342708333333334,1308507,1308506.71875,secondary
5697,59.353125,1308736,1308736.40625,secondary
5698,59.36354166666666,1308966,1308966.09375,secondary
5699,59.373958333333334,1309196,1309195.78125,secondary
5700,59.375,1309219,1309218.75,primary
5701,59.385416666666664,1309449,1309448.4375,secondary
5702,59.395833333333336,1309678,1309678.125,secondary
5703,59.40625,1309908,1309907.8125,secondary
5704,59.416666666666664,1310138,1310137.5,secondary
5705,59.427083333333336,1310367,1310367.1875,secondary
5706,59.446875,1310804,1310803.59375,secondary
5707,59.45729166666666,1311033,1311033.28125,secondary
5708,59.467708333333334,1311263,1311262.96875,secondary
5709,59.478125,1311493,1311492.65625,secondary
5710,59.48854166666666,1311722,1311722.34375,secondary
5711,59.498958333333334,1311952,1311952.03125,secondary
5712,59.5,1311975,1311975.0,primary
5713,59.510416666666664,1312205,1312204.6875,secondary
5714,59.520833333333336,1312434,1312434.375,secondary
5715,59.53125,1312664,1312664.0625,secondary
5716,59.541666666666664,1312894,1312893.75,secondary
5717,59.552083333333336,1313123,1313123.4375,secondary
5718,59.571875,1313560,1313559.84375,secondary
5719,59.58229166666666,1313790,1313789.53125,secondary
5720,59.592708333333334,1314019,1314019.21875,secondary
5721,59.603125,1314249,1314248.90625,secondary
5722,59.61354166666666,1314479,1314478.59375,secondary
5723,59.623958333333334,1314708,1314708.28125,secondary
5724,59.625,1314731,1314731.25,primary
5725,59.635416666666664,1314961,1314960.9375,secondary
5726,59.645833333333336,1315190,1315190.625,secondary
5727,59.65625,1315420,1315420.3125,secondary
5728,59.666666666666664,1315650,1315650.0,secondary
5729,59.677083333333336,1315879,1315879.6875,secondary
5730,59.696875,1316316,1316316.09375,secondary
5731,59.70729166666666,1316546,1316545.78125,secondary
5732,59.717708333333334,1316775,1316775.46875,secondary
5733,59.728125,1317005,1317005.15625,secondary
5734,59.73854166666666,1317235,1317234.84375,secondary
5735,59.748958333333334,1317465,1317464.53125,secondary
5736,59.75,1317488,1317487.5,primary
5737,59.760416666666664,1317718,1317717.1875,secondary
5738,59.770833333333336,1317947,1317946.875,secondary
5739,59.78125,1318177,1318176.5625,secondary
5740,59.791666666666664,1318407,1318406.25,secondary
5741,59.802083333333336,1318636,1318635.9375,secondary
5742,59.821875,1319072,1319072.34375,secondary
5743,59.83229166666666,1319302,1319302.03125,secondary
5744,59.842708333333334,1319532,1319531.71875,secondary
5745,59.853125,1319761,1319761.40625,secondary
5746,59.86354166666666,1319991,1319991.09375,secondary
5747,59.873958333333334,1320221,1320220.78125,secondary
5748,59.875,1320244,1320243.75,primary
5749,59.885416666666664,1320474,1320473.4375,secondary
5750,59.895833333333336,1320703,1320703.125,secondary
5751,59.90625,1320933,1320932.8125,secondary
5752,59.916666666666664,1321163,1321162.5,secondary
5753,59.927083333333336,1321392,1321392.1875,secondary
5754,59.946875,1321829,1321828.59375,secondary
5755,59.95729166666666,1322058,1322058.28125,secondary
5756,59.967708333333334,1322288,1322287.96875,secondary
5757,59.978125,1322518,1322517.65625,secondary
5758,59.98854166666666,1322747,1322747.34375,secondary
5759,59.998958333333334,1322977,1322977.03125,secondary
5760,60.0,1323000,1323000.0,primary
5761,60.010416666666664,1323230,1323229.6875,secondary
5762,60.020833333333336,1323459,1323459.375,secondary
5763,60.03125,1323689,1323689.0625,secondary
5764,60.041666666666664,1323919,1323918.75,secondary
5765,60.052083333333336,1324148,1324148.4375,secondary
5766,60.071875,1324585,1324584.84375,secondary
5767,60.08229166666666,1324815,1324814.53125,secondary
5768,60.092708333333334,1325044,1325044.21875,secondary
5769,60.103125,1325274,1325273.90625,secondary
5770,60.11354166666666,1325504,1325503.59375,secondary
5771,60.123958333333334,1325733,1325733.28125,secondary
5772,60.125,1325756,1325756.25,primary
5773,60.135416666666664,1325986,1325985.9375,secondary
5774,60.145833333333336,1326215,1326215.625,secondary
5775,60.15625,1326445,1326445.3125,secondary
5776,60.166666666666664,1326675,1326675.0,secondary
5777,60.177083333333336,1326904,1326904.6875,secondary
5778,60.196875,1327341,1327341.09375,secondary
5779,60.20729166666666,1327571,1327570.78125,secondary
5780,60.217708333333334,1327800,1327800.46875,secondary
5781,60.228125,1328030,1328030.15625,secondary
5782,60.23854166666666,1328260,1328259.84375,secondary
5783,60.248958333333334,1328490,1328489.53125,secondary
5784,60.25,1328512,1328512.5,primary
5785,60.260416666666664,1328742,1328742.1875,secondary
5786,60.270833333333336,1328971,1328971.875,secondary
5787,60.28125,1329201,1329201.5625,secondary
5788,60.291666666666664,1329431,1329431.25,secondary
5789,60.302083333333336,1329660,1329660.9375,secondary
5790,60.321875,1330097,1330097.34375,secondary
5791,60.33229166666666,1330327,1330327.03125,secondary
5792,60.342708333333334,1330557,1330556.71875,secondary
5793,60.353125,1330786,1330786.40625,secondary
5794,60.36354166666666,1331016,1331016.09375,secondary
5795,60.373958333333334,1331246,1331245.78125,secondary
5796,60.375,1331269,1331268.75,primary
5797,60.385416666666664,1331499,1331498.4375,secondary
5798,60.395833333333336,1331728,1331728.125,secondary
5799,60.40625,1331958,1331957.8125,secondary
5800,60.416666666666664,1332188,1332187.5,secondary
5801,60.427083333333336,1332417,1332417.1875,secondary
5802,60.446875,1332854,1332853.59375,secondary
5803,60.45729166666666,1333083,1333083.28125,secondary
5804,60.467708333333334,1333313,1333312.96875,secondary
5805,60.478125,1333543,1333542.65625,secondary
5806,60.48854166666666,1333772,1333772.34375,secondary
5807,60.498958333333334,1334002,1334002.03125,secondary
5808,60.5,1334025,1334025.0,primary
5809,60.510416666666664,1334255,1334254.6875,secondary
5810,60.520833333333336,1334484,1334484.375,secondary
5811,60.53125,1334714,1334714.0625,secondary
5812,60.541666666666664,1334944,1334943.75,secondary
5813,60.552083333333336,1335173,1335173.4375,secondary
5814,60.571875,1335610,1335609.84375,secondary
5815,60.58229166666666,1335840,1335839.53125,secondary
5816,60.592708333333334,1336069,1336069.21875,secondary
5817,60.603125,1336299,1336298.90625,secondary
5818,60.61354166666666,1336529,1336528.59375,secondary
5819,60.623958333333334,1336758,1336758.28125,secondary
5820,60.625,1336781,1336781.25,primary
5821,60.635416666666664,1337011,1337010.9375,secondary
5822,60.645833333333336,1337240,1337240.625,secondary
5823,60.65625,1337470,1337470.3125,secondary
5824,60.666666666666664,1337700,1337700.0,secondary
5825,60.677083333333336,1337929,1337929.6875,secondary
5826,60.696875,1338366,1338366.09375,secondary
5827,60.70729166666666,1338596,1338595.78125,secondary
5828,60.717708333333334,1338825,1338825.46875,secondary
5829,60.728125,1339055,1339055.15625,secondary
5830,60.73854166666666,1339285,1339284.84375,secondary
5831,60.748958333333334,1339515,1339514.53125,secondary
5832,60.75,1339538,1339537.5,primary
5833,60.760416666666664,1339768,1339767.1875,secondary
5834,60.770833333333336,1339997,1339996.875,secondary
5835,60.78125,1340227,1340226.5625,secondary
5836,60.791666666666664,1340457,1340456.25,secondary
5837,60.802083333333336,1340686,1340685.9375,secondary
5838,60.821875,1341122,1341122.34375,secondary
5839,60.83229166666666,1341352,1341352.03125,secondary
5840,60.842708333333334,1341582,1341581.71875,secondary
5841,60.853125,1341811,1341811.40625,secondary
5842,60.86354166666666,1342041,1342041.09375,secondary
5843,60.873958333333334,1342271,1342270.78125,secondary
5844,60.875,1342294,1342293.75,primary
5845,60.885416666666664,1342524,1342523.4375,secondary
5846,60.895833333333336,1342753,1342753.125,secondary
5847,60.90625,1342983,1342982.8125,secondary
5848,60.916666666666664,1343213,1343212.5,secondary
5849,60.927083333333336,1343442,1343442.1875,secondary
5850,60.946875,1343879,1343878.59375,secondary
5851,60.95729166666666,1344108,1344108.28125,secondary
5852,60.967708333333334,1344338,1344337.96875,secondary
5853,60.978125,1344568,1344567.65625,secondary
5854,60.98854166666666,1344797,1344797.34375,secondary
5855,60.998958333333334,1345027,1345027.03125,secondary
5856,61.0,1345050,1345050.0,primary
5857,61.010416666666664,1345280,1345279.6875,secondary
5858,61.020833333333336,1345509,1345509.375,secondary
5859,61.03125,1345739,1345739.0625,secondary
5860,61.041666666666664,1345969,1345968.75,secondary
5861,61.052083333333336,1346198,1346198.4375,secondary
5862,61.071875,1346635,1346634.84375,secondary
5863,61.08229166666666,1346865,1346864.53125,secondary
5864,61.092708333333334,1347094,1347094.21875,secondary
5865,61.103125,1347324,1347323.90625,secondary
5866,61.11354166666666,1347554,1347553.59375,secondary
5867,61.123958333333334,1347783,1347783.28125,secondary
5868,61.125,1347806,1347806.25,primary
5869,61.135416666666664,1348036,1348035.9375,secondary
5870,61.145833333333336,1348265,1348265.625,secondary
5871,61.15625,1348495,1348495.3125,secondary
5872,61.166666666666664,1348725,1348725.0,secondary
5873,61.177083333333336,1348954,1348954.6875,secondary
5874,61.196875,1349391,1349391.09375,secondary
5875,61.20729166666666,1349621,1349620.78125,secondary
5876,61.217708333333334,1349850,1349850.46875,secondary
5877,61.228125,1350080,1350080.15625,secondary
5878,61.23854166666666,1350310,1350309.84375,secondary
5879,61.248958333333334,1350540,1350539.53125,secondary
5880,61.25,1350562,1350562.5,primary
5881,61.260416666666664,1350792,1350792.1875,secondary
5882,61.270833333333336,1351021,1351021.875,secondary
5883,61.28125,1351251,1351251.5625,secondary
5884,61.291666666666664,1351481,1351481.25,secondary
5885,61.302083333333336,1351710,1351710.9375,secondary
5886,61.321875,1352147,1352147.34375,secondary
5887,61.33229166666666,1352377,1352377.03125,secondary
5888,61.342708333333334,1352607,1352606.71875,secondary
5889,61.353125,1352836,1352836.40625,secondary
5890,61.36354166666666,1353066,1353066.09375,secondary
5891,61.373958333333334,1353296,1353295.78125,secondary
5892,61.375,1353319,1353318.75,primary
5893,61.385416666666664,1353549,1353548.4375,secondary
5894,61.395833333333336,1353778,1353778.125,secondary
5895,61.40625,1354008,1354007.8125,secondary
5896,61.416666666666664,1354238,1354237.5,secondary
5897,61.427083333333336,1354467,1354467.1875,secondary
5898,61.446875,1354904,1354903.59375,secondary
5899,61.45729166666666,1355133,1355133.28125,secondary
5900,61.467708333333334,1355363,1355362.96875,secondary
5901,61.478125,1355593,1355592.65625,secondary
5902,61.48854166666666,1355822,1355822.34375,secondary
5903,61.498958333333334,1356052,1356052.03125,secondary
5904,61.5,1356075,1356075.0,primary
5905,61.510416666666664,1356305,1356304.6875,secondary
5906,61.520833333333336,1356534,1356534.375,secondary
5907,61.53125,1356764,1356764.0625,secondary
5908,61.541666666666664,1356994,1356993.75,secondary
5909,61.552083333333336,1357223,1357223.4375,secondary
5910,61.571875,1357660,1357659.84375,secondary
5911,61.58229166666666,1357890,1357889.53125,secondary
5912,61.592708333333334,1358119,1358119.21875,secondary
5913,61.603125,1358349,1358348.90625,secondary
5914,61.61354166666666,1358579,1358578.59375,secondary
5915,61.623958333333334,1358808,1358808.28125,secondary
5916,61.625,1358831,1358831.25,primary
5917,61.635416666666664,1359061,1359060.9375,secondary
5918,61.645833333333336,1359290,1359290.625,secondary
5919,61.65625,1359520,1359520.3125,secondary
5920,61.666666666666664,1359750,1359750.0,secondary
5921,61.677083333333336,1359979,1359979.6875,secondary
5922,61.696875,1360416,1360416.09375,secondary
5923,61.70729166666666,1360646,1360645.78125,secondary
5924,61.717708333333334,1360875,1360875.46875,secondary
5925,61.728125,1361105,1361105.15625,secondary
5926,61.73854166666666,1361335,1361334.84375,secondary
5927,61.748958333333334,1361565,1361564.53125,secondary
5928,61.75,1361588,1361587.5,primary
5929,61.760416666666664,1361818,1361817.1875,secondary
5930,61.770833333333336,1362047,1362046.875,secondary
5931,61.78125,1362277,1362276.5625,secondary
5932,61.791666666666664,1362507,1362506.25,secondary
5933,61.802083333333336,1362736,1362735.9375,secondary
5934,61.821875,1363172,1363172.34375,secondary
5935,61.83229166666666,1363402,1363402.03125,secondary
5936,61.842708333333334,1363632,1363631.71875,secondary
5937,61.853125,1363861,1363861.40625,secondary
5938,61.86354166666666,1364091,1364091.09375,secondary
5939,61.873958333333334,1364321,1364320.78125,secondary
5940,61.875,1364344,1364343.75,primary
5941,61.885416666666664,1364574,1364573.4375,secondary
5942,61.895833333333336,1364803,1364803.125,secondary
5943,61.90625,1365033,1365032.8125,secondary
5944,61.916666666666664,1365263,1365262.5,secondary
5945,61.927083333333336,1365492,1365492.1875,secondary
5946,61.946875,1365929,1365928.59375,secondary
5947,61.95729166666666,1366158,1366158.28125,secondary
5948,61.967708333333334,1366388,1366387.96875,secondary
5949,61.978125,1366618,1366617.65625,secondary
5950,61.98854166666666,1366847,1366847.34375,secondary
5951,61.998958333333334,1367077,1367077.03125,secondary
5952,62.0,1367100,1367100.0,primary
5953,62.010416666666664,1367330,1367329.6875,secondary
5954,62.020833333333336,1367559,1367559.375,secondary
5955,62.03125,1367789,1367789.0625,secondary
5956,62.041666666666664,1368019,1368018.75,secondary
5957,62.052083333333336,1368248,1368248.4375,secondary
5958,62.071875,1368685,1368684.84375,secondary
5959,62.08229166666666,1368915,1368914.53125,secondary
5960,62.092708333333334,1369144,1369144.21875,secondary
5961,62.103125,1369374,1369373.90625,secondary
5962,62.11354166666666,1369604,1369603.59375,secondary
5963,62.123958333333334,1369833,1369833.28125,secondary
5964,62.125,1369856,1369856.25,primary
5965,62.135416666666664,1370086,1370085.9375,secondary
5966,62.145833333333336,1370315,1370315.625,secondary
5967,62.15625,1370545,1370545.3125,secondary
5968,62.166666666666664,1370775,1370775.0,secondary
5969,62.177083333333336,1371004,1371004.6875,secondary
5970,62.196875,1371441,1371441.09375,secondary
5971,62.20729166666666,1371671,1371670.78125,secondary
5972,62.217708333333334,1371900,1371900.46875,secondary
5973,62.228125,1372130,1372130.15625,secondary
5974,62.23854166666666,1372360,1372359.84375,secondary
5975,62.248958333333334,1372590,1372589.53125,secondary
5976,62.25,1372612,1372612.5,primary
5977,62.260416666666664,1372842,1372842.1875,secondary
5978,62.270833333333336,1373071,1373071.875,secondary
5979,62.28125,1373301,1373301.5625,secondary
5980,62.291666666666664,1373531,1373531.25,secondary
5981,62.302083333333336,1373760,1373760.9375,secondary
5982,62.321875,1374197,1374197.34375,secondary
5983,62.33229166666666,1374427,1374427.03125,secondary
5984,62.342708333333334,1374657,1374656.71875,secondary
5985,62.353125,1374886,1374886.40625,secondary
5986,62.36354166666666,1375116,1375116.09375,secondary
5987,62.373958333333334,1375346,1375345.78125,secondary
5988,62.375,1375369,1375368.75,primary
5989,62.385416666666664,1375599,1375598.4375,secondary
5990,62.395833333333336,1375828,1375828.125,secondary
5991,62.40625,1376058,1376057.8125,secondary
5992,62.416666666666664,1376288,1376287.5,secondary
5993,62.427083333333336,1376517,1376517.1875,secondary
5994,62.446875,1376954,1376953.59375,secondary
5995,62.45729166666666,1377183,1377183.28125,secondary
5996,62.467708333333334,1377413,1377412.96875,secondary
5997,62.478125,1377643,1377642.65625,secondary
5998,62.48854166666666,1377872,1377872.34375,secondary
5999,62.498958333333334,1378102,1378102.03125,secondary
6000,62.5,1378125,1378125.0,primary
6001,62.510416666666664,1378355,1378354.6875,secondary
6002,62.520833333333336,1378584,1378584.375,secondary
6003,62.53125,1378814,1378814.0625,secondary
6004,62.541666666666664,1379044,1379043.75,secondary
6005,62.552083333333336,1379273,1379273.4375,secondary
6006,62.571875,1379710,1379709.84375,secondary
6007,62.58229166666666,1379940,1379939.53125,secondary
6008,62.592708333333334,1380169,1380169.21875,secondary
6009,62.603125,1380399,1380398.90625,secondary
6010,62.61354166666666,1380629,1380628.59375,secondary
6011,62.623958333333334,1380858,1380858.28125,secondary
6012,62.625,1380881,1380881.25,primary
6013,62.635416666666664,1381111,1381110.9375,secondary
6014,62.645833333333336,1381340,1381340.625,secondary
6015,62.65625,1381570,1381570.3125,secondary
6016,62.666666666666664,1381800,1381800.0,secondary
6017,62.677083333333336,1382029,1382029.6875,secondary
6018,62.696875,1382466,1382466.09375,secondary
6019,62.70729166666666,1382696,1382695.78125,secondary
6020,62.717708333333334,1382925,1382925.46875,secondary
6021,62.728125,1383155,1383155.15625,secondary
6022,62.73854166666666,1383385,1383384.84375,secondary
6023,62.748958333333334,1383615,1383614.53125,secondary
6024,62.75,1383638,1383637.5,primary
6025,62.760416666666664,1383868,1383867.1875,secondary
6026,62.770833333333336,1384097,1384096.875,secondary
6027,62.78125,1384327,1384326.5625,secondary
6028,62.791666666666664,1384557,1384556.25,secondary
6029,62.802083333333336,1384786,1384785.9375,secondary
6030,62.821875,1385222,1385222.34375,secondary
6031,62.83229166666666,1385452,1385452.03125,secondary
6032,62.842708333333334,1385682,1385681.71875,secondary
6033,62.853125,1385911,1385911.40625,secondary
6034,62.86354166666666,1386141,1386141.09375,secondary
6035,62.873958333333334,1386371,1386370.78125,secondary
6036,62.875,1386394,1386393.75,primary
6037,62.885416666666664,1386624,1386623.4375,secondary
6038,62.895833333333336,1386853,1386853.125,secondary
6039,62.90625,1387083,1387082.8125,secondary
6040,62.916666666666664,1387313,1387312.5,secondary
6041,62.927083333333336,1387542,1387542.1875,secondary
6042,62.946875,1387979,1387978.59375,secondary
6043,62.95729166666666,1388208,1388208.28125,secondary
6044,62.967708333333334,1388438,1388437.96875,secondary
6045,62.978125,1388668,1388667.65625,secondary
6046,62.98854166666666,1388897,1388897.34375,secondary
6047,62.998958333333334,1389127,1389127.03125,secondary
6048,63.0,1389150,1389150.0,primary
6049,63.010416666666664,1389380,1389379.6875,secondary
6050,63.020833333333336,1389609,1389609.375,secondary
6051,63.03125,1389839,1389839.0625,secondary
6052,63.041666666666664,1390069,1390068.75,secondary
6053,63.052083333333336,1390298,1390298.4375,secondary
6054,63.071875,1390735,1390734.84375,secondary
6055,63.08229166666666,1390965,1390964.53125,secondary
6056,63.092708333333334,1391194,1391194.21875,secondary
6057,63.103125,1391424,1391423.90625,secondary
6058,63.11354166666666,1391654,1391653.59375,secondary
6059,63.123958333333334,1391883,1391883.28125,secondary
6060,63.125,1391906,1391906.25,primary
6061,63.135416666666664,1392136,1392135.9375,secondary
6062,63.145833333333336,1392365,1392365.625,secondary
6063,63.15625,1392595,1392595.3125,secondary
6064,63.166666666666664,1392825,1392825.0,secondary
6065,63.177083333333336,1393054,1393054.6875,secondary
6066,63.196875,1393491,1393491.09375,secondary
6067,63.20729166666666,1393721,1393720.78125,secondary
6068,63.217708333333334,1393950,1393950.46875,secondary
6069,63.228125,1394180,1394180.15625,secondary
6070,63.23854166666666,1394410,1394409.84375,secondary
6071,63.248958333333334,1394640,1394639.53125,secondary
6072,63.25,1394662,1394662.5,primary
6073,63.260416666666664,1394892,1394892.1875,secondary
6074,63.270833333333336,1395121,1395121.875,secondary
6075,63.28125,1395351,1395351.5625,secondary
6076,63.291666666666664,1395581,1395581.25,secondary
6077,63.302083333333336,1395810,1395810.9375,secondary
6078,63.321875,1396247,1396247.34375,secondary
6079,63.33229166666666,1396477,1396477.03125,secondary
6080,63.342708333333334,1396707,1396706.71875,secondary
6081,63.353125,1396936,1396936.40625,secondary
6082,63.36354166666666,1397166,1397166.09375,secondary
6083,63.373958333333334,1397396,1397395.78125,secondary
6084,63.375,1397419,1397418.75,primary
6085,63.385416666666664,1397649,1397648.4375,secondary
6086,63.395833333333336,1397878,1397878.125,secondary
6087,63.40625,1398108,1398107.8125,secondary
6088,63.416666666666664,1398338,1398337.5,secondary
6089,63.427083333333336,1398567,1398567.1875,secondary
6090,63.446875,1399004,1399003.59375,secondary
6091,63.45729166666666,1399233,1399233.28125,secondary
6092,63.467708333333334,1399463,1399462.96875,secondary
6093,63.478125,1399693,1399692.65625,secondary
6094,63.48854166666666,1399922,1399922.34375,secondary
6095,63.498958333333334,1400152,1400152.03125,secondary
6096,63.5,1400175,1400175.0,primary
6097,63.510416666666664,1400405,1400404.6875,secondary
6098,63.520833333333336,1400634,1400634.375,secondary
6099,63.53125,1400864,1400864.0625,secondary
6100,63.541666666666664,1401094,1401093.75,secondary
6101,63.552083333333336,1401323,1401323.4375,secondary
6102,63.571875,1401760,1401759.84375,secondary
6103,63.58229166666666,1401990,1401989.53125,secondary
6104,63.592708333333334,1402219,1402219.21875,secondary
6105,63.603125,1402449,1402448.90625,secondary
6106,63.61354166666666,1402679,1402678.59375,secondary
6107,63.623958333333334,1402908,1402908.28125,secondary
6108,63.625,1402931,1402931.25,primary
6109,63.635416666666664,1403161,1403160.9375,secondary
6110,63.645833333333336,1403390,1403390.625,secondary
6111,63.65625,1403620,1403620.3125,secondary
6112,63.666666666666664,1403850,1403850.0,secondary
6113,63.677083333333336,1404079,1404079.6875,secondary
6114,63.696875,1404516,1404516.09375,secondary
6115,63.70729166666666,1404746,1404745.78125,secondary
6116,63.717708333333334,1404975,1404975.46875,secondary
6117,63.728125,1405205,1405205.15625,secondary
6118,63.73854166666666,1405435,1405434.84375,secondary
6119,63.748958333333334,1405665,1405664.53125,secondary
6120,63.75,1405688,1405687.5,primary
6121,63.760416666666664,1405918,1405917.1875,secondary
6122,63.770833333333336,1406147,1406146.875,secondary
6123,63.78125,1406377,1406376.5625,secondary
6124,63.791666666666664,1406607,1406606.25,secondary
6125,63.802083333333336,1406836,1406835.9375,secondary
6126,63.821875,1407272,1407272.34375,secondary
6127,63.83229166666666,1407502,1407502.03125,secondary
6128,63.842708333333334,1407732,1407731.71875,secondary
6129,63.853125,1407961,1407961.40625,secondary
6130,63.86354166666666,1408191,1408191.09375,secondary
6131,63.873958333333334,1408421,1408420.78125,secondary
6132,63.875,1408444,1408443.75,primary
6133,63.885416666666664,1408674,1408673.4375,secondary
6134,63.895833333333336,1408903,1408903.125,secondary
6135,63.90625,1409133,1409132.8125,secondary
6136,63.916666666666664,1409363,1409362.5,secondary
6137,63.927083333333336,1409592,1409592.1875,secondary
6138,63.946875,1410029,1410028.59375,secondary
6139,63.95729166666666,1410258,1410258.28125,secondary
6140,63.967708333333334,1410488,1410487.96875,secondary
6141,63.978125,1410718,1410717.65625,secondary
6142,63.98854166666666,1410947,1410947.34375,secondary
6143,63.998958333333334,1411177,1411177.03125,secondary
6144,64.0,1411200,1411200.0,primary
6145,64.01041666666667,1411430,1411429.6875,secondary
6146,64.02083333333333,1411659,1411659.375,secondary
6147,64.03125,1411889,1411889.0625,secondary
6148,64.04166666666667,1412119,1412118.75,secondary
6149,64.05208333333333,1412348,1412348.4375,secondary
6150,64.071875,1412785,1412784.8437500002,secondary
6151,64.08229166666668,1413015,1413014.5312500002,secondary
6152,64.09270833333333,1413244,1413244.21875,secondary
6153,64.103125,1413474,1413473.9062500002,secondary
6154,64.11354166666668,1413704,1413703.5937500002,secondary
6155,64.12395833333333,1413933,1413933.28125,secondary
6156,64.125,1413956,1413956.25,primary
6157,64.13541666666667,1414186,1414185.9375,secondary
6158,64.14583333333333,1414415,1414415.625,secondary
6159,64.15625,1414645,1414645.3125,secondary
6160,64.16666666666667,1414875,1414875.0,secondary
6161,64.17708333333333,1415104,1415104.6875,secondary
6162,64.196875,1415541,1415541.0937500002,secondary
6163,64.20729166666668,1415771,1415770.7812500002,secondary
6164,64.21770833333333,1416000,1416000.46875,secondary
6165,64.228125,1416230,1416230.1562500002,secondary
6166,64.23854166666668,1416460,1416459.8437500002,secondary
6167,64.24895833333333,1416690,1416689.53125,secondary
6168,64.25,1416712,1416712.5,primary
6169,64.26041666666667,1416942,1416942.1875,secondary
6170,64.27083333333333,1417171,1417171.875,secondary
6171,64.28125,1417401,1417401.5625,secondary
6172,64.29166666666667,1417631,1417631.25,secondary
6173,64.30208333333333,1417860,1417860.9375,secondary
6174,64.321875,1418297,1418297.3437500002,secondary
6175,64.33229166666668,1418527,1418527.0312500002,secondary
6176,64.34270833333333,1418757,1418756.71875,secondary
6177,64.353125,1418986,1418986.4062500002,secondary
6178,64.36354166666668,1419216,1419216.0937500002,secondary
6179,64.37395833333333,1419446,1419445.78125,secondary
6180,64.375,1419469,1419468.75,primary
6181,64.38541666666667,1419699,1419698.4375,secondary
6182,64.39583333333333,1419928,1419928.125,secondary
6183,64.40625,1420158,1420157.8125,secondary
6184,64.41666666666667,1420388,1420387.5,secondary
6185,64.42708333333333,1420617,1420617.1875,secondary
6186,64.446875,1421054,1421053.5937500002,secondary
6187,64.45729166666668,1421283,1421283.2812500002,secondary
6188,64.46770833333333,1421513,1421512.96875,secondary
6189,64.478125,1421743,1421742.6562500002,secondary
6190,64.48854166666668,1421972,1421972.3437500002,secondary
6191,64.49895833333333,1422202,1422202.03125,secondary
6192,64.5,1422225,1422225.0,primary
6193,64.51041666666667,1422455,1422454.6875,secondary
6194,64.52083333333333,1422684,1422684.375,secondary
6195,64.53125,1422914,1422914.0625,secondary
6196,64.54166666666667,1423144,1423143.75,secondary
6197,64.55208333333333,1423373,1423373.4375,secondary
6198,64.571875,1423810,1423809.8437500002,secondary
6199,64.58229166666668,1424040,1424039.5312500002,secondary
6200,64.59270833333333,1424269,1424269.21875,secondary
6201,64.603125,1424499,1424498.9062500002,secondary
6202,64.61354166666668,1424729,1424728.5937500002,secondary
6203,64.62395833333333,1424958,1424958.28125,secondary
6204,64.625,1424981,1424981.25,primary
6205,64.63541666666667,1425211,1425210.9375,secondary
6206,64.64583333333333,1425440,1425440.625,secondary
6207,64.65625,1425670,1425670.3125,secondary
6208,64.66666666666667,1425900,1425900.0,secondary
6209,64.67708333333333,1426129,1426129.6875,secondary
6210,64.696875,1426566,1426566.0937500002,secondary
6211,64.70729166666668,1426796,1426795.7812500002,secondary
6212,64.71770833333333,1427025,1427025.46875,secondary
6213,64.728125,1427255,1427255.1562500002,secondary
6214,64.73854166666668,1427485,1427484.8437500002,secondary
6215,64.74895833333333,1427715,1427714.53125,secondary
6216,64.75,1427738,1427737.5,primary
6217,64.76041666666667,1427968,1427967.1875,secondary
6218,64.77083333333333,1428197,1428196.875,secondary
6219,64.78125,1428427,1428426.5625,secondary
6220,64.79166666666667,1428657,1428656.25,secondary
6221,64.80208333333333,1428886,1428885.9375,secondary
6222,64.821875,1429322,1429322.3437500002,secondary
6223,64.83229166666668,1429552,1429552.0312500002,secondary
6224,64.84270833333333,1429782,1429781.71875,secondary
6225,64.853125,1430011,1430011.4062500002,secondary
6226,64.86354166666668,1430241,1430241.0937500002,secondary
6227,64.87395833333333,1430471,1430470.78125,secondary
6228,64.875,1430494,1430493.75,primary
6229,64.88541666666667,1430724,1430723.4375,secondary
6230,64.89583333333333,1430953,1430953.125,secondary
6231,64.90625,1431183,1431182.8125,secondary
6232,64.91666666666667,1431413,1431412.5,secondary
6233,64.92708333333333,1431642,1431642.1875,secondary
6234,64.946875,1432079,1432078.5937500002,secondary
6235,64.95729166666668,1432308,1432308.2812500002,secondary
6236,64.96770833333333,1432538,1432537.96875,secondary
6237,64.978125,1432768,1432767.6562500002,secondary
6238,64.98854166666668,1432997,1432997.3437500002,secondary
6239,64.99895833333333,1433227,1433227.03125,secondary
6240,65.0,1433250,1433250.0,primary
6241,65.01041666666667,1433480,1433479.6875,secondary
6242,65.02083333333333,1433709,1433709.375,secondary
6243,65.03125,1433939,1433939.0625,secondary
6244,65.04166666666667,1434169,1434168.75,secondary
6245,65.05208333333333,1434398,1434398.4375,secondary
6246,65.071875,1434835,1434834.8437500002,secondary
6247,65.08229166666668,1435065,1435064.5312500002,secondary
6248,65.09270833333333,1435294,1435294.21875,secondary
6249,65.103125,1435524,1435523.9062500002,secondary
6250,65.11354166666668,1435754,1435753.5937500002,secondary
6251,65.12395833333333,1435983,1435983.28125,secondary
6252,65.125,1436006,1436006.25,primary
6253,65.13541666666667,1436236,1436235.9375,secondary
6254,65.14583333333333,1436465,1436465.625,secondary
6255,65.15625,1436695,1436695.3125,secondary
6256,65.16666666666667,1436925,1436925.0,secondary
6257,65.17708333333333,1437154,1437154.6875,secondary
6258,65.196875,1437591,1437591.0937500002,secondary
6259,65.20729166666668,1437821,1437820.7812500002,secondary
6260,65.21770833333333,1438050,1438050.46875,secondary
6261,65.228125,1438280,1438280.1562500002,secondary
6262,65.23854166666668,1438510,1438509.8437500002,secondary
6263,65.24895833333333,1438740,1438739.53125,secondary
6264,65.25,1438762,1438762.5,primary
6265,65.26041666666667,1438992,1438992.1875,secondary
6266,65.27083333333333,1439221,1439221.875,secondary
6267,65.28125,1439451,1439451.5625,secondary
6268,65.29166666666667,1439681,1439681.25,secondary
6269,65.30208333333333,1439910,1439910.9375,secondary
6270,65.321875,1440347,1440347.3437500002,secondary
6271,65.33229166666668,1440577,1440577.0312500002,secondary
6272,65.34270833333333,1440807,1440806.71875,secondary
6273,65.353125,1441036,1441036.4062500002,secondary
6274,65.36354166666668,1441266,1441266.0937500002,secondary
6275,65.37395833333333,1441496,1441495.78125,secondary
6276,65.375,1441519,1441518.75,primary
6277,65.38541666666667,1441749,1441748.4375,secondary
6278,65.39583333333333,1441978,1441978.125,secondary
6279,65.40625,1442208,1442207.8125,secondary
6280,65.41666666666667,1442438,1442437.5,secondary
6281,65.42708333333333,1442667,1442667.1875,secondary
6282,65.446875,1443104,1443103.5937500002,secondary
6283,65.45729166666668,1443333,1443333.2812500002,secondary
6284,65.46770833333333,1443563,1443562.96875,secondary
6285,65.478125,1443793,1443792.6562500002,secondary
6286,65.48854166666668,1444022,1444022.3437500002,secondary
6287,65.49895833333333,1444252,1444252.03125,secondary
6288,65.5,1444275,1444275.0,primary
6289,65.51041666666667,1444505,1444504.6875,secondary
6290,65.52083333333333,1444734,1444734.375,secondary
6291,65.53125,1444964,1444964.0625,secondary
6292,65.54166666666667,1445194,1445193.75,secondary
6293,65.55208333333333,1445423,1445423.4375,secondary
6294,65.571875,1445860,1445859.8437500002,secondary
6295,65.58229166666668,1446090,1446089.5312500002,secondary
6296,65.59270833333333,1446319,1446319.21875,secondary
6297,65.603125,1446549,1446548.9062500002,secondary
6298,65.61354166666668,1446779,1446778.5937500002,secondary
6299,65.62395833333333,1447008,1447008.28125,secondary
6300,65.625,1447031,1447031.25,primary
6301,65.63541666666667,1447261,1447260.9375,secondary
6302,65.64583333333333,1447490,1447490.625,secondary
6303,65.65625,1447720,1447720.3125,secondary
6304,65.66666666666667,1447950,1447950.0,secondary
6305,65.67708333333333,1448179,1448179.6875,secondary
6306,65.696875,1448616,1448616.0937500002,secondary
6307,65.70729166666668,1448846,1448845.7812500002,secondary
6308,65.71770833333333,1449075,1449075.46875,secondary
6309,65.728125,1449305,1449305.1562500002,secondary
6310,65.73854166666668,1449535,1449534.8437500002,secondary
6311,65.74895833333333,1449765,1449764.53125,secondary
6312,65.75,1449788,1449787.5,primary
6313,65.76041666666667,1450018,1450017.1875,secondary
6314,65.77083333333333,1450247,1450246.875,secondary
6315,65.78125,1450477,1450476.5625,secondary
6316,65.79166666666667,1450707,1450706.25,secondary
6317,65.80208333333333,1450936,1450935.9375,secondary
6318,65.821875,1451372,1451372.3437500002,secondary
6319,65.83229166666668,1451602,1451602.0312500002,secondary
6320,65.84270833333333,1451832,1451831.71875,secondary
6321,65.853125,1452061,1452061.4062500002,secondary
6322,65.86354166666668,1452291,1452291.0937500002,secondary
6323,65.87395833333333,1452521,1452520.78125,secondary
6324,65.875,1452544,1452543.75,primary
6325,65.88541666666667,1452774,1452773.4375,secondary
6326,65.89583333333333,1453003,1453003.125,secondary
6327,65.90625,1453233,1453232.8125,secondary
6328,65.91666666666667,1453463,1453462.5,secondary
6329,65.92708333333333,1453692,1453692.1875,secondary
6330,65.946875,1454129,1454128.5937500002,secondary
6331,65.95729166666668,1454358,1454358.2812500002,secondary
6332,65.96770833333333,1454588,1454587.96875,secondary
6333,65.978125,1454818,1454817.6562500002,secondary
6334,65.98854166666668,1455047,1455047.3437500002,secondary
6335,65.99895833333333,1455277,1455277.03125,secondary
6336,66.0,1455300,1455300.0,primary
6337,66.01041666666667,1455530,1455529.6875,secondary
6338,66.02083333333333,1455759,1455759.375,secondary
6339,66.03125,1455989,1455989.0625,secondary
6340,66.04166666666667,1456219,1456218.75,secondary
6341,66.05208333333333,1456448,1456448.4375,secondary
6342,66.071875,1456885,1456884.8437500002,secondary
6343,66.08229166666668,1457115,1457114.5312500002,secondary
6344,66.09270833333333,1457344,1457344.21875,secondary
6345,66.103125,1457574,1457573.9062500002,secondary
6346,66.11354166666668,1457804,1457803.5937500002,secondary
6347,66.12395833333333,1458033,1458033.28125,secondary
6348,66.125,1458056,1458056.25,primary
6349,66.13541666666667,1458286,1458285.9375,secondary
6350,66.14583333333333,1458515,1458515.625,secondary
6351,66.15625,1458745,1458745.3125,secondary
6352,66.16666666666667,1458975,1458975.0,secondary
6353,66.17708333333333,1459204,1459204.6875,secondary
6354,66.196875,1459641,1459641.0937500002,secondary
6355,66.20729166666668,1459871,1459870.7812500002,secondary
6356,66.21770833333333,1460100,1460100.46875,secondary
6357,66.228125,1460330,1460330.1562500002,secondary
6358,66.23854166666668,1460560,1460559.8437500002,secondary
6359,66.24895833333333,1460790,1460789.53125,secondary
6360,66.25,1460812,1460812.5,primary
6361,66.26041666666667,1461042,1461042.1875,secondary
6362,66.27083333333333,1461271,1461271.875,secondary
6363,66.28125,1461501,1461501.5625,secondary
6364,66.29166666666667,1461731,1461731.25,secondary
6365,66.30208333333333,1461960,1461960.9375,secondary
6366,66.321875,1462397,1462397.3437500002,secondary
6367,66.33229166666668,1462627,1462627.0312500002,secondary
6368,66.34270833333333,1462857,1462856.71875,secondary
6369,66.353125,1463086,1463086.4062500002,secondary
6370,66.36354166666668,1463316,1463316.0937500002,secondary
6371,66.37395833333333,1463546,1463545.78125,secondary
6372,66.375,1463569,1463568.75,primary
6373,66.38541666666667,1463799,1463798.4375,secondary
6374,66.39583333333333,1464028,1464028.125,secondary
6375,66.40625,1464258,1464257.8125,secondary
6376,66.41666666666667,1464488,1464487.5,secondary
6377,66.42708333333333,1464717,1464717.1875,secondary
6378,66.446875,1465154,1465153.5937500002,secondary
6379,66.45729166666668,1465383,1465383.2812500002,secondary
6380,66.46770833333333,1465613,1465612.96875,secondary
6381,66.478125,1465843,1465842.6562500002,secondary
6382,66.48854166666668,1466072,1466072.3437500002,secondary
6383,66.49895833333333,1466302,1466302.03125,secondary
6384,66.5,1466325,1466325.0,primary
6385,66.51041666666667,1466555,1466554.6875,secondary
6386,66.52083333333333,1466784,1466784.375,secondary
6387,66.53125,1467014,1467014.0625,secondary
6388,66.54166666666667,1467244,1467243.75,secondary
6389,66.55208333333333,1467473,1467473.4375,secondary
6390,66.571875,1467910,1467909.8437500002,secondary
6391,66.58229166666668,1468140,1468139.5312500002,secondary
6392,66.59270833333333,1468369,1468369.21875,secondary
6393,66.603125,1468599,1468598.9062500002,secondary
6394,66.61354166666668,1468829,1468828.5937500002,secondary
6395,66.62395833333333,1469058,1469058.28125,secondary
6396,66.625,1469081,1469081.25,primary
6397,66.63541666666667,1469311,1469310.9375,secondary
6398,66.64583333333333,1469540,1469540.625,secondary
6399,66.65625,1469770,1469770.3125,secondary
6400,66.66666666666667,1470000,1470000.0,secondary
6401,66.67708333333333,1470229,1470229.6875,secondary
6402,66.696875,1470666,1470666.0937500002,secondary
6403,66.70729166666668,1470896,1470895.7812500002,secondary
6404,66.71770833333333,1471125,1471125.46875,secondary
6405,66.728125,1471355,1471355.1562500002,secondary
6406,66.73854166666668,1471585,1471584.8437500002,secondary
6407,66.74895833333333,1471815,1471814.53125,secondary
6408,66.75,1471838,1471837.5,primary
6409,66.76041666666667,1472068,1472067.1875,secondary
6410,66.77083333333333,1472297,1472296.875,secondary
6411,66.78125,1472527,1472526.5625,secondary
6412,66.79166666666667,1472757,1472756.25,secondary
6413,66.80208333333333,1472986,1472985.9375,secondary
6414,66.821875,1473422,1473422.3437500002,secondary
6415,66.83229166666668,1473652,1473652.0312500002,secondary
6416,66.84270833333333,1473882,1473881.71875,secondary
6417,66.853125,1474111,1474111.4062500002,secondary
6418,66.86354166666668,1474341,1474341.0937500002,secondary
6419,66.87395833333333,1474571,1474570.78125,secondary
6420,66.875,1474594,1474593.75,primary
6421,66.88541666666667,1474824,1474823.4375,secondary
6422,66.89583333333333,1475053,1475053.125,secondary
6423,66.90625,1475283,1475282.8125,secondary
6424,66.91666666666667,1475513,1475512.5,secondary
6425,66.92708333333333,1475742,1475742.1875,secondary
6426,66.946875,1476179,1476178.5937500002,secondary
6427,66.95729166666668,1476408,1476408.2812500002,secondary
6428,66.96770833333333,1476638,1476637.96875,secondary
6429,66.978125,1476868,1476867.6562500002,secondary
6430,66.98854166666668,1477097,1477097.3437500002,secondary
6431,66.99895833333333,1477327,1477327.03125,secondary
6432,67.0,1477350,1477350.0,primary
6433,67.01041666666667,1477580,1477579.6875,secondary
6434,67.02083333333333,1477809,1477809.375,secondary
6435,67.03125,1478039,1478039.0625,secondary
6436,67.04166666666667,1478269,1478268.75,secondary
6437,67.05208333333333,1478498,1478498.4375,secondary
6438,67.071875,1478935,1478934.8437500002,secondary
6439,67.08229166666668,1479165,1479164.5312500002,secondary
6440,67.09270833333333,1479394,1479394.21875,secondary
6441,67.103125,1479624,1479623.9062500002,secondary
6442,67.11354166666668,1479854,1479853.5937500002,secondary
6443,67.12395833333333,1480083,1480083.28125,secondary
6444,67.125,1480106,1480106.25,primary
6445,67.13541666666667,1480336,1480335.9375,secondary
6446,67.14583333333333,1480565,1480565.625,secondary
6447,67.15625,1480795,1480795.3125,secondary
6448,67.16666666666667,1481025,1481025.0,secondary
6449,67.17708333333333,1481254,1481254.6875,secondary
6450,67.196875,1481691,1481691.0937500002,secondary
6451,67.20729166666668,1481921,1481920.7812500002,secondary
6452,67.21770833333333,1482150,1482150.46875,secondary
6453,67.228125,1482380,1482380.1562500002,secondary
6454,67.23854166666668,1482610,1482609.8437500002,secondary
6455,67.24895833333333,1482840,1482839.53125,secondary
6456,67.25,1482862,1482862.5,primary
6457,67.26041666666667,1483092,1483092.1875,secondary
6458,67.27083333333333,1483321,1483321.875,secondary
6459,67.28125,1483551,1483551.5625,secondary
6460,67.29166666666667,1483781,1483781.25,secondary
6461,67.30208333333333,1484010,1484010.9375,secondary
6462,67.321875,1484447,1484447.3437500002,secondary
6463,67.33229166666668,1484677,1484677.0312500002,secondary
6464,67.34270833333333,1484907,1484906.71875,secondary
6465,67.353125,1485136,1485136.4062500002,secondary
6466,67.36354166666668,1485366,1485366.0937500002,secondary
6467,67.37395833333333,1485596,1485595.78125,secondary
6468,67.375,1485619,1485618.75,primary
6469,67.38541666666667,1485849,1485848.4375,secondary
6470,67.39583333333333,1486078,1486078.125,secondary
6471,67.40625,1486308,1486307.8125,secondary
6472,67.41666666666667,1486538,1486537.5,secondary
6473,67.42708333333333,1486767,1486767.1875,secondary
6474,67.446875,1487204,1487203.5937500002,secondary
6475,67.45729166666668,1487433,1487433.2812500002,secondary
6476,67.46770833333333,1487663,1487662.96875,secondary
6477,67.478125,1487893,1487892.6562500002,secondary
6478,67.48854166666668,1488122,1488122.3437500002,secondary
6479,67.49895833333333,1488352,1488352.03125,secondary
6480,67.5,1488375,1488375.0,primary
6481,67.51041666666667,1488605,1488604.6875,secondary
6482,67.52083333333333,1488834,1488834.375,secondary
6483,67.53125,1489064,1489064.0625,secondary
6484,67.54166666666667,1489294,1489293.75,secondary
6485,67.55208333333333,1489523,1489523.4375,secondary
6486,67.571875,1489960,1489959.8437500002,secondary
6487,67.58229166666668,1490190,1490189.5312500002,secondary
6488,67.59270833333333,1490419,1490419.21875,secondary
6489,67.603125,1490649,1490648.9062500002,secondary
6490,67.61354166666668,1490879,1490878.5937500002,secondary
6491,67.62395833333333,1491108,1491108.28125,secondary
6492,67.625,1491131,1491131.25,primary
6493,67.63541666666667,1491361,1491360.9375,secondary
6494,67.64583333333333,1491590,1491590.625,secondary
6495,67.65625,1491820,1491820.3125,secondary
6496,67.66666666666667,1492050,1492050.0,secondary
6497,67.67708333333333,1492279,1492279.6875,secondary
6498,67.696875,1492716,1492716.0937500002,secondary
6499,67.70729166666668,1492946,1492945.7812500002,secondary
6500,67.71770833333333,1493175,1493175.46875,secondary
6501,67.728125,1493405,1493405.1562500002,secondary
6502,67.73854166666668,1493635,1493634.8437500002,secondary
6503,67.74895833333333,1493865,1493864.53125,secondary
6504,67.75,1493888,1493887.5,primary
6505,67.76041666666667,1494118,1494117.1875,secondary
6506,67.77083333333333,1494347,1494346.875,secondary
6507,67.78125,1494577,1494576.5625,secondary
6508,67.79166666666667,1494807,1494806.25,secondary
6509,67.80208333333333,1495036,1495035.9375,secondary
6510,67.821875,1495472,1495472.3437500002,secondary
6511,67.83229166666668,1495702,1495702.0312500002,secondary
6512,67.84270833333333,1495932,1495931.71875,secondary
6513,67.853125,1496161,1496161.4062500002,secondary
6514,67.86354166666668,1496391,1496391.0937500002,secondary
6515,67.87395833333333,1496621,1496620.78125,secondary
6516,67.875,1496644,1496643.75,primary
6517,67.88541666666667,1496874,1496873.4375,secondary
6518,67.89583333333333,1497103,1497103.125,secondary
6519,67.90625,1497333,1497332.8125,secondary
6520,67.91666666666667,1497563,1497562.5,secondary
6521,67.92708333333333,1497792,1497792.1875,secondary
6522,67.946875,1498229,1498228.5937500002,secondary
6523,67.95729166666668,1498458,1498458.2812500002,secondary
6524,67.96770833333333,1498688,1498687.96875,secondary
6525,67.978125,1498918,1498917.6562500002,secondary
6526,67.98854166666668,1499147,1499147.3437500002,secondary
6527,67.99895833333333,1499377,1499377.03125,secondary
6528,68.0,1499400,1499400.0,primary
6529,68.01041666666667,1499630,1499629.6875,secondary
6530,68.02083333333333,1499859,1499859.375,secondary
6531,68.03125,1500089,1500089.0625,secondary
6532,68.04166666666667,1500319,1500318.75,secondary
6533,68.05208333333333,1500548,1500548.4375,secondary
6534,68.071875,1500985,1500984.8437500002,secondary
6535,68.08229166666668,1501215,1501214.5312500002,secondary
6536,68.09270833333333,1501444,1501444.21875,secondary
6537,68.103125,1501674,1501673.9062500002,secondary
6538,68.11354166666668,1501904,1501903.5937500002,secondary
6539,68.12395833333333,1502133,1502133.28125,secondary
6540,68.125,1502156,1502156.25,primary
6541,68.13541666666667,1502386,1502385.9375,secondary
6542,68.14583333333333,1502615,1502615.625,secondary
6543,68.15625,1502845,1502845.3125,secondary
6544,68.16666666666667,1503075,1503075.0,secondary
6545,68.17708333333333,1503304,1503304.6875,secondary
6546,68.196875,1503741,1503741.0937500002,secondary
6547,68.20729166666668,1503971,1503970.7812500002,secondary
6548,68.21770833333333,1504200,1504200.46875,secondary
6549,68.228125,1504430,1504430.1562500002,secondary
6550,68.23854166666668,1504660,1504659.8437500002,secondary
6551,68.24895833333333,1504890,1504889.53125,secondary
6552,68.25,1504912,1504912.5,primary
6553,68.26041666666667,1505142,1505142.1875,secondary
6554,68.27083333333333,1505371,1505371.875,secondary
6555,68.28125,1505601,1505601.5625,secondary
6556,68.29166666666667,1505831,1505831.25,secondary
6557,68.30208333333333,1506060,1506060.9375,secondary
6558,68.321875,1506497,1506497.3437500002,secondary
6559,68.33229166666668,1506727,1506727.0312500002,secondary
6560,68.34270833333333,1506957,1506956.71875,secondary
6561,68.353125,1507186,1507186.4062500002,secondary
6562,68.36354166666668,1507416,1507416.0937500002,secondary
6563,68.37395833333333,1507646,1507645.78125,secondary
6564,68.375,1507669,1507668.75,primary
6565,68.38541666666667,1507899,1507898.4375,secondary
6566,68.39583333333333,1508128,1508128.125,secondary
6567,68.40625,1508358,1508357.8125,secondary
6568,68.41666666666667,1508588,1508587.5,secondary
6569,68.42708333333333,1508817,1508817.1875,secondary
6570,68.446875,1509254,1509253.5937500002,secondary
6571,68.45729166666668,1509483,1509483.2812500002,secondary
6572,68.46770833333333,1509713,1509712.96875,secondary
6573,68.478125,1509943,1509942.6562500002,secondary
6574,68.48854166666668,1510172,1510172.3437500002,secondary
6575,68.49895833333333,1510402,1510402.03125,secondary
6576,68.5,1510425,1510425.0,primary
6577,68.51041666666667,1510655,1510654.6875,secondary
6578,68.52083333333333,1510884,1510884.375,secondary
6579,68.53125,1511114,1511114.0625,secondary
6580,68.54166666666667,1511344,1511343.75,secondary
6581,68.55208333333333,1511573,1511573.4375,secondary
6582,68.571875,1512010,1512009.8437500002,secondary
6583,68.58229166666668,1512240,1512239.5312500002,secondary
6584,68.59270833333333,1512469,1512469.21875,secondary
6585,68.603125,1512699,1512698.9062500002,secondary
6586,68.61354166666668,1512929,1512928.5937500002,secondary
6587,68.62395833333333,1513158,1513158.28125,secondary
6588,68.625,1513181,1513181.25,primary
6589,68.63541666666667,1513411,1513410.9375,secondary
6590,68.64583333333333,1513640,1513640.625,secondary
6591,68.65625,1513870,1513870.3125,secondary
6592,68.66666666666667,1514100,1514100.0,secondary
6593,68.67708333333333,1514329,1514329.6875,secondary
6594,68.696875,1514766,1514766.0937500002,secondary
6595,68.70729166666668,1514996,1514995.7812500002,secondary
6596,68.71770833333333,1515225,1515225.46875,secondary
6597,68.728125,1515455,1515455.1562500002,secondary
6598,68.73854166666668,1515685,1515684.8437500002,secondary
6599,68.74895833333333,1515915,1515914.53125,secondary
6600,68.75,1515938,1515937.5,primary
6601,68.76041666666667,1516168,1516167.1875,secondary
6602,68.77083333333333,1516397,1516396.875,secondary
6603,68.78125,1516627,1516626.5625,secondary
6604,68.79166666666667,1516857,1516856.25,secondary
6605,68.80208333333333,1517086,1517085.9375,secondary
6606,68.821875,1517522,1517522.3437500002,secondary
6607,68.83229166666668,1517752,1517752.0312500002,secondary
6608,68.84270833333333,1517982,1517981.71875,secondary
6609,68.853125,1518211,1518211.4062500002,secondary
6610,68.86354166666668,1518441,1518441.0937500002,secondary
6611,68.87395833333333,1518671,1518670.78125,secondary
6612,68.875,1518694,1518693.75,primary
6613,68.88541666666667,1518924,1518923.4375,secondary
6614,68.89583333333333,1519153,1519153.125,secondary
6615,68.90625,1519383,1519382.8125,secondary
6616,68.91666666666667,1519613,1519612.5,secondary
6617,68.92708333333333,1519842,1519842.1875,secondary
6618,68.946875,1520279,1520278.5937500002,secondary
6619,68.95729166666668,1520508,1520508.2812500002,secondary
6620,68.96770833333333,1520738,1520737.96875,secondary
6621,68.978125,1520968,1520967.6562500002,secondary
6622,68.98854166666668,1521197,1521197.3437500002,secondary
6623,68.99895833333333,1521427,1521427.03125,secondary
6624,69.0,1521450,1521450.0,primary
6625,69.01041666666667,1521680,1521679.6875,secondary
6626,69.02083333333333,1521909,1521909.375,secondary
6627,69.03125,1522139,1522139.0625,secondary
6628,69.04166666666667,1522369,1522368.75,secondary
6629,69.05208333333333,1522598,1522598.4375,secondary
6630,69.071875,1523035,1523034.8437500002,secondary
6631,69.08229166666668,1523265,1523264.5312500002,secondary
6632,69.09270833333333,1523494,1523494.21875,secondary
6633,69.103125,1523724,1523723.9062500002,secondary
6634,69.11354166666668,1523954,1523953.5937500002,secondary
6635,69.12395833333333,1524183,1524183.28125,secondary
6636,69.125,1524206,1524206.25,primary
6637,69.13541666666667,1524436,1524435.9375,secondary
6638,69.14583333333333,1524665,1524665.625,secondary
6639,69.15625,1524895,1524895.3125,secondary
6640,69.16666666666667,1525125,1525125.0,secondary
6641,69.17708333333333,1525354,1525354.6875,secondary
6642,69.196875,1525791,1525791.0937500002,secondary
6643,69.20729166666668,1526021,1526020.7812500002,secondary
6644,69.21770833333333,1526250,1526250.46875,secondary
6645,69.228125,1526480,1526480.1562500002,secondary
6646,69.23854166666668,1526710,1526709.8437500002,secondary
6647,69.24895833333333,1526940,1526939.53125,secondary
6648,69.25,1526962,1526962.5,primary
6649,69.26041666666667,1527192,1527192.1875,secondary
6650,69.27083333333333,1527421,1527421.875,secondary
6651,69.28125,1527651,1527651.5625,secondary
6652,69.29166666666667,1527881,1527881.25,secondary
6653,69.30208333333333,1528110,1528110.9375,secondary
6654,69.321875,1528547,1528547.3437500002,secondary
6655,69.33229166666668,1528777,1528777.0312500002,secondary
6656,69.34270833333333,1529007,1529006.71875,secondary
6657,69.353125,1529236,1529236.4062500002,secondary
6658,69.36354166666668,1529466,1529466.0937500002,secondary
6659,69.37395833333333,1529696,1529695.78125,secondary
6660,69.375,1529719,1529718.75,primary
6661,69.38541666666667,1529949,1529948.4375,secondary
6662,69.39583333333333,1530178,1530178.125,secondary
6663,69.40625,1530408,1530407.8125,secondary
6664,69.41666666666667,1530638,1530637.5,secondary
6665,69.42708333333333,1530867,1530867.1875,secondary
6666,69.446875,1531304,1531303.5937500002,secondary
6667,69.45729166666668,1531533,1531533.2812500002,secondary
6668,69.46770833333333,1531763,1531762.96875,secondary
6669,69.478125,1531993,1531992.6562500002,secondary
6670,69.48854166666668,1532222,1532222.3437500002,secondary
6671,69.49895833333333,1532452,1532452.03125,secondary
6672,69.5,1532475,1532475.0,primary
6673,69.51041666666667,1532705,1532704.6875,secondary
6674,69.52083333333333,1532934,1532934.375,secondary
6675,69.53125,1533164,1533164.0625,secondary
6676,69.54166666666667,1533394,1533393.75,secondary
6677,69.55208333333333,1533623,1533623.4375,secondary
6678,69.571875,1534060,1534059.8437500002,secondary
6679,69.58229166666668,1534290,1534289.5312500002,secondary
6680,69.59270833333333,1534519,1534519.21875,secondary
6681,69.603125,1534749,1534748.9062500002,secondary
6682,69.61354166666668,1534979,1534978.5937500002,secondary
6683,69.62395833333333,1535208,1535208.28125,secondary
6684,69.625,1535231,1535231.25,primary
6685,69.63541666666667,1535461,1535460.9375,secondary
6686,69.64583333333333,1535690,1535690.625,secondary
6687,69.65625,1535920,1535920.3125,secondary
6688,69.66666666666667,1536150,1536150.0,secondary
6689,69.67708333333333,1536379,1536379.6875,secondary
6690,69.696875,1536816,1536816.0937500002,secondary
6691,69.70729166666668,1537046,1537045.7812500002,secondary
6692,69.71770833333333,1537275,1537275.46875,secondary
6693,69.728125,1537505,1537505.1562500002,secondary
6694,69.73854166666668,1537735,1537734.8437500002,secondary
6695,69.74895833333333,1537965,1537964.53125,secondary
6696,69.75,1537988,1537987.5,primary
6697,69.76041666666667,1538218,1538217.1875,secondary
6698,69.77083333333333,1538447,1538446.875,secondary
6699,69.78125,1538677,1538676.5625,secondary
6700,69.79166666666667,1538907,1538906.25,secondary
6701,69.80208333333333,1539136,1539135.9375,secondary
6702,69.821875,1539572,1539572.3437500002,secondary
6703,69.83229166666668,1539802,1539802.0312500002,secondary
6704,69.84270833333333,1540032,1540031.71875,secondary
6705,69.853125,1540261,1540261.4062500002,secondary
6706,69.86354166666668,1540491,1540491.0937500002,secondary
6707,69.87395833333333,1540721,1540720.78125,secondary
6708,69.875,1540744,1540743.75,primary
6709,69.88541666666667,1540974,1540973.4375,secondary
6710,69.89583333333333,1541203,1541203.125,secondary
6711,69.90625,1541433,1541432.8125,secondary
6712,69.91666666666667,1541663,1541662.5,secondary
6713,69.92708333333333,1541892,1541892.1875,secondary
6714,69.946875,1542329,1542328.5937500002,secondary
6715,69.95729166666668,1542558,1542558.2812500002,secondary
6716,69.96770833333333,1542788,1542787.96875,secondary
6717,69.978125,1543018,1543017.6562500002,secondary
6718,69.98854166666668,1543247,1543247.3437500002,secondary
6719,69.99895833333333,1543477,1543477.03125,secondary
6720,70.0,1543500,1543500.0,primary
6721,70.01041666666667,1543730,1543729.6875,secondary
6722,70.02083333333333,1543959,1543959.375,secondary
6723,70.03125,1544189,1544189.0625,secondary
6724,70.04166666666667,1544419,1544418.75,secondary
6725,70.05208333333333,1544648,1544648.4375,secondary
6726,70.071875,1545085,1545084.8437500002,secondary
6727,70.08229166666668,1545315,1545314.5312500002,secondary
6728,70.09270833333333,1545544,1545544.21875,secondary
6729,70.103125,1545774,1545773.9062500002,secondary
6730,70.11354166666668,1546004,1546003.5937500002,secondary
6731,70.12395833333333,1546233,1546233.28125,secondary
6732,70.125,1546256,1546256.25,primary
6733,70.13541666666667,1546486,1546485.9375,secondary
6734,70.14583333333333,1546715,1546715.625,secondary
6735,70.15625,1546945,1546945.3125,secondary
6736,70.16666666666667,1547175,1547175.0,secondary
6737,70.17708333333333,1547404,1547404.6875,secondary
6738,70.196875,1547841,1547841.0937500002,secondary
6739,70.20729166666668,1548071,1548070.7812500002,secondary
6740,70.21770833333333,1548300,1548300.46875,secondary
6741,70.228125,1548530,1548530.1562500002,secondary
6742,70.23854166666668,1548760,1548759.8437500002,secondary
6743,70.24895833333333,1548990,1548989.53125,secondary
6744,70.25,1549012,1549012.5,primary
6745,70.26041666666667,1549242,1549242.1875,secondary
6746,70.27083333333333,1549471,1549471.875,secondary
6747,70.28125,1549701,1549701.5625,secondary
6748,70.29166666666667,1549931,1549931.25,secondary
6749,70.30208333333333,1550160,1550160.9375,secondary
6750,70.321875,1550597,1550597.3437500002,secondary
6751,70.33229166666668,1550827,1550827.0312500002,secondary
6752,70.34270833333333,1551057,1551056.71875,secondary
6753,70.353125,1551286,1551286.4062500002,secondary
6754,70.36354166666668,1551516,1551516.0937500002,secondary
6755,70.37395833333333,1551746,1551745.78125,secondary
6756,70.375,1551769,1551768.75,primary
6757,70.38541666666667,1551999,1551998.4375,secondary
6758,70.39583333333333,1552228,1552228.125,secondary
6759,70.40625,1552458,1552457.8125,secondary
6760,70.41666666666667,1552688,1552687.5,secondary
6761,70.42708333333333,1552917,1552917.1875,secondary
6762,70.446875,1553354,1553353.5937500002,secondary
6763,70.45729166666668,1553583,1553583.2812500002,secondary
6764,70.46770833333333,1553813,1553812.96875,secondary
6765,70.478125,1554043,1554042.6562500002,secondary
6766,70.48854166666668,1554272,1554272.3437500002,secondary
6767,70.49895833333333,1554502,1554502.03125,secondary
6768,70.5,1554525,1554525.0,primary
6769,70.51041666666667,1554755,1554754.6875,secondary
6770,70.52083333333333,1554984,1554984.375,secondary
6771,70.53125,1555214,1555214.0625,secondary
6772,70.54166666666667,1555444,1555443.75,secondary
6773,70.55208333333333,1555673,1555673.4375,secondary
6774,70.571875,1556110,1556109.8437500002,secondary
6775,70.58229166666668,1556340,1556339.5312500002,secondary
6776,70.59270833333333,1556569,1556569.21875,secondary
6777,70.603125,1556799,1556798.9062500002,secondary
6778,70.61354166666668,1557029,1557028.5937500002,secondary
6779,70.62395833333333,1557258,1557258.28125,secondary
6780,70.625,1557281,1557281.25,primary
6781,70.63541666666667,1557511,1557510.9375,secondary
6782,70.64583333333333,1557740,1557740.625,secondary
6783,70.65625,1557970,1557970.3125,secondary
6784,70.66666666666667,1558200,1558200.0,secondary
6785,70.67708333333333,1558429,1558429.6875,secondary
6786,70.696875,1558866,1558866.0937500002,secondary
6787,70.70729166666668,1559096,1559095.7812500002,secondary
6788,70.71770833333333,1559325,1559325.46875,secondary
6789,70.728125,1559555,1559555.1562500002,secondary
6790,70.73854166666668,1559785,1559784.8437500002,secondary
6791,70.74895833333333,1560015,1560014.53125,secondary
6792,70.75,1560038,1560037.5,primary
6793,70.76041666666667,1560268,1560267.1875,secondary
6794,70.77083333333333,1560497,1560496.875,secondary
6795,70.78125,1560727,1560726.5625,secondary
6796,70.79166666666667,1560957,1560956.25,secondary
6797,70.80208333333333,1561186,1561185.9375,secondary
6798,70.821875,1561622,1561622.3437500002,secondary
6799,70.83229166666668,1561852,1561852.0312500002,secondary
6800,70.84270833333333,1562082,1562081.71875,secondary
6801,70.853125,1562311,1562311.4062500002,secondary
6802,70.86354166666668,1562541,1562541.0937500002,secondary
6803,70.87395833333333,1562771,1562770.78125,secondary
6804,70.875,1562794,1562793.75,primary
6805,70.88541666666667,1563024,1563023.4375,secondary
6806,70.89583333333333,1563253,1563253.125,secondary
6807,70.90625,1563483,1563482.8125,secondary
6808,70.91666666666667,1563713,1563712.5,secondary
6809,70.92708333333333,1563942,1563942.1875,secondary
6810,70.946875,1564379,1564378.5937500002,secondary
6811,70.95729166666668,1564608,1564608.2812500002,secondary
6812,70.96770833333333,1564838,1564837.96875,secondary
6813,70.978125,1565068,1565067.6562500002,secondary
6814,70.98854166666668,1565297,1565297.3437500002,secondary
6815,70.99895833333333,1565527,1565527.03125,secondary
6816,71.0,1565550,1565550.0,primary
6817,71.01041666666667,1565780,1565779.6875,secondary
6818,71.02083333333333,1566009,1566009.375,secondary
6819,71.03125,1566239,1566239.0625,secondary
6820,71.04166666666667,1566469,1566468.75,secondary
6821,71.05208333333333,1566698,1566698.4375,secondary
6822,71.071875,1567135,1567134.8437500002,secondary
6823,71.08229166666668,1567365,1567364.5312500002,secondary
6824,71.09270833333333,1567594,1567594.21875,secondary
6825,71.103125,1567824,1567823.9062500002,secondary
6826,71.11354166666668,1568054,1568053.5937500002,secondary
6827,71.12395833333333,1568283,1568283.28125,secondary
6828,71.125,1568306,1568306.25,primary
6829,71.13541666666667,1568536,1568535.9375,secondary
6830,71.14583333333333,1568765,1568765.625,secondary
6831,71.15625,1568995,1568995.3125,secondary
6832,71.16666666666667,1569225,1569225.0,secondary
6833,71.17708333333333,1569454,1569454.6875,secondary
6834,71.196875,1569891,1569891.0937500002,secondary
6835,71.20729166666668,1570121,1570120.7812500002,secondary
6836,71.21770833333333,1570350,1570350.46875,secondary
6837,71.228125,1570580,1570580.1562500002,secondary
6838,71.23854166666668,1570810,1570809.8437500002,secondary
6839,71.24895833333333,1571040,1571039.53125,secondary
6840,71.25,1571062,1571062.5,primary
6841,71.26041666666667,1571292,1571292.1875,secondary
6842,71.27083333333333,1571521,1571521.875,secondary
6843,71.28125,1571751,1571751.5625,secondary
6844,71.29166666666667,1571981,1571981.25,secondary
6845,71.30208333333333,1572210,1572210.9375,secondary
6846,71.321875,1572647,1572647.3437500002,secondary
6847,71.33229166666668,1572877,1572877.0312500002,secondary
6848,71.34270833333333,1573107,1573106.71875,secondary
6849,71.353125,1573336,1573336.4062500002,secondary
6850,71.36354166666668,1573566,1573566.0937500002,secondary
6851,71.37395833333333,1573796,1573795.78125,secondary
6852,71.375,1573819,1573818.75,primary
6853,71.38541666666667,1574049,1574048.4375,secondary
6854,71.39583333333333,1574278,1574278.125,secondary
6855,71.40625,1574508,1574507.8125,secondary
6856,71.41666666666667,1574738,1574737.5,secondary
6857,71.42708333333333,1574967,1574967.1875,secondary
6858,71.446875,1575404,1575403.5937500002,secondary
6859,71.45729166666668,1575633,1575633.2812500002,secondary
6860,71.46770833333333,1575863,1575862.96875,secondary
6861,71.478125,1576093,1576092.6562500002,secondary
6862,71.48854166666668,1576322,1576322.3437500002,secondary
6863,71.49895833333333,1576552,1576552.03125,secondary
6864,71.5,1576575,1576575.0,primary
6865,71.51041666666667,1576805,1576804.6875,secondary
6866,71.52083333333333,1577034,1577034.375,secondary
6867,71.53125,1577264,1577264.0625,secondary
6868,71.54166666666667,1577494,1577493.75,secondary
6869,71.55208333333333,1577723,1577723.4375,secondary
6870,71.571875,1578160,1578159.8437500002,secondary
6871,71.58229166666668,1578390,1578389.5312500002,secondary
6872,71.59270833333333,1578619,1578619.21875,secondary
6873,71.603125,1578849,1578848.9062500002,secondary
6874,71.61354166666668,1579079,1579078.5937500002,secondary
6875,71.62395833333333,1579308,1579308.28125,secondary
6876,71.625,1579331,1579331.25,primary
6877,71.63541666666667,1579561,1579560.9375,secondary
6878,71.64583333333333,1579790,1579790.625,secondary
6879,71.65625,1580020,1580020.3125,secondary
6880,71.66666666666667,1580250,1580250.0,secondary
6881,71.67708333333333,1580479,1580479.6875,secondary
6882,71.696875,1580916,1580916.0937500002,secondary
6883,71.70729166666668,1581146,1581145.7812500002,secondary
6884,71.71770833333333,1581375,1581375.46875,secondary
6885,71.728125,1581605,1581605.1562500002,secondary
6886,71.73854166666668,1581835,1581834.8437500002,secondary
6887,71.74895833333333,1582065,1582064.53125,secondary
6888,71.75,1582088,1582087.5,primary
6889,71.76041666666667,1582318,1582317.1875,secondary
6890,71.77083333333333,1582547,1582546.875,secondary
6891,71.78125,1582777,1582776.5625,secondary
6892,71.79166666666667,1583007,1583006.25,secondary
6893,71.80208333333333,1583236,1583235.9375,secondary
6894,71.821875,1583672,1583672.3437500002,secondary
6895,71.83229166666668,1583902,1583902.0312500002,secondary
6896,71.84270833333333,1584132,1584131.71875,secondary
6897,71.853125,1584361,1584361.4062500002,secondary
6898,71.86354166666668,1584591,1584591.0937500002,secondary
6899,71.87395833333333,1584821,1584820.78125,secondary
6900,71.875,1584844,1584843.75,primary
6901,71.88541666666667,1585074,1585073.4375,secondary
6902,71.89583333333333,1585303,1585303.125,secondary
6903,71.90625,1585533,1585532.8125,secondary
6904,71.91666666666667,1585763,1585762.5,secondary
6905,71.92708333333333,1585992,1585992.1875,secondary
6906,71.946875,1586429,1586428.5937500002,secondary
6907,71.95729166666668,1586658,1586658.2812500002,secondary
6908,71.96770833333333,1586888,1586887.96875,secondary
6909,71.978125,1587118,1587117.6562500002,secondary
6910,71.98854166666668,1587347,1587347.3437500002,secondary
6911,71.99895833333333,1587577,1587577.03125,secondary
6912,72.0,1587600,1587600.0,primary
6913,72.01041666666667,1587830,1587829.6875,secondary
6914,72.02083333333333,1588059,1588059.375,secondary
6915,72.03125,1588289,1588289.0625,secondary
6916,72.04166666666667,1588519,1588518.75,secondary
6917,72.05208333333333,1588748,1588748.4375,secondary
6918,72.071875,1589185,1589184.8437500002,secondary
6919,72.08229166666668,1589415,1589414.5312500002,secondary
6920,72.09270833333333,1589644,1589644.21875,secondary
6921,72.103125,1589874,1589873.9062500002,secondary
6922,72.11354166666668,1590104,1590103.5937500002,secondary
6923,72.12395833333333,1590333,1590333.28125,secondary
6924,72.125,1590356,1590356.25,primary
6925,72.13541666666667,1590586,1590585.9375,secondary
6926,72.14583333333333,1590815,1590815.625,secondary
6927,72.15625,1591045,1591045.3125,secondary
6928,72.16666666666667,1591275,1591275.0,secondary
6929,72.17708333333333,1591504,1591504.6875,secondary
6930,72.196875,1591941,1591941.0937500002,secondary
6931,72.20729166666668,1592171,1592170.7812500002,secondary
6932,72.21770833333333,1592400,1592400.46875,secondary
6933,72.228125,1592630,1592630.1562500002,secondary
6934,72.23854166666668,1592860,1592859.8437500002,secondary
6935,72.24895833333333,1593090,1593089.53125,secondary
6936,72.25,1593112,1593112.5,primary
6937,72.26041666666667,1593342,1593342.1875,secondary
6938,72.27083333333333,1593571,1593571.875,secondary
6939,72.28125,1593801,1593801.5625,secondary
6940,72.29166666666667,1594031,1594031.25,secondary
6941,72.30208333333333,1594260,1594260.9375,secondary
6942,72.321875,1594697,1594697.3437500002,secondary
6943,72.33229166666668,1594927,1594927.0312500002,secondary
6944,72.34270833333333,1595157,1595156.71875,secondary
6945,72.353125,1595386,1595386.4062500002,secondary
6946,72.36354166666668,1595616,1595616.0937500002,secondary
6947,72.37395833333333,1595846,1595845.78125,secondary
6948,72.375,1595869,1595868.75,primary
6949,72.38541666666667,1596099,1596098.4375,secondary
6950,72.39583333333333,1596328,1596328.125,secondary
6951,72.40625,1596558,1596557.8125,secondary
6952,72.41666666666667,1596788,1596787.5,secondary
6953,72.42708333333333,1597017,1597017.1875,secondary
6954,72.446875,1597454,1597453.5937500002,secondary
6955,72.45729166666668,1597683,1597683.2812500002,secondary
6956,72.46770833333333,1597913,1597912.96875,secondary
6957,72.478125,1598143,1598142.6562500002,secondary
6958,72.48854166666668,1598372,1598372.3437500002,secondary
6959,72.49895833333333,1598602,1598602.03125,secondary
6960,72.5,1598625,1598625.0,primary
6961,72.51041666666667,1598855,1598854.6875,secondary
6962,72.52083333333333,1599084,1599084.375,secondary
6963,72.53125,1599314,1599314.0625,secondary
6964,72.54166666666667,1599544,1599543.75,secondary
6965,72.55208333333333,1599773,1599773.4375,secondary
6966,72.571875,1600210,1600209.8437500002,secondary
6967,72.58229166666668,1600440,1600439.5312500002,secondary
6968,72.59270833333333,1600669,1600669.21875,secondary
6969,72.603125,1600899,1600898.9062500002,secondary
6970,72.61354166666668,1601129,1601128.5937500002,secondary
6971,72.62395833333333,1601358,1601358.28125,secondary
6972,72.625,1601381,1601381.25,primary
6973,72.63541666666667,1601611,1601610.9375,secondary
6974,72.64583333333333,1601840,1601840.625,secondary
6975,72.65625,1602070,1602070.3125,secondary
6976,72.66666666666667,1602300,1602300.0,secondary
6977,72.67708333333333,1602529,1602529.6875,secondary
6978,72.696875,1602966,1602966.0937500002,secondary
6979,72.70729166666668,1603196,1603195.7812500002,secondary
6980,72.71770833333333,1603425,1603425.46875,secondary
6981,72.728125,1603655,1603655.1562500002,secondary
6982,72.73854166666668,1603885,1603884.8437500002,secondary
6983,72.74895833333333,1604115,1604114.53125,secondary
6984,72.75,1604138,1604137.5,primary
6985,72.76041666666667,1604368,1604367.1875,secondary
6986,72.77083333333333,1604597,1604596.875,secondary
6987,72.78125,1604827,1604826.5625,secondary
6988,72.79166666666667,1605057,1605056.25,secondary
6989,72.80208333333333,1605286,1605285.9375,secondary
6990,72.821875,1605722,1605722.3437500002,secondary
6991,72.83229166666668,1605952,1605952.0312500002,secondary
6992,72.84270833333333,1606182,1606181.71875,secondary
6993,72.853125,1606411,1606411.4062500002,secondary
6994,72.86354166666668,1606641,1606641.0937500002,secondary
6995,72.87395833333333,1606871,1606870.78125,secondary
6996,72.875,1606894,1606893.75,primary
6997,72.88541666666667,1607124,1607123.4375,secondary
6998,72.89583333333333,1607353,1607353.125,secondary
6999,72.90625,1607583,1607582.8125,secondary
7000,72.91666666666667,1607813,1607812.5,secondary
7001,72.92708333333333,1608042,1608042.1875,secondary
7002,72.946875,1608479,1608478.5937500002,secondary
7003,72.95729166666668,1608708,1608708.2812500002,secondary
7004,72.96770833333333,1608938,1608937.96875,secondary
7005,72.978125,1609168,1609167.6562500002,secondary
7006,72.98854166666668,1609397,1609397.3437500002,secondary
7007,72.99895833333333,1609627,1609627.03125,secondary
7008,73.0,1609650,1609650.0,primary
7009,73.01041666666667,1609880,1609879.6875,secondary
7010,73.02083333333333,1610109,1610109.375,secondary
7011,73.03125,1610339,1610339.0625,secondary
7012,73.04166666666667,1610569,1610568.75,secondary
7013,73.05208333333333,1610798,1610798.4375,secondary
7014,73.071875,1611235,1611234.8437500002,secondary
7015,73.08229166666668,1611465,1611464.5312500002,secondary
7016,73.09270833333333,1611694,1611694.21875,secondary
7017,73.103125,1611924,1611923.9062500002,secondary
7018,73.11354166666668,1612154,1612153.5937500002,secondary
7019,73.12395833333333,1612383,1612383.28125,secondary
7020,73.125,1612406,1612406.25,primary
7021,73.13541666666667,1612636,1612635.9375,secondary
7022,73.14583333333333,1612865,1612865.625,secondary
7023,73.15625,1613095,1613095.3125,secondary
7024,73.16666666666667,1613325,1613325.0,secondary
7025,73.17708333333333,1613554,1613554.6875,secondary
7026,73.196875,1613991,1613991.0937500002,secondary
7027,73.20729166666668,1614221,1614220.7812500002,secondary
7028,73.21770833333333,1614450,1614450.46875,secondary
7029,73.228125,1614680,1614680.1562500002,secondary
7030,73.23854166666668,1614910,1614909.8437500002,secondary
7031,73.24895833333333,1615140,1615139.53125,secondary
7032,73.25,1615162,1615162.5,primary
7033,73.26041666666667,1615392,1615392.1875,secondary
7034,73.27083333333333,1615621,1615621.875,secondary
7035,73.28125,1615851,1615851.5625,secondary
7036,73.29166666666667,1616081,1616081.25,secondary
7037,73.30208333333333,1616310,1616310.9375,secondary
7038,73.321875,1616747,1616747.3437500002,secondary
7039,73.33229166666668,1616977,1616977.0312500002,secondary
7040,73.34270833333333,1617207,1617206.71875,secondary
7041,73.353125,1617436,1617436.4062500002,secondary
7042,73.36354166666668,1617666,1617666.0937500002,secondary
7043,73.37395833333333,1617896,1617895.78125,secondary
7044,73.375,1617919,1617918.75,primary
7045,73.38541666666667,1618149,1618148.4375,secondary
7046,73.39583333333333,1618378,1618378.125,secondary
7047,73.40625,1618608,1618607.8125,secondary
7048,73.41666666666667,1618838,1618837.5,secondary
7049,73.42708333333333,1619067,1619067.1875,secondary
7050,73.446875,1619504,1619503.5937500002,secondary
7051,73.45729166666668,1619733,1619733.2812500002,secondary
7052,73.46770833333333,1619963,1619962.96875,secondary
7053,73.478125,1620193,1620192.6562500002,secondary
7054,73.48854166666668,1620422,1620422.3437500002,secondary
7055,73.49895833333333,1620652,1620652.03125,secondary
7056,73.5,1620675,1620675.0,primary
7057,73.51041666666667,1620905,1620904.6875,secondary
7058,73.52083333333333,1621134,1621134.375,secondary
7059,73.53125,1621364,1621364.0625,secondary
7060,73.54166666666667,1621594,1621593.75,secondary
7061,73.55208333333333,1621823,1621823.4375,secondary
7062,73.571875,1622260,1622259.8437500002,secondary
7063,73.58229166666668,1622490,1622489.5312500002,secondary
7064,73.59270833333333,1622719,1622719.21875,secondary
7065,73.603125,1622949,1622948.9062500002,secondary
7066,73.61354166666668,1623179,1623178.5937500002,secondary
7067,73.62395833333333,1623408,1623408.28125,secondary
7068,73.625,1623431,1623431.25,primary
7069,73.63541666666667,1623661,1623660.9375,secondary
7070,73.64583333333333,1623890,1623890.625,secondary
7071,73.65625,1624120,1624120.3125,secondary
7072,73.66666666666667,1624350,1624350.0,secondary
7073,73.67708333333333,1624579,1624579.6875,secondary
7074,73.696875,1625016,1625016.0937500002,secondary
7075,73.70729166666668,1625246,1625245.7812500002,secondary
7076,73.71770833333333,1625475,1625475.46875,secondary
7077,73.728125,1625705,1625705.1562500002,secondary
7078,73.73854166666668,1625935,1625934.8437500002,secondary
7079,73.74895833333333,1626165,1626164.53125,secondary
7080,73.75,1626188,1626187.5,primary
7081,73.76041666666667,1626418,1626417.1875,secondary
7082,73.77083333333333,1626647,1626646.875,secondary
7083,73.78125,1626877,1626876.5625,secondary
7084,73.79166666666667,1627107,1627106.25,secondary
7085,73.80208333333333,1627336,1627335.9375,secondary
7086,73.821875,1627772,1627772.3437500002,secondary
7087,73.83229166666668,1628002,1628002.0312500002,secondary
7088,73.84270833333333,1628232,1628231.71875,secondary
7089,73.853125,1628461,1628461.4062500002,secondary
7090,73.86354166666668,1628691,1628691.0937500002,secondary
7091,73.87395833333333,1628921,1628920.78125,secondary
7092,73.875,1628944,1628943.75,primary
7093,73.88541666666667,1629174,1629173.4375,secondary
7094,73.89583333333333,1629403,1629403.125,secondary
7095,73.90625,1629633,1629632.8125,secondary
7096,73.91666666666667,1629863,1629862.5,secondary
7097,73.92708333333333,1630092,1630092.1875,secondary
7098,73.946875,1630529,1630528.5937500002,secondary
7099,73.95729166666668,1630758,1630758.2812500002,secondary
7100,73.96770833333333,1630988,1630987.96875,secondary
7101,73.978125,1631218,1631217.6562500002,secondary
7102,73.98854166666668,1631447,1631447.3437500002,secondary
7103,73.99895833333333,1631677,1631677.03125,secondary
7104,74.0,1631700,1631700.0,primary
7105,74.01041666666667,1631930,1631929.6875,secondary
7106,74.02083333333333,1632159,1632159.375,secondary
7107,74.03125,1632389,1632389.0625,secondary
7108,74.04166666666667,1632619,1632618.75,secondary
7109,74.05208333333333,1632848,1632848.4375,secondary
7110,74.071875,1633285,1633284.8437500002,secondary
7111,74.08229166666668,1633515,1633514.5312500002,secondary
7112,74.09270833333333,1633744,1633744.21875,secondary
7113,74.103125,1633974,1633973.9062500002,secondary
7114,74.11354166666668,1634204,1634203.5937500002,secondary
7115,74.12395833333333,1634433,1634433.28125,secondary
7116,74.125,1634456,1634456.25,primary
7117,74.13541666666667,1634686,1634685.9375,secondary
7118,74.14583333333333,1634915,1634915.625,secondary
7119,74.15625,1635145,1635145.3125,secondary
7120,74.16666666666667,1635375,1635375.0,secondary
7121,74.17708333333333,1635604,1635604.6875,secondary
7122,74.196875,1636041,1636041.0937500002,secondary
7123,74.20729166666668,1636271,1636270.7812500002,secondary
7124,74.21770833333333,1636500,1636500.46875,secondary
7125,74.228125,1636730,1636730.1562500002,secondary
7126,74.23854166666668,1636960,1636959.8437500002,secondary
7127,74.24895833333333,1637190,1637189.53125,secondary
7128,74.25,1637212,1637212.5,primary
7129,74.26041666666667,1637442,1637442.1875,secondary
7130,74.27083333333333,1637671,1637671.875,secondary
7131,74.28125,1637901,1637901.5625,secondary
7132,74.29166666666667,1638131,1638131.25,secondary
7133,74.30208333333333,1638360,1638360.9375,secondary
7134,74.321875,1638797,1638797.3437500002,secondary
7135,74.33229166666668,1639027,1639027.0312500002,secondary
7136,74.34270833333333,1639257,1639256.71875,secondary
7137,74.353125,1639486,1639486.4062500002,secondary
7138,74.36354166666668,1639716,1639716.0937500002,secondary
7139,74.37395833333333,1639946,1639945.78125,secondary
7140,74.375,1639969,1639968.75,primary
7141,74.38541666666667,1640199,1640198.4375,secondary
7142,74.39583333333333,1640428,1640428.125,secondary
7143,74.40625,1640658,1640657.8125,secondary
7144,74.41666666666667,1640888,1640887.5,secondary
7145,74.42708333333333,1641117,1641117.1875,secondary
7146,74.446875,1641554,1641553.5937500002,secondary
7147,74.45729166666668,1641783,1641783.2812500002,secondary
7148,74.46770833333333,1642013,1642012.96875,secondary
7149,74.478125,1642243,1642242.6562500002,secondary
7150,74.48854166666668,1642472,1642472.3437500002,secondary
7151,74.49895833333333,1642702,1642702.03125,secondary
7152,74.5,1642725,1642725.0,primary
7153,74.51041666666667,1642955,1642954.6875,secondary
7154,74.52083333333333,1643184,1643184.375,secondary
7155,74.53125,1643414,1643414.0625,secondary
7156,74.54166666666667,1643644,1643643.75,secondary
7157,74.55208333333333,1643873,1643873.4375,secondary
7158,74.571875,1644310,1644309.8437500002,secondary
7159,74.58229166666668,1644540,1644539.5312500002,secondary
7160,74.59270833333333,1644769,1644769.21875,secondary
7161,74.603125,1644999,1644998.9062500002,secondary
7162,74.61354166666668,1645229,1645228.5937500002,secondary
7163,74.62395833333333,1645458,1645458.28125,secondary
7164,74.625,1645481,1645481.25,primary
7165,74.63541666666667,1645711,1645710.9375,secondary
7166,74.64583333333333,1645940,1645940.625,secondary
7167,74.65625,1646170,1646170.3125,secondary
7168,74.66666666666667,1646400,1646400.0,secondary
7169,74.67708333333333,1646629,1646629.6875,secondary
7170,74.696875,1647066,1647066.0937500002,secondary
7171,74.70729166666668,1647296,1647295.7812500002,secondary
7172,74.71770833333333,1647525,1647525.46875,secondary
7173,74.728125,1647755,1647755.1562500002,secondary
7174,74.73854166666668,1647985,1647984.8437500002,secondary
7175,74.74895833333333,1648215,1648214.53125,secondary
7176,74.75,1648238,1648237.5,primary
7177,74.76041666666667,1648468,1648467.1875,secondary
7178,74.77083333333333,1648697,1648696.875,secondary
7179,74.78125,1648927,1648926.5625,secondary
7180,74.79166666666667,1649157,1649156.25,secondary
7181,74.80208333333333,1649386,1649385.9375,secondary
7182,74.821875,1649822,1649822.3437500002,secondary
7183,74.83229166666668,1650052,1650052.0312500002,secondary
7184,74.84270833333333,1650282,1650281.71875,secondary
7185,74.853125,1650511,1650511.4062500002,secondary
7186,74.86354166666668,1650741,1650741.0937500002,secondary
7187,74.87395833333333,1650971,1650970.78125,secondary
7188,74.875,1650994,1650993.75,primary
7189,74.88541666666667,1651224,1651223.4375,secondary
7190,74.89583333333333,1651453,1651453.125,secondary
7191,74.90625,1651683,1651682.8125,secondary
7192,74.91666666666667,1651913,1651912.5,secondary
7193,74.92708333333333,1652142,1652142.1875,secondary
7194,74.946875,1652579,1652578.5937500002,secondary
7195,74.95729166666668,1652808,1652808.2812500002,secondary
7196,74.96770833333333,1653038,1653037.96875,secondary
7197,74.978125,1653268,1653267.6562500002,secondary
7198,74.98854166666668,1653497,1653497.3437500002,secondary
7199,74.99895833333333,1653727,1653727.03125,secondary
7200,75.0,1653750,1653750.0,primary
7201,75.01041666666667,1653980,1653979.6875,secondary
7202,75.02083333333333,1654209,1654209.375,secondary
7203,75.03125,1654439,1654439.0625,secondary
7204,75.04166666666667,1654669,1654668.75,secondary
7205,75.05208333333333,1654898,1654898.4375,secondary
7206,75.071875,1655335,1655334.8437500002,secondary
7207,75.08229166666668,1655565,1655564.5312500002,secondary
7208,75.09270833333333,1655794,1655794.21875,secondary
7209,75.103125,1656024,1656023.9062500002,secondary
7210,75.11354166666668,1656254,1656253.5937500002,secondary
7211,75.12395833333333,1656483,1656483.28125,secondary
7212,75.125,1656506,1656506.25,primary
7213,75.13541666666667,1656736,1656735.9375,secondary
7214,75.14583333333333,1656965,1656965.625,secondary
7215,75.15625,1657195,1657195.3125,secondary
7216,75.16666666666667,1657425,1657425.0,secondary
7217,75.17708333333333,1657654,1657654.6875,secondary
7218,75.196875,1658091,1658091.0937500002,secondary
7219,75.20729166666668,1658321,1658320.7812500002,secondary
7220,75.21770833333333,1658550,1658550.46875,secondary
7221,75.228125,1658780,1658780.1562500002,secondary
7222,75.23854166666668,1659010,1659009.8437500002,secondary
7223,75.24895833333333,1659240,1659239.53125,secondary
7224,75.25,1659262,1659262.5,primary
7225,75.26041666666667,1659492,1659492.1875,secondary
7226,75.27083333333333,1659721,1659721.875,secondary
7227,75.28125,1659951,1659951.5625,secondary
7228,75.29166666666667,1660181,1660181.25,secondary
7229,75.30208333333333,1660410,1660410.9375,secondary
7230,75.321875,1660847,1660847.3437500002,secondary
7231,75.33229166666668,1661077,1661077.0312500002,secondary
7232,75.34270833333333,1661307,1661306.71875,secondary
7233,75.353125,1661536,1661536.4062500002,secondary
7234,75.36354166666668,1661766,1661766.0937500002,secondary
7235,75.37395833333333,1661996,1661995.78125,secondary
7236,75.375,1662019,1662018.75,primary
7237,75.38541666666667,1662249,1662248.4375,secondary
7238,75.39583333333333,1662478,1662478.125,secondary
7239,75.40625,1662708,1662707.8125,secondary
7240,75.41666666666667,1662938,1662937.5,secondary
7241,75.42708333333333,1663167,1663167.1875,secondary
7242,75.446875,1663604,1663603.5937500002,secondary
7243,75.45729166666668,1663833,1663833.2812500002,secondary
7244,75.46770833333333,1664063,1664062.96875,secondary
7245,75.478125,1664293,1664292.6562500002,secondary
7246,75.48854166666668,1664522,1664522.3437500002,secondary
7247,75.49895833333333,1664752,1664752.03125,secondary
7248,75.5,1664775,1664775.0,primary
7249,75.51041666666667,1665005,1665004.6875,secondary
7250,75.52083333333333,1665234,1665234.375,secondary
7251,75.53125,1665464,1665464.0625,secondary
7252,75.54166666666667,1665694,1665693.75,secondary
7253,75.55208333333333,1665923,1665923.4375,secondary
7254,75.571875,1666360,1666359.8437500002,secondary
7255,75.58229166666668,1666590,1666589.5312500002,secondary
7256,75.59270833333333,1666819,1666819.21875,secondary
7257,75.603125,1667049,1667048.9062500002,secondary
7258,75.61354166666668,1667279,1667278.5937500002,secondary
7259,75.62395833333333,1667508,1667508.28125,secondary
7260,75.625,1667531,1667531.25,primary
7261,75.63541666666667,1667761,1667760.9375,secondary
7262,75.64583333333333,1667990,1667990.625,secondary
7263,75.65625,1668220,1668220.3125,secondary
7264,75.66666666666667,1668450,1668450.0,secondary
7265,75.67708333333333,1668679,1668679.6875,secondary
7266,75.696875,1669116,1669116.0937500002,secondary
7267,75.70729166666668,1669346,1669345.7812500002,secondary
7268,75.71770833333333,1669575,1669575.46875,secondary
7269,75.728125,1669805,1669805.1562500002,secondary
7270,75.73854166666668,1670035,1670034.8437500002,secondary
7271,75.74895833333333,1670265,1670264.53125,secondary
7272,75.75,1670288,1670287.5,primary
7273,75.76041666666667,1670518,1670517.1875,secondary
7274,75.77083333333333,1670747,1670746.875,secondary
7275,75.78125,1670977,1670976.5625,secondary
7276,75.79166666666667,1671207,1671206.25,secondary
7277,75.80208333333333,1671436,1671435.9375,secondary
7278,75.821875,1671872,1671872.3437500002,secondary
7279,75.83229166666668,1672102,1672102.0312500002,secondary
7280,75.84270833333333,1672332,1672331.71875,secondary
7281,75.853125,1672561,1672561.4062500002,secondary
7282,75.86354166666668,1672791,1672791.0937500002,secondary
7283,75.87395833333333,1673021,1673020.78125,secondary
7284,75.875,1673044,1673043.75,primary
7285,75.88541666666667,1673274,1673273.4375,secondary
7286,75.89583333333333,1673503,1673503.125,secondary
7287,75.90625,1673733,1673732.8125,secondary
7288,75.91666666666667,1673963,1673962.5,secondary
7289,75.92708333333333,1674192,1674192.1875,secondary
7290,75.946875,1674629,1674628.5937500002,secondary
7291,75.95729166666668,1674858,1674858.2812500002,secondary
7292,75.96770833333333,1675088,1675087.96875,secondary
7293,75.978125,1675318,1675317.6562500002,secondary
7294,75.98854166666668,1675547,1675547.3437500002,secondary
7295,75.99895833333333,1675777,1675777.03125,secondary
7296,76.0,1675800,1675800.0,primary
7297,76.01041666666667,1676030,1676029.6875,secondary
7298,76.02083333333333,1676259,1676259.375,secondary
7299,76.03125,1676489,1676489.0625,secondary
7300,76.04166666666667,1676719,1676718.75,secondary
7301,76.05208333333333,1676948,1676948.4375,secondary
7302,76.071875,1677385,1677384.8437500002,secondary
7303,76.08229166666668,1677615,1677614.5312500002,secondary
7304,76.09270833333333,1677844,1677844.21875,secondary
7305,76.103125,1678074,1678073.9062500002,secondary
7306,76.11354166666668,1678304,1678303.5937500002,secondary
7307,76.12395833333333,1678533,1678533.28125,secondary
7308,76.125,1678556,1678556.25,primary
7309,76.13541666666667,1678786,1678785.9375,secondary
7310,76.14583333333333,1679015,1679015.625,secondary
7311,76.15625,1679245,1679245.3125,secondary
7312,76.16666666666667,1679475,1679475.0,secondary
7313,76.17708333333333,1679704,1679704.6875,secondary
7314,76.196875,1680141,1680141.0937500002,secondary
7315,76.20729166666668,1680371,1680370.7812500002,secondary
7316,76.21770833333333,1680600,1680600.46875,secondary
7317,76.228125,1680830,1680830.1562500002,secondary
7318,76.23854166666668,1681060,1681059.8437500002,secondary
7319,76.24895833333333,1681290,1681289.53125,secondary
7320,76.25,1681312,1681312.5,primary
7321,76.26041666666667,1681542,1681542.1875,secondary
7322,76.27083333333333,1681771,1681771.875,secondary
7323,76.28125,1682001,1682001.5625,secondary
7324,76.29166666666667,1682231,1682231.25,secondary
7325,76.30208333333333,1682460,1682460.9375,secondary
7326,76.321875,1682897,1682897.3437500002,secondary
7327,76.33229166666668,1683127,1683127.0312500002,secondary
7328,76.34270833333333,1683357,1683356.71875,secondary
7329,76.353125,1683586,1683586.4062500002,secondary
7330,76.36354166666668,1683816,1683816.0937500002,secondary
7331,76.37395833333333,1684046,1684045.78125,secondary
7332,76.375,1684069,1684068.75,primary
7333,76.38541666666667,1684299,1684298.4375,secondary
7334,76.39583333333333,1684528,1684528.125,secondary
7335,76.40625,1684758,1684757.8125,secondary
7336,76.41666666666667,1684988,1684987.5,secondary
7337,76.42708333333333,1685217,1685217.1875,secondary
7338,76.446875,1685654,1685653.5937500002,secondary
7339,76.45729166666668,1685883,1685883.2812500002,secondary
7340,76.46770833333333,1686113,1686112.96875,secondary
7341,76.478125,1686343,1686342.6562500002,secondary
7342,76.48854166666668,1686572,1686572.3437500002,secondary
7343,76.49895833333333,1686802,1686802.03125,secondary
7344,76.5,1686825,1686825.0,primary
7345,76.51041666666667,1687055,1687054.6875,secondary
7346,76.52083333333333,1687284,1687284.375,secondary
7347,76.53125,1687514,1687514.0625,secondary
7348,76.54166666666667,1687744,1687743.75,secondary
7349,76.55208333333333,1687973,1687973.4375,secondary
7350,76.571875,1688410,1688409.8437500002,secondary
7351,76.58229166666668,1688640,1688639.5312500002,secondary
7352,76.59270833333333,1688869,1688869.21875,secondary
7353,76.603125,1689099,1689098.9062500002,secondary
7354,76.61354166666668,1689329,1689328.5937500002,secondary
7355,76.62395833333333,1689558,1689558.28125,secondary
7356,76.625,1689581,1689581.25,primary
7357,76.63541666666667,1689811,1689810.9375,secondary
7358,76.64583333333333,1690040,1690040.625,secondary
7359,76.65625,1690270,1690270.3125,secondary
7360,76.66666666666667,1690500,1690500.0,secondary
7361,76.67708333333333,1690729,1690729.6875,secondary
7362,76.696875,1691166,1691166.0937500002,secondary
7363,76.70729166666668,1691396,1691395.7812500002,secondary
7364,76.71770833333333,1691625,1691625.46875,secondary
7365,76.728125,1691855,1691855.1562500002,secondary
7366,76.73854166666668,1692085,1692084.8437500002,secondary
7367,76.74895833333333,1692315,1692314.53125,secondary
7368,76.75,1692338,1692337.5,primary
7369,76.76041666666667,1692568,1692567.1875,secondary
7370,76.77083333333333,1692797,1692796.875,secondary
7371,76.78125,1693027,1693026.5625,secondary
7372,76.79166666666667,1693257,1693256.25,secondary
7373,76.80208333333333,1693486,1693485.9375,secondary
7374,76.821875,1693922,1693922.3437500002,secondary
7375,76.83229166666668,1694152,1694152.0312500002,secondary
7376,76.84270833333333,1694382,1694381.71875,secondary
7377,76.853125,1694611,1694611.4062500002,secondary
7378,76.86354166666668,1694841,1694841.0937500002,secondary
7379,76.87395833333333,1695071,1695070.78125,secondary
7380,76.875,1695094,1695093.75,primary
7381,76.88541666666667,1695324,1695323.4375,secondary
7382,76.89583333333333,1695553,1695553.125,secondary
7383,76.90625,1695783,1695782.8125,secondary
7384,76.91666666666667,1696013,1696012.5,secondary
7385,76.92708333333333,1696242,1696242.1875,secondary
7386,76.946875,1696679,1696678.5937500002,secondary
7387,76.95729166666668,1696908,1696908.2812500002,secondary
7388,76.96770833333333,1697138,1697137.96875,secondary
7389,76.978125,1697368,1697367.6562500002,secondary
7390,76.98854166666668,1697597,1697597.3437500002,secondary
7391,76.99895833333333,1697827,1697827.03125,secondary
7392,77.0,1697850,1697850.0,primary
7393,77.01041666666667,1698080,1698079.6875,secondary
7394,77.02083333333333,1698309,1698309.375,secondary
7395,77.03125,1698539,1698539.0625,secondary
7396,77.04166666666667,1698769,1698768.75,secondary
7397,77.05208333333333,1698998,1698998.4375,secondary
7398,77.071875,1699435,1699434.8437500002,secondary
7399,77.08229166666668,1699665,1699664.5312500002,secondary
7400,77.09270833333333,1699894,1699894.21875,secondary
7401,77.103125,1700124,1700123.9062500002,secondary
7402,77.11354166666668,1700354,1700353.5937500002,secondary
7403,77.12395833333333,1700583,1700583.28125,secondary
7404,77.125,1700606,1700606.25,primary
7405,77.13541666666667,1700836,1700835.9375,secondary
7406,77.14583333333333,1701065,1701065.625,secondary
7407,77.15625,1701295,1701295.3125,secondary
7408,77.16666666666667,1701525,1701525.0,secondary
7409,77.17708333333333,1701754,1701754.6875,secondary
7410,77.196875,1702191,1702191.0937500002,secondary
7411,77.20729166666668,1702421,1702420.7812500002,secondary
7412,77.21770833333333,1702650,1702650.46875,secondary
7413,77.228125,1702880,1702880.1562500002,secondary
7414,77.23854166666668,1703110,1703109.8437500002,secondary
7415,77.24895833333333,1703340,1703339.53125,secondary
7416,77.25,1703362,1703362.5,primary
7417,77.26041666666667,1703592,1703592.1875,secondary
7418,77.27083333333333,1703821,1703821.875,secondary
7419,77.28125,1704051,1704051.5625,secondary
7420,77.29166666666667,1704281,1704281.25,secondary
7421,77.30208333333333,1704510,1704510.9375,secondary
7422,77.321875,1704947,1704947.3437500002,secondary
7423,77.33229166666668,1705177,1705177.0312500002,secondary
7424,77.34270833333333,1705407,1705406.71875,secondary
7425,77.353125,1705636,1705636.4062500002,secondary
7426,77.36354166666668,1705866,1705866.0937500002,secondary
7427,77.37395833333333,1706096,1706095.78125,secondary
7428,77.375,1706119,1706118.75,primary
7429,77.38541666666667,1706349,1706348.4375,secondary
7430,77.39583333333333,1706578,1706578.125,secondary
7431,77.40625,1706808,1706807.8125,secondary
7432,77.41666666666667,1707038,1707037.5,secondary
7433,77.42708333333333,1707267,1707267.1875,secondary
7434,77.446875,1707704,1707703.5937500002,secondary
7435,77.45729166666668,1707933,1707933.2812500002,secondary
7436,77.46770833333333,1708163,1708162.96875,secondary
7437,77.478125,1708393,1708392.6562500002,secondary
7438,77.48854166666668,1708622,1708622.3437500002,secondary
7439,77.49895833333333,1708852,1708852.03125,secondary
7440,77.5,1708875,1708875.0,primary
7441,77.51041666666667,1709105,1709104.6875,secondary
7442,77.52083333333333,1709334,1709334.375,secondary
7443,77.53125,1709564,1709564.0625,secondary
7444,77.54166666666667,1709794,1709793.75,secondary
7445,77.55208333333333,1710023,1710023.4375,secondary
7446,77.571875,1710460,1710459.8437500002,secondary
7447,77.58229166666668,1710690,1710689.5312500002,secondary
7448,77.59270833333333,1710919,1710919.21875,secondary
7449,77.603125,1711149,1711148.9062500002,secondary
7450,77.61354166666668,1711379,1711378.5937500002,secondary
7451,77.62395833333333,1711608,1711608.28125,secondary
7452,77.625,1711631,1711631.25,primary
7453,77.63541666666667,1711861,1711860.9375,secondary
7454,77.64583333333333,1712090,1712090.625,secondary
7455,77.65625,1712320,1712320.3125,secondary
7456,77.66666666666667,1712550,1712550.0,secondary
7457,77.67708333333333,1712779,1712779.6875,secondary
7458,77.696875,1713216,1713216.0937500002,secondary
7459,77.70729166666668,1713446,1713445.7812500002,secondary
7460,77.71770833333333,1713675,1713675.46875,secondary
7461,77.728125,1713905,1713905.1562500002,secondary
7462,77.73854166666668,1714135,1714134.8437500002,secondary
7463,77.74895833333333,1714365,1714364.53125,secondary
7464,77.75,1714388,1714387.5,primary
7465,77.76041666666667,1714618,1714617.1875,secondary
7466,77.77083333333333,1714847,1714846.875,secondary
7467,77.78125,1715077,1715076.5625,secondary
7468,77.79166666666667,1715307,1715306.25,secondary
7469,77.80208333333333,1715536,1715535.9375,secondary
7470,77.821875,1715972,1715972.3437500002,secondary
7471,77.83229166666668,1716202,1716202.0312500002,secondary
7472,77.84270833333333,1716432,1716431.71875,secondary
7473,77.853125,1716661,1716661.4062500002,secondary
7474,77.86354166666668,1716891,1716891.0937500002,secondary
7475,77.87395833333333,1717121,1717120.78125,secondary
7476,77.875,1717144,1717143.75,primary
7477,77.88541666666667,1717374,1717373.4375,secondary
7478,77.89583333333333,1717603,1717603.125,secondary
7479,77.90625,1717833,1717832.8125,secondary
7480,77.91666666666667,1718063,1718062.5,secondary
7481,77.92708333333333,1718292,1718292.1875,secondary
7482,77.946875,1718729,1718728.5937500002,secondary
7483,77.95729166666668,1718958,1718958.2812500002,secondary
7484,77.96770833333333,1719188,1719187.96875,secondary
7485,77.978125,1719418,1719417.6562500002,secondary
7486,77.98854166666668,1719647,1719647.3437500002,secondary
7487,77.99895833333333,1719877,1719877.03125,secondary
7488,78.0,1719900,1719900.0,primary
7489,78.01041666666667,1720130,1720129.6875,secondary
7490,78.02083333333333,1720359,1720359.375,secondary
7491,78.03125,1720589,1720589.0625,secondary
7492,78.04166666666667,1720819,1720818.75,secondary
7493,78.05208333333333,1721048,1721048.4375,secondary
7494,78.071875,1721485,1721484.8437500002,secondary
7495,78.08229166666668,1721715,1721714.5312500002,secondary
7496,78.09270833333333,1721944,1721944.21875,secondary
7497,78.103125,1722174,1722173.9062500002,secondary
7498,78.11354166666668,1722404,1722403.5937500002,secondary
7499,78.12395833333333,1722633,1722633.28125,secondary
7500,78.125,1722656,1722656.25,primary
7501,78.13541666666667,1722886,1722885.9375,secondary
7502,78.14583333333333,1723115,1723115.625,secondary
7503,78.15625,1723345,1723345.3125,secondary
7504,78.16666666666667,1723575,1723575.0,secondary
7505,78.17708333333333,1723804,1723804.6875,secondary
7506,78.196875,1724241,1724241.0937500002,secondary
7507,78.20729166666668,1724471,1724470.7812500002,secondary
7508,78.21770833333333,1724700,1724700.46875,secondary
7509,78.228125,1724930,1724930.1562500002,secondary
7510,78.23854166666668,1725160,1725159.8437500002,secondary
7511,78.24895833333333,1725390,1725389.53125,secondary
7512,78.25,1725412,1725412.5,primary
7513,78.26041666666667,1725642,1725642.1875,secondary
7514,78.27083333333333,1725871,1725871.875,secondary
7515,78.28125,1726101,1726101.5625,secondary
7516,78.29166666666667,1726331,1726331.25,secondary
7517,78.30208333333333,1726560,1726560.9375,secondary
7518,78.321875,1726997,1726997.3437500002,secondary
7519,78.33229166666668,1727227,1727227.0312500002,secondary
7520,78.34270833333333,1727457,1727456.71875,secondary
7521,78.353125,1727686,1727686.4062500002,secondary
7522,78.36354166666668,1727916,1727916.0937500002,secondary
7523,78.37395833333333,1728146,1728145.78125,secondary
7524,78.375,1728169,1728168.75,primary
7525,78.38541666666667,1728399,1728398.4375,secondary
7526,78.39583333333333,1728628,1728628.125,secondary
7527,78.40625,1728858,1728857.8125,secondary
7528,78.41666666666667,1729088,1729087.5,secondary
7529,78.42708333333333,1729317,1729317.1875,secondary
7530,78.446875,1729754,1729753.5937500002,secondary
7531,78.45729166666668,1729983,1729983.2812500002,secondary
7532,78.46770833333333,1730213,1730212.96875,secondary
7533,78.478125,1730443,1730442.6562500002,secondary
7534,78.48854166666668,1730672,1730672.3437500002,secondary
7535,78.49895833333333,1730902,1730902.03125,secondary
7536,78.5,1730925,1730925.0,primary
7537,78.51041666666667,1731155,1731154.6875,secondary
7538,78.52083333333333,1731384,1731384.375,secondary
7539,78.53125,1731614,1731614.0625,secondary
7540,78.54166666666667,1731844,1731843.75,secondary
7541,78.55208333333333,1732073,1732073.4375,secondary
7542,78.571875,1732510,1732509.8437500002,secondary
7543,78.58229166666668,1732740,1732739.5312500002,secondary
7544,78.59270833333333,1732969,1732969.21875,secondary
7545,78.603125,1733199,1733198.9062500002,secondary
7546,78.61354166666668,1733429,1733428.5937500002,secondary
7547,78.62395833333333,1733658,1733658.28125,secondary
7548,78.625,1733681,1733681.25,primary
7549,78.63541666666667,1733911,1733910.9375,secondary
7550,78.64583333333333,1734140,1734140.625,secondary
7551,78.65625,1734370,1734370.3125,secondary
7552,78.66666666666667,1734600,1734600.0,secondary
7553,78.67708333333333,1734829,1734829.6875,secondary
7554,78.696875,1735266,1735266.0937500002,secondary
7555,78.70729166666668,1735496,1735495.7812500002,secondary
7556,78.71770833333333,1735725,1735725.46875,secondary
7557,78.728125,1735955,1735955.1562500002,secondary
7558,78.73854166666668,1736185,1736184.8437500002,secondary
7559,78.74895833333333,1736415,1736414.53125,secondary
7560,78.75,1736438,1736437.5,primary
7561,78.76041666666667,1736668,1736667.1875,secondary
7562,78.77083333333333,1736897,1736896.875,secondary
7563,78.78125,1737127,1737126.5625,secondary
7564,78.79166666666667,1737357,1737356.25,secondary
7565,78.80208333333333,1737586,1737585.9375,secondary
7566,78.821875,1738022,1738022.3437500002,secondary
7567,78.83229166666668,1738252,1738252.0312500002,secondary
7568,78.84270833333333,1738482,1738481.71875,secondary
7569,78.853125,1738711,1738711.4062500002,secondary
7570,78.86354166666668,1738941,1738941.0937500002,secondary
7571,78.87395833333333,1739171,1739170.78125,secondary
7572,78.875,1739194,1739193.75,primary
7573,78.88541666666667,1739424,1739423.4375,secondary
7574,78.89583333333333,1739653,1739653.125,secondary
7575,78.90625,1739883,1739882.8125,secondary
7576,78.91666666666667,1740113,1740112.5,secondary
7577,78.92708333333333,1740342,1740342.1875,secondary
7578,78.946875,1740779,1740778.5937500002,secondary
7579,78.95729166666668,1741008,1741008.2812500002,secondary
7580,78.96770833333333,1741238,1741237.96875,secondary
7581,78.978125,1741468,1741467.6562500002,secondary
7582,78.98854166666668,1741697,1741697.3437500002,secondary
7583,78.99895833333333,1741927,1741927.03125,secondary
7584,79.0,1741950,1741950.0,primary
7585,79.01041666666667,1742180,1742179.6875,secondary
7586,79.02083333333333,1742409,1742409.375,secondary
7587,79.03125,1742639,1742639.0625,secondary
7588,79.04166666666667,1742869,1742868.75,secondary
7589,79.05208333333333,1743098,1743098.4375,secondary
7590,79.071875,1743535,1743534.8437500002,secondary
7591,79.08229166666668,1743765,1743764.5312500002,secondary
7592,79.09270833333333,1743994,1743994.21875,secondary
7593,79.103125,1744224,1744223.9062500002,secondary
7594,79.11354166666668,1744454,1744453.5937500002,secondary
7595,79.12395833333333,1744683,1744683.28125,secondary
7596,79.125,1744706,1744706.25,primary
7597,79.13541666666667,1744936,1744935.9375,secondary
7598,79.14583333333333,1745165,1745165.625,secondary
7599,79.15625,1745395,1745395.3125,secondary
7600,79.16666666666667,1745625,1745625.0,secondary
7601,79.17708333333333,1745854,1745854.6875,secondary
7602,79.196875,1746291,1746291.0937500002,secondary
7603,79.20729166666668,1746521,1746520.7812500002,secondary
7604,79.21770833333333,1746750,1746750.46875,secondary
7605,79.228125,1746980,1746980.1562500002,secondary
7606,79.23854166666668,1747210,1747209.8437500002,secondary
7607,79.24895833333333,1747440,1747439.53125,secondary
7608,79.25,1747462,1747462.5,primary
7609,79.26041666666667,1747692,1747692.1875,secondary
7610,79.27083333333333,1747921,1747921.875,secondary
7611,79.28125,1748151,1748151.5625,secondary
7612,79.29166666666667,1748381,1748381.25,secondary
7613,79.30208333333333,1748610,1748610.9375,secondary
7614,79.321875,1749047,1749047.3437500002,secondary
7615,79.33229166666668,1749277,1749277.0312500002,secondary
7616,79.34270833333333,1749507,1749506.71875,secondary
7617,79.353125,1749736,1749736.4062500002,secondary
7618,79.36354166666668,1749966,1749966.0937500002,secondary
7619,79.37395833333333,1750196,1750195.78125,secondary
7620,79.375,1750219,1750218.75,primary
7621,79.38541666666667,1750449,1750448.4375,secondary
7622,79.39583333333333,1750678,1750678.125,secondary
7623,79.40625,1750908,1750907.8125,secondary
7624,79.41666666666667,1751138,1751137.5,secondary
7625,79.42708333333333,1751367,1751367.1875,secondary
7626,79.446875,1751804,1751803.5937500002,secondary
7627,79.45729166666668,1752033,1752033.2812500002,secondary
7628,79.46770833333333,1752263,1752262.96875,secondary
7629,79.478125,1752493,1752492.6562500002,secondary
7630,79.48854166666668,1752722,1752722.3437500002,secondary
7631,79.49895833333333,1752952,1752952.03125,secondary
7632,79.5,1752975,1752975.0,primary
7633,79.51041666666667,1753205,1753204.6875,secondary
7634,79.52083333333333,1753434,1753434.375,secondary
7635,79.53125,1753664,1753664.0625,secondary
7636,79.54166666666667,1753894,1753893.75,secondary
7637,79.55208333333333,1754123,1754123.4375,secondary
7638,79.571875,1754560,1754559.8437500002,secondary
7639,79.58229166666668,1754790,1754789.5312500002,secondary
7640,79.59270833333333,1755019,1755019.21875,secondary
7641,79.603125,1755249,1755248.9062500002,secondary
7642,79.61354166666668,1755479,1755478.5937500002,secondary
7643,79.62395833333333,1755708,1755708.28125,secondary
7644,79.625,1755731,1755731.25,primary
7645,79.63541666666667,1755961,1755960.9375,secondary
7646,79.64583333333333,1756190,1756190.625,secondary
7647,79.65625,1756420,1756420.3125,secondary
7648,79.66666666666667,1756650,1756650.0,secondary
7649,79.67708333333333,1756879,1756879.6875,secondary
7650,79.696875,1757316,1757316.0937500002,secondary
7651,79.70729166666668,1757546,1757545.7812500002,secondary
7652,79.71770833333333,1757775,1757775.46875,secondary
7653,79.728125,1758005,1758005.1562500002,secondary
7654,79.73854166666668,1758235,1758234.8437500002,secondary
7655,79.74895833333333,1758465,1758464.53125,secondary
7656,79.75,1758488,1758487.5,primary
7657,79.76041666666667,1758718,1758717.1875,secondary
7658,79.77083333333333,1758947,1758946.875,secondary
7659,79.78125,1759177,1759176.5625,secondary
7660,79.79166666666667,1759407,1759406.25,secondary
7661,79.80208333333333,1759636,1759635.9375,secondary
7662,79.821875,1760072,1760072.3437500002,secondary
7663,79.83229166666668,1760302,1760302.0312500002,secondary
7664,79.84270833333333,1760532,1760531.71875,secondary
7665,79.853125,1760761,1760761.4062500002,secondary
7666,79.86354166666668,1760991,1760991.0937500002,secondary
7667,79.87395833333333,1761221,1761220.78125,secondary
7668,79.875,1761244,1761243.75,primary
7669,79.88541666666667,1761474,1761473.4375,secondary
7670,79.89583333333333,1761703,1761703.125,secondary
7671,79.90625,1761933,1761932.8125,secondary
7672,79.91666666666667,1762163,1762162.5,secondary
7673,79.92708333333333,1762392,1762392.1875,secondary
7674,79.946875,1762829,1762828.5937500002,secondary
7675,79.95729166666668,1763058,1763058.2812500002,secondary
7676,79.96770833333333,1763288,1763287.96875,secondary
7677,79.978125,1763518,1763517.6562500002,secondary
7678,79.98854166666668,1763747,1763747.3437500002,secondary
7679,79.99895833333333,1763977,1763977.03125,secondary
7680,80.0,1764000,1764000.0,primary
7681,80.01041666666667,1764230,1764229.6875,secondary
7682,80.02083333333333,1764459,1764459.375,secondary
7683,80.03125,1764689,1764689.0625,secondary
7684,80.04166666666667,1764919,1764918.75,secondary
7685,80.05208333333333,1765148,1765148.4375,secondary
7686,80.071875,1765585,1765584.8437500002,secondary
7687,80.08229166666668,1765815,1765814.5312500002,secondary
7688,80.09270833333333,1766044,1766044.21875,secondary
7689,80.103125,1766274,1766273.9062500002,secondary
7690,80.11354166666668,1766504,1766503.5937500002,secondary
7691,80.12395833333333,1766733,1766733.28125,secondary
7692,80.125,1766756,1766756.25,primary
7693,80.13541666666667,1766986,1766985.9375,secondary
7694,80.14583333333333,1767215,1767215.625,secondary
7695,80.15625,1767445,1767445.3125,secondary
7696,80.16666666666667,1767675,1767675.0,secondary
7697,80.17708333333333,1767904,1767904.6875,secondary
7698,80.196875,1768341,1768341.0937500002,secondary
7699,80.20729166666668,1768571,1768570.7812500002,secondary
7700,80.21770833333333,1768800,1768800.46875,secondary
7701,80.228125,1769030,1769030.1562500002,secondary
7702,80.23854166666668,1769260,1769259.8437500002,secondary
7703,80.24895833333333,1769490,1769489.53125,secondary
7704,80.25,1769512,1769512.5,primary
7705,80.26041666666667,1769742,1769742.1875,secondary
7706,80.27083333333333,1769971,1769971.875,secondary
7707,80.28125,1770201,1770201.5625,secondary
7708,80.29166666666667,1770431,1770431.25,secondary
7709,80.30208333333333,1770660,1770660.9375,secondary
7710,80.321875,1771097,1771097.3437500002,secondary
7711,80.33229166666668,1771327,1771327.0312500002,secondary
7712,80.34270833333333,1771557,1771556.71875,secondary
7713,80.353125,1771786,1771786.4062500002,secondary
7714,80.36354166666668,1772016,1772016.0937500002,secondary
7715,80.37395833333333,1772246,1772245.78125,secondary
7716,80.375,1772269,1772268.75,primary
7717,80.38541666666667,1772499,1772498.4375,secondary
7718,80.39583333333333,1772728,1772728.125,secondary
7719,80.40625,1772958,1772957.8125,secondary
7720,80.41666666666667,1773188,1773187.5,secondary
7721,80.42708333333333,1773417,1773417.1875,secondary
7722,80.446875,1773854,1773853.5937500002,secondary
7723,80.45729166666668,1774083,1774083.2812500002,secondary
7724,80.46770833333333,1774313,1774312.96875,secondary
7725,80.478125,1774543,1774542.6562500002,secondary
7726,80.48854166666668,1774772,1774772.3437500002,secondary
7727,80.49895833333333,1775002,1775002.03125,secondary
7728,80.5,1775025,1775025.0,primary
7729,80.51041666666667,1775255,1775254.6875,secondary
7730,80.52083333333333,1775484,1775484.375,secondary
7731,80.53125,1775714,1775714.0625,secondary
7732,80.54166666666667,1775944,1775943.75,secondary
7733,80.55208333333333,1776173,1776173.4375,secondary
7734,80.571875,1776610,1776609.8437500002,secondary
7735,80.58229166666668,1776840,1776839.5312500002,secondary
7736,80.59270833333333,1777069,1777069.21875,secondary
7737,80.603125,1777299,1777298.9062500002,secondary
7738,80.61354166666668,1777529,1777528.5937500002,secondary
7739,80.62395833333333,1777758,1777758.28125,secondary
7740,80.625,1777781,1777781.25,primary
7741,80.63541666666667,1778011,1778010.9375,secondary
7742,80.64583333333333,1778240,1778240.625,secondary
7743,80.65625,1778470,1778470.3125,secondary
7744,80.66666666666667,1778700,1778700.0,secondary
7745,80.67708333333333,1778929,1778929.6875,secondary
7746,80.696875,1779366,1779366.0937500002,secondary
7747,80.70729166666668,1779596,1779595.7812500002,secondary
7748,80.71770833333333,1779825,1779825.46875,secondary
7749,80.728125,1780055,1780055.1562500002,secondary
7750,80.73854166666668,1780285,1780284.8437500002,secondary
7751,80.74895833333333,1780515,1780514.53125,secondary
7752,80.75,1780538,1780537.5,primary
7753,80.76041666666667,1780768,1780767.1875,secondary
7754,80.77083333333333,1780997,1780996.875,secondary
7755,80.78125,1781227,1781226.5625,secondary
7756,80.79166666666667,1781457,1781456.25,secondary
7757,80.80208333333333,1781686,1781685.9375,secondary
7758,80.821875,1782122,1782122.3437500002,secondary
7759,80.83229166666668,1782352,1782352.0312500002,secondary
7760,80.84270833333333,1782582,1782581.71875,secondary
7761,80.853125,1782811,1782811.4062500002,secondary
7762,80.86354166666668,1783041,1783041.0937500002,secondary
7763,80.87395833333333,1783271,1783270.78125,secondary
7764,80.875,1783294,1783293.75,primary
7765,80.88541666666667,1783524,1783523.4375,secondary
7766,80.89583333333333,1783753,1783753.125,secondary
7767,80.90625,1783983,1783982.8125,secondary
7768,80.91666666666667,1784213,1784212.5,secondary
7769,80.92708333333333,1784442,1784442.1875,secondary
7770,80.946875,1784879,1784878.5937500002,secondary
7771,80.95729166666668,1785108,1785108.2812500002,secondary
7772,80.96770833333333,1785338,1785337.96875,secondary
7773,80.978125,1785568,1785567.6562500002,secondary
7774,80.98854166666668,1785797,1785797.3437500002,secondary
7775,80.99895833333333,1786027,1786027.03125,secondary
7776,81.0,1786050,1786050.0,primary
7777,81.01041666666667,1786280,1786279.6875,secondary
7778,81.02083333333333,1786509,1786509.375,secondary
7779,81.03125,1786739,1786739.0625,secondary
7780,81.04166666666667,1786969,1786968.75,secondary
7781,81.05208333333333,1787198,1787198.4375,secondary
7782,81.071875,1787635,1787634.8437500002,secondary
7783,81.08229166666668,1787865,1787864.5312500002,secondary
7784,81.09270833333333,1788094,1788094.21875,secondary
7785,81.103125,1788324,1788323.9062500002,secondary
7786,81.11354166666668,1788554,1788553.5937500002,secondary
7787,81.12395833333333,1788783,1788783.28125,secondary
7788,81.125,1788806,1788806.25,primary
7789,81.13541666666667,1789036,1789035.9375,secondary
7790,81.14583333333333,1789265,1789265.625,secondary
7791,81.15625,1789495,1789495.3125,secondary
7792,81.16666666666667,1789725,1789725.0,secondary
7793,81.17708333333333,1789954,1789954.6875,secondary
7794,81.196875,1790391,1790391.0937500002,secondary
7795,81.20729166666668,1790621,1790620.7812500002,secondary
7796,81.21770833333333,1790850,1790850.46875,secondary
7797,81.228125,1791080,1791080.1562500002,secondary
7798,81.23854166666668,1791310,1791309.8437500002,secondary
7799,81.24895833333333,1791540,1791539.53125,secondary
7800,81.25,1791562,1791562.5,primary
7801,81.26041666666667,1791792,1791792.1875,secondary
7802,81.27083333333333,1792021,1792021.875,secondary
7803,81.28125,1792251,1792251.5625,secondary
7804,81.29166666666667,1792481,1792481.25,secondary
7805,81.30208333333333,1792710,1792710.9375,secondary
7806,81.321875,1793147,1793147.3437500002,secondary
7807,81.33229166666668,1793377,1793377.0312500002,secondary
7808,81.34270833333333,1793607,1793606.71875,secondary
7809,81.353125,1793836,1793836.4062500002,secondary
7810,81.36354166666668,1794066,1794066.0937500002,secondary
7811,81.37395833333333,1794296,1794295.78125,secondary
7812,81.375,1794319,1794318.75,primary
7813,81.38541666666667,1794549,1794548.4375,secondary
7814,81.39583333333333,1794778,1794778.125,secondary
7815,81.40625,1795008,1795007.8125,secondary
7816,81.41666666666667,1795238,1795237.5,secondary
7817,81.42708333333333,1795467,1795467.1875,secondary
7818,81.446875,1795904,1795903.5937500002,secondary
7819,81.45729166666668,1796133,1796133.2812500002,secondary
7820,81.46770833333333,1796363,1796362.96875,secondary
7821,81.478125,1796593,1796592.6562500002,secondary
7822,81.48854166666668,1796822,1796822.3437500002,secondary
7823,81.49895833333333,1797052,1797052.03125,secondary
7824,81.5,1797075,1797075.0,primary
7825,81.51041666666667,1797305,1797304.6875,secondary
7826,81.52083333333333,1797534,1797534.375,secondary
7827,81.53125,1797764,1797764.0625,secondary
7828,81.54166666666667,1797994,1797993.75,secondary
7829,81.55208333333333,1798223,1798223.4375,secondary
7830,81.571875,1798660,1798659.8437500002,secondary
7831,81.58229166666668,1798890,1798889.5312500002,secondary
7832,81.59270833333333,1799119,1799119.21875,secondary
7833,81.603125,1799349,1799348.9062500002,secondary
7834,81.61354166666668,1799579,1799578.5937500002,secondary
7835,81.62395833333333,1799808,1799808.28125,secondary
7836,81.625,1799831,1799831.25,primary
7837,81.63541666666667,1800061,1800060.9375,secondary
7838,81.64583333333333,1800290,1800290.625,secondary
7839,81.65625,1800520,1800520.3125,secondary
7840,81.66666666666667,1800750,1800750.0,secondary
7841,81.67708333333333,1800979,1800979.6875,secondary
7842,81.696875,1801416,1801416.0937500002,secondary
7843,81.70729166666668,1801646,1801645.7812500002,secondary
7844,81.71770833333333,1801875,1801875.46875,secondary
7845,81.728125,1802105,1802105.1562500002,secondary
7846,81.73854166666668,1802335,1802334.8437500002,secondary
7847,81.74895833333333,1802565,1802564.53125,secondary
7848,81.75,1802588,1802587.5,primary
7849,81.76041666666667,1802818,1802817.1875,secondary
7850,81.77083333333333,1803047,1803046.875,secondary
7851,81.78125,1803277,1803276.5625,secondary
7852,81.79166666666667,1803507,1803506.25,secondary
7853,81.80208333333333,1803736,1803735.9375,secondary
7854,81.821875,1804172,1804172.3437500002,secondary
7855,81.83229166666668,1804402,1804402.0312500002,secondary
7856,81.84270833333333,1804632,1804631.71875,secondary
7857,81.853125,1804861,1804861.4062500002,secondary
7858,81.86354166666668,1805091,1805091.0937500002,secondary
7859,81.87395833333333,1805321,1805320.78125,secondary
7860,81.875,1805344,1805343.75,primary
7861,81.88541666666667,1805574,1805573.4375,secondary
7862,81.89583333333333,1805803,1805803.125,secondary
7863,81.90625,1806033,1806032.8125,secondary
7864,81.91666666666667,1806263,1806262.5,secondary
7865,81.92708333333333,1806492,1806492.1875,secondary
7866,81.946875,1806929,1806928.5937500002,secondary
7867,81.95729166666668,1807158,1807158.2812500002,secondary
7868,81.96770833333333,1807388,1807387.96875,secondary
7869,81.978125,1807618,1807617.6562500002,secondary
7870,81.98854166666668,1807847,1807847.3437500002,secondary
7871,81.99895833333333,1808077,1808077.03125,secondary
7872,82.0,1808100,1808100.0,primary
7873,82.01041666666667,1808330,1808329.6875,secondary
7874,82.02083333333333,1808559,1808559.375,secondary
7875,82.03125,1808789,1808789.0625,secondary
7876,82.04166666666667,1809019,1809018.75,secondary
7877,82.05208333333333,1809248,1809248.4375,secondary
7878,82.071875,1809685,1809684.8437500002,secondary
7879,82.08229166666668,1809915,1809914.5312500002,secondary
7880,82.09270833333333,1810144,1810144.21875,secondary
7881,82.103125,1810374,1810373.9062500002,secondary
7882,82.11354166666668,1810604,1810603.5937500002,secondary
7883,82.12395833333333,1810833,1810833.28125,secondary
7884,82.125,1810856,1810856.25,primary
7885,82.13541666666667,1811086,1811085.9375,secondary
7886,82.14583333333333,1811315,1811315.625,secondary
7887,82.15625,1811545,1811545.3125,secondary
7888,82.16666666666667,1811775,1811775.0,secondary
7889,82.17708333333333,1812004,1812004.6875,secondary
7890,82.196875,1812441,1812441.0937500002,secondary
7891,82.20729166666668,1812671,1812670.7812500002,secondary
7892,82.21770833333333,1812900,1812900.46875,secondary
7893,82.228125,1813130,1813130.1562500002,secondary
7894,82.23854166666668,1813360,1813359.8437500002,secondary
7895,82.24895833333333,1813590,1813589.53125,secondary
7896,82.25,1813612,1813612.5,primary
7897,82.26041666666667,1813842,1813842.1875,secondary
7898,82.27083333333333,1814071,1814071.875,secondary
7899,82.28125,1814301,1814301.5625,secondary
7900,82.29166666666667,1814531,1814531.25,secondary
7901,82.30208333333333,1814760,1814760.9375,secondary
7902,82.321875,1815197,1815197.3437500002,secondary
7903,82.33229166666668,1815427,1815427.0312500002,secondary
7904,82.34270833333333,1815657,1815656.71875,secondary
7905,82.353125,1815886,1815886.4062500002,secondary
7906,82.36354166666668,1816116,1816116.0937500002,secondary
7907,82.37395833333333,1816346,1816345.78125,secondary
7908,82.375,1816369,1816368.75,primary
7909,82.38541666666667,1816599,1816598.4375,secondary
7910,82.39583333333333,1816828,1816828.125,secondary
7911,82.40625,1817058,1817057.8125,secondary
7912,82.41666666666667,1817288,1817287.5,secondary
7913,82.42708333333333,1817517,1817517.1875,secondary
7914,82.446875,1817954,1817953.5937500002,secondary
7915,82.45729166666668,1818183,1818183.2812500002,secondary
7916,82.46770833333333,1818413,1818412.96875,secondary
7917,82.478125,1818643,1818642.6562500002,secondary
7918,82.48854166666668,1818872,1818872.3437500002,secondary
7919,82.49895833333333,1819102,1819102.03125,secondary
7920,82.5,1819125,1819125.0,primary
7921,82.51041666666667,1819355,1819354.6875,secondary
7922,82.52083333333333,1819584,1819584.375,secondary
7923,82.53125,1819814,1819814.0625,secondary
7924,82.54166666666667,1820044,1820043.75,secondary
7925,82.55208333333333,1820273,1820273.4375,secondary
7926,82.571875,1820710,1820709.8437500002,secondary
7927,82.58229166666668,1820940,1820939.5312500002,secondary
7928,82.59270833333333,1821169,1821169.21875,secondary
7929,82.603125,1821399,1821398.9062500002,secondary
7930,82.61354166666668,1821629,1821628.5937500002,secondary
7931,82.62395833333333,1821858,1821858.28125,secondary
7932,82.625,1821881,1821881.25,primary
7933,82.63541666666667,1822111,1822110.9375,secondary
7934,82.64583333333333,1822340,1822340.625,secondary
7935,82.65625,1822570,1822570.3125,secondary
7936,82.66666666666667,1822800,1822800.0,secondary
7937,82.67708333333333,1823029,1823029.6875,secondary
7938,82.696875,1823466,1823466.0937500002,secondary
7939,82.70729166666668,1823696,1823695.7812500002,secondary
7940,82.71770833333333,1823925,1823925.46875,secondary
7941,82.728125,1824155,1824155.1562500002,secondary
7942,82.73854166666668,1824385,1824384.8437500002,secondary
7943,82.74895833333333,1824615,1824614.53125,secondary
7944,82.75,1824638,1824637.5,primary
7945,82.76041666666667,1824868,1824867.1875,secondary
7946,82.77083333333333,1825097,1825096.875,secondary
7947,82.78125,1825327,1825326.5625,secondary
7948,82.79166666666667,1825557,1825556.25,secondary
7949,82.80208333333333,1825786,1825785.9375,secondary
7950,82.821875,1826222,1826222.3437500002,secondary
7951,82.83229166666668,1826452,1826452.0312500002,secondary
7952,82.84270833333333,1826682,1826681.71875,secondary
7953,82.853125,1826911,1826911.4062500002,secondary
7954,82.86354166666668,1827141,1827141.0937500002,secondary
7955,82.87395833333333,1827371,1827370.78125,secondary
7956,82.875,1827394,1827393.75,primary
7957,82.88541666666667,1827624,1827623.4375,secondary
7958,82.89583333333333,1827853,1827853.125,secondary
7959,82.90625,1828083,1828082.8125,secondary
7960,82.91666666666667,1828313,1828312.5,secondary
7961,82.92708333333333,1828542,1828542.1875,secondary
7962,82.946875,1828979,1828978.5937500002,secondary
7963,82.95729166666668,1829208,1829208.2812500002,secondary
7964,82.96770833333333,1829438,1829437.96875,secondary
7965,82.978125,1829668,1829667.6562500002,secondary
7966,82.98854166666668,1829897,1829897.3437500002,secondary
7967,82.99895833333333,1830127,1830127.03125,secondary
7968,83.0,1830150,1830150.0,primary
7969,83.01041666666667,1830380,1830379.6875,secondary
7970,83.02083333333333,1830609,1830609.375,secondary
7971,83.03125,1830839,1830839.0625,secondary
7972,83.04166666666667,1831069,1831068.75,secondary
7973,83.05208333333333,1831298,1831298.4375,secondary
7974,83.071875,1831735,1831734.8437500002,secondary
7975,83.08229166666668,1831965,1831964.5312500002,secondary
7976,83.09270833333333,1832194,1832194.21875,secondary
7977,83.103125,1832424,1832423.9062500002,secondary
7978,83.11354166666668,1832654,1832653.5937500002,secondary
7979,83.12395833333333,1832883,1832883.28125,secondary
7980,83.125,1832906,1832906.25,primary
7981,83.13541666666667,1833136,1833135.9375,secondary
7982,83.14583333333333,1833365,1833365.625,secondary
7983,83.15625,1833595,1833595.3125,secondary
7984,83.16666666666667,1833825,1833825.0,secondary
7985,83.17708333333333,1834054,1834054.6875,secondary
7986,83.196875,1834491,1834491.0937500002,secondary
7987,83.20729166666668,1834721,1834720.7812500002,secondary
7988,83.21770833333333,1834950,1834950.46875,secondary
7989,83.228125,1835180,1835180.1562500002,secondary
7990,83.23854166666668,1835410,1835409.8437500002,secondary
7991,83.24895833333333,1835640,1835639.53125,secondary
7992,83.25,1835662,1835662.5,primary
7993,83.26041666666667,1835892,1835892.1875,secondary
7994,83.27083333333333,1836121,1836121.875,secondary
7995,83.28125,1836351,1836351.5625,secondary
7996,83.29166666666667,1836581,1836581.25,secondary
7997,83.30208333333333,1836810,1836810.9375,secondary
7998,83.321875,1837247,1837247.3437500002,secondary
7999,83.33229166666668,1837477,1837477.0312500002,secondary
8000,83.34270833333333,1837707,1837706.71875,secondary
8001,83.353125,1837936,1837936.4062500002,secondary
8002,83.36354166666668,1838166,1838166.0937500002,secondary
8003,83.37395833333333,1838396,1838395.78125,secondary
8004,83.375,1838419,1838418.75,primary
8005,83.38541666666667,1838649,1838648.4375,secondary
8006,83.39583333333333,1838878,1838878.125,secondary
8007,83.40625,1839108,1839107.8125,secondary
8008,83.41666666666667,1839338,1839337.5,secondary
8009,83.42708333333333,1839567,1839567.1875,secondary
8010,83.446875,1840004,1840003.5937500002,secondary
8011,83.45729166666668,1840233,1840233.2812500002,secondary
8012,83.46770833333333,1840463,1840462.96875,secondary
8013,83.478125,1840693,1840692.6562500002,secondary
8014,83.48854166666668,1840922,1840922.3437500002,secondary
8015,83.49895833333333,1841152,1841152.03125,secondary
8016,83.5,1841175,1841175.0,primary
8017,83.51041666666667,1841405,1841404.6875,secondary
8018,83.52083333333333,1841634,1841634.375,secondary
8019,83.53125,1841864,1841864.0625,secondary
8020,83.54166666666667,1842094,1842093.75,secondary
8021,83.55208333333333,1842323,1842323.4375,secondary
8022,83.571875,1842760,1842759.8437500002,secondary
8023,83.58229166666668,1842990,1842989.5312500002,secondary
8024,83.59270833333333,1843219,1843219.21875,secondary
8025,83.603125,1843449,1843448.9062500002,secondary
8026,83.61354166666668,1843679,1843678.5937500002,secondary
8027,83.62395833333333,1843908,1843908.28125,secondary
8028,83.625,1843931,1843931.25,primary
8029,83.63541666666667,1844161,1844160.9375,secondary
8030,83.64583333333333,1844390,1844390.625,secondary
8031,83.65625,1844620,1844620.3125,secondary
8032,83.66666666666667,1844850,1844850.0,secondary
8033,83.67708333333333,1845079,1845079.6875,secondary
8034,83.696875,1845516,1845516.0937500002,secondary
8035,83.70729166666668,1845746,1845745.7812500002,secondary
8036,83.71770833333333,1845975,1845975.46875,secondary
8037,83.728125,1846205,1846205.1562500002,secondary
8038,83.73854166666668,1846435,1846434.8437500002,secondary
8039,83.74895833333333,1846665,1846664.53125,secondary
8040,83.75,1846688,1846687.5,primary
8041,83.76041666666667,1846918,1846917.1875,secondary
8042,83.77083333333333,1847147,1847146.875,secondary
8043,83.78125,1847377,1847376.5625,secondary
8044,83.79166666666667,1847607,1847606.25,secondary
8045,83.80208333333333,1847836,1847835.9375,secondary
8046,83.821875,1848272,1848272.3437500002,secondary
8047,83.83229166666668,1848502,1848502.0312500002,secondary
8048,83.84270833333333,1848732,1848731.71875,secondary
8049,83.853125,1848961,1848961.4062500002,secondary
8050,83.86354166666668,1849191,1849191.0937500002,secondary
8051,83.87395833333333,1849421,1849420.78125,secondary
8052,83.875,1849444,1849443.75,primary
8053,83.88541666666667,1849674,1849673.4375,secondary
8054,83.89583333333333,1849903,1849903.125,secondary
8055,83.90625,1850133,1850132.8125,secondary
8056,83.91666666666667,1850363,1850362.5,secondary
8057,83.92708333333333,1850592,1850592.1875,secondary
8058,83.946875,1851029,1851028.5937500002,secondary
8059,83.95729166666668,1851258,1851258.2812500002,secondary
8060,83.96770833333333,1851488,1851487.96875,secondary
8061,83.978125,1851718,1851717.6562500002,secondary
8062,83.98854166666668,1851947,1851947.3437500002,secondary
8063,83.99895833333333,1852177,1852177.03125,secondary
8064,84.0,1852200,1852200.0,primary
8065,84.01041666666667,1852430,1852429.6875,secondary
8066,84.02083333333333,1852659,1852659.375,secondary
8067,84.03125,1852889,1852889.0625,secondary
8068,84.04166666666667,1853119,1853118.75,secondary
8069,84.05208333333333,1853348,1853348.4375,secondary
8070,84.071875,1853785,1853784.8437500002,secondary
8071,84.08229166666668,1854015,1854014.5312500002,secondary
8072,84.09270833333333,1854244,1854244.21875,secondary
8073,84.103125,1854474,1854473.9062500002,secondary
8074,84.11354166666668,1854704,1854703.5937500002,secondary
8075,84.12395833333333,1854933,1854933.28125,secondary
8076,84.125,1854956,1854956.25,primary
8077,84.13541666666667,1855186,1855185.9375,secondary
8078,84.14583333333333,1855415,1855415.625,secondary
8079,84.15625,1855645,1855645.3125,secondary
8080,84.16666666666667,1855875,1855875.0,secondary
8081,84.17708333333333,1856104,1856104.6875,secondary
8082,84.196875,1856541,1856541.0937500002,secondary
8083,84.20729166666668,1856771,1856770.7812500002,secondary
8084,84.21770833333333,1857000,1857000.46875,secondary
8085,84.228125,1857230,1857230.1562500002,secondary
8086,84.23854166666668,1857460,1857459.8437500002,secondary
8087,84.24895833333333,1857690,1857689.53125,secondary
8088,84.25,1857712,1857712.5,primary
8089,84.26041666666667,1857942,1857942.1875,secondary
8090,84.27083333333333,1858171,1858171.875,secondary
8091,84.28125,1858401,1858401.5625,secondary
8092,84.29166666666667,1858631,1858631.25,secondary
8093,84.30208333333333,1858860,1858860.9375,secondary
8094,84.321875,1859297,1859297.3437500002,secondary
8095,84.33229166666668,1859527,1859527.0312500002,secondary
8096,84.34270833333333,1859757,1859756.71875,secondary
8097,84.353125,1859986,1859986.4062500002,secondary
8098,84.36354166666668,1860216,1860216.0937500002,secondary
8099,84.37395833333333,1860446,1860445.78125,secondary
8100,84.375,1860469,1860468.75,primary
8101,84.38541666666667,1860699,1860698.4375,secondary
8102,84.39583333333333,1860928,1860928.125,secondary
8103,84.40625,1861158,1861157.8125,secondary
8104,84.41666666666667,1861388,1861387.5,secondary
8105,84.42708333333333,1861617,1861617.1875,secondary
8106,84.446875,1862054,1862053.5937500002,secondary
8107,84.45729166666668,1862283,1862283.2812500002,secondary
8108,84.46770833333333,1862513,1862512.96875,secondary
8109,84.478125,1862743,1862742.6562500002,secondary
8110,84.48854166666668,1862972,1862972.3437500002,secondary
8111,84.49895833333333,1863202,1863202.03125,secondary
8112,84.5,1863225,1863225.0,primary
8113,84.51041666666667,1863455,1863454.6875,secondary
8114,84.52083333333333,1863684,1863684.375,secondary
8115,84.53125,1863914,1863914.0625,secondary
8116,84.54166666666667,1864144,1864143.75,secondary
8117,84.55208333333333,1864373,1864373.4375,secondary
8118,84.571875,1864810,1864809.8437500002,secondary
8119,84.58229166666668,1865040,1865039.5312500002,secondary
8120,84.59270833333333,1865269,1865269.21875,secondary
8121,84.603125,1865499,1865498.9062500002,secondary
8122,84.61354166666668,1865729,1865728.5937500002,secondary
8123,84.62395833333333,1865958,1865958.28125,secondary
8124,84.625,1865981,1865981.25,primary
8125,84.63541666666667,1866211,1866210.9375,secondary
8126,84.64583333333333,1866440,1866440.625,secondary
8127,84.65625,1866670,1866670.3125,secondary
8128,84.66666666666667,1866900,1866900.0,secondary
8129,84.67708333333333,1867129,1867129.6875,secondary
8130,84.696875,1867566,1867566.0937500002,secondary
8131,84.70729166666668,1867796,1867795.7812500002,secondary
8132,84.71770833333333,1868025,1868025.46875,secondary
8133,84.728125,1868255,1868255.1562500002,secondary
8134,84.73854166666668,1868485,1868484.8437500002,secondary
8135,84.74895833333333,1868715,1868714.53125,secondary
8136,84.75,1868738,1868737.5,primary
8137,84.76041666666667,1868968,1868967.1875,secondary
8138,84.77083333333333,1869197,1869196.875,secondary
8139,84.78125,1869427,1869426.5625,secondary
8140,84.79166666666667,1869657,1869656.25,secondary
8141,84.80208333333333,1869886,1869885.9375,secondary
8142,84.821875,1870322,1870322.3437500002,secondary
8143,84.83229166666668,1870552,1870552.0312500002,secondary
8144,84.84270833333333,1870782,1870781.71875,secondary
8145,84.853125,1871011,1871011.4062500002,secondary
8146,84.86354166666668,1871241,1871241.0937500002,secondary
8147,84.87395833333333,1871471,1871470.78125,secondary
8148,84.875,1871494,1871493.75,primary
8149,84.88541666666667,1871724,1871723.4375,secondary
8150,84.89583333333333,1871953,1871953.125,secondary
8151,84.90625,1872183,1872182.8125,secondary
8152,84.91666666666667,1872413,1872412.5,secondary
8153,84.92708333333333,1872642,1872642.1875,secondary
8154,84.946875,1873079,1873078.5937500002,secondary
8155,84.95729166666668,1873308,1873308.2812500002,secondary
8156,84.96770833333333,1873538,1873537.96875,secondary
8157,84.978125,1873768,1873767.6562500002,secondary
8158,84.98854166666668,1873997,1873997.3437500002,secondary
8159,84.99895833333333,1874227,1874227.03125,secondary
8160,85.0,1874250,1874250.0,primary
8161,85.01041666666667,1874480,1874479.6875,secondary
8162,85.02083333333333,1874709,1874709.375,secondary
8163,85.03125,1874939,1874939.0625,secondary
8164,85.04166666666667,1875169,1875168.75,secondary
8165,85.05208333333333,1875398,1875398.4375,secondary
8166,85.071875,1875835,1875834.8437500002,secondary
8167,85.08229166666668,1876065,1876064.5312500002,secondary
8168,85.09270833333333,1876294,1876294.21875,secondary
8169,85.103125,1876524,1876523.9062500002,secondary
8170,85.11354166666668,1876754,1876753.5937500002,secondary
8171,85.12395833333333,1876983,1876983.28125,secondary
8172,85.125,1877006,1877006.25,primary
8173,85.13541666666667,1877236,1877235.9375,secondary
8174,85.14583333333333,1877465,1877465.625,secondary
8175,85.15625,1877695,1877695.3125,secondary
8176,85.16666666666667,1877925,1877925.0,secondary
8177,85.17708333333333,1878154,1878154.6875,secondary
8178,85.196875,1878591,1878591.0937500002,secondary
8179,85.20729166666668,1878821,1878820.7812500002,secondary
8180,85.21770833333333,1879050,1879050.46875,secondary
8181,85.228125,1879280,1879280.1562500002,secondary
8182,85.23854166666668,1879510,1879509.8437500002,secondary
8183,85.24895833333333,1879740,1879739.53125,secondary
8184,85.25,1879762,1879762.5,primary
8185,85.26041666666667,1879992,1879992.1875,secondary
8186,85.27083333333333,1880221,1880221.875,secondary
8187,85.28125,1880451,1880451.5625,secondary
8188,85.29166666666667,1880681,1880681.25,secondary
8189,85.30208333333333,1880910,1880910.9375,secondary
8190,85.321875,1881347,1881347.3437500002,secondary
8191,85.33229166666668,1881577,1881577.0312500002,secondary
8192,85.34270833333333,1881807,1881806.71875,secondary
8193,85.353125,1882036,1882036.4062500002,secondary
8194,85.36354166666668,1882266,1882266.0937500002,secondary
8195,85.37395833333333,1882496,1882495.78125,secondary
8196,85.375,1882519,1882518.75,primary
8197,85.38541666666667,1882749,1882748.4375,secondary
8198,85.39583333333333,1882978,1882978.125,secondary
8199,85.40625,1883208,1883207.8125,secondary
8200,85.41666666666667,1883438,1883437.5,secondary
8201,85.42708333333333,1883667,1883667.1875,secondary
8202,85.446875,1884104,1884103.5937500002,secondary
8203,85.45729166666668,1884333,1884333.2812500002,secondary
8204,85.46770833333333,1884563,1884562.96875,secondary
8205,85.478125,1884793,1884792.6562500002,secondary
8206,85.48854166666668,1885022,1885022.3437500002,secondary
8207,85.49895833333333,1885252,1885252.03125,secondary
8208,85.5,1885275,1885275.0,primary
8209,85.51041666666667,1885505,1885504.6875,secondary
8210,85.52083333333333,1885734,1885734.375,secondary
8211,85.53125,1885964,1885964.0625,secondary
8212,85.54166666666667,1886194,1886193.75,secondary
8213,85.55208333333333,1886423,1886423.4375,secondary
8214,85.571875,1886860,1886859.8437500002,secondary
8215,85.58229166666668,1887090,1887089.5312500002,secondary
8216,85.59270833333333,1887319,1887319.21875,secondary
8217,85.603125,1887549,1887548.9062500002,secondary
8218,85.61354166666668,1887779,1887778.5937500002,secondary
8219,85.62395833333333,1888008,1888008.28125,secondary
8220,85.625,1888031,1888031.25,primary
8221,85.63541666666667,1888261,1888260.9375,secondary
8222,85.64583333333333,1888490,1888490.625,secondary
8223,85.65625,1888720,1888720.3125,secondary
8224,85.66666666666667,1888950,1888950.0,secondary
8225,85.67708333333333,1889179,1889179.6875,secondary
8226,85.696875,1889616,1889616.0937500002,secondary
8227,85.70729166666668,1889846,1889845.7812500002,secondary
8228,85.71770833333333,1890075,1890075.46875,secondary
8229,85.728125,1890305,1890305.1562500002,secondary
8230,85.73854166666668,1890535,1890534.8437500002,secondary
8231,85.74895833333333,1890765,1890764.53125,secondary
8232,85.75,1890788,1890787.5,primary
8233,85.76041666666667,1891018,1891017.1875,secondary
8234,85.77083333333333,1891247,1891246.875,secondary
8235,85.78125,1891477,1891476.5625,secondary
8236,85.79166666666667,1891707,1891706.25,secondary
8237,85.80208333333333,1891936,1891935.9375,secondary
8238,85.821875,1892372,1892372.3437500002,secondary
8239,85.83229166666668,1892602,1892602.0312500002,secondary
8240,85.84270833333333,1892832,1892831.71875,secondary
8241,85.853125,1893061,1893061.4062500002,secondary
8242,85.86354166666668,1893291,1893291.0937500002,secondary
8243,85.87395833333333,1893521,1893520.78125,secondary
8244,85.875,1893544,1893543.75,primary
8245,85.88541666666667,1893774,1893773.4375,secondary
8246,85.89583333333333,1894003,1894003.125,secondary
8247,85.90625,1894233,1894232.8125,secondary
8248,85.91666666666667,1894463,1894462.5,secondary
8249,85.92708333333333,1894692,1894692.1875,secondary
8250,85.946875,1895129,1895128.5937500002,secondary
8251,85.95729166666668,1895358,1895358.2812500002,secondary
8252,85.96770833333333,1895588,1895587.96875,secondary
8253,85.978125,1895818,1895817.6562500002,secondary
8254,85.98854166666668,1896047,1896047.3437500002,secondary
8255,85.99895833333333,1896277,1896277.03125,secondary
8256,86.0,1896300,1896300.0,primary
8257,86.01041666666667,1896530,1896529.6875,secondary
8258,86.02083333333333,1896759,1896759.375,secondary
8259,86.03125,1896989,1896989.0625,secondary
8260,86.04166666666667,1897219,1897218.75,secondary
8261,86.05208333333333,1897448,1897448.4375,secondary
8262,86.071875,1897885,1897884.8437500002,secondary
8263,86.08229166666668,1898115,1898114.5312500002,secondary
8264,86.09270833333333,1898344,1898344.21875,secondary
8265,86.103125,1898574,1898573.9062500002,secondary
8266,86.11354166666668,1898804,1898803.5937500002,secondary
8267,86.12395833333333,1899033,1899033.28125,secondary
8268,86.125,1899056,1899056.25,primary
8269,86.13541666666667,1899286,1899285.9375,secondary
8270,86.14583333333333,1899515,1899515.625,secondary
8271,86.15625,1899745,1899745.3125,secondary
8272,86.16666666666667,1899975,1899975.0,secondary
8273,86.17708333333333,1900204,1900204.6875,secondary
8274,86.196875,1900641,1900641.0937500002,secondary
8275,86.20729166666668,1900871,1900870.7812500002,secondary
8276,86.21770833333333,1901100,1901100.46875,secondary
8277,86.228125,1901330,1901330.1562500002,secondary
8278,86.23854166666668,1901560,1901559.8437500002,secondary
8279,86.24895833333333,1901790,1901789.53125,secondary
8280,86.25,1901812,1901812.5,primary
8281,86.26041666666667,1902042,1902042.1875,secondary
8282,86.27083333333333,1902271,1902271.875,secondary
8283,86.28125,1902501,1902501.5625,secondary
8284,86.29166666666667,1902731,1902731.25,secondary
8285,86.30208333333333,1902960,1902960.9375,secondary
8286,86.321875,1903397,1903397.3437500002,secondary
8287,86.33229166666668,1903627,1903627.0312500002,secondary
8288,86.34270833333333,1903857,1903856.71875,secondary
8289,86.353125,1904086,1904086.4062500002,secondary
8290,86.36354166666668,1904316,1904316.0937500002,secondary
8291,86.37395833333333,1904546,1904545.78125,secondary
8292,86.375,1904569,1904568.75,primary
8293,86.38541666666667,1904799,1904798.4375,secondary
8294,86.39583333333333,1905028,1905028.125,secondary
8295,86.40625,1905258,1905257.8125,secondary
8296,86.41666666666667,1905488,1905487.5,secondary
8297,86.42708333333333,1905717,1905717.1875,secondary
8298,86.446875,1906154,1906153.5937500002,secondary
8299,86.45729166666668,1906383,1906383.2812500002,secondary
8300,86.46770833333333,1906613,1906612.96875,secondary
8301,86.478125,1906843,1906842.6562500002,secondary
8302,86.48854166666668,1907072,1907072.3437500002,secondary
8303,86.49895833333333,1907302,1907302.03125,secondary
8304,86.5,1907325,1907325.0,primary
8305,86.51041666666667,1907555,1907554.6875,secondary
8306,86.52083333333333,1907784,1907784.375,secondary
8307,86.53125,1908014,1908014.0625,secondary
8308,86.54166666666667,1908244,1908243.75,secondary
8309,86.55208333333333,1908473,1908473.4375,secondary
8310,86.571875,1908910,1908909.8437500002,secondary
8311,86.58229166666668,1909140,1909139.5312500002,secondary
8312,86.59270833333333,1909369,1909369.21875,secondary
8313,86.603125,1909599,1909598.9062500002,secondary
8314,86.61354166666668,1909829,1909828.5937500002,secondary
8315,86.62395833333333,1910058,1910058.28125,secondary
8316,86.625,1910081,1910081.25,primary
8317,86.63541666666667,1910311,1910310.9375,secondary
8318,86.64583333333333,1910540,1910540.625,secondary
8319,86.65625,1910770,1910770.3125,secondary
8320,86.66666666666667,1911000,1911000.0,secondary
8321,86.67708333333333,1911229,1911229.6875,secondary
8322,86.696875,1911666,1911666.0937500002,secondary
8323,86.70729166666668,1911896,1911895.7812500002,secondary
8324,86.71770833333333,1912125,1912125.46875,secondary
8325,86.728125,1912355,1912355.1562500002,secondary
8326,86.73854166666668,1912585,1912584.8437500002,secondary
8327,86.74895833333333,1912815,1912814.53125,secondary
8328,86.75,1912838,1912837.5,primary
8329,86.76041666666667,1913068,1913067.1875,secondary
8330,86.77083333333333,1913297,1913296.875,secondary
8331,86.78125,1913527,1913526.5625,secondary
8332,86.79166666666667,1913757,1913756.25,secondary
8333,86.80208333333333,1913986,1913985.9375,secondary
8334,86.821875,1914422,1914422.3437500002,secondary
8335,86.83229166666668,1914652,1914652.0312500002,secondary
8336,86.84270833333333,1914882,1914881.71875,secondary
8337,86.853125,1915111,1915111.4062500002,secondary
8338,86.86354166666668,1915341,1915341.0937500002,secondary
8339,86.87395833333333,1915571,1915570.78125,secondary
8340,86.875,1915594,1915593.75,primary
8341,86.88541666666667,1915824,1915823.4375,secondary
8342,86.89583333333333,1916053,1916053.125,secondary
8343,86.90625,1916283,1916282.8125,secondary
8344,86.91666666666667,1916513,1916512.5,secondary
8345,86.92708333333333,1916742,1916742.1875,secondary
8346,86.946875,1917179,1917178.5937500002,secondary
8347,86.95729166666668,1917408,1917408.2812500002,secondary
8348,86.96770833333333,1917638,1917637.96875,secondary
8349,86.978125,1917868,1917867.6562500002,secondary
8350,86.98854166666668,1918097,1918097.3437500002,secondary
8351,86.99895833333333,1918327,1918327.03125,secondary
8352,87.0,1918350,1918350.0,primary
8353,87.01041666666667,1918580,1918579.6875,secondary
8354,87.02083333333333,1918809,1918809.375,secondary
8355,87.03125,1919039,1919039.0625,secondary
8356,87.04166666666667,1919269,1919268.75,secondary
8357,87.05208333333333,1919498,1919498.4375,secondary
8358,87.071875,1919935,1919934.8437500002,secondary
8359,87.08229166666668,1920165,1920164.5312500002,secondary
8360,87.09270833333333,1920394,1920394.21875,secondary
8361,87.103125,1920624,1920623.9062500002,secondary
8362,87.11354166666668,1920854,1920853.5937500002,secondary
8363,87.12395833333333,1921083,1921083.28125,secondary
8364,87.125,1921106,1921106.25,primary
8365,87.13541666666667,1921336,1921335.9375,secondary
8366,87.14583333333333,1921565,1921565.625,secondary
8367,87.15625,1921795,1921795.3125,secondary
8368,87.16666666666667,1922025,1922025.0,secondary
8369,87.17708333333333,1922254,1922254.6875,secondary
8370,87.196875,1922691,1922691.0937500002,secondary
8371,87.20729166666668,1922921,1922920.7812500002,secondary
8372,87.21770833333333,1923150,1923150.46875,secondary
8373,87.228125,1923380,1923380.1562500002,secondary
8374,87.23854166666668,1923610,1923609.8437500002,secondary
8375,87.24895833333333,1923840,1923839.53125,secondary
8376,87.25,1923862,1923862.5,primary
8377,87.26041666666667,1924092,1924092.1875,secondary
8378,87.27083333333333,1924321,1924321.875,secondary
8379,87.28125,1924551,1924551.5625,secondary
8380,87.29166666666667,1924781,1924781.25,secondary
8381,87.30208333333333,1925010,1925010.9375,secondary
8382,87.321875,1925447,1925447.3437500002,secondary
8383,87.33229166666668,1925677,1925677.0312500002,secondary
8384,87.34270833333333,1925907,1925906.71875,secondary
8385,87.353125,1926136,1926136.4062500002,secondary
8386,87.36354166666668,1926366,1926366.0937500002,secondary
8387,87.37395833333333,1926596,1926595.78125,secondary
8388,87.375,1926619,1926618.75,primary
8389,87.38541666666667,1926849,1926848.4375,secondary
8390,87.39583333333333,1927078,1927078.125,secondary
8391,87.40625,1927308,1927307.8125,secondary
8392,87.41666666666667,1927538,1927537.5,secondary
8393,87.42708333333333,1927767,1927767.1875,secondary
8394,87.446875,1928204,1928203.5937500002,secondary
8395,87.45729166666668,1928433,1928433.2812500002,secondary
8396,87.46770833333333,1928663,1928662.96875,secondary
8397,87.478125,1928893,1928892.6562500002,secondary
8398,87.48854166666668,1929122,1929122.3437500002,secondary
8399,87.49895833333333,1929352,1929352.03125,secondary
8400,87.5,1929375,1929375.0,primary
8401,87.51041666666667,1929605,1929604.6875,secondary
8402,87.52083333333333,1929834,1929834.375,secondary
8403,87.53125,1930064,1930064.0625,secondary
8404,87.54166666666667,1930294,1930293.75,secondary
8405,87.55208333333333,1930523,1930523.4375,secondary
8406,87.571875,1930960,1930959.8437500002,secondary
8407,87.58229166666668,1931190,1931189.5312500002,secondary
8408,87.59270833333333,1931419,1931419.21875,secondary
8409,87.603125,1931649,1931648.9062500002,secondary
8410,87.61354166666668,1931879,1931878.5937500002,secondary
8411,87.62395833333333,1932108,1932108.28125,secondary
8412,87.625,1932131,1932131.25,primary
8413,87.63541666666667,1932361,1932360.9375,secondary
8414,87.64583333333333,1932590,1932590.625,secondary
8415,87.65625,1932820,1932820.3125,secondary
8416,87.66666666666667,1933050,1933050.0,secondary
8417,87.67708333333333,1933279,1933279.6875,secondary
8418,87.696875,1933716,1933716.0937500002,secondary
8419,87.70729166666668,1933946,1933945.7812500002,secondary
8420,87.71770833333333,1934175,1934175.46875,secondary
8421,87.728125,1934405,1934405.1562500002,secondary
8422,87.73854166666668,1934635,1934634.8437500002,secondary
8423,87.74895833333333,1934865,1934864.53125,secondary
8424,87.75,1934888,1934887.5,primary
8425,87.76041666666667,1935118,1935117.1875,secondary
8426,87.77083333333333,1935347,1935346.875,secondary
8427,87.78125,1935577,1935576.5625,secondary
8428,87.79166666666667,1935807,1935806.25,secondary
8429,87.80208333333333,1936036,1936035.9375,secondary
8430,87.821875,1936472,1936472.3437500002,secondary
8431,87.83229166666668,1936702,1936702.0312500002,secondary
8432,87.84270833333333,1936932,1936931.71875,secondary
8433,87.853125,1937161,1937161.4062500002,secondary
8434,87.86354166666668,1937391,1937391.0937500002,secondary
8435,87.87395833333333,1937621,1937620.78125,secondary
8436,87.875,1937644,1937643.75,primary
8437,87.88541666666667,1937874,1937873.4375,secondary
8438,87.89583333333333,1938103,1938103.125,secondary
8439,87.90625,1938333,1938332.8125,secondary
8440,87.91666666666667,1938563,1938562.5,secondary
8441,87.92708333333333,1938792,1938792.1875,secondary
8442,87.946875,1939229,1939228.5937500002,secondary
8443,87.95729166666668,1939458,1939458.2812500002,secondary
8444,87.96770833333333,1939688,1939687.96875,secondary
8445,87.978125,1939918,1939917.6562500002,secondary
8446,87.98854166666668,1940147,1940147.3437500002,secondary
8447,87.99895833333333,1940377,1940377.03125,secondary
8448,88.0,1940400,1940400.0,primary
8449,88.01041666666667,1940630,1940629.6875,secondary
8450,88.02083333333333,1940859,1940859.375,secondary
8451,88.03125,1941089,1941089.0625,secondary
8452,88.04166666666667,1941319,1941318.75,secondary
8453,88.05208333333333,1941548,1941548.4375,secondary
8454,88.071875,1941985,1941984.8437500002,secondary
8455,88.08229166666668,1942215,1942214.5312500002,secondary
8456,88.09270833333333,1942444,1942444.21875,secondary
8457,88.103125,1942674,1942673.9062500002,secondary
8458,88.11354166666668,1942904,1942903.5937500002,secondary
8459,88.12395833333333,1943133,1943133.28125,secondary
8460,88.125,1943156,1943156.25,primary
8461,88.13541666666667,1943386,1943385.9375,secondary
8462,88.14583333333333,1943615,1943615.625,secondary
8463,88.15625,1943845,1943845.3125,secondary
8464,88.16666666666667,1944075,1944075.0,secondary
8465,88.17708333333333,1944304,1944304.6875,secondary
8466,88.196875,1944741,1944741.0937500002,secondary
8467,88.20729166666668,1944971,1944970.7812500002,secondary
8468,88.21770833333333,1945200,1945200.46875,secondary
8469,88.228125,1945430,1945430.1562500002,secondary
8470,88.23854166666668,1945660,1945659.8437500002,secondary
8471,88.24895833333333,1945890,1945889.53125,secondary
8472,88.25,1945912,1945912.5,primary
8473,88.26041666666667,1946142,1946142.1875,secondary
8474,88.27083333333333,1946371,1946371.875,secondary
8475,88.28125,1946601,1946601.5625,secondary
8476,88.29166666666667,1946831,1946831.25,secondary
8477,88.30208333333333,1947060,1947060.9375,secondary
8478,88.321875,1947497,1947497.3437500002,secondary
8479,88.33229166666668,1947727,1947727.0312500002,secondary
8480,88.34270833333333,1947957,1947956.71875,secondary
8481,88.353125,1948186,1948186.4062500002,secondary
8482,88.36354166666668,1948416,1948416.0937500002,secondary
8483,88.37395833333333,1948646,1948645.78125,secondary
8484,88.375,1948669,1948668.75,primary
8485,88.38541666666667,1948899,1948898.4375,secondary
8486,88.39583333333333,1949128,1949128.125,secondary
8487,88.40625,1949358,1949357.8125,secondary
8488,88.41666666666667,1949588,1949587.5,secondary
8489,88.42708333333333,1949817,1949817.1875,secondary
8490,88.446875,1950254,1950253.5937500002,secondary
8491,88.45729166666668,1950483,1950483.2812500002,secondary
8492,88.46770833333333,1950713,1950712.96875,secondary
8493,88.478125,1950943,1950942.6562500002,secondary
8494,88.48854166666668,1951172,1951172.3437500002,secondary
8495,88.49895833333333,1951402,1951402.03125,secondary
8496,88.5,1951425,1951425.0,primary
8497,88.51041666666667,1951655,1951654.6875,secondary
8498,88.52083333333333,1951884,1951884.375,secondary
8499,88.53125,1952114,1952114.0625,secondary
8500,88.54166666666667,1952344,1952343.75,secondary
8501,88.55208333333333,1952573,1952573.4375,secondary
8502,88.571875,1953010,1953009.8437500002,secondary
8503,88.58229166666668,1953240,1953239.5312500002,secondary
8504,88.59270833333333,1953469,1953469.21875,secondary
8505,88.603125,1953699,1953698.9062500002,secondary
8506,88.61354166666668,1953929,1953928.5937500002,secondary
8507,88.62395833333333,1954158,1954158.28125,secondary
8508,88.625,1954181,1954181.25,primary
8509,88.63541666666667,1954411,1954410.9375,secondary
8510,88.64583333333333,1954640,1954640.625,secondary
8511,88.65625,1954870,1954870.3125,secondary
8512,88.66666666666667,1955100,1955100.0,secondary
8513,88.67708333333333,1955329,1955329.6875,secondary
8514,88.696875,1955766,1955766.0937500002,secondary
8515,88.70729166666668,1955996,1955995.7812500002,secondary
8516,88.71770833333333,1956225,1956225.46875,secondary
8517,88.728125,1956455,1956455.1562500002,secondary
8518,88.73854166666668,1956685,1956684.8437500002,secondary
8519,88.74895833333333,1956915,1956914.53125,secondary
8520,88.75,1956938,1956937.5,primary
8521,88.76041666666667,1957168,1957167.1875,secondary
8522,88.77083333333333,1957397,1957396.875,secondary
8523,88.78125,1957627,1957626.5625,secondary
8524,88.79166666666667,1957857,1957856.25,secondary
8525,88.80208333333333,1958086,1958085.9375,secondary
8526,88.821875,1958522,1958522.3437500002,secondary
8527,88.83229166666668,1958752,1958752.0312500002,secondary
8528,88.84270833333333,1958982,1958981.71875,secondary
8529,88.853125,1959211,1959211.4062500002,secondary
8530,88.86354166666668,1959441,1959441.0937500002,secondary
8531,88.87395833333333,1959671,1959670.78125,secondary
8532,88.875,1959694,1959693.75,primary
8533,88.88541666666667,1959924,1959923.4375,secondary
8534,88.89583333333333,1960153,1960153.125,secondary
8535,88.90625,1960383,1960382.8125,secondary
8536,88.91666666666667,1960613,1960612.5,secondary
8537,88.92708333333333,1960842,1960842.1875,secondary
8538,88.946875,1961279,1961278.5937500002,secondary
8539,88.95729166666668,1961508,1961508.2812500002,secondary
8540,88.96770833333333,1961738,1961737.96875,secondary
8541,88.978125,1961968,1961967.6562500002,secondary
8542,88.98854166666668,1962197,1962197.3437500002,secondary
8543,88.99895833333333,1962427,1962427.03125,secondary
8544,89.0,1962450,1962450.0,primary
8545,89.01041666666667,1962680,1962679.6875,secondary
8546,89.02083333333333,1962909,1962909.375,secondary
8547,89.03125,1963139,1963139.0625,secondary
8548,89.04166666666667,1963369,1963368.75,secondary
8549,89.05208333333333,1963598,1963598.4375,secondary
8550,89.071875,1964035,1964034.8437500002,secondary
8551,89.08229166666668,1964265,1964264.5312500002,secondary
8552,89.09270833333333,1964494,1964494.21875,secondary
8553,89.103125,1964724,1964723.9062500002,secondary
8554,89.11354166666668,1964954,1964953.5937500002,secondary
8555,89.12395833333333,1965183,1965183.28125,secondary
8556,89.125,1965206,1965206.25,primary
8557,89.13541666666667,1965436,1965435.9375,secondary
8558,89.14583333333333,1965665,1965665.625,secondary
8559,89.15625,1965895,1965895.3125,secondary
8560,89.16666666666667,1966125,1966125.0,secondary
8561,89.17708333333333,1966354,1966354.6875,secondary
8562,89.196875,1966791,1966791.0937500002,secondary
8563,89.20729166666668,1967021,1967020.7812500002,secondary
8564,89.21770833333333,1967250,1967250.46875,secondary
8565,89.228125,1967480,1967480.1562500002,secondary
8566,89.23854166666668,1967710,1967709.8437500002,secondary
8567,89.24895833333333,1967940,1967939.53125,secondary
8568,89.25,1967962,1967962.5,primary
8569,89.26041666666667,1968192,1968192.1875,secondary
8570,89.27083333333333,1968421,1968421.875,secondary
8571,89.28125,1968651,1968651.5625,secondary
8572,89.29166666666667,1968881,1968881.25,secondary
8573,89.30208333333333,1969110,1969110.9375,secondary
8574,89.321875,1969547,1969547.3437500002,secondary
8575,89.33229166666668,1969777,1969777.0312500002,secondary
8576,89.34270833333333,1970007,1970006.71875,secondary
8577,89.353125,1970236,1970236.4062500002,secondary
8578,89.36354166666668,1970466,1970466.0937500002,secondary
8579,89.37395833333333,1970696,1970695.78125,secondary
8580,89.375,1970719,1970718.75,primary
8581,89.38541666666667,1970949,1970948.4375,secondary
8582,89.39583333333333,1971178,1971178.125,secondary
8583,89.40625,1971408,1971407.8125,secondary
8584,89.41666666666667,1971638,1971637.5,secondary
8585,89.42708333333333,1971867,1971867.1875,secondary
8586,89.446875,1972304,1972303.5937500002,secondary
8587,89.45729166666668,1972533,1972533.2812500002,secondary
8588,89.46770833333333,1972763,1972762.96875,secondary
8589,89.478125,1972993,1972992.6562500002,secondary
8590,89.48854166666668,1973222,1973222.3437500002,secondary
8591,89.49895833333333,1973452,1973452.03125,secondary
8592,89.5,1973475,1973475.0,primary
8593,89.51041666666667,1973705,1973704.6875,secondary
8594,89.52083333333333,1973934,1973934.375,secondary
8595,89.53125,1974164,1974164.0625,secondary
8596,89.54166666666667,1974394,1974393.75,secondary
8597,89.55208333333333,1974623,1974623.4375,secondary
8598,89.571875,1975060,1975059.8437500002,secondary
8599,89.58229166666668,1975290,1975289.5312500002,secondary
8600,89.59270833333333,1975519,1975519.21875,secondary
8601,89.603125,1975749,1975748.9062500002,secondary
8602,89.61354166666668,1975979,1975978.5937500002,secondary
8603,89.62395833333333,1976208,1976208.28125,secondary
8604,89.625,1976231,1976231.25,primary
8605,89.63541666666667,1976461,1976460.9375,secondary
8606,89.64583333333333,1976690,1976690.625,secondary
8607,89.65625,1976920,1976920.3125,secondary
8608,89.66666666666667,1977150,1977150.0,secondary
8609,89.67708333333333,1977379,1977379.6875,secondary
8610,89.696875,1977816,1977816.0937500002,secondary
8611,89.70729166666668,1978046,1978045.7812500002,secondary
8612,89.71770833333333,1978275,1978275.46875,secondary
8613,89.728125,1978505,1978505.1562500002,secondary
8614,89.73854166666668,1978735,1978734.8437500002,secondary
8615,89.74895833333333,1978965,1978964.53125,secondary
8616,89.75,1978988,1978987.5,primary
8617,89.76041666666667,1979218,1979217.1875,secondary
8618,89.77083333333333,1979447,1979446.875,secondary
8619,89.78125,1979677,1979676.5625,secondary
8620,89.79166666666667,1979907,1979906.25,secondary
8621,89.80208333333333,1980136,1980135.9375,secondary
8622,89.821875,1980572,1980572.3437500002,secondary
8623,89.83229166666668,1980802,1980802.0312500002,secondary
8624,89.84270833333333,1981032,1981031.71875,secondary
8625,89.853125,1981261,1981261.4062500002,secondary
8626,89.86354166666668,1981491,1981491.0937500002,secondary
8627,89.87395833333333,1981721,1981720.78125,secondary
8628,89.875,1981744,1981743.75,primary
8629,89.88541666666667,1981974,1981973.4375,secondary
8630,89.89583333333333,1982203,1982203.125,secondary
8631,89.90625,1982433,1982432.8125,secondary
8632,89.91666666666667,1982663,1982662.5,secondary
8633,89.92708333333333,1982892,1982892.1875,secondary
8634,89.946875,1983329,1983328.5937500002,secondary
8635,89.95729166666668,1983558,1983558.2812500002,secondary
8636,89.96770833333333,1983788,1983787.96875,secondary
8637,89.978125,1984018,1984017.6562500002,secondary
8638,89.98854166666668,1984247,1984247.3437500002,secondary
8639,89.99895833333333,1984477,1984477.03125,secondary
8640,90.0,1984500,1984500.0,primary
8641,90.01041666666667,1984730,1984729.6875,secondary
8642,90.02083333333333,1984959,1984959.375,secondary
8643,90.03125,1985189,1985189.0625,secondary
8644,90.04166666666667,1985419,1985418.75,secondary
8645,90.05208333333333,1985648,1985648.4375,secondary
8646,90.071875,1986085,1986084.8437500002,secondary
8647,90.08229166666668,1986315,1986314.5312500002,secondary
8648,90.09270833333333,1986544,1986544.21875,secondary
8649,90.103125,1986774,1986773.9062500002,secondary
8650,90.11354166666668,1987004,1987003.5937500002,secondary
8651,90.12395833333333,1987233,1987233.28125,secondary
8652,90.125,1987256,1987256.25,primary
8653,90.13541666666667,1987486,1987485.9375,secondary
8654,90.14583333333333,1987715,1987715.625,secondary
8655,90.15625,1987945,1987945.3125,secondary
8656,90.16666666666667,1988175,1988175.0,secondary
8657,90.17708333333333,1988404,1988404.6875,secondary
8658,90.196875,1988841,1988841.0937500002,secondary
8659,90.20729166666668,1989071,1989070.7812500002,secondary
8660,90.21770833333333,1989300,1989300.46875,secondary
8661,90.228125,1989530,1989530.1562500002,secondary
8662,90.23854166666668,1989760,1989759.8437500002,secondary
8663,90.24895833333333,1989990,1989989.53125,secondary
8664,90.25,1990012,1990012.5,primary
8665,90.26041666666667,1990242,1990242.1875,secondary
8666,90.27083333333333,1990471,1990471.875,secondary
8667,90.28125,1990701,1990701.5625,secondary
8668,90.29166666666667,1990931,1990931.25,secondary
8669,90.30208333333333,1991160,1991160.9375,secondary
8670,90.321875,1991597,1991597.3437500002,secondary
8671,90.33229166666668,1991827,1991827.0312500002,secondary
8672,90.34270833333333,1992057,1992056.71875,secondary
8673,90.353125,1992286,1992286.4062500002,secondary
8674,90.36354166666668,1992516,1992516.0937500002,secondary
8675,90.37395833333333,1992746,1992745.78125,secondary
8676,90.375,1992769,1992768.75,primary
8677,90.38541666666667,1992999,1992998.4375,secondary
8678,90.39583333333333,1993228,1993228.125,secondary
8679,90.40625,1993458,1993457.8125,secondary
8680,90.41666666666667,1993688,1993687.5,secondary
8681,90.42708333333333,1993917,1993917.1875,secondary
8682,90.446875,1994354,1994353.5937500002,secondary
8683,90.45729166666668,1994583,1994583.2812500002,secondary
8684,90.46770833333333,1994813,1994812.96875,secondary
8685,90.478125,1995043,1995042.6562500002,secondary
8686,90.48854166666668,1995272,1995272.3437500002,secondary
8687,90.49895833333333,1995502,1995502.03125,secondary
8688,90.5,1995525,1995525.0,primary
8689,90.51041666666667,1995755,1995754.6875,secondary
8690,90.52083333333333,1995984,1995984.375,secondary
8691,90.53125,1996214,1996214.0625,secondary
8692,90.54166666666667,1996444,1996443.75,secondary
8693,90.55208333333333,1996673,1996673.4375,secondary
8694,90.571875,1997110,1997109.8437500002,secondary
8695,90.58229166666668,1997340,1997339.5312500002,secondary
8696,90.59270833333333,1997569,1997569.21875,secondary
8697,90.603125,1997799,1997798.9062500002,secondary
8698,90.61354166666668,1998029,1998028.5937500002,secondary
8699,90.62395833333333,1998258,1998258.28125,secondary
8700,90.625,1998281,1998281.25,primary
8701,90.63541666666667,1998511,1998510.9375,secondary
8702,90.64583333333333,1998740,1998740.625,secondary
8703,90.65625,1998970,1998970.3125,secondary
8704,90.66666666666667,1999200,1999200.0,secondary
8705,90.67708333333333,1999429,1999429.6875,secondary
8706,90.696875,1999866,1999866.0937500002,secondary
8707,90.70729166666668,2000096,2000095.7812500002,secondary
8708,90.71770833333333,2000325,2000325.46875,secondary
8709,90.728125,2000555,2000555.1562500002,secondary
8710,90.73854166666668,2000785,2000784.8437500002,secondary
8711,90.74895833333333,2001015,2001014.53125,secondary
8712,90.75,2001038,2001037.5,primary
8713,90.76041666666667,2001268,2001267.1875,secondary
8714,90.77083333333333,2001497,2001496.875,secondary
8715,90.78125,2001727,2001726.5625,secondary
8716,90.79166666666667,2001957,2001956.25,secondary
8717,90.80208333333333,2002186,2002185.9375,secondary
8718,90.821875,2002622,2002622.3437500002,secondary
8719,90.83229166666668,2002852,2002852.0312500002,secondary
8720,90.84270833333333,2003082,2003081.71875,secondary
8721,90.853125,2003311,2003311.4062500002,secondary
8722,90.86354166666668,2003541,2003541.0937500002,secondary
8723,90.87395833333333,2003771,2003770.78125,secondary
8724,90.875,2003794,2003793.75,primary
8725,90.88541666666667,2004024,2004023.4375,secondary
8726,90.89583333333333,2004253,2004253.125,secondary
8727,90.90625,2004483,2004482.8125,secondary
8728,90.91666666666667,2004713,2004712.5,secondary
8729,90.92708333333333,2004942,2004942.1875,secondary
8730,90.946875,2005379,2005378.5937500002,secondary
8731,90.95729166666668,2005608,2005608.2812500002,secondary
8732,90.96770833333333,2005838,2005837.96875,secondary
8733,90.978125,2006068,2006067.6562500002,secondary
8734,90.98854166666668,2006297,2006297.3437500002,secondary
8735,90.99895833333333,2006527,2006527.03125,secondary
8736,91.0,2006550,2006550.0,primary
8737,91.01041666666667,2006780,2006779.6875,secondary
8738,91.02083333333333,2007009,2007009.375,secondary
8739,91.03125,2007239,2007239.0625,secondary
8740,91.04166666666667,2007469,2007468.75,secondary
8741,91.05208333333333,2007698,2007698.4375,secondary
8742,91.071875,2008135,2008134.8437500002,secondary
8743,91.08229166666668,2008365,2008364.5312500002,secondary
8744,91.09270833333333,2008594,2008594.21875,secondary
8745,91.103125,2008824,2008823.9062500002,secondary
8746,91.11354166666668,2009054,2009053.5937500002,secondary
8747,91.12395833333333,2009283,2009283.28125,secondary
8748,91.125,2009306,2009306.25,primary
8749,91.13541666666667,2009536,2009535.9375,secondary
8750,91.14583333333333,2009765,2009765.625,secondary
8751,91.15625,2009995,2009995.3125,secondary
8752,91.16666666666667,2010225,2010225.0,secondary
8753,91.17708333333333,2010454,2010454.6875,secondary
8754,91.196875,2010891,2010891.0937500002,secondary
8755,91.20729166666668,2011121,2011120.7812500002,secondary
8756,91.21770833333333,2011350,2011350.46875,secondary
8757,91.228125,2011580,2011580.1562500002,secondary
8758,91.23854166666668,2011810,2011809.8437500002,secondary
8759,91.24895833333333,2012040,2012039.53125,secondary
8760,91.25,2012062,2012062.5,primary
8761,91.26041666666667,2012292,2012292.1875,secondary
8762,91.27083333333333,2012521,2012521.875,secondary
8763,91.28125,2012751,2012751.5625,secondary
8764,91.29166666666667,2012981,2012981.25,secondary
8765,91.30208333333333,2013210,2013210.9375,secondary
8766,91.321875,2013647,2013647.3437500002,secondary
8767,91.33229166666668,2013877,2013877.0312500002,secondary
8768,91.34270833333333,2014107,2014106.71875,secondary
8769,91.353125,2014336,2014336.4062500002,secondary
8770,91.36354166666668,2014566,2014566.0937500002,secondary
8771,91.37395833333333,2014796,2014795.78125,secondary
8772,91.375,2014819,2014818.75,primary
8773,91.38541666666667,2015049,2015048.4375,secondary
8774,91.39583333333333,2015278,2015278.125,secondary
8775,91.40625,2015508,2015507.8125,secondary
8776,91.41666666666667,2015738,2015737.5,secondary
8777,91.42708333333333,2015967,2015967.1875,secondary
8778,91.446875,2016404,2016403.5937500002,secondary
8779,91.45729166666668,2016633,2016633.2812500002,secondary
8780,91.46770833333333,2016863,2016862.96875,secondary
8781,91.478125,2017093,2017092.6562500002,secondary
8782,91.48854166666668,2017322,2017322.3437500002,secondary
8783,91.49895833333333,2017552,2017552.03125,secondary
8784,91.5,2017575,2017575.0,primary
8785,91.51041666666667,2017805,2017804.6875,secondary
8786,91.52083333333333,2018034,2018034.375,secondary
8787,91.53125,2018264,2018264.0625,secondary
8788,91.54166666666667,2018494,2018493.75,secondary
8789,91.55208333333333,2018723,2018723.4375,secondary
8790,91.571875,2019160,2019159.8437500002,secondary
8791,91.58229166666668,2019390,2019389.5312500002,secondary
8792,91.59270833333333,2019619,2019619.21875,secondary
8793,91.603125,2019849,2019848.9062500002,secondary
8794,91.61354166666668,2020079,2020078.5937500002,secondary
8795,91.62395833333333,2020308,2020308.28125,secondary
8796,91.625,2020331,2020331.25,primary
8797,91.63541666666667,2020561,2020560.9375,secondary
8798,91.64583333333333,2020790,2020790.625,secondary
8799,91.65625,2021020,2021020.3125,secondary
8800,91.66666666666667,2021250,2021250.0,secondary
8801,91.67708333333333,2021479,2021479.6875,secondary
8802,91.696875,2021916,2021916.0937500002,secondary
8803,91.70729166666668,2022146,2022145.7812500002,secondary
8804,91.71770833333333,2022375,2022375.46875,secondary
8805,91.728125,2022605,2022605.1562500002,secondary
8806,91.73854166666668,2022835,2022834.8437500002,secondary
8807,91.74895833333333,2023065,2023064.53125,secondary
8808,91.75,2023088,2023087.5,primary
8809,91.76041666666667,2023318,2023317.1875,secondary
8810,91.77083333333333,2023547,2023546.875,secondary
8811,91.78125,2023777,2023776.5625,secondary
8812,91.79166666666667,2024007,2024006.25,secondary
8813,91.80208333333333,2024236,2024235.9375,secondary
8814,91.821875,2024672,2024672.3437500002,secondary
8815,91.83229166666668,2024902,2024902.0312500002,secondary
8816,91.84270833333333,2025132,2025131.71875,secondary
8817,91.853125,2025361,2025361.4062500002,secondary
8818,91.86354166666668,2025591,2025591.0937500002,secondary
8819,91.87395833333333,2025821,2025820.78125,secondary
8820,91.875,2025844,2025843.75,primary
8821,91.88541666666667,2026074,2026073.4375,secondary
8822,91.89583333333333,2026303,2026303.125,secondary
8823,91.90625,2026533,2026532.8125,secondary
8824,91.91666666666667,2026763,2026762.5,secondary
8825,91.92708333333333,2026992,2026992.1875,secondary
8826,91.946875,2027429,2027428.5937500002,secondary
8827,91.95729166666668,2027658,2027658.2812500002,secondary
8828,91.96770833333333,2027888,2027887.96875,secondary
8829,91.978125,2028118,2028117.6562500002,secondary
8830,91.98854166666668,2028347,2028347.3437500002,secondary
8831,91.99895833333333,2028577,2028577.03125,secondary
8832,92.0,2028600,2028600.0,primary
8833,92.01041666666667,2028830,2028829.6875,secondary
8834,92.02083333333333,2029059,2029059.375,secondary
8835,92.03125,2029289,2029289.0625,secondary
8836,92.04166666666667,2029519,2029518.75,secondary
8837,92.05208333333333,2029748,2029748.4375,secondary
8838,92.071875,2030185,2030184.8437500002,secondary
8839,92.08229166666668,2030415,2030414.5312500002,secondary
8840,92.09270833333333,2030644,2030644.21875,secondary
8841,92.103125,2030874,2030873.9062500002,secondary
8842,92.11354166666668,2031104,2031103.5937500002,secondary
8843,92.12395833333333,2031333,2031333.28125,secondary
8844,92.125,2031356,2031356.25,primary
8845,92.13541666666667,2031586,2031585.9375,secondary
8846,92.14583333333333,2031815,2031815.625,secondary
8847,92.15625,2032045,2032045.3125,secondary
8848,92.16666666666667,2032275,2032275.0,secondary
8849,92.17708333333333,2032504,2032504.6875,secondary
8850,92.196875,2032941,2032941.0937500002,secondary
8851,92.20729166666668,2033171,2033170.7812500002,secondary
8852,92.21770833333333,2033400,2033400.46875,secondary
8853,92.228125,2033630,2033630.1562500002,secondary
8854,92.23854166666668,2033860,2033859.8437500002,secondary
8855,92.24895833333333,2034090,2034089.53125,secondary
8856,92.25,2034112,2034112.5,primary
8857,92.26041666666667,2034342,2034342.1875,secondary
8858,92.27083333333333,2034571,2034571.875,secondary
8859,92.28125,2034801,2034801.5625,secondary
8860,92.29166666666667,2035031,2035031.25,secondary
8861,92.30208333333333,2035260,2035260.9375,secondary
8862,92.321875,2035697,2035697.3437500002,secondary
8863,92.33229166666668,2035927,2035927.0312500002,secondary
8864,92.34270833333333,2036157,2036156.71875,secondary
8865,92.353125,2036386,2036386.4062500002,secondary
8866,92.36354166666668,2036616,2036616.0937500002,secondary
8867,92.37395833333333,2036846,2036845.78125,secondary
8868,92.375,2036869,2036868.75,primary
8869,92.38541666666667,2037099,2037098.4375,secondary
8870,92.39583333333333,2037328,2037328.125,secondary
8871,92.40625,2037558,2037557.8125,secondary
8872,92.41666666666667,2037788,2037787.5,secondary
8873,92.42708333333333,2038017,2038017.1875,secondary
8874,92.446875,2038454,2038453.5937500002,secondary
8875,92.45729166666668,2038683,2038683.2812500002,secondary
8876,92.46770833333333,2038913,2038912.96875,secondary
8877,92.478125,2039143,2039142.6562500002,secondary
8878,92.48854166666668,2039372,2039372.3437500002,secondary
8879,92.49895833333333,2039602,2039602.03125,secondary
8880,92.5,2039625,2039625.0,primary
8881,92.51041666666667,2039855,2039854.6875,secondary
8882,92.52083333333333,2040084,2040084.375,secondary
8883,92.53125,2040314,2040314.0625,secondary
8884,92.54166666666667,2040544,2040543.75,secondary
8885,92.55208333333333,2040773,2040773.4375,secondary
8886,92.571875,2041210,2041209.8437500002,secondary
8887,92.58229166666668,2041440,2041439.5312500002,secondary
8888,92.59270833333333,2041669,2041669.21875,secondary
8889,92.603125,2041899,2041898.9062500002,secondary
8890,92.61354166666668,2042129,2042128.5937500002,secondary
8891,92.62395833333333,2042358,2042358.28125,secondary
8892,92.625,2042381,2042381.25,primary
8893,92.63541666666667,2042611,2042610.9375,secondary
8894,92.64583333333333,2042840,2042840.625,secondary
8895,92.65625,2043070,2043070.3125,secondary
8896,92.66666666666667,2043300,2043300.0,secondary
8897,92.67708333333333,2043529,2043529.6875,secondary
8898,92.696875,2043966,2043966.0937500002,secondary
8899,92.70729166666668,2044196,2044195.7812500002,secondary
8900,92.71770833333333,2044425,2044425.46875,secondary
8901,92.728125,2044655,2044655.1562500002,secondary
8902,92.73854166666668,2044885,2044884.8437500002,secondary
8903,92.74895833333333,2045115,2045114.53125,secondary
8904,92.75,2045138,2045137.5,primary
8905,92.76041666666667,2045368,2045367.1875,secondary
8906,92.77083333333333,2045597,2045596.875,secondary
8907,92.78125,2045827,2045826.5625,secondary
8908,92.79166666666667,2046057,2046056.25,secondary
8909,92.80208333333333,2046286,2046285.9375,secondary
8910,92.821875,2046722,2046722.3437500002,secondary
8911,92.83229166666668,2046952,2046952.0312500002,secondary
8912,92.84270833333333,2047182,2047181.71875,secondary
8913,92.853125,2047411,2047411.4062500002,secondary
8914,92.86354166666668,2047641,2047641.0937500002,secondary
8915,92.87395833333333,2047871,2047870.78125,secondary
8916,92.875,2047894,2047893.75,primary
8917,92.88541666666667,2048124,2048123.4375,secondary
8918,92.89583333333333,2048353,2048353.125,secondary
8919,92.90625,2048583,2048582.8125,secondary
8920,92.91666666666667,2048813,2048812.5,secondary
8921,92.92708333333333,2049042,2049042.1875,secondary
8922,92.946875,2049479,2049478.5937500002,secondary
8923,92.95729166666668,2049708,2049708.2812500002,secondary
8924,92.96770833333333,2049938,2049937.96875,secondary
8925,92.978125,2050168,2050167.6562500002,secondary
8926,92.98854166666668,2050397,2050397.3437500002,secondary
8927,92.99895833333333,2050627,2050627.03125,secondary
8928,93.0,2050650,2050650.0,primary
8929,93.01041666666667,2050880,2050879.6875,secondary
8930,93.02083333333333,2051109,2051109.375,secondary
8931,93.03125,2051339,2051339.0625,secondary
8932,93.04166666666667,2051569,2051568.75,secondary
8933,93.05208333333333,2051798,2051798.4375,secondary
8934,93.071875,2052235,2052234.8437500002,secondary
8935,93.08229166666668,2052465,2052464.5312500002,secondary
8936,93.09270833333333,2052694,2052694.21875,secondary
8937,93.103125,2052924,2052923.9062500002,secondary
8938,93.11354166666668,2053154,2053153.5937500002,secondary
8939,93.12395833333333,2053383,2053383.28125,secondary
8940,93.125,2053406,2053406.25,primary
8941,93.13541666666667,2053636,2053635.9375,secondary
8942,93.14583333333333,2053865,2053865.625,secondary
8943,93.15625,2054095,2054095.3125,secondary
8944,93.16666666666667,2054325,2054325.0,secondary
8945,93.17708333333333,2054554,2054554.6875,secondary
8946,93.196875,2054991,2054991.0937500002,secondary
8947,93.20729166666668,2055221,2055220.7812500002,secondary
8948,93.21770833333333,2055450,2055450.46875,secondary
8949,93.228125,2055680,2055680.1562500002,secondary
8950,93.23854166666668,2055910,2055909.8437500002,secondary
8951,93.24895833333333,2056140,2056139.53125,secondary
8952,93.25,2056162,2056162.5,primary
8953,93.26041666666667,2056392,2056392.1875,secondary
8954,93.27083333333333,2056621,2056621.875,secondary
8955,93.28125,2056851,2056851.5625,secondary
8956,93.29166666666667,2057081,2057081.25,secondary
8957,93.30208333333333,2057310,2057310.9375,secondary
8958,93.321875,2057747,2057747.3437500002,secondary
8959,93.33229166666668,2057977,2057977.0312500002,secondary
8960,93.34270833333333,2058207,2058206.71875,secondary
8961,93.353125,2058436,2058436.4062500002,secondary
8962,93.36354166666668,2058666,2058666.0937500002,secondary
8963,93.37395833333333,2058896,2058895.78125,secondary
8964,93.375,2058919,2058918.75,primary
8965,93.38541666666667,2059149,2059148.4375,secondary
8966,93.39583333333333,2059378,2059378.125,secondary
8967,93.40625,2059608,2059607.8125,secondary
8968,93.41666666666667,2059838,2059837.5,secondary
8969,93.42708333333333,2060067,2060067.1875,secondary
8970,93.446875,2060504,2060503.5937500002,secondary
8971,93.45729166666668,2060733,2060733.2812500002,secondary
8972,93.46770833333333,2060963,2060962.96875,secondary
8973,93.478125,2061193,2061192.6562500002,secondary
8974,93.48854166666668,2061422,2061422.3437500002,secondary
8975,93.49895833333333,2061652,2061652.03125,secondary
8976,93.5,2061675,2061675.0,primary
8977,93.51041666666667,2061905,2061904.6875,secondary
8978,93.52083333333333,2062134,2062134.375,secondary
8979,93.53125,2062364,2062364.0625,secondary
8980,93.54166666666667,2062594,2062593.75,secondary
8981,93.55208333333333,2062823,2062823.4375,secondary
8982,93.571875,2063260,2063259.8437500002,secondary
8983,93.58229166666668,2063490,2063489.5312500002,secondary
8984,93.59270833333333,2063719,2063719.21875,secondary
8985,93.603125,2063949,2063948.9062500002,secondary
8986,93.61354166666668,2064179,2064178.5937500002,secondary
8987,93.62395833333333,2064408,2064408.28125,secondary
8988,93.625,2064431,2064431.25,primary
8989,93.63541666666667,2064661,2064660.9375,secondary
8990,93.64583333333333,2064890,2064890.625,secondary
8991,93.65625,2065120,2065120.3125,secondary
8992,93.66666666666667,2065350,2065350.0,secondary
8993,93.67708333333333,2065579,2065579.6875,secondary
8994,93.696875,2066016,2066016.0937500002,secondary
8995,93.70729166666668,2066246,2066245.7812500002,secondary
8996,93.71770833333333,2066475,2066475.46875,secondary
8997,93.728125,2066705,2066705.1562500002,secondary
8998,93.73854166666668,2066935,2066934.8437500002,secondary
8999,93.74895833333333,2067165,2067164.53125,secondary
9000,93.75,2067188,2067187.5,primary
9001,93.76041666666667,2067418,2067417.1875,secondary
9002,93.77083333333333,2067647,2067646.875,secondary
9003,93.78125,2067877,2067876.5625,secondary
9004,93.79166666666667,2068107,2068106.25,secondary
9005,93.80208333333333,2068336,2068335.9375,secondary
9006,93.821875,2068772,2068772.3437500002,secondary
9007,93.83229166666668,2069002,2069002.0312500002,secondary
9008,93.84270833333333,2069232,2069231.71875,secondary
9009,93.853125,2069461,2069461.4062500002,secondary
9010,93.86354166666668,2069691,2069691.0937500002,secondary
9011,93.87395833333333,2069921,2069920.78125,secondary
9012,93.875,2069944,2069943.75,primary
9013,93.88541666666667,2070174,2070173.4375,secondary
9014,93.89583333333333,2070403,2070403.125,secondary
9015,93.90625,2070633,2070632.8125,secondary
9016,93.91666666666667,2070863,2070862.5,secondary
9017,93.92708333333333,2071092,2071092.1875,secondary
9018,93.946875,2071529,2071528.5937500002,secondary
9019,93.95729166666668,2071758,2071758.2812500002,secondary
9020,93.96770833333333,2071988,2071987.96875,secondary
9021,93.978125,2072218,2072217.6562500002,secondary
9022,93.98854166666668,2072447,2072447.3437500002,secondary
9023,93.99895833333333,2072677,2072677.03125,secondary
9024,94.0,2072700,2072700.0,primary
9025,94.01041666666667,2072930,2072929.6875,secondary
9026,94.02083333333333,2073159,2073159.375,secondary
9027,94.03125,2073389,2073389.0625,secondary
9028,94.04166666666667,2073619,2073618.75,secondary
9029,94.05208333333333,2073848,2073848.4375,secondary
9030,94.071875,2074285,2074284.8437500002,secondary
9031,94.08229166666668,2074515,2074514.5312500002,secondary
9032,94.09270833333333,2074744,2074744.21875,secondary
9033,94.103125,2074974,2074973.9062500002,secondary
9034,94.11354166666668,2075204,2075203.5937500002,secondary
9035,94.12395833333333,2075433,2075433.28125,secondary
9036,94.125,2075456,2075456.25,primary
9037,94.13541666666667,2075686,2075685.9375,secondary
9038,94.14583333333333,2075915,2075915.625,secondary
9039,94.15625,2076145,2076145.3125,secondary
9040,94.16666666666667,2076375,2076375.0,secondary
9041,94.17708333333333,2076604,2076604.6875,secondary
9042,94.196875,2077041,2077041.0937500002,secondary
9043,94.20729166666668,2077271,2077270.7812500002,secondary
9044,94.21770833333333,2077500,2077500.46875,secondary
9045,94.228125,2077730,2077730.1562500002,secondary
9046,94.23854166666668,2077960,2077959.8437500002,secondary
9047,94.24895833333333,2078190,2078189.53125,secondary
9048,94.25,2078212,2078212.5,primary
9049,94.26041666666667,2078442,2078442.1875,secondary
9050,94.27083333333333,2078671,2078671.875,secondary
9051,94.28125,2078901,2078901.5625,secondary
9052,94.29166666666667,2079131,2079131.25,secondary
9053,94.30208333333333,2079360,2079360.9375,secondary
9054,94.321875,2079797,2079797.3437500002,secondary
9055,94.33229166666668,2080027,2080027.0312500002,secondary
9056,94.34270833333333,2080257,2080256.71875,secondary
9057,94.353125,2080486,2080486.4062500002,secondary
9058,94.36354166666668,2080716,2080716.0937500002,secondary
9059,94.37395833333333,2080946,2080945.78125,secondary
9060,94.375,2080969,2080968.75,primary
9061,94.38541666666667,2081199,2081198.4375,secondary
9062,94.39583333333333,2081428,2081428.125,secondary
9063,94.40625,2081658,2081657.8125,secondary
9064,94.41666666666667,2081888,2081887.5,secondary
9065,94.42708333333333,2082117,2082117.1875,secondary
9066,94.446875,2082554,2082553.5937500002,secondary
9067,94.45729166666668,2082783,2082783.2812500002,secondary
9068,94.46770833333333,2083013,2083012.96875,secondary
9069,94.478125,2083243,2083242.6562500002,secondary
9070,94.48854166666668,2083472,2083472.3437500002,secondary
9071,94.49895833333333,2083702,2083702.03125,secondary
9072,94.5,2083725,2083725.0,primary
9073,94.51041666666667,2083955,2083954.6875,secondary
9074,94.52083333333333,2084184,2084184.375,secondary
9075,94.53125,2084414,2084414.0625,secondary
9076,94.54166666666667,2084644,2084643.75,secondary
9077,94.55208333333333,2084873,2084873.4375,secondary
9078,94.571875,2085310,2085309.8437500002,secondary
9079,94.58229166666668,2085540,2085539.5312500002,secondary
9080,94.59270833333333,2085769,2085769.21875,secondary
9081,94.603125,2085999,2085998.9062500002,secondary
9082,94.61354166666668,2086229,2086228.5937500002,secondary
9083,94.62395833333333,2086458,2086458.28125,secondary
9084,94.625,2086481,2086481.25,primary
9085,94.63541666666667,2086711,2086710.9375,secondary
9086,94.64583333333333,2086940,2086940.625,secondary
9087,94.65625,2087170,2087170.3125,secondary
9088,94.66666666666667,2087400,2087400.0,secondary
9089,94.67708333333333,2087629,2087629.6875,secondary
9090,94.696875,2088066,2088066.0937500002,secondary
9091,94.70729166666668,2088296,2088295.7812500002,secondary
9092,94.71770833333333,2088525,2088525.46875,secondary
9093,94.728125,2088755,2088755.1562500002,secondary
9094,94.73854166666668,2088985,2088984.8437500002,secondary
9095,94.74895833333333,2089215,2089214.53125,secondary
9096,94.75,2089238,2089237.5,primary
9097,94.76041666666667,2089468,2089467.1875,secondary
9098,94.77083333333333,2089697,2089696.875,secondary
9099,94.78125,2089927,2089926.5625,secondary
9100,94.79166666666667,2090157,2090156.25,secondary
9101,94.80208333333333,2090386,2090385.9375,secondary
9102,94.821875,2090822,2090822.3437500002,secondary
9103,94.83229166666668,2091052,2091052.0312500002,secondary
9104,94.84270833333333,2091282,2091281.71875,secondary
9105,94.853125,2091511,2091511.4062500002,secondary
9106,94.86354166666668,2091741,2091741.0937500002,secondary
9107,94.87395833333333,2091971,2091970.78125,secondary
9108,94.875,2091994,2091993.75,primary
9109,94.88541666666667,2092224,2092223.4375,secondary
9110,94.89583333333333,2092453,2092453.125,secondary
9111,94.90625,2092683,2092682.8125,secondary
9112,94.91666666666667,2092913,2092912.5,secondary
9113,94.92708333333333,2093142,2093142.1875,secondary
9114,94.946875,2093579,2093578.5937500002,secondary
9115,94.95729166666668,2093808,2093808.2812500002,secondary
9116,94.96770833333333,2094038,2094037.96875,secondary
9117,94.978125,2094268,2094267.6562500002,secondary
9118,94.98854166666668,2094497,2094497.3437500002,secondary
9119,94.99895833333333,2094727,2094727.03125,secondary
9120,95.0,2094750,2094750.0,primary
9121,95.01041666666667,2094980,2094979.6875,secondary
9122,95.02083333333333,2095209,2095209.375,secondary
9123,95.03125,2095439,2095439.0625,secondary
9124,95.04166666666667,2095669,2095668.75,secondary
9125,95.05208333333333,2095898,2095898.4375,secondary
9126,95.071875,2096335,2096334.8437500002,secondary
9127,95.08229166666668,2096565,2096564.5312500002,secondary
9128,95.09270833333333,2096794,2096794.21875,secondary
9129,95.103125,2097024,2097023.9062500002,secondary
9130,95.11354166666668,2097254,2097253.59375,secondary
9131,95.12395833333333,2097483,2097483.28125,secondary
9132,95.125,2097506,2097506.25,primary
9133,95.13541666666667,2097736,2097735.9375,secondary
9134,95.14583333333333,2097965,2097965.625,secondary
9135,95.15625,2098195,2098195.3125,secondary
9136,95.16666666666667,2098425,2098425.0,secondary
9137,95.17708333333333,2098654,2098654.6875,secondary
9138,95.196875,2099091,2099091.09375,secondary
9139,95.20729166666668,2099321,2099320.78125,secondary
9140,95.21770833333333,2099550,2099550.46875,secondary
9141,95.228125,2099780,2099780.15625,secondary
9142,95.23854166666668,2100010,2100009.84375,secondary
9143,95.24895833333333,2100240,2100239.53125,secondary
9144,95.25,2100262,2100262.5,primary
9145,95.26041666666667,2100492,2100492.1875,secondary
9146,95.27083333333333,2100721,2100721.875,secondary
9147,95.28125,2100951,2100951.5625,secondary
9148,95.29166666666667,2101181,2101181.25,secondary
9149,95.30208333333333,2101410,2101410.9375,secondary
9150,95.321875,2101847,2101847.34375,secondary
9151,95.33229166666668,2102077,2102077.03125,secondary
9152,95.34270833333333,2102307,2102306.71875,secondary
9153,95.353125,2102536,2102536.40625,secondary
9154,95.36354166666668,2102766,2102766.09375,secondary
9155,95.37395833333333,2102996,2102995.78125,secondary
9156,95.375,2103019,2103018.75,primary
9157,95.38541666666667,2103249,2103248.4375,secondary
9158,95.39583333333333,2103478,2103478.125,secondary
9159,95.40625,2103708,2103707.8125,secondary
9160,95.41666666666667,2103938,2103937.5,secondary
9161,95.42708333333333,2104167,2104167.1875,secondary
9162,95.446875,2104604,2104603.59375,secondary
9163,95.45729166666668,2104833,2104833.28125,secondary
9164,95.46770833333333,2105063,2105062.96875,secondary
9165,95.478125,2105293,2105292.65625,secondary
9166,95.48854166666668,2105522,2105522.34375,secondary
9167,95.49895833333333,2105752,2105752.03125,secondary
9168,95.5,2105775,2105775.0,primary
9169,95.51041666666667,2106005,2106004.6875,secondary
9170,95.52083333333333,2106234,2106234.375,secondary
9171,95.53125,2106464,2106464.0625,secondary
9172,95.54166666666667,2106694,2106693.75,secondary
9173,95.55208333333333,2106923,2106923.4375,secondary
9174,95.571875,2107360,2107359.84375,secondary
9175,95.58229166666668,2107590,2107589.53125,secondary
9176,95.59270833333333,2107819,2107819.21875,secondary
9177,95.603125,2108049,2108048.90625,secondary
9178,95.61354166666668,2108279,2108278.59375,secondary
9179,95.62395833333333,2108508,2108508.28125,secondary
9180,95.625,2108531,2108531.25,primary
9181,95.63541666666667,2108761,2108760.9375,secondary
9182,95.64583333333333,2108990,2108990.625,secondary
9183,95.65625,2109220,2109220.3125,secondary
9184,95.66666666666667,2109450,2109450.0,secondary
9185,95.67708333333333,2109679,2109679.6875,secondary
9186,95.696875,2110116,2110116.09375,secondary
9187,95.70729166666668,2110346,2110345.78125,secondary
9188,95.71770833333333,2110575,2110575.46875,secondary
9189,95.728125,2110805,2110805.15625,secondary
9190,95.73854166666668,2111035,2111034.84375,secondary
9191,95.74895833333333,2111265,2111264.53125,secondary
9192,95.75,2111288,2111287.5,primary
9193,95.76041666666667,2111518,2111517.1875,secondary
9194,95.77083333333333,2111747,2111746.875,secondary
9195,95.78125,2111977,2111976.5625,secondary
9196,95.79166666666667,2112207,2112206.25,secondary
9197,95.80208333333333,2112436,2112435.9375,secondary
9198,95.821875,2112872,2112872.34375,secondary
9199,95.83229166666668,2113102,2113102.03125,secondary
9200,95.84270833333333,2113332,2113331.71875,secondary
9201,95.853125,2113561,2113561.40625,secondary
9202,95.86354166666668,2113791,2113791.09375,secondary
9203,95.87395833333333,2114021,2114020.78125,secondary
9204,95.875,2114044,2114043.75,primary
9205,95.88541666666667,2114274,2114273.4375,secondary
9206,95.89583333333333,2114503,2114503.125,secondary
9207,95.90625,2114733,2114732.8125,secondary
9208,95.91666666666667,2114963,2114962.5,secondary
9209,95.92708333333333,2115192,2115192.1875,secondary
9210,95.946875,2115629,2115628.59375,secondary
9211,95.95729166666668,2115858,2115858.28125,secondary
9212,95.96770833333333,2116088,2116087.96875,secondary
9213,95.978125,2116318,2116317.65625,secondary
9214,95.98854166666668,2116547,2116547.34375,secondary
9215,95.99895833333333,2116777,2116777.03125,secondary
9216,96.0,2116800,2116800.0,primary
9217,96.01041666666667,2117030,2117029.6875,secondary
9218,96.02083333333333,2117259,2117259.375,secondary
9219,96.03125,2117489,2117489.0625,secondary
9220,96.04166666666667,2117719,2117718.75,secondary
9221,96.05208333333333,2117948,2117948.4375,secondary
9222,96.071875,2118385,2118384.84375,secondary
9223,96.08229166666668,2118615,2118614.53125,secondary
9224,96.09270833333333,2118844,2118844.21875,secondary
9225,96.103125,2119074,2119073.90625,secondary
9226,96.11354166666668,2119304,2119303.59375,secondary
9227,96.12395833333333,2119533,2119533.28125,secondary
9228,96.125,2119556,2119556.25,primary
9229,96.13541666666667,2119786,2119785.9375,secondary
9230,96.14583333333333,2120015,2120015.625,secondary
9231,96.15625,2120245,2120245.3125,secondary
9232,96.16666666666667,2120475,2120475.0,secondary
9233,96.17708333333333,2120704,2120704.6875,secondary
9234,96.196875,2121141,2121141.09375,secondary
9235,96.20729166666668,2121371,2121370.78125,secondary
9236,96.21770833333333,2121600,2121600.46875,secondary
9237,96.228125,2121830,2121830.15625,secondary
9238,96.23854166666668,2122060,2122059.84375,secondary
9239,96.24895833333333,2122290,2122289.53125,secondary
9240,96.25,2122312,2122312.5,primary
9241,96.26041666666667,2122542,2122542.1875,secondary
9242,96.27083333333333,2122771,2122771.875,secondary
9243,96.28125,2123001,2123001.5625,secondary
9244,96.29166666666667,2123231,2123231.25,secondary
9245,96.30208333333333,2123460,2123460.9375,secondary
9246,96.321875,2123897,2123897.34375,secondary
9247,96.33229166666668,2124127,2124127.03125,secondary
9248,96.34270833333333,2124357,2124356.71875,secondary
9249,96.353125,2124586,2124586.40625,secondary
9250,96.36354166666668,2124816,2124816.09375,secondary
9251,96.37395833333333,2125046,2125045.78125,secondary
9252,96.375,2125069,2125068.75,primary
9253,96.38541666666667,2125299,2125298.4375,secondary
9254,96.39583333333333,2125528,2125528.125,secondary
9255,96.40625,2125758,2125757.8125,secondary
9256,96.41666666666667,2125988,2125987.5,secondary
9257,96.42708333333333,2126217,2126217.1875,secondary
9258,96.446875,2126654,2126653.59375,secondary
9259,96.45729166666668,2126883,2126883.28125,secondary
9260,96.46770833333333,2127113,2127112.96875,secondary
9261,96.478125,2127343,2127342.65625,secondary
9262,96.48854166666668,2127572,2127572.34375,secondary
9263,96.49895833333333,2127802,2127802.03125,secondary
9264,96.5,2127825,2127825.0,primary
9265,96.51041666666667,2128055,2128054.6875,secondary
9266,96.52083333333333,2128284,2128284.375,secondary
9267,96.53125,2128514,2128514.0625,secondary
9268,96.54166666666667,2128744,2128743.75,secondary
9269,96.55208333333333,2128973,2128973.4375,secondary
9270,96.571875,2129410,2129409.84375,secondary
9271,96.58229166666668,2129640,2129639.53125,secondary
9272,96.59270833333333,2129869,2129869.21875,secondary
9273,96.603125,2130099,2130098.90625,secondary
9274,96.61354166666668,2130329,2130328.59375,secondary
9275,96.62395833333333,2130558,2130558.28125,secondary
9276,96.625,2130581,2130581.25,primary
9277,96.63541666666667,2130811,2130810.9375,secondary
9278,96.64583333333333,2131040,2131040.625,secondary
9279,96.65625,2131270,2131270.3125,secondary
9280,96.66666666666667,2131500,2131500.0,secondary
9281,96.67708333333333,2131729,2131729.6875,secondary
9282,96.696875,2132166,2132166.09375,secondary
9283,96.70729166666668,2132396,2132395.78125,secondary
9284,96.71770833333333,2132625,2132625.46875,secondary
9285,96.728125,2132855,2132855.15625,secondary
9286,96.73854166666668,2133085,2133084.84375,secondary
9287,96.74895833333333,2133315,2133314.53125,secondary
9288,96.75,2133338,2133337.5,primary
9289,96.76041666666667,2133568,2133567.1875,secondary
9290,96.77083333333333,2133797,2133796.875,secondary
9291,96.78125,2134027,2134026.5625,secondary
9292,96.79166666666667,2134257,2134256.25,secondary
9293,96.80208333333333,2134486,2134485.9375,secondary
9294,96.821875,2134922,2134922.34375,secondary
9295,96.83229166666668,2135152,2135152.03125,secondary
9296,96.84270833333333,2135382,2135381.71875,secondary
9297,96.853125,2135611,2135611.40625,secondary
9298,96.86354166666668,2135841,2135841.09375,secondary
9299,96.87395833333333,2136071,2136070.78125,secondary
9300,96.875,2136094,2136093.75,primary
9301,96.88541666666667,2136324,2136323.4375,secondary
9302,96.89583333333333,2136553,2136553.125,secondary
9303,96.90625,2136783,2136782.8125,secondary
9304,96.91666666666667,2137013,2137012.5,secondary
9305,96.92708333333333,2137242,2137242.1875,secondary
9306,96.946875,2137679,2137678.59375,secondary
9307,96.95729166666668,2137908,2137908.28125,secondary
9308,96.96770833333333,2138138,2138137.96875,secondary
9309,96.978125,2138368,2138367.65625,secondary
9310,96.98854166666668,2138597,2138597.34375,secondary
9311,96.99895833333333,2138827,2138827.03125,secondary
9312,97.0,2138850,2138850.0,primary
9313,97.01041666666667,2139080,2139079.6875,secondary
9314,97.02083333333333,2139309,2139309.375,secondary
9315,97.03125,2139539,2139539.0625,secondary
9316,97.04166666666667,2139769,2139768.75,secondary
9317,97.05208333333333,2139998,2139998.4375,secondary
9318,97.071875,2140435,2140434.84375,secondary
9319,97.08229166666668,2140665,2140664.53125,secondary
9320,97.09270833333333,2140894,2140894.21875,secondary
9321,97.103125,2141124,2141123.90625,secondary
9322,97.11354166666668,2141354,2141353.59375,secondary
9323,97.12395833333333,2141583,2141583.28125,secondary
9324,97.125,2141606,2141606.25,primary
9325,97.13541666666667,2141836,2141835.9375,secondary
9326,97.14583333333333,2142065,2142065.625,secondary
9327,97.15625,2142295,2142295.3125,secondary
9328,97.16666666666667,2142525,2142525.0,secondary
9329,97.17708333333333,2142754,2142754.6875,secondary
9330,97.196875,2143191,2143191.09375,secondary
9331,97.20729166666668,2143421,2143420.78125,secondary
9332,97.21770833333333,2143650,2143650.46875,secondary
9333,97.228125,2143880,2143880.15625,secondary
9334,97.23854166666668,2144110,2144109.84375,secondary
9335,97.24895833333333,2144340,2144339.53125,secondary
9336,97.25,2144362,2144362.5,primary
9337,97.26041666666667,2144592,2144592.1875,secondary
9338,97.27083333333333,2144821,2144821.875,secondary
9339,97.28125,2145051,2145051.5625,secondary
9340,97.29166666666667,2145281,2145281.25,secondary
9341,97.30208333333333,2145510,2145510.9375,secondary
9342,97.321875,2145947,2145947.34375,secondary
9343,97.33229166666668,2146177,2146177.03125,secondary
9344,97.34270833333333,2146407,2146406.71875,secondary
9345,97.353125,2146636,2146636.40625,secondary
9346,97.36354166666668,2146866,2146866.09375,secondary
9347,97.37395833333333,2147096,2147095.78125,secondary
9348,97.375,2147119,2147118.75,primary
9349,97.38541666666667,2147349,2147348.4375,secondary
9350,97.39583333333333,2147578,2147578.125,secondary
9351,97.40625,2147808,2147807.8125,secondary
9352,97.41666666666667,2148038,2148037.5,secondary
9353,97.42708333333333,2148267,2148267.1875,secondary
9354,97.446875,2148704,2148703.59375,secondary
9355,97.45729166666668,2148933,2148933.28125,secondary
9356,97.46770833333333,2149163,2149162.96875,secondary
9357,97.478125,2149393,2149392.65625,secondary
9358,97.48854166666668,2149622,2149622.34375,secondary
9359,97.49895833333333,2149852,2149852.03125,secondary
9360,97.5,2149875,2149875.0,primary
9361,97.51041666666667,2150105,2150104.6875,secondary
9362,97.52083333333333,2150334,2150334.375,secondary
9363,97.53125,2150564,2150564.0625,secondary
9364,97.54166666666667,2150794,2150793.75,secondary
9365,97.55208333333333,2151023,2151023.4375,secondary
9366,97.571875,2151460,2151459.84375,secondary
9367,97.58229166666668,2151690,2151689.53125,secondary
9368,97.59270833333333,2151919,2151919.21875,secondary
9369,97.603125,2152149,2152148.90625,secondary
9370,97.61354166666668,2152379,2152378.59375,secondary
9371,97.62395833333333,2152608,2152608.28125,secondary
9372,97.625,2152631,2152631.25,primary
9373,97.63541666666667,2152861,2152860.9375,secondary
9374,97.64583333333333,2153090,2153090.625,secondary
9375,97.65625,2153320,2153320.3125,secondary
9376,97.66666666666667,2153550,2153550.0,secondary
9377,97.67708333333333,2153779,2153779.6875,secondary
9378,97.696875,2154216,2154216.09375,secondary
9379,97.70729166666668,2154446,2154445.78125,secondary
9380,97.71770833333333,2154675,2154675.46875,secondary
9381,97.728125,2154905,2154905.15625,secondary
9382,97.73854166666668,2155135,2155134.84375,secondary
9383,97.74895833333333,2155365,2155364.53125,secondary
9384,97.75,2155388,2155387.5,primary
9385,97.76041666666667,2155618,2155617.1875,secondary
9386,97.77083333333333,2155847,2155846.875,secondary
9387,97.78125,2156077,2156076.5625,secondary
9388,97.79166666666667,2156307,2156306.25,secondary
9389,97.80208333333333,2156536,2156535.9375,secondary
9390,97.821875,2156972,2156972.34375,secondary
9391,97.83229166666668,2157202,2157202.03125,secondary
9392,97.84270833333333,2157432,2157431.71875,secondary
9393,97.853125,2157661,2157661.40625,secondary
9394,97.86354166666668,2157891,2157891.09375,secondary
9395,97.87395833333333,2158121,2158120.78125,secondary
9396,97.875,2158144,2158143.75,primary
9397,97.88541666666667,2158374,2158373.4375,secondary
9398,97.89583333333333,2158603,2158603.125,secondary
9399,97.90625,2158833,2158832.8125,secondary
9400,97.91666666666667,2159063,2159062.5,secondary
9401,97.92708333333333,2159292,2159292.1875,secondary
9402,97.946875,2159729,2159728.59375,secondary
9403,97.95729166666668,2159958,2159958.28125,secondary
9404,97.96770833333333,2160188,2160187.96875,secondary
9405,97.978125,2160418,2160417.65625,secondary
9406,97.98854166666668,2160647,2160647.34375,secondary
9407,97.99895833333333,2160877,2160877.03125,secondary
9408,98.0,2160900,2160900.0,primary
9409,98.01041666666667,2161130,2161129.6875,secondary
9410,98.02083333333333,2161359,2161359.375,secondary
9411,98.03125,2161589,2161589.0625,secondary
9412,98.04166666666667,2161819,2161818.75,secondary
9413,98.05208333333333,2162048,2162048.4375,secondary
9414,98.071875,2162485,2162484.84375,secondary
9415,98.08229166666668,2162715,2162714.53125,secondary
9416,98.09270833333333,2162944,2162944.21875,secondary
9417,98.103125,2163174,2163173.90625,secondary
9418,98.11354166666668,2163404,2163403.59375,secondary
9419,98.12395833333333,2163633,2163633.28125,secondary
9420,98.125,2163656,2163656.25,primary
9421,98.13541666666667,2163886,2163885.9375,secondary
9422,98.14583333333333,2164115,2164115.625,secondary
9423,98.15625,2164345,2164345.3125,secondary
9424,98.16666666666667,2164575,2164575.0,secondary
9425,98.17708333333333,2164804,2164804.6875,secondary
9426,98.196875,2165241,2165241.09375,secondary
9427,98.20729166666668,2165471,2165470.78125,secondary
9428,98.21770833333333,2165700,2165700.46875,secondary
9429,98.228125,2165930,2165930.15625,secondary
9430,98.23854166666668,2166160,2166159.84375,secondary
9431,98.24895833333333,2166390,2166389.53125,secondary
9432,98.25,2166412,2166412.5,primary
9433,98.26041666666667,2166642,2166642.1875,secondary
9434,98.27083333333333,2166871,2166871.875,secondary
9435,98.28125,2167101,2167101.5625,secondary
9436,98.29166666666667,2167331,2167331.25,secondary
9437,98.30208333333333,2167560,2167560.9375,secondary
9438,98.321875,2167997,2167997.34375,secondary
9439,98.33229166666668,2168227,2168227.03125,secondary
9440,98.34270833333333,2168457,2168456.71875,secondary
9441,98.353125,2168686,2168686.40625,secondary
9442,98.36354166666668,2168916,2168916.09375,secondary
9443,98.37395833333333,2169146,2169145.78125,secondary
9444,98.375,2169169,2169168.75,primary
9445,98.38541666666667,2169399,2169398.4375,secondary
9446,98.39583333333333,2169628,2169628.125,secondary
9447,98.40625,2169858,2169857.8125,secondary
9448,98.41666666666667,2170088,2170087.5,secondary
9449,98.42708333333333,2170317,2170317.1875,secondary
9450,98.446875,2170754,2170753.59375,secondary
9451,98.45729166666668,2170983,2170983.28125,secondary
9452,98.46770833333333,2171213,2171212.96875,secondary
9453,98.478125,2171443,2171442.65625,secondary
9454,98.48854166666668,2171672,2171672.34375,secondary
9455,98.49895833333333,2171902,2171902.03125,secondary
9456,98.5,2171925,2171925.0,primary
9457,98.51041666666667,2172155,2172154.6875,secondary
9458,98.52083333333333,2172384,2172384.375,secondary
9459,98.53125,2172614,2172614.0625,secondary
9460,98.54166666666667,2172844,2172843.75,secondary
9461,98.55208333333333,2173073,2173073.4375,secondary
9462,98.571875,2173510,2173509.84375,secondary
9463,98.58229166666668,2173740,2173739.53125,secondary
9464,98.59270833333333,2173969,2173969.21875,secondary
9465,98.603125,2174199,2174198.90625,secondary
9466,98.61354166666668,2174429,2174428.59375,secondary
9467,98.62395833333333,2174658,2174658.28125,secondary
9468,98.625,2174681,2174681.25,primary
9469,98.63541666666667,2174911,2174910.9375,secondary
9470,98.64583333333333,2175140,2175140.625,secondary
9471,98.65625,2175370,2175370.3125,secondary
9472,98.66666666666667,2175600,2175600.0,secondary
9473,98.67708333333333,2175829,2175829.6875,secondary
9474,98.696875,2176266,2176266.09375,secondary
9475,98.70729166666668,2176496,2176495.78125,secondary
9476,98.71770833333333,2176725,2176725.46875,secondary
9477,98.728125,2176955,2176955.15625,secondary
9478,98.73854166666668,2177185,2177184.84375,secondary
9479,98.74895833333333,2177415,2177414.53125,secondary
9480,98.75,2177438,2177437.5,primary
9481,98.76041666666667,2177668,2177667.1875,secondary
9482,98.77083333333333,2177897,2177896.875,secondary
9483,98.78125,2178127,2178126.5625,secondary
9484,98.79166666666667,2178357,2178356.25,secondary
9485,98.80208333333333,2178586,2178585.9375,secondary
9486,98.821875,2179022,2179022.34375,secondary
9487,98.83229166666668,2179252,2179252.03125,secondary
9488,98.84270833333333,2179482,2179481.71875,secondary
9489,98.853125,2179711,2179711.40625,secondary
9490,98.86354166666668,2179941,2179941.09375,secondary
9491,98.87395833333333,2180171,2180170.78125,secondary
9492,98.875,2180194,2180193.75,primary
9493,98.88541666666667,2180424,2180423.4375,secondary
9494,98.89583333333333,2180653,2180653.125,secondary
9495,98.90625,2180883,2180882.8125,secondary
9496,98.91666666666667,2181113,2181112.5,secondary
9497,98.92708333333333,2181342,2181342.1875,secondary
9498,98.946875,2181779,2181778.59375,secondary
9499,98.95729166666668,2182008,2182008.28125,secondary
9500,98.96770833333333,2182238,2182237.96875,secondary
9501,98.978125,2182468,2182467.65625,secondary
9502,98.98854166666668,2182697,2182697.34375,secondary
9503,98.99895833333333,2182927,2182927.03125,secondary
9504,99.0,2182950,2182950.0,primary
9505,99.01041666666667,2183180,2183179.6875,secondary
9506,99.02083333333333,2183409,2183409.375,secondary
9507,99.03125,2183639,2183639.0625,secondary
9508,99.04166666666667,2183869,2183868.75,secondary
9509,99.05208333333333,2184098,2184098.4375,secondary
9510,99.071875,2184535,2184534.84375,secondary
9511,99.08229166666668,2184765,2184764.53125,secondary
9512,99.09270833333333,2184994,2184994.21875,secondary
9513,99.103125,2185224,2185223.90625,secondary
9514,99.11354166666668,2185454,2185453.59375,secondary
9515,99.12395833333333,2185683,2185683.28125,secondary
9516,99.125,2185706,2185706.25,primary
9517,99.13541666666667,2185936,2185935.9375,secondary
9518,99.14583333333333,2186165,2186165.625,secondary
9519,99.15625,2186395,2186395.3125,secondary
9520,99.16666666666667,2186625,2186625.0,secondary
9521,99.17708333333333,2186854,2186854.6875,secondary
9522,99.196875,2187291,2187291.09375,secondary
9523,99.20729166666668,2187521,2187520.78125,secondary
9524,99.21770833333333,2187750,2187750.46875,secondary
9525,99.228125,2187980,2187980.15625,secondary
9526,99.23854166666668,2188210,2188209.84375,secondary
9527,99.24895833333333,2188440,2188439.53125,secondary
9528,99.25,2188462,2188462.5,primary
9529,99.26041666666667,2188692,2188692.1875,secondary
9530,99.27083333333333,2188921,2188921.875,secondary
9531,99.28125,2189151,2189151.5625,secondary
9532,99.29166666666667,2189381,2189381.25,secondary
9533,99.30208333333333,2189610,2189610.9375,secondary
9534,99.321875,2190047,2190047.34375,secondary
9535,99.33229166666668,2190277,2190277.03125,secondary
9536,99.34270833333333,2190507,2190506.71875,secondary
9537,99.353125,2190736,2190736.40625,secondary
9538,99.36354166666668,2190966,2190966.09375,secondary
9539,99.37395833333333,2191196,2191195.78125,secondary
9540,99.375,2191219,2191218.75,primary
9541,99.38541666666667,2191449,2191448.4375,secondary
9542,99.39583333333333,2191678,2191678.125,secondary
9543,99.40625,2191908,2191907.8125,secondary
9544,99.41666666666667,2192138,2192137.5,secondary
9545,99.42708333333333,2192367,2192367.1875,secondary
9546,99.446875,2192804,2192803.59375,secondary
9547,99.45729166666668,2193033,2193033.28125,secondary
9548,99.46770833333333,2193263,2193262.96875,secondary
9549,99.478125,2193493,2193492.65625,secondary
9550,99.48854166666668,2193722,2193722.34375,secondary
9551,99.49895833333333,2193952,2193952.03125,secondary
9552,99.5,2193975,2193975.0,primary
9553,99.51041666666667,2194205,2194204.6875,secondary
9554,99.52083333333333,2194434,2194434.375,secondary
9555,99.53125,2194664,2194664.0625,secondary
9556,99.54166666666667,2194894,2194893.75,secondary
9557,99.55208333333333,2195123,2195123.4375,secondary
9558,99.571875,2195560,2195559.84375,secondary
9559,99.58229166666668,2195790,2195789.53125,secondary
9560,99.59270833333333,2196019,2196019.21875,secondary
9561,99.603125,2196249,2196248.90625,secondary
9562,99.61354166666668,2196479,2196478.59375,secondary
9563,99.62395833333333,2196708,2196708.28125,secondary
9564,99.625,2196731,2196731.25,primary
9565,99.63541666666667,2196961,2196960.9375,secondary
9566,99.64583333333333,2197190,2197190.625,secondary
9567,99.65625,2197420,2197420.3125,secondary
9568,99.66666666666667,2197650,2197650.0,secondary
9569,99.67708333333333,2197879,2197879.6875,secondary
9570,99.696875,2198316,2198316.09375,secondary
9571,99.70729166666668,2198546,2198545.78125,secondary
9572,99.71770833333333,2198775,2198775.46875,secondary
9573,99.728125,2199005,2199005.15625,secondary
9574,99.73854166666668,2199235,2199234.84375,secondary
9575,99.74895833333333,2199465,2199464.53125,secondary
9576,99.75,2199488,2199487.5,primary
9577,99.76041666666667,2199718,2199717.1875,secondary
9578,99.77083333333333,2199947,2199946.875,secondary
9579,99.78125,2200177,2200176.5625,secondary
9580,99.79166666666667,2200407,2200406.25,secondary
9581,99.80208333333333,2200636,2200635.9375,secondary
9582,99.821875,2201072,2201072.34375,secondary
9583,99.83229166666668,2201302,2201302.03125,secondary
9584,99.84270833333333,2201532,2201531.71875,secondary
9585,99.853125,2201761,2201761.40625,secondary
9586,99.86354166666668,2201991,2201991.09375,secondary
9587,99.87395833333333,2202221,2202220.78125,secondary
9588,99.875,2202244,2202243.75,primary
9589,99.88541666666667,2202474,2202473.4375,secondary
9590,99.89583333333333,2202703,2202703.125,secondary
9591,99.90625,2202933,2202932.8125,secondary
9592,99.91666666666667,2203163,2203162.5,secondary
9593,99.92708333333333,2203392,2203392.1875,secondary
9594,99.946875,2203829,2203828.59375,secondary
9595,99.95729166666668,2204058,2204058.28125,secondary
9596,99.96770833333333,2204288,2204287.96875,secondary
9597,99.978125,2204518,2204517.65625,secondary
9598,99.98854166666668,2204747,2204747.34375,secondary
9599,99.99895833333333,2204977,2204977.03125,secondary
9600,100.0,2205000,2205000.0,primary
9601,100.01041666666667,2205230,2205229.6875,secondary
9602,100.02083333333333,2205459,2205459.375,secondary
9603,100.03125,2205689,2205689.0625,secondary
9604,100.04166666666667,2205919,2205918.75,secondary
9605,100.05208333333333,2206148,2206148.4375,secondary
9606,100.071875,2206585,2206584.84375,secondary
9607,100.08229166666668,2206815,2206814.53125,secondary
9608,100.09270833333333,2207044,2207044.21875,secondary
9609,100.103125,2207274,2207273.90625,secondary
9610,100.11354166666668,2207504,2207503.59375,secondary
9611,100.12395833333333,2207733,2207733.28125,secondary
9612,100.125,2207756,2207756.25,primary
9613,100.13541666666667,2207986,2207985.9375,secondary
9614,100.14583333333333,2208215,2208215.625,secondary
9615,100.15625,2208445,2208445.3125,secondary
9616,100.16666666666667,2208675,2208675.0,secondary
9617,100.17708333333333,2208904,2208904.6875,secondary
9618,100.196875,2209341,2209341.09375,secondary
9619,100.20729166666668,2209571,2209570.78125,secondary
9620,100.21770833333333,2209800,2209800.46875,secondary
9621,100.228125,2210030,2210030.15625,secondary
9622,100.23854166666668,2210260,2210259.84375,secondary
9623,100.24895833333333,2210490,2210489.53125,secondary
9624,100.25,2210512,2210512.5,primary
9625,100.26041666666667,2210742,2210742.1875,secondary
9626,100.27083333333333,2210971,2210971.875,secondary
9627,100.28125,2211201,2211201.5625,secondary
9628,100.29166666666667,2211431,2211431.25,secondary
9629,100.30208333333333,2211660,2211660.9375,secondary
9630,100.321875,2212097,2212097.34375,secondary
9631,100.33229166666668,2212327,2212327.03125,secondary
9632,100.34270833333333,2212557,2212556.71875,secondary
9633,100.353125,2212786,2212786.40625,secondary
9634,100.36354166666668,2213016,2213016.09375,secondary
9635,100.37395833333333,2213246,2213245.78125,secondary
9636,100.375,2213269,2213268.75,primary
9637,100.38541666666667,2213499,2213498.4375,secondary
9638,100.39583333333333,2213728,2213728.125,secondary
9639,100.40625,2213958,2213957.8125,secondary
9640,100.41666666666667,2214188,2214187.5,secondary
9641,100.42708333333333,2214417,2214417.1875,secondary
9642,100.446875,2214854,2214853.59375,secondary
9643,100.45729166666668,2215083,2215083.28125,secondary
9644,100.46770833333333,2215313,2215312.96875,secondary
9645,100.478125,2215543,2215542.65625,secondary
9646,100.48854166666668,2215772,2215772.34375,secondary
9647,100.49895833333333,2216002,2216002.03125,secondary
9648,100.5,2216025,2216025.0,primary
9649,100.51041666666667,2216255,2216254.6875,secondary
9650,100.52083333333333,2216484,2216484.375,secondary
9651,100.53125,2216714,2216714.0625,secondary
9652,100.54166666666667,2216944,2216943.75,secondary
9653,100.55208333333333,2217173,2217173.4375,secondary
9654,100.571875,2217610,2217609.84375,secondary
9655,100.58229166666668,2217840,2217839.53125,secondary
9656,100.59270833333333,2218069,2218069.21875,secondary
9657,100.603125,2218299,2218298.90625,secondary
9658,100.61354166666668,2218529,2218528.59375,secondary
9659,100.62395833333333,2218758,2218758.28125,secondary
9660,100.625,2218781,2218781.25,primary
9661,100.63541666666667,2219011,2219010.9375,secondary
9662,100.64583333333333,2219240,2219240.625,secondary
9663,100.65625,2219470,2219470.3125,secondary
9664,100.66666666666667,2219700,2219700.0,secondary
9665,100.67708333333333,2219929,2219929.6875,secondary
9666,100.696875,2220366,2220366.09375,secondary
9667,100.70729166666668,2220596,2220595.78125,secondary
9668,100.71770833333333,2220825,2220825.46875,secondary
9669,100.728125,2221055,2221055.15625,secondary
9670,100.73854166666668,2221285,2221284.84375,secondary
9671,100.74895833333333,2221515,2221514.53125,secondary
9672,100.75,2221538,2221537.5,primary
9673,100.76041666666667,2221768,2221767.1875,secondary
9674,100.77083333333333,2221997,2221996.875,secondary
9675,100.78125,2222227,2222226.5625,secondary
9676,100.79166666666667,2222457,2222456.25,secondary
9677,100.80208333333333,2222686,2222685.9375,secondary
9678,100.821875,2223122,2223122.34375,secondary
9679,100.83229166666668,2223352,2223352.03125,secondary
9680,100.84270833333333,2223582,2223581.71875,secondary
9681,100.853125,2223811,2223811.40625,secondary
9682,100.86354166666668,2224041,2224041.09375,secondary
9683,100.87395833333333,2224271,2224270.78125,secondary
9684,100.875,2224294,2224293.75,primary
9685,100.88541666666667,2224524,2224523.4375,secondary
9686,100.89583333333333,2224753,2224753.125,secondary
9687,100.90625,2224983,2224982.8125,secondary
9688,100.91666666666667,2225213,2225212.5,secondary
9689,100.92708333333333,2225442,2225442.1875,secondary
9690,100.946875,2225879,2225878.59375,secondary
9691,100.95729166666668,2226108,2226108.28125,secondary
9692,100.96770833333333,2226338,2226337.96875,secondary
9693,100.978125,2226568,2226567.65625,secondary
9694,100.98854166666668,2226797,2226797.34375,secondary
9695,100.99895833333333,2227027,2227027.03125,secondary
9696,101.0,2227050,2227050.0,primary
9697,101.01041666666667,2227280,2227279.6875,secondary
9698,101.02083333333333,2227509,2227509.375,secondary
9699,101.03125,2227739,2227739.0625,secondary
9700,101.04166666666667,2227969,2227968.75,secondary
9701,101.05208333333333,2228198,2228198.4375,secondary
9702,101.071875,2228635,2228634.84375,secondary
9703,101.08229166666668,2228865,2228864.53125,secondary
9704,101.09270833333333,2229094,2229094.21875,secondary
9705,101.103125,2229324,2229323.90625,secondary
9706,101.11354166666668,2229554,2229553.59375,secondary
9707,101.12395833333333,2229783,2229783.28125,secondary
9708,101.125,2229806,2229806.25,primary
9709,101.13541666666667,2230036,2230035.9375,secondary
9710,101.14583333333333,2230265,2230265.625,secondary
9711,101.15625,2230495,2230495.3125,secondary
9712,101.16666666666667,2230725,2230725.0,secondary
9713,101.17708333333333,2230954,2230954.6875,secondary
9714,101.196875,2231391,2231391.09375,secondary
9715,101.20729166666668,2231621,2231620.78125,secondary
9716,101.21770833333333,2231850,2231850.46875,secondary
9717,101.228125,2232080,2232080.15625,secondary
9718,101.23854166666668,2232310,2232309.84375,secondary
9719,101.24895833333333,2232540,2232539.53125,secondary
9720,101.25,2232562,2232562.5,primary
9721,101.26041666666667,2232792,2232792.1875,secondary
9722,101.27083333333333,2233021,2233021.875,secondary
9723,101.28125,2233251,2233251.5625,secondary
9724,101.29166666666667,2233481,2233481.25,secondary
9725,101.30208333333333,2233710,2233710.9375,secondary
9726,101.321875,2234147,2234147.34375,secondary
9727,101.33229166666668,2234377,2234377.03125,secondary
9728,101.34270833333333,2234607,2234606.71875,secondary
9729,101.353125,2234836,2234836.40625,secondary
9730,101.36354166666668,2235066,2235066.09375,secondary
9731,101.37395833333333,2235296,2235295.78125,secondary
9732,101.375,2235319,2235318.75,primary
9733,101.38541666666667,2235549,2235548.4375,secondary
9734,101.39583333333333,2235778,2235778.125,secondary
9735,101.40625,2236008,2236007.8125,secondary
9736,101.41666666666667,2236238,2236237.5,secondary
9737,101.42708333333333,2236467,2236467.1875,secondary
9738,101.446875,2236904,2236903.59375,secondary
9739,101.45729166666668,2237133,2237133.28125,secondary
9740,101.46770833333333,2237363,2237362.96875,secondary
9741,101.478125,2237593,2237592.65625,secondary
9742,101.48854166666668,2237822,2237822.34375,secondary
9743,101.49895833333333,2238052,2238052.03125,secondary
9744,101.5,2238075,2238075.0,primary
9745,101.51041666666667,2238305,2238304.6875,secondary
9746,101.52083333333333,2238534,2238534.375,secondary
9747,101.53125,2238764,2238764.0625,secondary
9748,101.54166666666667,2238994,2238993.75,secondary
9749,101.55208333333333,2239223,2239223.4375,secondary
9750,101.571875,2239660,2239659.84375,secondary
9751,101.58229166666668,2239890,2239889.53125,secondary
9752,101.59270833333333,2240119,2240119.21875,secondary
9753,101.603125,2240349,2240348.90625,secondary
9754,101.61354166666668,2240579,2240578.59375,secondary
9755,101.62395833333333,2240808,2240808.28125,secondary
9756,101.625,2240831,2240831.25,primary
9757,101.63541666666667,2241061,2241060.9375,secondary
9758,101.64583333333333,2241290,2241290.625,secondary
9759,101.65625,2241520,2241520.3125,secondary
9760,101.66666666666667,2241750,2241750.0,secondary
9761,101.67708333333333,2241979,2241979.6875,secondary
9762,101.696875,2242416,2242416.09375,secondary
9763,101.70729166666668,2242646,2242645.78125,secondary
9764,101.71770833333333,2242875,2242875.46875,secondary
9765,101.728125,2243105,2243105.15625,secondary
9766,101.73854166666668,2243335,2243334.84375,secondary
9767,101.74895833333333,2243565,2243564.53125,secondary
9768,101.75,2243588,2243587.5,primary
9769,101.76041666666667,2243818,2243817.1875,secondary
9770,101.77083333333333,2244047,2244046.875,secondary
9771,101.78125,2244277,2244276.5625,secondary
9772,101.79166666666667,2244507,2244506.25,secondary
9773,101.80208333333333,2244736,2244735.9375,secondary
9774,101.821875,2245172,2245172.34375,secondary
9775,101.83229166666668,2245402,2245402.03125,secondary
9776,101.84270833333333,2245632,2245631.71875,secondary
9777,101.853125,2245861,2245861.40625,secondary
9778,101.86354166666668,2246091,2246091.09375,secondary
9779,101.87395833333333,2246321,2246320.78125,secondary
9780,101.875,2246344,2246343.75,primary
9781,101.88541666666667,2246574,2246573.4375,secondary
9782,101.89583333333333,2246803,2246803.125,secondary
9783,101.90625,2247033,2247032.8125,secondary
9784,101.91666666666667,2247263,2247262.5,secondary
9785,101.92708333333333,2247492,2247492.1875,secondary
9786,101.946875,2247929,2247928.59375,secondary
9787,101.95729166666668,2248158,2248158.28125,secondary
9788,101.96770833333333,2248388,2248387.96875,secondary
9789,101.978125,2248618,2248617.65625,secondary
9790,101.98854166666668,2248847,2248847.34375,secondary
9791,101.99895833333333,2249077,2249077.03125,secondary
9792,102.0,2249100,2249100.0,primary
9793,102.01041666666667,2249330,2249329.6875,secondary
9794,102.02083333333333,2249559,2249559.375,secondary
9795,102.03125,2249789,2249789.0625,secondary
9796,102.04166666666667,2250019,2250018.75,secondary
9797,102.05208333333333,2250248,2250248.4375,secondary
9798,102.071875,2250685,2250684.84375,secondary
9799,102.08229166666668,2250915,2250914.53125,secondary
9800,102.09270833333333,2251144,2251144.21875,secondary
9801,102.103125,2251374,2251373.90625,secondary
9802,102.11354166666668,2251604,2251603.59375,secondary
9803,102.12395833333333,2251833,2251833.28125,secondary
9804,102.125,2251856,2251856.25,primary
9805,102.13541666666667,2252086,2252085.9375,secondary
9806,102.14583333333333,2252315,2252315.625,secondary
9807,102.15625,2252545,2252545.3125,secondary
9808,102.16666666666667,2252775,2252775.0,secondary
9809,102.17708333333333,2253004,2253004.6875,secondary
9810,102.196875,2253441,2253441.09375,secondary
9811,102.20729166666668,2253671,2253670.78125,secondary
9812,102.21770833333333,2253900,2253900.46875,secondary
9813,102.228125,2254130,2254130.15625,secondary
9814,102.23854166666668,2254360,2254359.84375,secondary
9815,102.24895833333333,2254590,2254589.53125,secondary
9816,102.25,2254612,2254612.5,primary
9817,102.26041666666667,2254842,2254842.1875,secondary
9818,102.27083333333333,2255071,2255071.875,secondary
9819,102.28125,2255301,2255301.5625,secondary
9820,102.29166666666667,2255531,2255531.25,secondary
9821,102.30208333333333,2255760,2255760.9375,secondary
9822,102.321875,2256197,2256197.34375,secondary
9823,102.33229166666668,2256427,2256427.03125,secondary
9824,102.34270833333333,2256657,2256656.71875,secondary
9825,102.353125,2256886,2256886.40625,secondary
9826,102.36354166666668,2257116,2257116.09375,secondary
9827,102.37395833333333,2257346,2257345.78125,secondary
9828,102.375,2257369,2257368.75,primary
9829,102.38541666666667,2257599,2257598.4375,secondary
9830,102.39583333333333,2257828,2257828.125,secondary
9831,102.40625,2258058,2258057.8125,secondary
9832,102.41666666666667,2258288,2258287.5,secondary
9833,102.42708333333333,2258517,2258517.1875,secondary
9834,102.446875,2258954,2258953.59375,secondary
9835,102.45729166666668,2259183,2259183.28125,secondary
9836,102.46770833333333,2259413,2259412.96875,secondary
9837,102.478125,2259643,2259642.65625,secondary
9838,102.48854166666668,2259872,2259872.34375,secondary
9839,102.49895833333333,2260102,2260102.03125,secondary
9840,102.5,2260125,2260125.0,primary
9841,102.51041666666667,2260355,2260354.6875,secondary
9842,102.52083333333333,2260584,2260584.375,secondary
9843,102.53125,2260814,2260814.0625,secondary
9844,102.54166666666667,2261044,2261043.75,secondary
9845,102.55208333333333,2261273,2261273.4375,secondary
9846,102.571875,2261710,2261709.84375,secondary
9847,102.58229166666668,2261940,2261939.53125,secondary
9848,102.59270833333333,2262169,2262169.21875,secondary
9849,102.603125,2262399,2262398.90625,secondary
9850,102.61354166666668,2262629,2262628.59375,secondary
9851,102.62395833333333,2262858,2262858.28125,secondary
9852,102.625,2262881,2262881.25,primary
9853,102.63541666666667,2263111,2263110.9375,secondary
9854,102.64583333333333,2263340,2263340.625,secondary
9855,102.65625,2263570,2263570.3125,secondary
9856,102.66666666666667,2263800,2263800.0,secondary
9857,102.67708333333333,2264029,2264029.6875,secondary
9858,102.696875,2264466,2264466.09375,secondary
9859,102.70729166666668,2264696,2264695.78125,secondary
9860,102.71770833333333,2264925,2264925.46875,secondary
9861,102.728125,2265155,2265155.15625,secondary
9862,102.73854166666668,2265385,2265384.84375,secondary
9863,102.74895833333333,2265615,2265614.53125,secondary
9864,102.75,2265638,2265637.5,primary
9865,102.76041666666667,2265868,2265867.1875,secondary
9866,102.77083333333333,2266097,2266096.875,secondary
9867,102.78125,2266327,2266326.5625,secondary
9868,102.79166666666667,2266557,2266556.25,secondary
9869,102.80208333333333,2266786,2266785.9375,secondary
9870,102.821875,2267222,2267222.34375,secondary
9871,102.83229166666668,2267452,2267452.03125,secondary
9872,102.84270833333333,2267682,2267681.71875,secondary
9873,102.853125,2267911,2267911.40625,secondary
9874,102.86354166666668,2268141,2268141.09375,secondary
9875,102.87395833333333,2268371,2268370.78125,secondary
9876,102.875,2268394,2268393.75,primary
9877,102.88541666666667,2268624,2268623.4375,secondary
9878,102.89583333333333,2268853,2268853.125,secondary
9879,102.90625,2269083,2269082.8125,secondary
9880,102.91666666666667,2269313,2269312.5,secondary
9881,102.92708333333333,2269542,2269542.1875,secondary
9882,102.946875,2269979,2269978.59375,secondary
9883,102.95729166666668,2270208,2270208.28125,secondary
9884,102.96770833333333,2270438,2270437.96875,secondary
9885,102.978125,2270668,2270667.65625,secondary
9886,102.98854166666668,2270897,2270897.34375,secondary
9887,102.99895833333333,2271127,2271127.03125,secondary
9888,103.0,2271150,2271150.0,primary
9889,103.01041666666667,2271380,2271379.6875,secondary
9890,103.02083333333333,2271609,2271609.375,secondary
9891,103.03125,2271839,2271839.0625,secondary
9892,103.04166666666667,2272069,2272068.75,secondary
9893,103.05208333333333,2272298,2272298.4375,secondary
9894,103.071875,2272735,2272734.84375,secondary
9895,103.08229166666668,2272965,2272964.53125,secondary
9896,103.09270833333333,2273194,2273194.21875,secondary
9897,103.103125,2273424,2273423.90625,secondary
9898,103.11354166666668,2273654,2273653.59375,secondary
9899,103.12395833333333,2273883,2273883.28125,secondary
9900,103.125,2273906,2273906.25,primary
9901,103.13541666666667,2274136,2274135.9375,secondary
9902,103.14583333333333,2274365,2274365.625,secondary
9903,103.15625,2274595,2274595.3125,secondary
9904,103.16666666666667,2274825,2274825.0,secondary
9905,103.17708333333333,2275054,2275054.6875,secondary
9906,103.196875,2275491,2275491.09375,secondary
9907,103.20729166666668,2275721,2275720.78125,secondary
9908,103.21770833333333,2275950,2275950.46875,secondary
9909,103.228125,2276180,2276180.15625,secondary
9910,103.23854166666668,2276410,2276409.84375,secondary
9911,103.24895833333333,2276640,2276639.53125,secondary
9912,103.25,2276662,2276662.5,primary
9913,103.26041666666667,2276892,2276892.1875,secondary
9914,103.27083333333333,2277121,2277121.875,secondary
9915,103.28125,2277351,2277351.5625,secondary
9916,103.29166666666667,2277581,2277581.25,secondary
9917,103.30208333333333,2277810,2277810.9375,secondary
9918,103.321875,2278247,2278247.34375,secondary
9919,103.33229166666668,2278477,2278477.03125,secondary
9920,103.34270833333333,2278707,2278706.71875,secondary
9921,103.353125,2278936,2278936.40625,secondary
9922,103.36354166666668,2279166,2279166.09375,secondary
9923,103.37395833333333,2279396,2279395.78125,secondary
9924,103.375,2279419,2279418.75,primary
9925,103.38541666666667,2279649,2279648.4375,secondary
9926,103.39583333333333,2279878,2279878.125,secondary
9927,103.40625,2280108,2280107.8125,secondary
9928,103.41666666666667,2280338,2280337.5,secondary
9929,103.42708333333333,2280567,2280567.1875,secondary
9930,103.446875,2281004,2281003.59375,secondary
9931,103.45729166666668,2281233,2281233.28125,secondary
9932,103.46770833333333,2281463,2281462.96875,secondary
9933,103.478125,2281693,2281692.65625,secondary
9934,103.48854166666668,2281922,2281922.34375,secondary
9935,103.49895833333333,2282152,2282152.03125,secondary
9936,103.5,2282175,2282175.0,primary
9937,103.51041666666667,2282405,2282404.6875,secondary
9938,103.52083333333333,2282634,2282634.375,secondary
9939,103.53125,2282864,2282864.0625,secondary
9940,103.54166666666667,2283094,2283093.75,secondary
9941,103.55208333333333,2283323,2283323.4375,secondary
9942,103.571875,2283760,2283759.84375,secondary
9943,103.58229166666668,2283990,2283989.53125,secondary
9944,103.59270833333333,2284219,2284219.21875,secondary
9945,103.603125,2284449,2284448.90625,secondary
9946,103.61354166666668,2284679,2284678.59375,secondary
9947,103.62395833333333,2284908,2284908.28125,secondary
9948,103.625,2284931,2284931.25,primary
9949,103.63541666666667,2285161,2285160.9375,secondary
9950,103.64583333333333,2285390,2285390.625,secondary
9951,103.65625,2285620,2285620.3125,secondary
9952,103.66666666666667,2285850,2285850.0,secondary
9953,103.67708333333333,2286079,2286079.6875,secondary
9954,103.696875,2286516,2286516.09375,secondary
9955,103.70729166666668,2286746,2286745.78125,secondary
9956,103.71770833333333,2286975,2286975.46875,secondary
9957,103.728125,2287205,2287205.15625,secondary
9958,103.73854166666668,2287435,2287434.84375,secondary
9959,103.74895833333333,2287665,2287664.53125,secondary
9960,103.75,2287688,2287687.5,primary
9961,103.76041666666667,2287918,2287917.1875,secondary
9962,103.77083333333333,2288147,2288146.875,secondary
9963,103.78125,2288377,2288376.5625,secondary
9964,103.79166666666667,2288607,2288606.25,secondary
9965,103.80208333333333,2288836,2288835.9375,secondary
9966,103.821875,2289272,2289272.34375,secondary
9967,103.83229166666668,2289502,2289502.03125,secondary
9968,103.84270833333333,2289732,2289731.71875,secondary
9969,103.853125,2289961,2289961.40625,secondary
9970,103.86354166666668,2290191,2290191.09375,secondary
9971,103.87395833333333,2290421,2290420.78125,secondary
9972,103.875,2290444,2290443.75,primary
9973,103.88541666666667,2290674,2290673.4375,secondary
9974,103.89583333333333,2290903,2290903.125,secondary
9975,103.90625,2291133,2291132.8125,secondary
9976,103.91666666666667,2291363,2291362.5,secondary
9977,103.92708333333333,2291592,2291592.1875,secondary
9978,103.946875,2292029,2292028.59375,secondary
9979,103.95729166666668,2292258,2292258.28125,secondary
9980,103.96770833333333,2292488,2292487.96875,secondary
9981,103.978125,2292718,2292717.65625,secondary
9982,103.98854166666668,2292947,2292947.34375,secondary
9983,103.99895833333333,2293177,2293177.03125,secondary
9984,104.0,2293200,2293200.0,primary
9985,104.01041666666667,2293430,2293429.6875,secondary
9986,104.02083333333333,2293659,2293659.375,secondary
9987,104.03125,2293889,2293889.0625,secondary
9988,104.04166666666667,2294119,2294118.75,secondary
9989,104.05208333333333,2294348,2294348.4375,secondary
9990,104.071875,2294785,2294784.84375,secondary
9991,104.08229166666668,2295015,2295014.53125,secondary
9992,104.09270833333333,2295244,2295244.21875,secondary
9993,104.103125,2295474,2295473.90625,secondary
9994,104.11354166666668,2295704,2295703.59375,secondary
9995,104.12395833333333,2295933,2295933.28125,secondary
9996,104.125,2295956,2295956.25,primary
9997,104.13541666666667,2296186,2296185.9375,secondary
9998,104.14583333333333,2296415,2296415.625,secondary
9999,104.15625,2296645,2296645.3125,secondary
10000,104.16666666666667,2296875,2296875.0,secondary
10001,104.17708333333333,2297104,2297104.6875,secondary
10002,104.196875,2297541,2297541.09375,secondary
10003,104.20729166666668,2297771,2297770.78125,secondary
10004,104.21770833333333,2298000,2298000.46875,secondary
10005,104.228125,2298230,2298230.15625,secondary
10006,104.23854166666668,2298460,2298459.84375,secondary
10007,104.24895833333333,2298690,2298689.53125,secondary
10008,104.25,2298712,2298712.5,primary
10009,104.26041666666667,2298942,2298942.1875,secondary
10010,104.27083333333333,2299171,2299171.875,secondary
10011,104.28125,2299401,2299401.5625,secondary
10012,104.29166666666667,2299631,2299631.25,secondary
10013,104.30208333333333,2299860,2299860.9375,secondary
10014,104.321875,2300297,2300297.34375,secondary
10015,104.33229166666668,2300527,2300527.03125,secondary
10016,104.34270833333333,2300757,2300756.71875,secondary
10017,104.353125,2300986,2300986.40625,secondary
10018,104.36354166666668,2301216,2301216.09375,secondary
10019,104.37395833333333,2301446,2301445.78125,secondary
10020,104.375,2301469,2301468.75,primary
10021,104.38541666666667,2301699,2301698.4375,secondary
10022,104.39583333333333,2301928,2301928.125,secondary
10023,104.40625,2302158,2302157.8125,secondary
10024,104.41666666666667,2302388,2302387.5,secondary
10025,104.42708333333333,2302617,2302617.1875,secondary
10026,104.446875,2303054,2303053.59375,secondary
10027,104.45729166666668,2303283,2303283.28125,secondary
10028,104.46770833333333,2303513,2303512.96875,secondary
10029,104.478125,2303743,2303742.65625,secondary
10030,104.48854166666668,2303972,2303972.34375,secondary
10031,104.49895833333333,2304202,2304202.03125,secondary
10032,104.5,2304225,2304225.0,primary
10033,104.51041666666667,2304455,2304454.6875,secondary
10034,104.52083333333333,2304684,2304684.375,secondary
10035,104.53125,2304914,2304914.0625,secondary
10036,104.54166666666667,2305144,2305143.75,secondary
10037,104.55208333333333,2305373,2305373.4375,secondary
10038,104.571875,2305810,2305809.84375,secondary
10039,104.58229166666668,2306040,2306039.53125,secondary
10040,104.59270833333333,2306269,2306269.21875,secondary
10041,104.603125,2306499,2306498.90625,secondary
10042,104.61354166666668,2306729,2306728.59375,secondary
10043,104.62395833333333,2306958,2306958.28125,secondary
10044,104.625,2306981,2306981.25,primary
10045,104.63541666666667,2307211,2307210.9375,secondary
10046,104.64583333333333,2307440,2307440.625,secondary
10047,104.65625,2307670,2307670.3125,secondary
10048,104.66666666666667,2307900,2307900.0,secondary
10049,104.67708333333333,2308129,2308129.6875,secondary
10050,104.696875,2308566,2308566.09375,secondary
10051,104.70729166666668,2308796,2308795.78125,secondary
10052,104.71770833333333,2309025,2309025.46875,secondary
10053,104.728125,2309255,2309255.15625,secondary
10054,104.73854166666668,2309485,2309484.84375,secondary
10055,104.74895833333333,2309715,2309714.53125,secondary
10056,104.75,2309738,2309737.5,primary
10057,104.76041666666667,2309968,2309967.1875,secondary
10058,104.77083333333333,2310197,2310196.875,secondary
10059,104.78125,2310427,2310426.5625,secondary
10060,104.79166666666667,2310657,2310656.25,secondary
10061,104.80208333333333,2310886,2310885.9375,secondary
10062,104.821875,2311322,2311322.34375,secondary
10063,104.83229166666668,2311552,2311552.03125,secondary
10064,104.84270833333333,2311782,2311781.71875,secondary
10065,104.853125,2312011,2312011.40625,secondary
10066,104.86354166666668,2312241,2312241.09375,secondary
10067,104.87395833333333,2312471,2312470.78125,secondary
10068,104.875,2312494,2312493.75,primary
10069,104.88541666666667,2312724,2312723.4375,secondary
10070,104.89583333333333,2312953,2312953.125,secondary
10071,104.90625,2313183,2313182.8125,secondary
10072,104.91666666666667,2313413,2313412.5,secondary
10073,104.92708333333333,2313642,2313642.1875,secondary
10074,104.946875,2314079,2314078.59375,secondary
10075,104.95729166666668,2314308,2314308.28125,secondary
10076,104.96770833333333,2314538,2314537.96875,secondary
10077,104.978125,2314768,2314767.65625,secondary
10078,104.98854166666668,2314997,2314997.34375,secondary
10079,104.99895833333333,2315227,2315227.03125,secondary
10080,105.0,2315250,2315250.0,primary
10081,105.01041666666667,2315480,2315479.6875,secondary
10082,105.02083333333333,2315709,2315709.375,secondary
10083,105.03125,2315939,2315939.0625,secondary
10084,105.04166666666667,2316169,2316168.75,secondary
10085,105.05208333333333,2316398,2316398.4375,secondary
10086,105.071875,2316835,2316834.84375,secondary
10087,105.08229166666668,2317065,2317064.53125,secondary
10088,105.09270833333333,2317294,2317294.21875,secondary
10089,105.103125,2317524,2317523.90625,secondary
10090,105.11354166666668,2317754,2317753.59375,secondary
10091,105.12395833333333,2317983,2317983.28125,secondary
10092,105.125,2318006,2318006.25,primary
10093,105.13541666666667,2318236,2318235.9375,secondary
10094,105.14583333333333,2318465,2318465.625,secondary
10095,105.15625,2318695,2318695.3125,secondary
10096,105.16666666666667,2318925,2318925.0,secondary
10097,105.17708333333333,2319154,2319154.6875,secondary
10098,105.196875,2319591,2319591.09375,secondary
10099,105.20729166666668,2319821,2319820.78125,secondary
10100,105.21770833333333,2320050,2320050.46875,secondary
10101,105.228125,2320280,2320280.15625,secondary
10102,105.23854166666668,2320510,2320509.84375,secondary
10103,105.24895833333333,2320740,2320739.53125,secondary
10104,105.25,2320762,2320762.5,primary
10105,105.26041666666667,2320992,2320992.1875,secondary
10106,105.27083333333333,2321221,2321221.875,secondary
10107,105.28125,2321451,2321451.5625,secondary
10108,105.29166666666667,2321681,2321681.25,secondary
10109,105.30208333333333,2321910,2321910.9375,secondary
10110,105.321875,2322347,2322347.34375,secondary
10111,105.33229166666668,2322577,2322577.03125,secondary
10112,105.34270833333333,2322807,2322806.71875,secondary
10113,105.353125,2323036,2323036.40625,secondary
10114,105.36354166666668,2323266,2323266.09375,secondary
10115,105.37395833333333,2323496,2323495.78125,secondary
10116,105.375,2323519,2323518.75,primary
10117,105.38541666666667,2323749,2323748.4375,secondary
10118,105.39583333333333,2323978,2323978.125,secondary
10119,105.40625,2324208,2324207.8125,secondary
10120,105.41666666666667,2324438,2324437.5,secondary
10121,105.42708333333333,2324667,2324667.1875,secondary
10122,105.446875,2325104,2325103.59375,secondary
10123,105.45729166666668,2325333,2325333.28125,secondary
10124,105.46770833333333,2325563,2325562.96875,secondary
10125,105.478125,2325793,2325792.65625,secondary
10126,105.48854166666668,2326022,2326022.34375,secondary
10127,105.49895833333333,2326252,2326252.03125,secondary
10128,105.5,2326275,2326275.0,primary
10129,105.51041666666667,2326505,2326504.6875,secondary
10130,105.52083333333333,2326734,2326734.375,secondary
10131,105.53125,2326964,2326964.0625,secondary
10132,105.54166666666667,2327194,2327193.75,secondary
10133,105.55208333333333,2327423,2327423.4375,secondary
10134,105.571875,2327860,2327859.84375,secondary
10135,105.58229166666668,2328090,2328089.53125,secondary
10136,105.59270833333333,2328319,2328319.21875,secondary
10137,105.603125,2328549,2328548.90625,secondary
10138,105.61354166666668,2328779,2328778.59375,secondary
10139,105.62395833333333,2329008,2329008.28125,secondary
10140,105.625,2329031,2329031.25,primary
10141,105.63541666666667,2329261,2329260.9375,secondary
10142,105.64583333333333,2329490,2329490.625,secondary
10143,105.65625,2329720,2329720.3125,secondary
10144,105.66666666666667,2329950,2329950.0,secondary
10145,105.67708333333333,2330179,2330179.6875,secondary
10146,105.696875,2330616,2330616.09375,secondary
10147,105.70729166666668,2330846,2330845.78125,secondary
10148,105.71770833333333,2331075,2331075.46875,secondary
10149,105.728125,2331305,2331305.15625,secondary
10150,105.73854166666668,2331535,2331534.84375,secondary
10151,105.74895833333333,2331765,2331764.53125,secondary
10152,105.75,2331788,2331787.5,primary
10153,105.76041666666667,2332018,2332017.1875,secondary
10154,105.77083333333333,2332247,2332246.875,secondary
10155,105.78125,2332477,2332476.5625,secondary
10156,105.79166666666667,2332707,2332706.25,secondary
10157,105.80208333333333,2332936,2332935.9375,secondary
10158,105.821875,2333372,2333372.34375,secondary
10159,105.83229166666668,2333602,2333602.03125,secondary
10160,105.84270833333333,2333832,2333831.71875,secondary
10161,105.853125,2334061,2334061.40625,secondary
10162,105.86354166666668,2334291,2334291.09375,secondary
10163,105.87395833333333,2334521,2334520.78125,secondary
10164,105.875,2334544,2334543.75,primary
10165,105.88541666666667,2334774,2334773.4375,secondary
10166,105.89583333333333,2335003,2335003.125,secondary
10167,105.90625,2335233,2335232.8125,secondary
10168,105.91666666666667,2335463,2335462.5,secondary
10169,105.92708333333333,2335692,2335692.1875,secondary
10170,105.946875,2336129,2336128.59375,secondary
10171,105.95729166666668,2336358,2336358.28125,secondary
10172,105.96770833333333,2336588,2336587.96875,secondary
10173,105.978125,2336818,2336817.65625,secondary
10174,105.98854166666668,2337047,2337047.34375,secondary
10175,105.99895833333333,2337277,2337277.03125,secondary
10176,106.0,2337300,2337300.0,primary
10177,106.01041666666667,2337530,2337529.6875,secondary
10178,106.02083333333333,2337759,2337759.375,secondary
10179,106.03125,2337989,2337989.0625,secondary
10180,106.04166666666667,2338219,2338218.75,secondary
10181,106.05208333333333,2338448,2338448.4375,secondary
10182,106.071875,2338885,2338884.84375,secondary
10183,106.08229166666668,2339115,2339114.53125,secondary
10184,106.09270833333333,2339344,2339344.21875,secondary
10185,106.103125,2339574,2339573.90625,secondary
10186,106.11354166666668,2339804,2339803.59375,secondary
10187,106.12395833333333,2340033,2340033.28125,secondary
10188,106.125,2340056,2340056.25,primary
10189,106.13541666666667,2340286,2340285.9375,secondary
10190,106.14583333333333,2340515,2340515.625,secondary
10191,106.15625,2340745,2340745.3125,secondary
10192,106.16666666666667,2340975,2340975.0,secondary
10193,106.17708333333333,2341204,2341204.6875,secondary
10194,106.196875,2341641,2341641.09375,secondary
10195,106.20729166666668,2341871,2341870.78125,secondary
10196,106.21770833333333,2342100,2342100.46875,secondary
10197,106.228125,2342330,2342330.15625,secondary
10198,106.23854166666668,2342560,2342559.84375,secondary
10199,106.24895833333333,2342790,2342789.53125,secondary
10200,106.25,2342812,2342812.5,primary
10201,106.26041666666667,2343042,2343042.1875,secondary
10202,106.27083333333333,2343271,2343271.875,secondary
10203,106.28125,2343501,2343501.5625,secondary
10204,106.29166666666667,2343731,2343731.25,secondary
10205,106.30208333333333,2343960,2343960.9375,secondary
10206,106.321875,2344397,2344397.34375,secondary
10207,106.33229166666668,2344627,2344627.03125,secondary
10208,106.34270833333333,2344857,2344856.71875,secondary
10209,106.353125,2345086,2345086.40625,secondary
10210,106.36354166666668,2345316,2345316.09375,secondary
10211,106.37395833333333,2345546,2345545.78125,secondary
10212,106.375,2345569,2345568.75,primary
10213,106.38541666666667,2345799,2345798.4375,secondary
10214,106.39583333333333,2346028,2346028.125,secondary
10215,106.40625,2346258,2346257.8125,secondary
10216,106.41666666666667,2346488,2346487.5,secondary
10217,106.42708333333333,2346717,2346717.1875,secondary
10218,106.446875,2347154,2347153.59375,secondary
10219,106.45729166666668,2347383,2347383.28125,secondary
10220,106.46770833333333,2347613,2347612.96875,secondary
10221,106.478125,2347843,2347842.65625,secondary
10222,106.48854166666668,2348072,2348072.34375,secondary
10223,106.49895833333333,2348302,2348302.03125,secondary
10224,106.5,2348325,2348325.0,primary
10225,106.51041666666667,2348555,2348554.6875,secondary
10226,106.52083333333333,2348784,2348784.375,secondary
10227,106.53125,2349014,2349014.0625,secondary
10228,106.54166666666667,2349244,2349243.75,secondary
10229,106.55208333333333,2349473,2349473.4375,secondary
10230,106.571875,2349910,2349909.84375,secondary
10231,106.58229166666668,2350140,2350139.53125,secondary
10232,106.59270833333333,2350369,2350369.21875,secondary
10233,106.603125,2350599,2350598.90625,secondary
10234,106.61354166666668,2350829,2350828.59375,secondary
10235,106.62395833333333,2351058,2351058.28125,secondary
10236,106.625,2351081,2351081.25,primary
10237,106.63541666666667,2351311,2351310.9375,secondary
10238,106.64583333333333,2351540,2351540.625,secondary
10239,106.65625,2351770,2351770.3125,secondary
10240,106.66666666666667,2352000,2352000.0,secondary
10241,106.67708333333333,2352229,2352229.6875,secondary
10242,106.696875,2352666,2352666.09375,secondary
10243,106.70729166666668,2352896,2352895.78125,secondary
10244,106.71770833333333,2353125,2353125.46875,secondary
10245,106.728125,2353355,2353355.15625,secondary
10246,106.73854166666668,2353585,2353584.84375,secondary
10247,106.74895833333333,2353815,2353814.53125,secondary
10248,106.75,2353838,2353837.5,primary
10249,106.76041666666667,2354068,2354067.1875,secondary
10250,106.77083333333333,2354297,2354296.875,secondary
10251,106.78125,2354527,2354526.5625,secondary
10252,106.79166666666667,2354757,2354756.25,secondary
10253,106.80208333333333,2354986,2354985.9375,secondary
10254,106.821875,2355422,2355422.34375,secondary
10255,106.83229166666668,2355652,2355652.03125,secondary
10256,106.84270833333333,2355882,2355881.71875,secondary
10257,106.853125,2356111,2356111.40625,secondary
10258,106.86354166666668,2356341,2356341.09375,secondary
10259,106.87395833333333,2356571,2356570.78125,secondary
10260,106.875,2356594,2356593.75,primary
10261,106.88541666666667,2356824,2356823.4375,secondary
10262,106.89583333333333,2357053,2357053.125,secondary
10263,106.90625,2357283,2357282.8125,secondary
10264,106.91666666666667,2357513,2357512.5,secondary
10265,106.92708333333333,2357742,2357742.1875,secondary
10266,106.946875,2358179,2358178.59375,secondary
10267,106.95729166666668,2358408,2358408.28125,secondary
10268,106.96770833333333,2358638,2358637.96875,secondary
10269,106.978125,2358868,2358867.65625,secondary
10270,106.98854166666668,2359097,2359097.34375,secondary
10271,106.99895833333333,2359327,2359327.03125,secondary
10272,107.0,2359350,2359350.0,primary
10273,107.01041666666667,2359580,2359579.6875,secondary
10274,107.02083333333333,2359809,2359809.375,secondary
10275,107.03125,2360039,2360039.0625,secondary
10276,107.04166666666667,2360269,2360268.75,secondary
10277,107.05208333333333,2360498,2360498.4375,secondary
10278,107.071875,2360935,2360934.84375,secondary
10279,107.08229166666668,2361165,2361164.53125,secondary
10280,107.09270833333333,2361394,2361394.21875,secondary
10281,107.103125,2361624,2361623.90625,secondary
10282,107.11354166666668,2361854,2361853.59375,secondary
10283,107.12395833333333,2362083,2362083.28125,secondary
10284,107.125,2362106,2362106.25,primary
10285,107.13541666666667,2362336,2362335.9375,secondary
10286,107.14583333333333,2362565,2362565.625,secondary
10287,107.15625,2362795,2362795.3125,secondary
10288,107.16666666666667,2363025,2363025.0,secondary
10289,107.17708333333333,2363254,2363254.6875,secondary
10290,107.196875,2363691,2363691.09375,secondary
10291,107.20729166666668,2363921,2363920.78125,secondary
10292,107.21770833333333,2364150,2364150.46875,secondary
10293,107.228125,2364380,2364380.15625,secondary
10294,107.23854166666668,2364610,2364609.84375,secondary
10295,107.24895833333333,2364840,2364839.53125,secondary
10296,107.25,2364862,2364862.5,primary
10297,107.26041666666667,2365092,2365092.1875,secondary
10298,107.27083333333333,2365321,2365321.875,secondary
10299,107.28125,2365551,2365551.5625,secondary
10300,107.29166666666667,2365781,2365781.25,secondary
10301,107.30208333333333,2366010,2366010.9375,secondary
10302,107.321875,2366447,2366447.34375,secondary
10303,107.33229166666668,2366677,2366677.03125,secondary
10304,107.34270833333333,2366907,2366906.71875,secondary
10305,107.353125,2367136,2367136.40625,secondary
10306,107.36354166666668,2367366,2367366.09375,secondary
10307,107.37395833333333,2367596,2367595.78125,secondary
10308,107.375,2367619,2367618.75,primary
10309,107.38541666666667,2367849,2367848.4375,secondary
10310,107.39583333333333,2368078,2368078.125,secondary
10311,107.40625,2368308,2368307.8125,secondary
10312,107.41666666666667,2368538,2368537.5,secondary
10313,107.42708333333333,2368767,2368767.1875,secondary
10314,107.446875,2369204,2369203.59375,secondary
10315,107.45729166666668,2369433,2369433.28125,secondary
10316,107.46770833333333,2369663,2369662.96875,secondary
10317,107.478125,2369893,2369892.65625,secondary
10318,107.48854166666668,2370122,2370122.34375,secondary
10319,107.49895833333333,2370352,2370352.03125,secondary
10320,107.5,2370375,2370375.0,primary
10321,107.51041666666667,2370605,2370604.6875,secondary
10322,107.52083333333333,2370834,2370834.375,secondary
10323,107.53125,2371064,2371064.0625,secondary
10324,107.54166666666667,2371294,2371293.75,secondary
10325,107.55208333333333,2371523,2371523.4375,secondary
10326,107.571875,2371960,2371959.84375,secondary
10327,107.58229166666668,2372190,2372189.53125,secondary
10328,107.59270833333333,2372419,2372419.21875,secondary
10329,107.603125,2372649,2372648.90625,secondary
10330,107.61354166666668,2372879,2372878.59375,secondary
10331,107.62395833333333,2373108,2373108.28125,secondary
10332,107.625,2373131,2373131.25,primary
10333,107.63541666666667,2373361,2373360.9375,secondary
10334,107.64583333333333,2373590,2373590.625,secondary
10335,107.65625,2373820,2373820.3125,secondary
10336,107.66666666666667,2374050,2374050.0,secondary
10337,107.67708333333333,2374279,2374279.6875,secondary
10338,107.696875,2374716,2374716.09375,secondary
10339,107.70729166666668,2374946,2374945.78125,secondary
10340,107.71770833333333,2375175,2375175.46875,secondary
10341,107.728125,2375405,2375405.15625,secondary
10342,107.73854166666668,2375635,2375634.84375,secondary
10343,107.74895833333333,2375865,2375864.53125,secondary
10344,107.75,2375888,2375887.5,primary
10345,107.76041666666667,2376118,2376117.1875,secondary
10346,107.77083333333333,2376347,2376346.875,secondary
10347,107.78125,2376577,2376576.5625,secondary
10348,107.79166666666667,2376807,2376806.25,secondary
10349,107.80208333333333,2377036,2377035.9375,secondary
10350,107.821875,2377472,2377472.34375,secondary
10351,107.83229166666668,2377702,2377702.03125,secondary
10352,107.84270833333333,2377932,2377931.71875,secondary
10353,107.853125,2378161,2378161.40625,secondary
10354,107.86354166666668,2378391,2378391.09375,secondary
10355,107.87395833333333,2378621,2378620.78125,secondary
10356,107.875,2378644,2378643.75,primary
10357,107.88541666666667,2378874,2378873.4375,secondary
10358,107.89583333333333,2379103,2379103.125,secondary
10359,107.90625,2379333,2379332.8125,secondary
10360,107.91666666666667,2379563,2379562.5,secondary
10361,107.92708333333333,2379792,2379792.1875,secondary
10362,107.946875,2380229,2380228.59375,secondary
10363,107.95729166666668,2380458,2380458.28125,secondary
10364,107.96770833333333,2380688,2380687.96875,secondary
10365,107.978125,2380918,2380917.65625,secondary
10366,107.98854166666668,2381147,2381147.34375,secondary
10367,107.99895833333333,2381377,2381377.03125,secondary
10368,108.0,2381400,2381400.0,primary
10369,108.01041666666667,2381630,2381629.6875,secondary
10370,108.02083333333333,2381859,2381859.375,secondary
10371,108.03125,2382089,2382089.0625,secondary
10372,108.04166666666667,2382319,2382318.75,secondary
10373,108.05208333333333,2382548,2382548.4375,secondary
10374,108.071875,2382985,2382984.84375,secondary
10375,108.08229166666668,2383215,2383214.53125,secondary
10376,108.09270833333333,2383444,2383444.21875,secondary
10377,108.103125,2383674,2383673.90625,secondary
10378,108.11354166666668,2383904,2383903.59375,secondary
10379,108.12395833333333,2384133,2384133.28125,secondary
10380,108.125,2384156,2384156.25,primary
10381,108.13541666666667,2384386,2384385.9375,secondary
10382,108.14583333333333,2384615,2384615.625,secondary
10383,108.15625,2384845,2384845.3125,secondary
10384,108.16666666666667,2385075,2385075.0,secondary
10385,108.17708333333333,2385304,2385304.6875,secondary
10386,108.196875,2385741,2385741.09375,secondary
10387,108.20729166666668,2385971,2385970.78125,secondary
10388,108.21770833333333,2386200,2386200.46875,secondary
10389,108.228125,2386430,2386430.15625,secondary
10390,108.23854166666668,2386660,2386659.84375,secondary
10391,108.24895833333333,2386890,2386889.53125,secondary
10392,108.25,2386912,2386912.5,primary
10393,108.26041666666667,2387142,2387142.1875,secondary
10394,108.27083333333333,2387371,2387371.875,secondary
10395,108.28125,2387601,2387601.5625,secondary
10396,108.29166666666667,2387831,2387831.25,secondary
10397,108.30208333333333,2388060,2388060.9375,secondary
10398,108.321875,2388497,2388497.34375,secondary
10399,108.33229166666668,2388727,2388727.03125,secondary
10400,108.34270833333333,2388957,2388956.71875,secondary
10401,108.353125,2389186,2389186.40625,secondary
10402,108.36354166666668,2389416,2389416.09375,secondary
10403,108.37395833333333,2389646,2389645.78125,secondary
10404,108.375,2389669,2389668.75,primary
10405,108.38541666666667,2389899,2389898.4375,secondary
10406,108.39583333333333,2390128,2390128.125,secondary
10407,108.40625,2390358,2390357.8125,secondary
10408,108.41666666666667,2390588,2390587.5,secondary
10409,108.42708333333333,2390817,2390817.1875,secondary
10410,108.446875,2391254,2391253.59375,secondary
10411,108.45729166666668,2391483,2391483.28125,secondary
10412,108.46770833333333,2391713,2391712.96875,secondary
10413,108.478125,2391943,2391942.65625,secondary
10414,108.48854166666668,2392172,2392172.34375,secondary
10415,108.49895833333333,2392402,2392402.03125,secondary
10416,108.5,2392425,2392425.0,primary
10417,108.51041666666667,2392655,2392654.6875,secondary
10418,108.52083333333333,2392884,2392884.375,secondary
10419,108.53125,2393114,2393114.0625,secondary
10420,108.54166666666667,2393344,2393343.75,secondary
10421,108.55208333333333,2393573,2393573.4375,secondary
10422,108.571875,2394010,2394009.84375,secondary
10423,108.58229166666668,2394240,2394239.53125,secondary
10424,108.59270833333333,2394469,2394469.21875,secondary
10425,108.603125,2394699,2394698.90625,secondary
10426,108.61354166666668,2394929,2394928.59375,secondary
10427,108.62395833333333,2395158,2395158.28125,secondary
10428,108.625,2395181,2395181.25,primary
10429,108.63541666666667,2395411,2395410.9375,secondary
10430,108.64583333333333,2395640,2395640.625,secondary
10431,108.65625,2395870,2395870.3125,secondary
10432,108.66666666666667,2396100,2396100.0,secondary
10433,108.67708333333333,2396329,2396329.6875,secondary
10434,108.696875,2396766,2396766.09375,secondary
10435,108.70729166666668,2396996,2396995.78125,secondary
10436,108.71770833333333,2397225,2397225.46875,secondary
10437,108.728125,2397455,2397455.15625,secondary
10438,108.73854166666668,2397685,2397684.84375,secondary
10439,108.74895833333333,2397915,2397914.53125,secondary
10440,108.75,2397938,2397937.5,primary
10441,108.76041666666667,2398168,2398167.1875,secondary
10442,108.77083333333333,2398397,2398396.875,secondary
10443,108.78125,2398627,2398626.5625,secondary
10444,108.79166666666667,2398857,2398856.25,secondary
10445,108.80208333333333,2399086,2399085.9375,secondary
10446,108.821875,2399522,2399522.34375,secondary
10447,108.83229166666668,2399752,2399752.03125,secondary
10448,108.84270833333333,2399982,2399981.71875,secondary
10449,108.853125,2400211,2400211.40625,secondary
10450,108.86354166666668,2400441,2400441.09375,secondary
10451,108.87395833333333,2400671,2400670.78125,secondary
10452,108.875,2400694,2400693.75,primary
10453,108.88541666666667,2400924,2400923.4375,secondary
10454,108.89583333333333,2401153,2401153.125,secondary
10455,108.90625,2401383,2401382.8125,secondary
10456,108.91666666666667,2401613,2401612.5,secondary
10457,108.92708333333333,2401842,2401842.1875,secondary
10458,108.946875,2402279,2402278.59375,secondary
10459,108.95729166666668,2402508,2402508.28125,secondary
10460,108.96770833333333,2402738,2402737.96875,secondary
10461,108.978125,2402968,2402967.65625,secondary
10462,108.98854166666668,2403197,2403197.34375,secondary
10463,108.99895833333333,2403427,2403427.03125,secondary
10464,109.0,2403450,2403450.0,primary
10465,109.01041666666667,2403680,2403679.6875,secondary
10466,109.02083333333333,2403909,2403909.375,secondary
10467,109.03125,2404139,2404139.0625,secondary
10468,109.04166666666667,2404369,2404368.75,secondary
10469,109.05208333333333,2404598,2404598.4375,secondary
10470,109.071875,2405035,2405034.84375,secondary
10471,109.08229166666668,2405265,2405264.53125,secondary
10472,109.09270833333333,2405494,2405494.21875,secondary
10473,109.103125,2405724,2405723.90625,secondary
10474,109.11354166666668,2405954,2405953.59375,secondary
10475,109.12395833333333,2406183,2406183.28125,secondary
10476,109.125,2406206,2406206.25,primary
10477,109.13541666666667,2406436,2406435.9375,secondary
10478,109.14583333333333,2406665,2406665.625,secondary
10479,109.15625,2406895,2406895.3125,secondary
10480,109.16666666666667,2407125,2407125.0,secondary
10481,109.17708333333333,2407354,2407354.6875,secondary
10482,109.196875,2407791,2407791.09375,secondary
10483,109.20729166666668,2408021,2408020.78125,secondary
10484,109.21770833333333,2408250,2408250.46875,secondary
10485,109.228125,2408480,2408480.15625,secondary
10486,109.23854166666668,2408710,2408709.84375,secondary
10487,109.24895833333333,2408940,2408939.53125,secondary
10488,109.25,2408962,2408962.5,primary
10489,109.26041666666667,2409192,2409192.1875,secondary
10490,109.27083333333333,2409421,2409421.875,secondary
10491,109.28125,2409651,2409651.5625,secondary
10492,109.29166666666667,2409881,2409881.25,secondary
10493,109.30208333333333,2410110,2410110.9375,secondary
10494,109.321875,2410547,2410547.34375,secondary
10495,109.33229166666668,2410777,2410777.03125,secondary
10496,109.34270833333333,2411007,2411006.71875,secondary
10497,109.353125,2411236,2411236.40625,secondary
10498,109.36354166666668,2411466,2411466.09375,secondary
10499,109.37395833333333,2411696,2411695.78125,secondary
10500,109.375,2411719,2411718.75,primary
10501,109.38541666666667,2411949,2411948.4375,secondary
10502,109.39583333333333,2412178,2412178.125,secondary
10503,109.40625,2412408,2412407.8125,secondary
10504,109.41666666666667,2412638,2412637.5,secondary
10505,109.42708333333333,2412867,2412867.1875,secondary
10506,109.446875,2413304,2413303.59375,secondary
10507,109.45729166666668,2413533,2413533.28125,secondary
10508,109.46770833333333,2413763,2413762.96875,secondary
10509,109.478125,2413993,2413992.65625,secondary
10510,109.48854166666668,2414222,2414222.34375,secondary
10511,109.49895833333333,2414452,2414452.03125,secondary
10512,109.5,2414475,2414475.0,primary
10513,109.51041666666667,2414705,2414704.6875,secondary
10514,109.52083333333333,2414934,2414934.375,secondary
10515,109.53125,2415164,2415164.0625,secondary
10516,109.54166666666667,2415394,2415393.75,secondary
10517,109.55208333333333,2415623,2415623.4375,secondary
10518,109.571875,2416060,2416059.84375,secondary
10519,109.58229166666668,2416290,2416289.53125,secondary
10520,109.59270833333333,2416519,2416519.21875,secondary
10521,109.603125,2416749,2416748.90625,secondary
10522,109.61354166666668,2416979,2416978.59375,secondary
10523,109.62395833333333,2417208,2417208.28125,secondary
10524,109.625,2417231,2417231.25,primary
10525,109.63541666666667,2417461,2417460.9375,secondary
10526,109.64583333333333,2417690,2417690.625,secondary
10527,109.65625,2417920,2417920.3125,secondary
10528,109.66666666666667,2418150,2418150.0,secondary
10529,109.67708333333333,2418379,2418379.6875,secondary
10530,109.696875,2418816,2418816.09375,secondary
10531,109.70729166666668,2419046,2419045.78125,secondary
10532,109.71770833333333,2419275,2419275.46875,secondary
10533,109.728125,2419505,2419505.15625,secondary
10534,109.73854166666668,2419735,2419734.84375,secondary
10535,109.74895833333333,2419965,2419964.53125,secondary
10536,109.75,2419988,2419987.5,primary
10537,109.76041666666667,2420218,2420217.1875,secondary
10538,109.77083333333333,2420447,2420446.875,secondary
10539,109.78125,2420677,2420676.5625,secondary
10540,109.79166666666667,2420907,2420906.25,secondary
10541,109.80208333333333,2421136,2421135.9375,secondary
10542,109.821875,2421572,2421572.34375,secondary
10543,109.83229166666668,2421802,2421802.03125,secondary
10544,109.84270833333333,2422032,2422031.71875,secondary
10545,109.853125,2422261,2422261.40625,secondary
10546,109.86354166666668,2422491,2422491.09375,secondary
10547,109.87395833333333,2422721,2422720.78125,secondary
10548,109.875,2422744,2422743.75,primary
10549,109.88541666666667,2422974,2422973.4375,secondary
10550,109.89583333333333,2423203,2423203.125,secondary
10551,109.90625,2423433,2423432.8125,secondary
10552,109.91666666666667,2423663,2423662.5,secondary
10553,109.92708333333333,2423892,2423892.1875,secondary
10554,109.946875,2424329,2424328.59375,secondary
10555,109.95729166666668,2424558,2424558.28125,secondary
10556,109.96770833333333,2424788,2424787.96875,secondary
10557,109.978125,2425018,2425017.65625,secondary
10558,109.98854166666668,2425247,2425247.34375,secondary
10559,109.99895833333333,2425477,2425477.03125,secondary
10560,110.0,2425500,2425500.0,primary
10561,110.01041666666667,2425730,2425729.6875,secondary
10562,110.02083333333333,2425959,2425959.375,secondary
10563,110.03125,2426189,2426189.0625,secondary
10564,110.04166666666667,2426419,2426418.75,secondary
10565,110.05208333333333,2426648,2426648.4375,secondary
10566,110.071875,2427085,2427084.84375,secondary
10567,110.08229166666668,2427315,2427314.53125,secondary
10568,110.09270833333333,2427544,2427544.21875,secondary
10569,110.103125,2427774,2427773.90625,secondary
10570,110.11354166666668,2428004,2428003.59375,secondary
10571,110.12395833333333,2428233,2428233.28125,secondary
10572,110.125,2428256,2428256.25,primary
10573,110.13541666666667,2428486,2428485.9375,secondary
10574,110.14583333333333,2428715,2428715.625,secondary
10575,110.15625,2428945,2428945.3125,secondary
10576,110.16666666666667,2429175,2429175.0,secondary
10577,110.17708333333333,2429404,2429404.6875,secondary
10578,110.196875,2429841,2429841.09375,secondary
10579,110.20729166666668,2430071,2430070.78125,secondary
10580,110.21770833333333,2430300,2430300.46875,secondary
10581,110.228125,2430530,2430530.15625,secondary
10582,110.23854166666668,2430760,2430759.84375,secondary
10583,110.24895833333333,2430990,2430989.53125,secondary
10584,110.25,2431012,2431012.5,primary
10585,110.26041666666667,2431242,2431242.1875,secondary
10586,110.27083333333333,2431471,2431471.875,secondary
10587,110.28125,2431701,2431701.5625,secondary
10588,110.29166666666667,2431931,2431931.25,secondary
10589,110.30208333333333,2432160,2432160.9375,secondary
10590,110.321875,2432597,2432597.34375,secondary
10591,110.33229166666668,2432827,2432827.03125,secondary
10592,110.34270833333333,2433057,2433056.71875,secondary
10593,110.353125,2433286,2433286.40625,secondary
10594,110.36354166666668,2433516,2433516.09375,secondary
10595,110.37395833333333,2433746,2433745.78125,secondary
10596,110.375,2433769,2433768.75,primary
10597,110.38541666666667,2433999,2433998.4375,secondary
10598,110.39583333333333,2434228,2434228.125,secondary
10599,110.40625,2434458,2434457.8125,secondary
10600,110.41666666666667,2434688,2434687.5,secondary
10601,110.42708333333333,2434917,2434917.1875,secondary
10602,110.446875,2435354,2435353.59375,secondary
10603,110.45729166666668,2435583,2435583.28125,secondary
10604,110.46770833333333,2435813,2435812.96875,secondary
10605,110.478125,2436043,2436042.65625,secondary
10606,110.48854166666668,2436272,2436272.34375,secondary
10607,110.49895833333333,2436502,2436502.03125,secondary
10608,110.5,2436525,2436525.0,primary
10609,110.51041666666667,2436755,2436754.6875,secondary
10610,110.52083333333333,2436984,2436984.375,secondary
10611,110.53125,2437214,2437214.0625,secondary
10612,110.54166666666667,2437444,2437443.75,secondary
10613,110.55208333333333,2437673,2437673.4375,secondary
10614,110.571875,2438110,2438109.84375,secondary
10615,110.58229166666668,2438340,2438339.53125,secondary
10616,110.59270833333333,2438569,2438569.21875,secondary
10617,110.603125,2438799,2438798.90625,secondary
10618,110.61354166666668,2439029,2439028.59375,secondary
10619,110.62395833333333,2439258,2439258.28125,secondary
10620,110.625,2439281,2439281.25,primary
10621,110.63541666666667,2439511,2439510.9375,secondary
10622,110.64583333333333,2439740,2439740.625,secondary
10623,110.65625,2439970,2439970.3125,secondary
10624,110.66666666666667,2440200,2440200.0,secondary
10625,110.67708333333333,2440429,2440429.6875,secondary
10626,110.696875,2440866,2440866.09375,secondary
10627,110.70729166666668,2441096,2441095.78125,secondary
10628,110.71770833333333,2441325,2441325.46875,secondary
10629,110.728125,2441555,2441555.15625,secondary
10630,110.73854166666668,2441785,2441784.84375,secondary
10631,110.74895833333333,2442015,2442014.53125,secondary
10632,110.75,2442038,2442037.5,primary
10633,110.76041666666667,2442268,2442267.1875,secondary
10634,110.77083333333333,2442497,2442496.875,secondary
10635,110.78125,2442727,2442726.5625,secondary
10636,110.79166666666667,2442957,2442956.25,secondary
10637,110.80208333333333,2443186,2443185.9375,secondary
10638,110.821875,2443622,2443622.34375,secondary
10639,110.83229166666668,2443852,2443852.03125,secondary
10640,110.84270833333333,2444082,2444081.71875,secondary
10641,110.853125,2444311,2444311.40625,secondary
10642,110.86354166666668,2444541,2444541.09375,secondary
10643,110.87395833333333,2444771,2444770.78125,secondary
10644,110.875,2444794,2444793.75,primary
10645,110.88541666666667,2445024,2445023.4375,secondary
10646,110.89583333333333,2445253,2445253.125,secondary
10647,110.90625,2445483,2445482.8125,secondary
10648,110.91666666666667,2445713,2445712.5,secondary
10649,110.92708333333333,2445942,2445942.1875,secondary
10650,110.946875,2446379,2446378.59375,secondary
10651,110.95729166666668,2446608,2446608.28125,secondary
10652,110.96770833333333,2446838,2446837.96875,secondary
10653,110.978125,2447068,2447067.65625,secondary
10654,110.98854166666668,2447297,2447297.34375,secondary
10655,110.99895833333333,2447527,2447527.03125,secondary
10656,111.0,2447550,2447550.0,primary
10657,111.01041666666667,2447780,2447779.6875,secondary
10658,111.02083333333333,2448009,2448009.375,secondary
10659,111.03125,2448239,2448239.0625,secondary
10660,111.04166666666667,2448469,2448468.75,secondary
10661,111.05208333333333,2448698,2448698.4375,secondary
10662,111.071875,2449135,2449134.84375,secondary
10663,111.08229166666668,2449365,2449364.53125,secondary
10664,111.09270833333333,2449594,2449594.21875,secondary
10665,111.103125,2449824,2449823.90625,secondary
10666,111.11354166666668,2450054,2450053.59375,secondary
10667,111.12395833333333,2450283,2450283.28125,secondary
10668,111.125,2450306,2450306.25,primary
10669,111.13541666666667,2450536,2450535.9375,secondary
10670,111.14583333333333,2450765,2450765.625,secondary
10671,111.15625,2450995,2450995.3125,secondary
10672,111.16666666666667,2451225,2451225.0,secondary
10673,111.17708333333333,2451454,2451454.6875,secondary
10674,111.196875,2451891,2451891.09375,secondary
10675,111.20729166666668,2452121,2452120.78125,secondary
10676,111.21770833333333,2452350,2452350.46875,secondary
10677,111.228125,2452580,2452580.15625,secondary
10678,111.23854166666668,2452810,2452809.84375,secondary
10679,111.24895833333333,2453040,2453039.53125,secondary
10680,111.25,2453062,2453062.5,primary
10681,111.26041666666667,2453292,2453292.1875,secondary
10682,111.27083333333333,2453521,2453521.875,secondary
10683,111.28125,2453751,2453751.5625,secondary
10684,111.29166666666667,2453981,2453981.25,secondary
10685,111.30208333333333,2454210,2454210.9375,secondary
10686,111.321875,2454647,2454647.34375,secondary
10687,111.33229166666668,2454877,2454877.03125,secondary
10688,111.34270833333333,2455107,2455106.71875,secondary
10689,111.353125,2455336,2455336.40625,secondary
10690,111.36354166666668,2455566,2455566.09375,secondary
10691,111.37395833333333,2455796,2455795.78125,secondary
10692,111.375,2455819,2455818.75,primary
10693,111.38541666666667,2456049,2456048.4375,secondary
10694,111.39583333333333,2456278,2456278.125,secondary
10695,111.40625,2456508,2456507.8125,secondary
10696,111.41666666666667,2456738,2456737.5,secondary
10697,111.42708333333333,2456967,2456967.1875,secondary
10698,111.446875,2457404,2457403.59375,secondary
10699,111.45729166666668,2457633,2457633.28125,secondary
10700,111.46770833333333,2457863,2457862.96875,secondary
10701,111.478125,2458093,2458092.65625,secondary
10702,111.48854166666668,2458322,2458322.34375,secondary
10703,111.49895833333333,2458552,2458552.03125,secondary
10704,111.5,2458575,2458575.0,primary
10705,111.51041666666667,2458805,2458804.6875,secondary
10706,111.52083333333333,2459034,2459034.375,secondary
10707,111.53125,2459264,2459264.0625,secondary
10708,111.54166666666667,2459494,2459493.75,secondary
10709,111.55208333333333,2459723,2459723.4375,secondary
10710,111.571875,2460160,2460159.84375,secondary
10711,111.58229166666668,2460390,2460389.53125,secondary
10712,111.59270833333333,2460619,2460619.21875,secondary
10713,111.603125,2460849,2460848.90625,secondary
10714,111.61354166666668,2461079,2461078.59375,secondary
10715,111.62395833333333,2461308,2461308.28125,secondary
10716,111.625,2461331,2461331.25,primary
10717,111.63541666666667,2461561,2461560.9375,secondary
10718,111.64583333333333,2461790,2461790.625,secondary
10719,111.65625,2462020,2462020.3125,secondary
10720,111.66666666666667,2462250,2462250.0,secondary
10721,111.67708333333333,2462479,2462479.6875,secondary
10722,111.696875,2462916,2462916.09375,secondary
10723,111.70729166666668,2463146,2463145.78125,secondary
10724,111.71770833333333,2463375,2463375.46875,secondary
10725,111.728125,2463605,2463605.15625,secondary
10726,111.73854166666668,2463835,2463834.84375,secondary
10727,111.74895833333333,2464065,2464064.53125,secondary
10728,111.75,2464088,2464087.5,primary
10729,111.76041666666667,2464318,2464317.1875,secondary
10730,111.77083333333333,2464547,2464546.875,secondary
10731,111.78125,2464777,2464776.5625,secondary
10732,111.79166666666667,2465007,2465006.25,secondary
10733,111.80208333333333,2465236,2465235.9375,secondary
10734,111.821875,2465672,2465672.34375,secondary
10735,111.83229166666668,2465902,2465902.03125,secondary
10736,111.84270833333333,2466132,2466131.71875,secondary
10737,111.853125,2466361,2466361.40625,secondary
10738,111.86354166666668,2466591,2466591.09375,secondary
10739,111.87395833333333,2466821,2466820.78125,secondary
10740,111.875,2466844,2466843.75,primary
10741,111.88541666666667,2467074,2467073.4375,secondary
10742,111.89583333333333,2467303,2467303.125,secondary
10743,111.90625,2467533,2467532.8125,secondary
10744,111.91666666666667,2467763,2467762.5,secondary
10745,111.92708333333333,2467992,2467992.1875,secondary
10746,111.946875,2468429,2468428.59375,secondary
10747,111.95729166666668,2468658,2468658.28125,secondary
10748,111.96770833333333,2468888,2468887.96875,secondary
10749,111.978125,2469118,2469117.65625,secondary
10750,111.98854166666668,2469347,2469347.34375,secondary
10751,111.99895833333333,2469577,2469577.03125,secondary
10752,112.0,2469600,2469600.0,primary
10753,112.01041666666667,2469830,2469829.6875,secondary
10754,112.02083333333333,2470059,2470059.375,secondary
10755,112.03125,2470289,2470289.0625,secondary
10756,112.04166666666667,2470519,2470518.75,secondary
10757,112.05208333333333,2470748,2470748.4375,secondary
10758,112.071875,2471185,2471184.84375,secondary
10759,112.08229166666668,2471415,2471414.53125,secondary
10760,112.09270833333333,2471644,2471644.21875,secondary
10761,112.103125,2471874,2471873.90625,secondary
10762,112.11354166666668,2472104,2472103.59375,secondary
10763,112.12395833333333,2472333,2472333.28125,secondary
10764,112.125,2472356,2472356.25,primary
10765,112.13541666666667,2472586,2472585.9375,secondary
10766,112.14583333333333,2472815,2472815.625,secondary
10767,112.15625,2473045,2473045.3125,secondary
10768,112.16666666666667,2473275,2473275.0,secondary
10769,112.17708333333333,2473504,2473504.6875,secondary
10770,112.196875,2473941,2473941.09375,secondary
10771,112.20729166666668,2474171,2474170.78125,secondary
10772,112.21770833333333,2474400,2474400.46875,secondary
10773,112.228125,2474630,2474630.15625,secondary
10774,112.23854166666668,2474860,2474859.84375,secondary
10775,112.24895833333333,2475090,2475089.53125,secondary
10776,112.25,2475112,2475112.5,primary
10777,112.26041666666667,2475342,2475342.1875,secondary
10778,112.27083333333333,2475571,2475571.875,secondary
10779,112.28125,2475801,2475801.5625,secondary
10780,112.29166666666667,2476031,2476031.25,secondary
10781,112.30208333333333,2476260,2476260.9375,secondary
10782,112.321875,2476697,2476697.34375,secondary
10783,112.33229166666668,2476927,2476927.03125,secondary
10784,112.34270833333333,2477157,2477156.71875,secondary
10785,112.353125,2477386,2477386.40625,secondary
10786,112.36354166666668,2477616,2477616.09375,secondary
10787,112.37395833333333,2477846,2477845.78125,secondary
10788,112.375,2477869,2477868.75,primary
10789,112.38541666666667,2478099,2478098.4375,secondary
10790,112.39583333333333,2478328,2478328.125,secondary
10791,112.40625,2478558,2478557.8125,secondary
10792,112.41666666666667,2478788,2478787.5,secondary
10793,112.42708333333333,2479017,2479017.1875,secondary
10794,112.446875,2479454,2479453.59375,secondary
10795,112.45729166666668,2479683,2479683.28125,secondary
10796,112.46770833333333,2479913,2479912.96875,secondary
10797,112.478125,2480143,2480142.65625,secondary
10798,112.48854166666668,2480372,2480372.34375,secondary
10799,112.49895833333333,2480602,2480602.03125,secondary
10800,112.5,2480625,2480625.0,primary
10801,112.51041666666667,2480855,2480854.6875,secondary
10802,112.52083333333333,2481084,2481084.375,secondary
10803,112.53125,2481314,2481314.0625,secondary
10804,112.54166666666667,2481544,2481543.75,secondary
10805,112.55208333333333,2481773,2481773.4375,secondary
10806,112.571875,2482210,2482209.84375,secondary
10807,112.58229166666668,2482440,2482439.53125,secondary
10808,112.59270833333333,2482669,2482669.21875,secondary
10809,112.603125,2482899,2482898.90625,secondary
10810,112.61354166666668,2483129,2483128.59375,secondary
10811,112.62395833333333,2483358,2483358.28125,secondary
10812,112.625,2483381,2483381.25,primary
10813,112.63541666666667,2483611,2483610.9375,secondary
10814,112.64583333333333,2483840,2483840.625,secondary
10815,112.65625,2484070,2484070.3125,secondary
10816,112.66666666666667,2484300,2484300.0,secondary
10817,112.67708333333333,2484529,2484529.6875,secondary
10818,112.696875,2484966,2484966.09375,secondary
10819,112.70729166666668,2485196,2485195.78125,secondary
10820,112.71770833333333,2485425,2485425.46875,secondary
10821,112.728125,2485655,2485655.15625,secondary
10822,112.73854166666668,2485885,2485884.84375,secondary
10823,112.74895833333333,2486115,2486114.53125,secondary
10824,112.75,2486138,2486137.5,primary
10825,112.76041666666667,2486368,2486367.1875,secondary
10826,112.77083333333333,2486597,2486596.875,secondary
10827,112.78125,2486827,2486826.5625,secondary
10828,112.79166666666667,2487057,2487056.25,secondary
10829,112.80208333333333,2487286,2487285.9375,secondary
10830,112.821875,2487722,2487722.34375,secondary
10831,112.83229166666668,2487952,2487952.03125,secondary
10832,112.84270833333333,2488182,2488181.71875,secondary
10833,112.853125,2488411,2488411.40625,secondary
10834,112.86354166666668,2488641,2488641.09375,secondary
10835,112.87395833333333,2488871,2488870.78125,secondary
10836,112.875,2488894,2488893.75,primary
10837,112.88541666666667,2489124,2489123.4375,secondary
10838,112.89583333333333,2489353,2489353.125,secondary
10839,112.90625,2489583,2489582.8125,secondary
10840,112.91666666666667,2489813,2489812.5,secondary
10841,112.92708333333333,2490042,2490042.1875,secondary
10842,112.946875,2490479,2490478.59375,secondary
10843,112.95729166666668,2490708,2490708.28125,secondary
10844,112.96770833333333,2490938,2490937.96875,secondary
10845,112.978125,2491168,2491167.65625,secondary
10846,112.98854166666668,2491397,2491397.34375,secondary
10847,112.99895833333333,2491627,2491627.03125,secondary
10848,113.0,2491650,2491650.0,primary
10849,113.01041666666667,2491880,2491879.6875,secondary
10850,113.02083333333333,2492109,2492109.375,secondary
10851,113.03125,2492339,2492339.0625,secondary
10852,113.04166666666667,2492569,2492568.75,secondary
10853,113.05208333333333,2492798,2492798.4375,secondary
10854,113.071875,2493235,2493234.84375,secondary
10855,113.08229166666668,2493465,2493464.53125,secondary
10856,113.09270833333333,2493694,2493694.21875,secondary
10857,113.103125,2493924,2493923.90625,secondary
10858,113.11354166666668,2494154,2494153.59375,secondary
10859,113.12395833333333,2494383,2494383.28125,secondary
10860,113.125,2494406,2494406.25,primary
10861,113.13541666666667,2494636,2494635.9375,secondary
10862,113.14583333333333,2494865,2494865.625,secondary
10863,113.15625,2495095,2495095.3125,secondary
10864,113.16666666666667,2495325,2495325.0,secondary
10865,113.17708333333333,2495554,2495554.6875,secondary
10866,113.196875,2495991,2495991.09375,secondary
10867,113.20729166666668,2496221,2496220.78125,secondary
10868,113.21770833333333,2496450,2496450.46875,secondary
10869,113.228125,2496680,2496680.15625,secondary
10870,113.23854166666668,2496910,2496909.84375,secondary
10871,113.24895833333333,2497140,2497139.53125,secondary
10872,113.25,2497162,2497162.5,primary
10873,113.26041666666667,2497392,2497392.1875,secondary
10874,113.27083333333333,2497621,2497621.875,secondary
10875,113.28125,2497851,2497851.5625,secondary
10876,113.29166666666667,2498081,2498081.25,secondary
10877,113.30208333333333,2498310,2498310.9375,secondary
10878,113.321875,2498747,2498747.34375,secondary
10879,113.33229166666668,2498977,2498977.03125,secondary
10880,113.34270833333333,2499207,2499206.71875,secondary
10881,113.353125,2499436,2499436.40625,secondary
10882,113.36354166666668,2499666,2499666.09375,secondary
10883,113.37395833333333,2499896,2499895.78125,secondary
10884,113.375,2499919,2499918.75,primary
10885,113.38541666666667,2500149,2500148.4375,secondary
10886,113.39583333333333,2500378,2500378.125,secondary
10887,113.40625,2500608,2500607.8125,secondary
10888,113.41666666666667,2500838,2500837.5,secondary
10889,113.42708333333333,2501067,2501067.1875,secondary
10890,113.446875,2501504,2501503.59375,secondary
10891,113.45729166666668,2501733,2501733.28125,secondary
10892,113.46770833333333,2501963,2501962.96875,secondary
10893,113.478125,2502193,2502192.65625,secondary
10894,113.48854166666668,2502422,2502422.34375,secondary
10895,113.49895833333333,2502652,2502652.03125,secondary
10896,113.5,2502675,2502675.0,primary
10897,113.51041666666667,2502905,2502904.6875,secondary
10898,113.52083333333333,2503134,2503134.375,secondary
10899,113.53125,2503364,2503364.0625,secondary
10900,113.54166666666667,2503594,2503593.75,secondary
10901,113.55208333333333,2503823,2503823.4375,secondary
10902,113.571875,2504260,2504259.84375,secondary
10903,113.58229166666668,2504490,2504489.53125,secondary
10904,113.59270833333333,2504719,2504719.21875,secondary
10905,113.603125,2504949,2504948.90625,secondary
10906,113.61354166666668,2505179,2505178.59375,secondary
10907,113.62395833333333,2505408,2505408.28125,secondary
10908,113.625,2505431,2505431.25,primary
10909,113.63541666666667,2505661,2505660.9375,secondary
10910,113.64583333333333,2505890,2505890.625,secondary
10911,113.65625,2506120,2506120.3125,secondary
10912,113.66666666666667,2506350,2506350.0,secondary
10913,113.67708333333333,2506579,2506579.6875,secondary
10914,113.696875,2507016,2507016.09375,secondary
10915,113.70729166666668,2507246,2507245.78125,secondary
10916,113.71770833333333,2507475,2507475.46875,secondary
10917,113.728125,2507705,2507705.15625,secondary
10918,113.73854166666668,2507935,2507934.84375,secondary
10919,113.74895833333333,2508165,2508164.53125,secondary
10920,113.75,2508188,2508187.5,primary
10921,113.76041666666667,2508418,2508417.1875,secondary
10922,113.77083333333333,2508647,2508646.875,secondary
10923,113.78125,2508877,2508876.5625,secondary
10924,113.79166666666667,2509107,2509106.25,secondary
10925,113.80208333333333,2509336,2509335.9375,secondary
10926,113.821875,2509772,2509772.34375,secondary
10927,113.83229166666668,2510002,2510002.03125,secondary
10928,113.84270833333333,2510232,2510231.71875,secondary
10929,113.853125,2510461,2510461.40625,secondary
10930,113.86354166666668,2510691,2510691.09375,secondary
10931,113.87395833333333,2510921,2510920.78125,secondary
10932,113.875,2510944,2510943.75,primary
10933,113.88541666666667,2511174,2511173.4375,secondary
10934,113.89583333333333,2511403,2511403.125,secondary
10935,113.90625,2511633,2511632.8125,secondary
10936,113.91666666666667,2511863,2511862.5,secondary
10937,113.92708333333333,2512092,2512092.1875,secondary
10938,113.946875,2512529,2512528.59375,secondary
10939,113.95729166666668,2512758,2512758.28125,secondary
10940,113.96770833333333,2512988,2512987.96875,secondary
10941,113.978125,2513218,2513217.65625,secondary
10942,113.98854166666668,2513447,2513447.34375,secondary
10943,113.99895833333333,2513677,2513677.03125,secondary
10944,114.0,2513700,2513700.0,primary
10945,114.01041666666667,2513930,2513929.6875,secondary
10946,114.02083333333333,2514159,2514159.375,secondary
10947,114.03125,2514389,2514389.0625,secondary
10948,114.04166666666667,2514619,2514618.75,secondary
10949,114.05208333333333,2514848,2514848.4375,secondary
10950,114.071875,2515285,2515284.84375,secondary
10951,114.08229166666668,2515515,2515514.53125,secondary
10952,114.09270833333333,2515744,2515744.21875,secondary
10953,114.103125,2515974,2515973.90625,secondary
10954,114.11354166666668,2516204,2516203.59375,secondary
10955,114.12395833333333,2516433,2516433.28125,secondary
10956,114.125,2516456,2516456.25,primary
10957,114.13541666666667,2516686,2516685.9375,secondary
10958,114.14583333333333,2516915,2516915.625,secondary
10959,114.15625,2517145,2517145.3125,secondary
10960,114.16666666666667,2517375,2517375.0,secondary
10961,114.17708333333333,2517604,2517604.6875,secondary
10962,114.196875,2518041,2518041.09375,secondary
10963,114.20729166666668,2518271,2518270.78125,secondary
10964,114.21770833333333,2518500,2518500.46875,secondary
10965,114.228125,2518730,2518730.15625,secondary
10966,114.23854166666668,2518960,2518959.84375,secondary
10967,114.24895833333333,2519190,2519189.53125,secondary
10968,114.25,2519212,2519212.5,primary
10969,114.26041666666667,2519442,2519442.1875,secondary
10970,114.27083333333333,2519671,2519671.875,secondary
10971,114.28125,2519901,2519901.5625,secondary
10972,114.29166666666667,2520131,2520131.25,secondary
10973,114.30208333333333,2520360,2520360.9375,secondary
10974,114.321875,2520797,2520797.34375,secondary
10975,114.33229166666668,2521027,2521027.03125,secondary
10976,114.34270833333333,2521257,2521256.71875,secondary
10977,114.353125,2521486,2521486.40625,secondary
10978,114.36354166666668,2521716,2521716.09375,secondary
10979,114.37395833333333,2521946,2521945.78125,secondary
10980,114.375,2521969,2521968.75,primary
10981,114.38541666666667,2522199,2522198.4375,secondary
10982,114.39583333333333,2522428,2522428.125,secondary
10983,114.40625,2522658,2522657.8125,secondary
10984,114.41666666666667,2522888,2522887.5,secondary
10985,114.42708333333333,2523117,2523117.1875,secondary
10986,114.446875,2523554,2523553.59375,secondary
10987,114.45729166666668,2523783,2523783.28125,secondary
10988,114.46770833333333,2524013,2524012.96875,secondary
10989,114.478125,2524243,2524242.65625,secondary
10990,114.48854166666668,2524472,2524472.34375,secondary
10991,114.49895833333333,2524702,2524702.03125,secondary
10992,114.5,2524725,2524725.0,primary
10993,114.51041666666667,2524955,2524954.6875,secondary
10994,114.52083333333333,2525184,2525184.375,secondary
10995,114.53125,2525414,2525414.0625,secondary
10996,114.54166666666667,2525644,2525643.75,secondary
10997,114.55208333333333,2525873,2525873.4375,secondary
10998,114.571875,2526310,2526309.84375,secondary
10999,114.58229166666668,2526540,2526539.53125,secondary
11000,114.59270833333333,2526769,2526769.21875,secondary
11001,114.603125,2526999,2526998.90625,secondary
11002,114.61354166666668,2527229,2527228.59375,secondary
11003,114.62395833333333,2527458,2527458.28125,secondary
11004,114.625,2527481,2527481.25,primary
11005,114.63541666666667,2527711,2527710.9375,secondary
11006,114.64583333333333,2527940,2527940.625,secondary
11007,114.65625,2528170,2528170.3125,secondary
11008,114.66666666666667,2528400,2528400.0,secondary
11009,114.67708333333333,2528629,2528629.6875,secondary
11010,114.696875,2529066,2529066.09375,secondary
11011,114.70729166666668,2529296,2529295.78125,secondary
11012,114.71770833333333,2529525,2529525.46875,secondary
11013,114.728125,2529755,2529755.15625,secondary
11014,114.73854166666668,2529985,2529984.84375,secondary
11015,114.74895833333333,2530215,2530214.53125,secondary
11016,114.75,2530238,2530237.5,primary
11017,114.76041666666667,2530468,2530467.1875,secondary
11018,114.77083333333333,2530697,2530696.875,secondary
11019,114.78125,2530927,2530926.5625,secondary
11020,114.79166666666667,2531157,2531156.25,secondary
11021,114.80208333333333,2531386,2531385.9375,secondary
11022,114.821875,2531822,2531822.34375,secondary
11023,114.83229166666668,2532052,2532052.03125,secondary
11024,114.84270833333333,2532282,2532281.71875,secondary
11025,114.853125,2532511,2532511.40625,secondary
11026,114.86354166666668,2532741,2532741.09375,secondary
11027,114.87395833333333,2532971,2532970.78125,secondary
11028,114.875,2532994,2532993.75,primary
11029,114.88541666666667,2533224,2533223.4375,secondary
11030,114.89583333333333,2533453,2533453.125,secondary
11031,114.90625,2533683,2533682.8125,secondary
11032,114.91666666666667,2533913,2533912.5,secondary
11033,114.92708333333333,2534142,2534142.1875,secondary
11034,114.946875,2534579,2534578.59375,secondary
11035,114.95729166666668,2534808,2534808.28125,secondary
11036,114.96770833333333,2535038,2535037.96875,secondary
11037,114.978125,2535268,2535267.65625,secondary
11038,114.98854166666668,2535497,2535497.34375,secondary
11039,114.99895833333333,2535727,2535727.03125,secondary
11040,115.0,2535750,2535750.0,primary
11041,115.01041666666667,2535980,2535979.6875,secondary
11042,115.02083333333333,2536209,2536209.375,secondary
11043,115.03125,2536439,2536439.0625,secondary
11044,115.04166666666667,2536669,2536668.75,secondary
11045,115.05208333333333,2536898,2536898.4375,secondary
11046,115.071875,2537335,2537334.84375,secondary
11047,115.08229166666668,2537565,2537564.53125,secondary
11048,115.09270833333333,2537794,2537794.21875,secondary
11049,115.103125,2538024,2538023.90625,secondary
11050,115.11354166666668,2538254,2538253.59375,secondary
11051,115.12395833333333,2538483,2538483.28125,secondary
11052,115.125,2538506,2538506.25,primary
11053,115.13541666666667,2538736,2538735.9375,secondary
11054,115.14583333333333,2538965,2538965.625,secondary
11055,115.15625,2539195,2539195.3125,secondary
11056,115.16666666666667,2539425,2539425.0,secondary
11057,115.17708333333333,2539654,2539654.6875,secondary
11058,115.196875,2540091,2540091.09375,secondary
11059,115.20729166666668,2540321,2540320.78125,secondary
11060,115.21770833333333,2540550,2540550.46875,secondary
11061,115.228125,2540780,2540780.15625,secondary
11062,115.23854166666668,2541010,2541009.84375,secondary
11063,115.24895833333333,2541240,2541239.53125,secondary
11064,115.25,2541262,2541262.5,primary
11065,115.26041666666667,2541492,2541492.1875,secondary
11066,115.27083333333333,2541721,2541721.875,secondary
11067,115.28125,2541951,2541951.5625,secondary
11068,115.29166666666667,2542181,2542181.25,secondary
11069,115.30208333333333,2542410,2542410.9375,secondary
11070,115.321875,2542847,2542847.34375,secondary
11071,115.33229166666668,2543077,2543077.03125,secondary
11072,115.34270833333333,2543307,2543306.71875,secondary
11073,115.353125,2543536,2543536.40625,secondary
11074,115.36354166666668,2543766,2543766.09375,secondary
11075,115.37395833333333,2543996,2543995.78125,secondary
11076,115.375,2544019,2544018.75,primary
11077,115.38541666666667,2544249,2544248.4375,secondary
11078,115.39583333333333,2544478,2544478.125,secondary
11079,115.40625,2544708,2544707.8125,secondary
11080,115.41666666666667,2544938,2544937.5,secondary
11081,115.42708333333333,2545167,2545167.1875,secondary
11082,115.446875,2545604,2545603.59375,secondary
11083,115.45729166666668,2545833,2545833.28125,secondary
11084,115.46770833333333,2546063,2546062.96875,secondary
11085,115.478125,2546293,2546292.65625,secondary
11086,115.48854166666668,2546522,2546522.34375,secondary
11087,115.49895833333333,2546752,2546752.03125,secondary
11088,115.5,2546775,2546775.0,primary
11089,115.51041666666667,2547005,2547004.6875,secondary
11090,115.52083333333333,2547234,2547234.375,secondary
11091,115.53125,2547464,2547464.0625,secondary
11092,115.54166666666667,2547694,2547693.75,secondary
11093,115.55208333333333,2547923,2547923.4375,secondary
11094,115.571875,2548360,2548359.84375,secondary
11095,115.58229166666668,2548590,2548589.53125,secondary
11096,115.59270833333333,2548819,2548819.21875,secondary
11097,115.603125,2549049,2549048.90625,secondary
11098,115.61354166666668,2549279,2549278.59375,secondary
11099,115.62395833333333,2549508,2549508.28125,secondary
11100,115.625,2549531,2549531.25,primary
11101,115.63541666666667,2549761,2549760.9375,secondary
11102,115.64583333333333,2549990,2549990.625,secondary
11103,115.65625,2550220,2550220.3125,secondary
11104,115.66666666666667,2550450,2550450.0,secondary
11105,115.67708333333333,2550679,2550679.6875,secondary
11106,115.696875,2551116,2551116.09375,secondary
11107,115.70729166666668,2551346,2551345.78125,secondary
11108,115.71770833333333,2551575,2551575.46875,secondary
11109,115.728125,2551805,2551805.15625,secondary
11110,115.73854166666668,2552035,2552034.84375,secondary
11111,115.74895833333333,2552265,2552264.53125,secondary
11112,115.75,2552288,2552287.5,primary
11113,115.76041666666667,2552518,2552517.1875,secondary
11114,115.77083333333333,2552747,2552746.875,secondary
11115,115.78125,2552977,2552976.5625,secondary
11116,115.79166666666667,2553207,2553206.25,secondary
11117,115.80208333333333,2553436,2553435.9375,secondary
11118,115.821875,2553872,2553872.34375,secondary
11119,115.83229166666668,2554102,2554102.03125,secondary
11120,115.84270833333333,2554332,2554331.71875,secondary
11121,115.853125,2554561,2554561.40625,secondary
11122,115.86354166666668,2554791,2554791.09375,secondary
11123,115.87395833333333,2555021,2555020.78125,secondary
11124,115.875,2555044,2555043.75,primary
11125,115.88541666666667,2555274,2555273.4375,secondary
11126,115.89583333333333,2555503,2555503.125,secondary
11127,115.90625,2555733,2555732.8125,secondary
11128,115.91666666666667,2555963,2555962.5,secondary
11129,115.92708333333333,2556192,2556192.1875,secondary
11130,115.946875,2556629,2556628.59375,secondary
11131,115.95729166666668,2556858,2556858.28125,secondary
11132,115.96770833333333,2557088,2557087.96875,secondary
11133,115.978125,2557318,2557317.65625,secondary
11134,115.98854166666668,2557547,2557547.34375,secondary
11135,115.99895833333333,2557777,2557777.03125,secondary
11136,116.0,2557800,2557800.0,primary
11137,116.01041666666667,2558030,2558029.6875,secondary
11138,116.02083333333333,2558259,2558259.375,secondary
11139,116.03125,2558489,2558489.0625,secondary
11140,116.04166666666667,2558719,2558718.75,secondary
11141,116.05208333333333,2558948,2558948.4375,secondary
11142,116.071875,2559385,2559384.84375,secondary
11143,116.08229166666668,2559615,2559614.53125,secondary
11144,116.09270833333333,2559844,2559844.21875,secondary
11145,116.103125,2560074,2560073.90625,secondary
11146,116.11354166666668,2560304,2560303.59375,secondary
11147,116.12395833333333,2560533,2560533.28125,secondary
11148,116.125,2560556,2560556.25,primary
11149,116.13541666666667,2560786,2560785.9375,secondary
11150,116.14583333333333,2561015,2561015.625,secondary
11151,116.15625,2561245,2561245.3125,secondary
11152,116.16666666666667,2561475,2561475.0,secondary
11153,116.17708333333333,2561704,2561704.6875,secondary
11154,116.196875,2562141,2562141.09375,secondary
11155,116.20729166666668,2562371,2562370.78125,secondary
11156,116.21770833333333,2562600,2562600.46875,secondary
11157,116.228125,2562830,2562830.15625,secondary
11158,116.23854166666668,2563060,2563059.84375,secondary
11159,116.24895833333333,2563290,2563289.53125,secondary
11160,116.25,2563312,2563312.5,primary
11161,116.26041666666667,2563542,2563542.1875,secondary
11162,116.27083333333333,2563771,2563771.875,secondary
11163,116.28125,2564001,2564001.5625,secondary
11164,116.29166666666667,2564231,2564231.25,secondary
11165,116.30208333333333,2564460,2564460.9375,secondary
11166,116.321875,2564897,2564897.34375,secondary
11167,116.33229166666668,2565127,2565127.03125,secondary
11168,116.34270833333333,2565357,2565356.71875,secondary
11169,116.353125,2565586,2565586.40625,secondary
11170,116.36354166666668,2565816,2565816.09375,secondary
11171,116.37395833333333,2566046,2566045.78125,secondary
11172,116.375,2566069,2566068.75,primary
11173,116.38541666666667,2566299,2566298.4375,secondary
11174,116.39583333333333,2566528,2566528.125,secondary
11175,116.40625,2566758,2566757.8125,secondary
11176,116.41666666666667,2566988,2566987.5,secondary
11177,116.42708333333333,2567217,2567217.1875,secondary
11178,116.446875,2567654,2567653.59375,secondary
11179,116.45729166666668,2567883,2567883.28125,secondary
11180,116.46770833333333,2568113,2568112.96875,secondary
11181,116.478125,2568343,2568342.65625,secondary
11182,116.48854166666668,2568572,2568572.34375,secondary
11183,116.49895833333333,2568802,2568802.03125,secondary
11184,116.5,2568825,2568825.0,primary
11185,116.51041666666667,2569055,2569054.6875,secondary
11186,116.52083333333333,2569284,2569284.375,secondary
11187,116.53125,2569514,2569514.0625,secondary
11188,116.54166666666667,2569744,2569743.75,secondary
11189,116.55208333333333,2569973,2569973.4375,secondary
11190,116.571875,2570410,2570409.84375,secondary
11191,116.58229166666668,2570640,2570639.53125,secondary
11192,116.59270833333333,2570869,2570869.21875,secondary
11193,116.603125,2571099,2571098.90625,secondary
11194,116.61354166666668,2571329,2571328.59375,secondary
11195,116.62395833333333,2571558,2571558.28125,secondary
11196,116.625,2571581,2571581.25,primary
11197,116.63541666666667,2571811,2571810.9375,secondary
11198,116.64583333333333,2572040,2572040.625,secondary
11199,116.65625,2572270,2572270.3125,secondary
11200,116.66666666666667,2572500,2572500.0,secondary
11201,116.67708333333333,2572729,2572729.6875,secondary
11202,116.696875,2573166,2573166.09375,secondary
11203,116.70729166666668,2573396,2573395.78125,secondary
11204,116.71770833333333,2573625,2573625.46875,secondary
11205,116.728125,2573855,2573855.15625,secondary
11206,116.73854166666668,2574085,2574084.84375,secondary
11207,116.74895833333333,2574315,2574314.53125,secondary
11208,116.75,2574338,2574337.5,primary
11209,116.76041666666667,2574568,2574567.1875,secondary
11210,116.77083333333333,2574797,2574796.875,secondary
11211,116.78125,2575027,2575026.5625,secondary
11212,116.79166666666667,2575257,2575256.25,secondary
11213,116.80208333333333,2575486,2575485.9375,secondary
11214,116.821875,2575922,2575922.34375,secondary
11215,116.83229166666668,2576152,2576152.03125,secondary
11216,116.84270833333333,2576382,2576381.71875,secondary
11217,116.853125,2576611,2576611.40625,secondary
11218,116.86354166666668,2576841,2576841.09375,secondary
11219,116.87395833333333,2577071,2577070.78125,secondary
11220,116.875,2577094,2577093.75,primary
11221,116.88541666666667,2577324,2577323.4375,secondary
11222,116.89583333333333,2577553,2577553.125,secondary
11223,116.90625,2577783,2577782.8125,secondary
11224,116.91666666666667,2578013,2578012.5,secondary
11225,116.92708333333333,2578242,2578242.1875,secondary
11226,116.946875,2578679,2578678.59375,secondary
11227,116.95729166666668,2578908,2578908.28125,secondary
11228,116.96770833333333,2579138,2579137.96875,secondary
11229,116.978125,2579368,2579367.65625,secondary
11230,116.98854166666668,2579597,2579597.34375,secondary
11231,116.99895833333333,2579827,2579827.03125,secondary
11232,117.0,2579850,2579850.0,primary
11233,117.01041666666667,2580080,2580079.6875,secondary
11234,117.02083333333333,2580309,2580309.375,secondary
11235,117.03125,2580539,2580539.0625,secondary
11236,117.04166666666667,2580769,2580768.75,secondary
11237,117.05208333333333,2580998,2580998.4375,secondary
11238,117.071875,2581435,2581434.84375,secondary
11239,117.08229166666668,2581665,2581664.53125,secondary
11240,117.09270833333333,2581894,2581894.21875,secondary
11241,117.103125,2582124,2582123.90625,secondary
11242,117.11354166666668,2582354,2582353.59375,secondary
11243,117.12395833333333,2582583,2582583.28125,secondary
11244,117.125,2582606,2582606.25,primary
11245,117.13541666666667,2582836,2582835.9375,secondary
11246,117.14583333333333,2583065,2583065.625,secondary
11247,117.15625,2583295,2583295.3125,secondary
11248,117.16666666666667,2583525,2583525.0,secondary
11249,117.17708333333333,2583754,2583754.6875,secondary
11250,117.196875,2584191,2584191.09375,secondary
11251,117.20729166666668,2584421,2584420.78125,secondary
11252,117.21770833333333,2584650,2584650.46875,secondary
11253,117.228125,2584880,2584880.15625,secondary
11254,117.23854166666668,2585110,2585109.84375,secondary
11255,117.24895833333333,2585340,2585339.53125,secondary
11256,117.25,2585362,2585362.5,primary
11257,117.26041666666667,2585592,2585592.1875,secondary
11258,117.27083333333333,2585821,2585821.875,secondary
11259,117.28125,2586051,2586051.5625,secondary
11260,117.29166666666667,2586281,2586281.25,secondary
11261,117.30208333333333,2586510,2586510.9375,secondary
11262,117.321875,2586947,2586947.34375,secondary
11263,117.33229166666668,2587177,2587177.03125,secondary
11264,117.34270833333333,2587407,2587406.71875,secondary
11265,117.353125,2587636,2587636.40625,secondary
11266,117.36354166666668,2587866,2587866.09375,secondary
11267,117.37395833333333,2588096,2588095.78125,secondary
11268,117.375,2588119,2588118.75,primary
11269,117.38541666666667,2588349,2588348.4375,secondary
11270,117.39583333333333,2588578,2588578.125,secondary
11271,117.40625,2588808,2588807.8125,secondary
11272,117.41666666666667,2589038,2589037.5,secondary
11273,117.42708333333333,2589267,2589267.1875,secondary
11274,117.446875,2589704,2589703.59375,secondary
11275,117.45729166666668,2589933,2589933.28125,secondary
11276,117.46770833333333,2590163,2590162.96875,secondary
11277,117.478125,2590393,2590392.65625,secondary
11278,117.48854166666668,2590622,2590622.34375,secondary
11279,117.49895833333333,2590852,2590852.03125,secondary
11280,117.5,2590875,2590875.0,primary
11281,117.51041666666667,2591105,2591104.6875,secondary
11282,117.52083333333333,2591334,2591334.375,secondary
11283,117.53125,2591564,2591564.0625,secondary
11284,117.54166666666667,2591794,2591793.75,secondary
11285,117.55208333333333,2592023,2592023.4375,secondary
11286,117.571875,2592460,2592459.84375,secondary
11287,117.58229166666668,2592690,2592689.53125,secondary
11288,117.59270833333333,2592919,2592919.21875,secondary
11289,117.603125,2593149,2593148.90625,secondary
11290,117.61354166666668,2593379,2593378.59375,secondary
11291,117.62395833333333,2593608,2593608.28125,secondary
11292,117.625,2593631,2593631.25,primary
11293,117.63541666666667,2593861,2593860.9375,secondary
11294,117.64583333333333,2594090,2594090.625,secondary
11295,117.65625,2594320,2594320.3125,secondary
11296,117.66666666666667,2594550,2594550.0,secondary
11297,117.67708333333333,2594779,2594779.6875,secondary
11298,117.696875,2595216,2595216.09375,secondary
11299,117.70729166666668,2595446,2595445.78125,secondary
11300,117.71770833333333,2595675,2595675.46875,secondary
11301,117.728125,2595905,2595905.15625,secondary
11302,117.73854166666668,2596135,2596134.84375,secondary
11303,117.74895833333333,2596365,2596364.53125,secondary
11304,117.75,2596388,2596387.5,primary
11305,117.76041666666667,2596618,2596617.1875,secondary
11306,117.77083333333333,2596847,2596846.875,secondary
11307,117.78125,2597077,2597076.5625,secondary
11308,117.79166666666667,2597307,2597306.25,secondary
11309,117.80208333333333,2597536,2597535.9375,secondary
11310,117.821875,2597972,2597972.34375,secondary
11311,117.83229166666668,2598202,2598202.03125,secondary
11312,117.84270833333333,2598432,2598431.71875,secondary
11313,117.853125,2598661,2598661.40625,secondary
11314,117.86354166666668,2598891,2598891.09375,secondary
11315,117.87395833333333,2599121,2599120.78125,secondary
11316,117.875,2599144,2599143.75,primary
11317,117.88541666666667,2599374,2599373.4375,secondary
11318,117.89583333333333,2599603,2599603.125,secondary
11319,117.90625,2599833,2599832.8125,secondary
11320,117.91666666666667,2600063,2600062.5,secondary
11321,117.92708333333333,2600292,2600292.1875,secondary
11322,117.946875,2600729,2600728.59375,secondary
11323,117.95729166666668,2600958,2600958.28125,secondary
11324,117.96770833333333,2601188,2601187.96875,secondary
11325,117.978125,2601418,2601417.65625,secondary
11326,117.98854166666668,2601647,2601647.34375,secondary
11327,117.99895833333333,2601877,2601877.03125,secondary
11328,118.0,2601900,2601900.0,primary
11329,118.01041666666667,2602130,2602129.6875,secondary
11330,118.02083333333333,2602359,2602359.375,secondary
11331,118.03125,2602589,2602589.0625,secondary
11332,118.04166666666667,2602819,2602818.75,secondary
11333,118.05208333333333,2603048,2603048.4375,secondary
11334,118.071875,2603485,2603484.84375,secondary
11335,118.08229166666668,2603715,2603714.53125,secondary
11336,118.09270833333333,2603944,2603944.21875,secondary
11337,118.103125,2604174,2604173.90625,secondary
11338,118.11354166666668,2604404,2604403.59375,secondary
11339,118.12395833333333,2604633,2604633.28125,secondary
11340,118.125,2604656,2604656.25,primary
11341,118.13541666666667,2604886,2604885.9375,secondary
11342,118.14583333333333,2605115,2605115.625,secondary
11343,118.15625,2605345,2605345.3125,secondary
11344,118.16666666666667,2605575,2605575.0,secondary
11345,118.17708333333333,2605804,2605804.6875,secondary
11346,118.196875,2606241,2606241.09375,secondary
11347,118.20729166666668,2606471,2606470.78125,secondary
11348,118.21770833333333,2606700,2606700.46875,secondary
11349,118.228125,2606930,2606930.15625,secondary
11350,118.23854166666668,2607160,2607159.84375,secondary
11351,118.24895833333333,2607390,2607389.53125,secondary
11352,118.25,2607412,2607412.5,primary
11353,118.26041666666667,2607642,2607642.1875,secondary
11354,118.27083333333333,2607871,2607871.875,secondary
11355,118.28125,2608101,2608101.5625,secondary
11356,118.29166666666667,2608331,2608331.25,secondary
11357,118.30208333333333,2608560,2608560.9375,secondary
11358,118.321875,2608997,2608997.34375,secondary
11359,118.33229166666668,2609227,2609227.03125,secondary
11360,118.34270833333333,2609457,2609456.71875,secondary
11361,118.353125,2609686,2609686.40625,secondary
11362,118.36354166666668,2609916,2609916.09375,secondary
11363,118.37395833333333,2610146,2610145.78125,secondary
11364,118.375,2610169,2610168.75,primary
11365,118.38541666666667,2610399,2610398.4375,secondary
11366,118.39583333333333,2610628,2610628.125,secondary
11367,118.40625,2610858,2610857.8125,secondary
11368,118.41666666666667,2611088,2611087.5,secondary
11369,118.42708333333333,2611317,2611317.1875,secondary
11370,118.446875,2611754,2611753.59375,secondary
11371,118.45729166666668,2611983,2611983.28125,secondary
11372,118.46770833333333,2612213,2612212.96875,secondary
11373,118.478125,2612443,2612442.65625,secondary
11374,118.48854166666668,2612672,2612672.34375,secondary
11375,118.49895833333333,2612902,2612902.03125,secondary
11376,118.5,2612925,2612925.0,primary
11377,118.51041666666667,2613155,2613154.6875,secondary
11378,118.52083333333333,2613384,2613384.375,secondary
11379,118.53125,2613614,2613614.0625,secondary
11380,118.54166666666667,2613844,2613843.75,secondary
11381,118.55208333333333,2614073,2614073.4375,secondary
11382,118.571875,2614510,2614509.84375,secondary
11383,118.58229166666668,2614740,2614739.53125,secondary
11384,118.59270833333333,2614969,2614969.21875,secondary
11385,118.603125,2615199,2615198.90625,secondary
11386,118.61354166666668,2615429,2615428.59375,secondary
11387,118.62395833333333,2615658,2615658.28125,secondary
11388,118.625,2615681,2615681.25,primary
11389,118.63541666666667,2615911,2615910.9375,secondary
11390,118.64583333333333,2616140,2616140.625,secondary
11391,118.65625,2616370,2616370.3125,secondary
11392,118.66666666666667,2616600,2616600.0,secondary
11393,118.67708333333333,2616829,2616829.6875,secondary
11394,118.696875,2617266,2617266.09375,secondary
11395,118.70729166666668,2617496,2617495.78125,secondary
11396,118.71770833333333,2617725,2617725.46875,secondary
11397,118.728125,2617955,2617955.15625,secondary
11398,118.73854166666668,2618185,2618184.84375,secondary
11399,118.74895833333333,2618415,2618414.53125,secondary
11400,118.75,2618438,2618437.5,primary
11401,118.76041666666667,2618668,2618667.1875,secondary
11402,118.77083333333333,2618897,2618896.875,secondary
11403,118.78125,2619127,2619126.5625,secondary
11404,118.79166666666667,2619357,2619356.25,secondary
11405,118.80208333333333,2619586,2619585.9375,secondary
11406,118.821875,2620022,2620022.34375,secondary
11407,118.83229166666668,2620252,2620252.03125,secondary
11408,118.84270833333333,2620482,2620481.71875,secondary
11409,118.853125,2620711,2620711.40625,secondary
11410,118.86354166666668,2620941,2620941.09375,secondary
11411,118.87395833333333,2621171,2621170.78125,secondary
11412,118.875,2621194,2621193.75,primary
11413,118.88541666666667,2621424,2621423.4375,secondary
11414,118.89583333333333,2621653,2621653.125,secondary
11415,118.90625,2621883,2621882.8125,secondary
11416,118.91666666666667,2622113,2622112.5,secondary
11417,118.92708333333333,2622342,2622342.1875,secondary
11418,118.946875,2622779,2622778.59375,secondary
11419,118.95729166666668,2623008,2623008.28125,secondary
11420,118.96770833333333,2623238,2623237.96875,secondary
11421,118.978125,2623468,2623467.65625,secondary
11422,118.98854166666668,2623697,2623697.34375,secondary
11423,118.99895833333333,2623927,2623927.03125,secondary
11424,119.0,2623950,2623950.0,primary
11425,119.01041666666667,2624180,2624179.6875,secondary
11426,119.02083333333333,2624409,2624409.375,secondary
11427,119.03125,2624639,2624639.0625,secondary
11428,119.04166666666667,2624869,2624868.75,secondary
11429,119.05208333333333,2625098,2625098.4375,secondary
11430,119.071875,2625535,2625534.84375,secondary
11431,119.08229166666668,2625765,2625764.53125,secondary
11432,119.09270833333333,2625994,2625994.21875,secondary
11433,119.103125,2626224,2626223.90625,secondary
11434,119.11354166666668,2626454,2626453.59375,secondary
11435,119.12395833333333,2626683,2626683.28125,secondary
11436,119.125,2626706,2626706.25,primary
11437,119.13541666666667,2626936,2626935.9375,secondary
11438,119.14583333333333,2627165,2627165.625,secondary
11439,119.15625,2627395,2627395.3125,secondary
11440,119.16666666666667,2627625,2627625.0,secondary
11441,119.17708333333333,2627854,2627854.6875,secondary
11442,119.196875,2628291,2628291.09375,secondary
11443,119.20729166666668,2628521,2628520.78125,secondary
11444,119.21770833333333,2628750,2628750.46875,secondary
11445,119.228125,2628980,2628980.15625,secondary
11446,119.23854166666668,2629210,2629209.84375,secondary
11447,119.24895833333333,2629440,2629439.53125,secondary
11448,119.25,2629462,2629462.5,primary
11449,119.26041666666667,2629692,2629692.1875,secondary
11450,119.27083333333333,2629921,2629921.875,secondary
11451,119.28125,2630151,2630151.5625,secondary
11452,119.29166666666667,2630381,2630381.25,secondary
11453,119.30208333333333,2630610,2630610.9375,secondary
11454,119.321875,2631047,2631047.34375,secondary
11455,119.33229166666668,2631277,2631277.03125,secondary
11456,119.34270833333333,2631507,2631506.71875,secondary
11457,119.353125,2631736,2631736.40625,secondary
11458,119.36354166666668,2631966,2631966.09375,secondary
11459,119.37395833333333,2632196,2632195.78125,secondary
11460,119.375,2632219,2632218.75,primary
11461,119.38541666666667,2632449,2632448.4375,secondary
11462,119.39583333333333,2632678,2632678.125,secondary
11463,119.40625,2632908,2632907.8125,secondary
11464,119.41666666666667,2633138,2633137.5,secondary
11465,119.42708333333333,2633367,2633367.1875,secondary
11466,119.446875,2633804,2633803.59375,secondary
11467,119.45729166666668,2634033,2634033.28125,secondary
11468,119.46770833333333,2634263,2634262.96875,secondary
11469,119.478125,2634493,2634492.65625,secondary
11470,119.48854166666668,2634722,2634722.34375,secondary
11471,119.49895833333333,2634952,2634952.03125,secondary
11472,119.5,2634975,2634975.0,primary
11473,119.51041666666667,2635205,2635204.6875,secondary
11474,119.52083333333333,2635434,2635434.375,secondary
11475,119.53125,2635664,2635664.0625,secondary
11476,119.54166666666667,2635894,2635893.75,secondary
11477,119.55208333333333,2636123,2636123.4375,secondary
11478,119.571875,2636560,2636559.84375,secondary
11479,119.58229166666668,2636790,2636789.53125,secondary
11480,119.59270833333333,2637019,2637019.21875,secondary
11481,119.603125,2637249,2637248.90625,secondary
11482,119.61354166666668,2637479,2637478.59375,secondary
11483,119.62395833333333,2637708,2637708.28125,secondary
11484,119.625,2637731,2637731.25,primary
11485,119.63541666666667,2637961,2637960.9375,secondary
11486,119.64583333333333,2638190,2638190.625,secondary
11487,119.65625,2638420,2638420.3125,secondary
11488,119.66666666666667,2638650,2638650.0,secondary
11489,119.67708333333333,2638879,2638879.6875,secondary
11490,119.696875,2639316,2639316.09375,secondary
11491,119.70729166666668,2639546,2639545.78125,secondary
11492,119.71770833333333,2639775,2639775.46875,secondary
11493,119.728125,2640005,2640005.15625,secondary
11494,119.73854166666668,2640235,2640234.84375,secondary
11495,119.74895833333333,2640465,2640464.53125,secondary
11496,119.75,2640488,2640487.5,primary
11497,119.76041666666667,2640718,2640717.1875,secondary
11498,119.77083333333333,2640947,2640946.875,secondary
11499,119.78125,2641177,2641176.5625,secondary
11500,119.79166666666667,2641407,2641406.25,secondary
11501,119.80208333333333,2641636,2641635.9375,secondary
11502,119.821875,2642072,2642072.34375,secondary
11503,119.83229166666668,2642302,2642302.03125,secondary
11504,119.84270833333333,2642532,2642531.71875,secondary
11505,119.853125,2642761,2642761.40625,secondary
11506,119.86354166666668,2642991,2642991.09375,secondary
11507,119.87395833333333,2643221,2643220.78125,secondary
11508,119.875,2643244,2643243.75,primary
11509,119.88541666666667,2643474,2643473.4375,secondary
11510,119.89583333333333,2643703,2643703.125,secondary
11511,119.90625,2643933,2643932.8125,secondary
11512,119.91666666666667,2644163,2644162.5,secondary
11513,119.92708333333333,2644392,2644392.1875,secondary
11514,119.946875,2644829,2644828.59375,secondary
11515,119.95729166666668,2645058,2645058.28125,secondary
11516,119.96770833333333,2645288,2645287.96875,secondary
11517,119.978125,2645518,2645517.65625,secondary
11518,119.98854166666668,2645747,2645747.34375,secondary
11519,119.99895833333333,2645977,2645977.03125,secondary
11520,120.0,2646000,2646000.0,primary
11521,120.01041666666667,2646230,2646229.6875,secondary
11522,120.02083333333333,2646459,2646459.375,secondary
11523,120.03125,2646689,2646689.0625,secondary
11524,120.04166666666667,2646919,2646918.75,secondary
11525,120.05208333333333,2647148,2647148.4375,secondary
11526,120.071875,2647585,2647584.84375,secondary
11527,120.08229166666668,2647815,2647814.53125,secondary
11528,120.09270833333333,2648044,2648044.21875,secondary
11529,120.103125,2648274,2648273.90625,secondary
11530,120.11354166666668,2648504,2648503.59375,secondary
11531,120.12395833333333,2648733,2648733.28125,secondary
11532,120.125,2648756,2648756.25,primary
11533,120.13541666666667,2648986,2648985.9375,secondary
11534,120.14583333333333,2649215,2649215.625,secondary
11535,120.15625,2649445,2649445.3125,secondary
11536,120.16666666666667,2649675,2649675.0,secondary
11537,120.17708333333333,2649904,2649904.6875,secondary
11538,120.196875,2650341,2650341.09375,secondary
11539,120.20729166666668,2650571,2650570.78125,secondary
11540,120.21770833333333,2650800,2650800.46875,secondary
11541,120.228125,2651030,2651030.15625,secondary
11542,120.23854166666668,2651260,2651259.84375,secondary
11543,120.24895833333333,2651490,2651489.53125,secondary
11544,120.25,2651512,2651512.5,primary
11545,120.26041666666667,2651742,2651742.1875,secondary
11546,120.27083333333333,2651971,2651971.875,secondary
11547,120.28125,2652201,2652201.5625,secondary
11548,120.29166666666667,2652431,2652431.25,secondary
11549,120.30208333333333,2652660,2652660.9375,secondary
11550,120.321875,2653097,2653097.34375,secondary
11551,120.33229166666668,2653327,2653327.03125,secondary
11552,120.34270833333333,2653557,2653556.71875,secondary
11553,120.353125,2653786,2653786.40625,secondary
11554,120.36354166666668,2654016,2654016.09375,secondary
11555,120.37395833333333,2654246,2654245.78125,secondary
11556,120.375,2654269,2654268.75,primary
11557,120.38541666666667,2654499,2654498.4375,secondary
11558,120.39583333333333,2654728,2654728.125,secondary
11559,120.40625,2654958,2654957.8125,secondary
11560,120.41666666666667,2655188,2655187.5,secondary
11561,120.42708333333333,2655417,2655417.1875,secondary
11562,120.446875,2655854,2655853.59375,secondary
11563,120.45729166666668,2656083,2656083.28125,secondary
11564,120.46770833333333,2656313,2656312.96875,secondary
11565,120.478125,2656543,2656542.65625,secondary
11566,120.48854166666668,2656772,2656772.34375,secondary
11567,120.49895833333333,2657002,2657002.03125,secondary
11568,120.5,2657025,2657025.0,primary
11569,120.51041666666667,2657255,2657254.6875,secondary
11570,120.52083333333333,2657484,2657484.375,secondary
11571,120.53125,2657714,2657714.0625,secondary
11572,120.54166666666667,2657944,2657943.75,secondary
11573,120.55208333333333,2658173,2658173.4375,secondary
11574,120.571875,2658610,2658609.84375,secondary
11575,120.58229166666668,2658840,2658839.53125,secondary
11576,120.59270833333333,2659069,2659069.21875,secondary
11577,120.603125,2659299,2659298.90625,secondary
11578,120.61354166666668,2659529,2659528.59375,secondary
11579,120.62395833333333,2659758,2659758.28125,secondary
11580,120.625,2659781,2659781.25,primary
11581,120.63541666666667,2660011,2660010.9375,secondary
11582,120.64583333333333,2660240,2660240.625,secondary
11583,120.65625,2660470,2660470.3125,secondary
11584,120.66666666666667,2660700,2660700.0,secondary
11585,120.67708333333333,2660929,2660929.6875,secondary
11586,120.696875,2661366,2661366.09375,secondary
11587,120.70729166666668,2661596,2661595.78125,secondary
11588,120.71770833333333,2661825,2661825.46875,secondary
11589,120.728125,2662055,2662055.15625,secondary
11590,120.73854166666668,2662285,2662284.84375,secondary
11591,120.74895833333333,2662515,2662514.53125,secondary
11592,120.75,2662538,2662537.5,primary
11593,120.76041666666667,2662768,2662767.1875,secondary
11594,120.77083333333333,2662997,2662996.875,secondary
11595,120.78125,2663227,2663226.5625,secondary
11596,120.79166666666667,2663457,2663456.25,secondary
11597,120.80208333333333,2663686,2663685.9375,secondary
11598,120.821875,2664122,2664122.34375,secondary
11599,120.83229166666668,2664352,2664352.03125,secondary
11600,120.84270833333333,2664582,2664581.71875,secondary
11601,120.853125,2664811,2664811.40625,secondary
11602,120.86354166666668,2665041,2665041.09375,secondary
11603,120.87395833333333,2665271,2665270.78125,secondary
11604,120.875,2665294,2665293.75,primary
11605,120.88541666666667,2665524,2665523.4375,secondary
11606,120.89583333333333,2665753,2665753.125,secondary
11607,120.90625,2665983,2665982.8125,secondary
11608,120.91666666666667,2666213,2666212.5,secondary
11609,120.92708333333333,2666442,2666442.1875,secondary
11610,120.946875,2666879,2666878.59375,secondary
11611,120.95729166666668,2667108,2667108.28125,secondary
11612,120.96770833333333,2667338,2667337.96875,secondary
11613,120.978125,2667568,2667567.65625,secondary
11614,120.98854166666668,2667797,2667797.34375,secondary
11615,120.99895833333333,2668027,2668027.03125,secondary
11616,121.0,2668050,2668050.0,primary
11617,121.01041666666667,2668280,2668279.6875,secondary
11618,121.02083333333333,2668509,2668509.375,secondary
11619,121.03125,2668739,2668739.0625,secondary
11620,121.04166666666667,2668969,2668968.75,secondary
11621,121.05208333333333,2669198,2669198.4375,secondary
11622,121.071875,2669635,2669634.84375,secondary
11623,121.08229166666668,2669865,2669864.53125,secondary
11624,121.09270833333333,2670094,2670094.21875,secondary
11625,121.103125,2670324,2670323.90625,secondary
11626,121.11354166666668,2670554,2670553.59375,secondary
11627,121.12395833333333,2670783,2670783.28125,secondary
11628,121.125,2670806,2670806.25,primary
11629,121.13541666666667,2671036,2671035.9375,secondary
11630,121.14583333333333,2671265,2671265.625,secondary
11631,121.15625,2671495,2671495.3125,secondary
11632,121.16666666666667,2671725,2671725.0,secondary
11633,121.17708333333333,2671954,2671954.6875,secondary
11634,121.196875,2672391,2672391.09375,secondary
11635,121.20729166666668,2672621,2672620.78125,secondary
11636,121.21770833333333,2672850,2672850.46875,secondary
11637,121.228125,2673080,2673080.15625,secondary
11638,121.23854166666668,2673310,2673309.84375,secondary
11639,121.24895833333333,2673540,2673539.53125,secondary
11640,121.25,2673562,2673562.5,primary
11641,121.26041666666667,2673792,2673792.1875,secondary
11642,121.27083333333333,2674021,2674021.875,secondary
11643,121.28125,2674251,2674251.5625,secondary
11644,121.29166666666667,2674481,2674481.25,secondary
11645,121.30208333333333,2674710,2674710.9375,secondary
11646,121.321875,2675147,2675147.34375,secondary
11647,121.33229166666668,2675377,2675377.03125,secondary
11648,121.34270833333333,2675607,2675606.71875,secondary
11649,121.353125,2675836,2675836.40625,secondary
11650,121.36354166666668,2676066,2676066.09375,secondary
11651,121.37395833333333,2676296,2676295.78125,secondary
11652,121.375,2676319,2676318.75,primary
11653,121.38541666666667,2676549,2676548.4375,secondary
11654,121.39583333333333,2676778,2676778.125,secondary
11655,121.40625,2677008,2677007.8125,secondary
11656,121.41666666666667,2677238,2677237.5,secondary
11657,121.42708333333333,2677467,2677467.1875,secondary
11658,121.446875,2677904,2677903.59375,secondary
11659,121.45729166666668,2678133,2678133.28125,secondary
11660,121.46770833333333,2678363,2678362.96875,secondary
11661,121.478125,2678593,2678592.65625,secondary
11662,121.48854166666668,2678822,2678822.34375,secondary
11663,121.49895833333333,2679052,2679052.03125,secondary
11664,121.5,2679075,2679075.0,primary
11665,121.51041666666667,2679305,2679304.6875,secondary
11666,121.52083333333333,2679534,2679534.375,secondary
11667,121.53125,2679764,2679764.0625,secondary
11668,121.54166666666667,2679994,2679993.75,secondary
11669,121.55208333333333,2680223,2680223.4375,secondary
11670,121.571875,2680660,2680659.84375,secondary
11671,121.58229166666668,2680890,2680889.53125,secondary
11672,121.59270833333333,2681119,2681119.21875,secondary
11673,121.603125,2681349,2681348.90625,secondary
11674,121.61354166666668,2681579,2681578.59375,secondary
11675,121.62395833333333,2681808,2681808.28125,secondary
11676,121.625,2681831,2681831.25,primary
11677,121.63541666666667,2682061,2682060.9375,secondary
11678,121.64583333333333,2682290,2682290.625,secondary
11679,121.65625,2682520,2682520.3125,secondary
11680,121.66666666666667,2682750,2682750.0,secondary
11681,121.67708333333333,2682979,2682979.6875,secondary
11682,121.696875,2683416,2683416.09375,secondary
11683,121.70729166666668,2683646,2683645.78125,secondary
11684,121.71770833333333,2683875,2683875.46875,secondary
11685,121.728125,2684105,2684105.15625,secondary
11686,121.73854166666668,2684335,2684334.84375,secondary
11687,121.74895833333333,2684565,2684564.53125,secondary
11688,121.75,2684588,2684587.5,primary
11689,121.76041666666667,2684818,2684817.1875,secondary
11690,121.77083333333333,2685047,2685046.875,secondary
11691,121.78125,2685277,2685276.5625,secondary
11692,121.79166666666667,2685507,2685506.25,secondary
11693,121.80208333333333,2685736,2685735.9375,secondary
11694,121.821875,2686172,2686172.34375,secondary
11695,121.83229166666668,2686402,2686402.03125,secondary
11696,121.84270833333333,2686632,2686631.71875,secondary
11697,121.853125,2686861,2686861.40625,secondary
11698,121.86354166666668,2687091,2687091.09375,secondary
11699,121.87395833333333,2687321,2687320.78125,secondary
11700,121.875,2687344,2687343.75,primary
11701,121.88541666666667,2687574,2687573.4375,secondary
11702,121.89583333333333,2687803,2687803.125,secondary
11703,121.90625,2688033,2688032.8125,secondary
11704,121.91666666666667,2688263,2688262.5,secondary
11705,121.92708333333333,2688492,2688492.1875,secondary
11706,121.946875,2688929,2688928.59375,secondary
11707,121.95729166666668,2689158,2689158.28125,secondary
11708,121.96770833333333,2689388,2689387.96875,secondary
11709,121.978125,2689618,2689617.65625,secondary
11710,121.98854166666668,2689847,2689847.34375,secondary
11711,121.99895833333333,2690077,2690077.03125,secondary
11712,122.0,2690100,2690100.0,primary
11713,122.01041666666667,2690330,2690329.6875,secondary
11714,122.02083333333333,2690559,2690559.375,secondary
11715,122.03125,2690789,2690789.0625,secondary
11716,122.04166666666667,2691019,2691018.75,secondary
11717,122.05208333333333,2691248,2691248.4375,secondary
11718,122.071875,2691685,2691684.84375,secondary
11719,122.08229166666668,2691915,2691914.53125,secondary
11720,122.09270833333333,2692144,2692144.21875,secondary
11721,122.103125,2692374,2692373.90625,secondary
11722,122.11354166666668,2692604,2692603.59375,secondary
11723,122.12395833333333,2692833,2692833.28125,secondary
11724,122.125,2692856,2692856.25,primary
11725,122.13541666666667,2693086,2693085.9375,secondary
11726,122.14583333333333,2693315,2693315.625,secondary
11727,122.15625,2693545,2693545.3125,secondary
11728,122.16666666666667,2693775,2693775.0,secondary
11729,122.17708333333333,2694004,2694004.6875,secondary
11730,122.196875,2694441,2694441.09375,secondary
11731,122.20729166666668,2694671,2694670.78125,secondary
11732,122.21770833333333,2694900,2694900.46875,secondary
11733,122.228125,2695130,2695130.15625,secondary
11734,122.23854166666668,2695360,2695359.84375,secondary
11735,122.24895833333333,2695590,2695589.53125,secondary
11736,122.25,2695612,2695612.5,primary
11737,122.26041666666667,2695842,2695842.1875,secondary
11738,122.27083333333333,2696071,2696071.875,secondary
11739,122.28125,2696301,2696301.5625,secondary
11740,122.29166666666667,2696531,2696531.25,secondary
11741,122.30208333333333,2696760,2696760.9375,secondary
11742,122.321875,2697197,2697197.34375,secondary
11743,122.33229166666668,2697427,2697427.03125,secondary
11744,122.34270833333333,2697657,2697656.71875,secondary
11745,122.353125,2697886,2697886.40625,secondary
11746,122.36354166666668,2698116,2698116.09375,secondary
11747,122.37395833333333,2698346,2698345.78125,secondary
11748,122.375,2698369,2698368.75,primary
11749,122.38541666666667,2698599,2698598.4375,secondary
11750,122.39583333333333,2698828,2698828.125,secondary
11751,122.40625,2699058,2699057.8125,secondary
11752,122.41666666666667,2699288,2699287.5,secondary
11753,122.42708333333333,2699517,2699517.1875,secondary
11754,122.446875,2699954,2699953.59375,secondary
11755,122.45729166666668,2700183,2700183.28125,secondary
11756,122.46770833333333,2700413,2700412.96875,secondary
11757,122.478125,2700643,2700642.65625,secondary
11758,122.48854166666668,2700872,2700872.34375,secondary
11759,122.49895833333333,2701102,2701102.03125,secondary
11760,122.5,2701125,2701125.0,primary
11761,122.51041666666667,2701355,2701354.6875,secondary
11762,122.52083333333333,2701584,2701584.375,secondary
11763,122.53125,2701814,2701814.0625,secondary
11764,122.54166666666667,2702044,2702043.75,secondary
11765,122.55208333333333,2702273,2702273.4375,secondary
11766,122.571875,2702710,2702709.84375,secondary
11767,122.58229166666668,2702940,2702939.53125,secondary
11768,122.59270833333333,2703169,2703169.21875,secondary
11769,122.603125,2703399,2703398.90625,secondary
11770,122.61354166666668,2703629,2703628.59375,secondary
11771,122.62395833333333,2703858,2703858.28125,secondary
11772,122.625,2703881,2703881.25,primary
11773,122.63541666666667,2704111,2704110.9375,secondary
11774,122.64583333333333,2704340,2704340.625,secondary
11775,122.65625,2704570,2704570.3125,secondary
11776,122.66666666666667,2704800,2704800.0,secondary
11777,122.67708333333333,2705029,2705029.6875,secondary
11778,122.696875,2705466,2705466.09375,secondary
11779,122.70729166666668,2705696,2705695.78125,secondary
11780,122.71770833333333,2705925,2705925.46875,secondary
11781,122.728125,2706155,2706155.15625,secondary
11782,122.73854166666668,2706385,2706384.84375,secondary
11783,122.74895833333333,2706615,2706614.53125,secondary
11784,122.75,2706638,2706637.5,primary
11785,122.76041666666667,2706868,2706867.1875,secondary
11786,122.77083333333333,2707097,2707096.875,secondary
11787,122.78125,2707327,2707326.5625,secondary
11788,122.79166666666667,2707557,2707556.25,secondary
11789,122.80208333333333,2707786,2707785.9375,secondary
11790,122.821875,2708222,2708222.34375,secondary
11791,122.83229166666668,2708452,2708452.03125,secondary
11792,122.84270833333333,2708682,2708681.71875,secondary
11793,122.853125,2708911,2708911.40625,secondary
11794,122.86354166666668,2709141,2709141.09375,secondary
11795,122.87395833333333,2709371,2709370.78125,secondary
11796,122.875,2709394,2709393.75,primary
11797,122.88541666666667,2709624,2709623.4375,secondary
11798,122.89583333333333,2709853,2709853.125,secondary
11799,122.90625,2710083,2710082.8125,secondary
11800,122.91666666666667,2710313,2710312.5,secondary
11801,122.92708333333333,2710542,2710542.1875,secondary
11802,122.946875,2710979,2710978.59375,secondary
11803,122.95729166666668,2711208,2711208.28125,secondary
11804,122.96770833333333,2711438,2711437.96875,secondary
11805,122.978125,2711668,2711667.65625,secondary
11806,122.98854166666668,2711897,2711897.34375,secondary
11807,122.99895833333333,2712127,2712127.03125,secondary
11808,123.0,2712150,2712150.0,primary
11809,123.01041666666667,2712380,2712379.6875,secondary
11810,123.02083333333333,2712609,2712609.375,secondary
11811,123.03125,2712839,2712839.0625,secondary
11812,123.04166666666667,2713069,2713068.75,secondary
11813,123.05208333333333,2713298,2713298.4375,secondary
11814,123.071875,2713735,2713734.84375,secondary
11815,123.08229166666668,2713965,2713964.53125,secondary
11816,123.09270833333333,2714194,2714194.21875,secondary
11817,123.103125,2714424,2714423.90625,secondary
11818,123.11354166666668,2714654,2714653.59375,secondary
11819,123.12395833333333,2714883,2714883.28125,secondary
11820,123.125,2714906,2714906.25,primary
11821,123.13541666666667,2715136,2715135.9375,secondary
11822,123.14583333333333,2715365,2715365.625,secondary
11823,123.15625,2715595,2715595.3125,secondary
11824,123.16666666666667,2715825,2715825.0,secondary
11825,123.17708333333333,2716054,2716054.6875,secondary
11826,123.196875,2716491,2716491.09375,secondary
11827,123.20729166666668,2716721,2716720.78125,secondary
11828,123.21770833333333,2716950,2716950.46875,secondary
11829,123.228125,2717180,2717180.15625,secondary
11830,123.23854166666668,2717410,2717409.84375,secondary
11831,123.24895833333333,2717640,2717639.53125,secondary
11832,123.25,2717662,2717662.5,primary
11833,123.26041666666667,2717892,2717892.1875,secondary
11834,123.27083333333333,2718121,2718121.875,secondary
11835,123.28125,2718351,2718351.5625,secondary
11836,123.29166666666667,2718581,2718581.25,secondary
11837,123.30208333333333,2718810,2718810.9375,secondary
11838,123.321875,2719247,2719247.34375,secondary
11839,123.33229166666668,2719477,2719477.03125,secondary
11840,123.34270833333333,2719707,2719706.71875,secondary
11841,123.353125,2719936,2719936.40625,secondary
11842,123.36354166666668,2720166,2720166.09375,secondary
11843,123.37395833333333,2720396,2720395.78125,secondary
11844,123.375,2720419,2720418.75,primary
11845,123.38541666666667,2720649,2720648.4375,secondary
11846,123.39583333333333,2720878,2720878.125,secondary
11847,123.40625,2721108,2721107.8125,secondary
11848,123.41666666666667,2721338,2721337.5,secondary
11849,123.42708333333333,2721567,2721567.1875,secondary
11850,123.446875,2722004,2722003.59375,secondary
11851,123.45729166666668,2722233,2722233.28125,secondary
11852,123.46770833333333,2722463,2722462.96875,secondary
11853,123.478125,2722693,2722692.65625,secondary
11854,123.48854166666668,2722922,2722922.34375,secondary
11855,123.49895833333333,2723152,2723152.03125,secondary
11856,123.5,2723175,2723175.0,primary
11857,123.51041666666667,2723405,2723404.6875,secondary
11858,123.52083333333333,2723634,2723634.375,secondary
11859,123.53125,2723864,2723864.0625,secondary
11860,123.54166666666667,2724094,2724093.75,secondary
11861,123.55208333333333,2724323,2724323.4375,secondary
11862,123.571875,2724760,2724759.84375,secondary
11863,123.58229166666668,2724990,2724989.53125,secondary
11864,123.59270833333333,2725219,2725219.21875,secondary
11865,123.603125,2725449,2725448.90625,secondary
11866,123.61354166666668,2725679,2725678.59375,secondary
11867,123.62395833333333,2725908,2725908.28125,secondary
11868,123.625,2725931,2725931.25,primary
11869,123.63541666666667,2726161,2726160.9375,secondary
11870,123.64583333333333,2726390,2726390.625,secondary
11871,123.65625,2726620,2726620.3125,secondary
11872,123.66666666666667,2726850,2726850.0,secondary
11873,123.67708333333333,2727079,2727079.6875,secondary
11874,123.696875,2727516,2727516.09375,secondary
11875,123.70729166666668,2727746,2727745.78125,secondary
11876,123.71770833333333,2727975,2727975.46875,secondary
11877,123.728125,2728205,2728205.15625,secondary
11878,123.73854166666668,2728435,2728434.84375,secondary
11879,123.74895833333333,2728665,2728664.53125,secondary
11880,123.75,2728688,2728687.5,primary
11881,123.76041666666667,2728918,2728917.1875,secondary
11882,123.77083333333333,2729147,2729146.875,secondary
11883,123.78125,2729377,2729376.5625,secondary
11884,123.79166666666667,2729607,2729606.25,secondary
11885,123.80208333333333,2729836,2729835.9375,secondary
11886,123.821875,2730272,2730272.34375,secondary
11887,123.83229166666668,2730502,2730502.03125,secondary
11888,123.84270833333333,2730732,2730731.71875,secondary
11889,123.853125,2730961,2730961.40625,secondary
11890,123.86354166666668,2731191,2731191.09375,secondary
11891,123.87395833333333,2731421,2731420.78125,secondary
11892,123.875,2731444,2731443.75,primary
11893,123.88541666666667,2731674,2731673.4375,secondary
11894,123.89583333333333,2731903,2731903.125,secondary
11895,123.90625,2732133,2732132.8125,secondary
11896,123.91666666666667,2732363,2732362.5,secondary
11897,123.92708333333333,2732592,2732592.1875,secondary
11898,123.946875,2733029,2733028.59375,secondary
11899,123.95729166666668,2733258,2733258.28125,secondary
11900,123.96770833333333,2733488,2733487.96875,secondary
11901,123.978125,2733718,2733717.65625,secondary
11902,123.98854166666668,2733947,2733947.34375,secondary
11903,123.99895833333333,2734177,2734177.03125,secondary
11904,124.0,2734200,2734200.0,primary
11905,124.01041666666667,2734430,2734429.6875,secondary
11906,124.02083333333333,2734659,2734659.375,secondary
11907,124.03125,2734889,2734889.0625,secondary
11908,124.04166666666667,2735119,2735118.75,secondary
11909,124.05208333333333,2735348,2735348.4375,secondary
11910,124.071875,2735785,2735784.84375,secondary
11911,124.08229166666668,2736015,2736014.53125,secondary
11912,124.09270833333333,2736244,2736244.21875,secondary
11913,124.103125,2736474,2736473.90625,secondary
11914,124.11354166666668,2736704,2736703.59375,secondary
11915,124.12395833333333,2736933,2736933.28125,secondary
11916,124.125,2736956,2736956.25,primary
11917,124.13541666666667,2737186,2737185.9375,secondary
11918,124.14583333333333,2737415,2737415.625,secondary
11919,124.15625,2737645,2737645.3125,secondary
11920,124.16666666666667,2737875,2737875.0,secondary
11921,124.17708333333333,2738104,2738104.6875,secondary
11922,124.196875,2738541,2738541.09375,secondary
11923,124.20729166666668,2738771,2738770.78125,secondary
11924,124.21770833333333,2739000,2739000.46875,secondary
11925,124.228125,2739230,2739230.15625,secondary
11926,124.23854166666668,2739460,2739459.84375,secondary
11927,124.24895833333333,2739690,2739689.53125,secondary
11928,124.25,2739712,2739712.5,primary
11929,124.26041666666667,2739942,2739942.1875,secondary
11930,124.27083333333333,2740171,2740171.875,secondary
11931,124.28125,2740401,2740401.5625,secondary
11932,124.29166666666667,2740631,2740631.25,secondary
11933,124.30208333333333,2740860,2740860.9375,secondary
11934,124.321875,2741297,2741297.34375,secondary
11935,124.33229166666668,2741527,2741527.03125,secondary
11936,124.34270833333333,2741757,2741756.71875,secondary
11937,124.353125,2741986,2741986.40625,secondary
11938,124.36354166666668,2742216,2742216.09375,secondary
11939,124.37395833333333,2742446,2742445.78125,secondary
11940,124.375,2742469,2742468.75,primary
11941,124.38541666666667,2742699,2742698.4375,secondary
11942,124.39583333333333,2742928,2742928.125,secondary
11943,124.40625,2743158,2743157.8125,secondary
11944,124.41666666666667,2743388,2743387.5,secondary
11945,124.42708333333333,2743617,2743617.1875,secondary
11946,124.446875,2744054,2744053.59375,secondary
11947,124.45729166666668,2744283,2744283.28125,secondary
11948,124.46770833333333,2744513,2744512.96875,secondary
11949,124.478125,2744743,2744742.65625,secondary
11950,124.48854166666668,2744972,2744972.34375,secondary
11951,124.49895833333333,2745202,2745202.03125,secondary
11952,124.5,2745225,2745225.0,primary
11953,124.51041666666667,2745455,2745454.6875,secondary
11954,124.52083333333333,2745684,2745684.375,secondary
11955,124.53125,2745914,2745914.0625,secondary
11956,124.54166666666667,2746144,2746143.75,secondary
11957,124.55208333333333,2746373,2746373.4375,secondary
11958,124.571875,2746810,2746809.84375,secondary
11959,124.58229166666668,2747040,2747039.53125,secondary
11960,124.59270833333333,2747269,2747269.21875,secondary
11961,124.603125,2747499,2747498.90625,secondary
11962,124.61354166666668,2747729,2747728.59375,secondary
11963,124.62395833333333,2747958,2747958.28125,secondary
11964,124.625,2747981,2747981.25,primary
11965,124.63541666666667,2748211,2748210.9375,secondary
11966,124.64583333333333,2748440,2748440.625,secondary
11967,124.65625,2748670,2748670.3125,secondary
11968,124.66666666666667,2748900,2748900.0,secondary
11969,124.67708333333333,2749129,2749129.6875,secondary
11970,124.696875,2749566,2749566.09375,secondary
11971,124.70729166666668,2749796,2749795.78125,secondary
11972,124.71770833333333,2750025,2750025.46875,secondary
11973,124.728125,2750255,2750255.15625,secondary
11974,124.73854166666668,2750485,2750484.84375,secondary
11975,124.74895833333333,2750715,2750714.53125,secondary
11976,124.75,2750738,2750737.5,primary
11977,124.76041666666667,2750968,2750967.1875,secondary
11978,124.77083333333333,2751197,2751196.875,secondary
11979,124.78125,2751427,2751426.5625,secondary
11980,124.79166666666667,2751657,2751656.25,secondary
11981,124.80208333333333,2751886,2751885.9375,secondary
11982,124.821875,2752322,2752322.34375,secondary
11983,124.83229166666668,2752552,2752552.03125,secondary
11984,124.84270833333333,2752782,2752781.71875,secondary
11985,124.853125,2753011,2753011.40625,secondary
11986,124.86354166666668,2753241,2753241.09375,secondary
11987,124.87395833333333,2753471,2753470.78125,secondary
11988,124.875,2753494,2753493.75,primary
11989,124.88541666666667,2753724,2753723.4375,secondary
11990,124.89583333333333,2753953,2753953.125,secondary
11991,124.90625,2754183,2754182.8125,secondary
11992,124.91666666666667,2754413,2754412.5,secondary
11993,124.92708333333333,2754642,2754642.1875,secondary
11994,124.946875,2755079,2755078.59375,secondary
11995,124.95729166666668,2755308,2755308.28125,secondary
11996,124.96770833333333,2755538,2755537.96875,secondary
11997,124.978125,2755768,2755767.65625,secondary
11998,124.98854166666668,2755997,2755997.34375,secondary
11999,124.99895833333333,2756227,2756227.03125,secondary
