idx,ppq,accum_sample,exact_sample,frac_in,frac_out
0,0.0,0,0.0,0.0,0.0
1,0.010416666666666666,230,229.6875,0.0,-0.3125
2,0.020833333333333332,459,459.375,-0.3125,0.0625
3,0.03125,689,689.0625,0.0625,0.125
4,0.041666666666666664,919,918.75,0.125,-0.125
5,0.05208333333333333,1148,1148.4375,-0.125,0.3125
6,0.071875,1585,1584.8437499999998,0.3125,0.15624999999977263
7,0.08229166666666667,1815,1814.53125,0.15624999999977263,-0.3125000000002274
8,0.09270833333333332,2044,2044.2187499999998,-0.3125000000002274,-0.09375000000045475
9,0.103125,2274,2273.90625,-0.09375000000045475,-0.18750000000045475
10,0.11354166666666665,2503,2503.5937499999995,-0.18750000000045475,0.4062499999990905
11,0.12395833333333332,2734,2733.28125,0.4062499999990905,-0.3125000000009095
12,0.125,2756,2756.25,-0.3125000000009095,-0.0625000000009095
13,0.13541666666666666,2986,2985.9375,-0.0625000000009095,-0.1250000000009095
14,0.14583333333333334,3215,3215.625,-0.1250000000009095,0.4999999999990905
15,0.15625,3446,3445.3125,0.4999999999990905,-0.1875000000009095
16,0.16666666666666666,3675,3675.0,-0.1875000000009095,-0.1875000000009095
17,0.17708333333333331,3904,3904.6874999999995,-0.1875000000009095,0.49999999999863576
18,0.196875,4342,4341.09375,0.49999999999863576,-0.40625000000136424
19,0.20729166666666665,4570,4570.78125,-0.40625000000136424,0.37499999999863576
20,0.21770833333333334,4801,4800.46875,0.37499999999863576,-0.15625000000136424
21,0.228125,5030,5030.15625,-0.15625000000136424,-1.3642420526593924e-12
22,0.23854166666666665,5260,5259.84375,-1.3642420526593924e-12,-0.15625000000136424
23,0.24895833333333334,5489,5489.53125,-0.15625000000136424,0.37499999999863576
24,0.25,5513,5512.5,0.37499999999863576,-0.12500000000136424
25,0.2604166666666667,5742,5742.1875,-0.12500000000136424,0.06249999999863576
26,0.2708333333333333,5972,5971.875,0.06249999999863576,-0.06250000000136424
27,0.28125,6201,6201.5625,-0.06250000000136424,0.49999999999863576
28,0.2916666666666667,6432,6431.25,0.49999999999863576,-0.25000000000136424
29,0.3020833333333333,6661,6660.9375,-0.25000000000136424,-0.31250000000136424
30,0.321875,7097,7097.343750000001,-0.31250000000136424,0.031249999999545253
31,0.3322916666666667,7327,7327.031250000001,0.031249999999545253,0.06250000000045475
32,0.34270833333333334,7557,7556.71875,0.06250000000045475,-0.21874999999954525
33,0.353125,7786,7786.406250000001,-0.21874999999954525,0.18750000000136424
34,0.3635416666666667,8016,8016.093750000001,0.18750000000136424,0.28125000000227374
35,0.37395833333333334,8246,8245.78125,0.28125000000227374,0.06250000000227374
36,0.375,8269,8268.75,0.06250000000227374,-0.18749999999772626
37,0.3854166666666667,8498,8498.4375,-0.18749999999772626,0.25000000000227374
38,0.3958333333333333,8728,8728.125,0.25000000000227374,0.37500000000227374
39,0.40625,8958,8957.8125,0.37500000000227374,0.18750000000227374
40,0.4166666666666667,9188,9187.5,0.18750000000227374,-0.31249999999772626
41,0.4270833333333333,9417,9417.1875,-0.31249999999772626,-0.12499999999772626
42,0.446875,9853,9853.59375,-0.12499999999772626,0.46875000000227374
43,0.4572916666666667,10084,10083.28125,0.46875000000227374,-0.24999999999772626
44,0.46770833333333334,10313,10312.96875,-0.24999999999772626,-0.28124999999772626
45,0.478125,10542,10542.65625,-0.28124999999772626,0.37500000000227374
46,0.4885416666666667,10773,10772.34375,0.37500000000227374,-0.28124999999772626
47,0.49895833333333334,11002,11002.03125,-0.28124999999772626,-0.24999999999772626
48,0.5,11025,11025.0,-0.24999999999772626,-0.24999999999772626
49,0.5104166666666666,11254,11254.6875,-0.24999999999772626,0.43750000000227374
50,0.5208333333333334,11485,11484.375,0.43750000000227374,-0.18749999999772626
51,0.53125,11714,11714.0625,-0.18749999999772626,-0.12499999999772626
52,0.5416666666666666,11944,11943.75,-0.12499999999772626,-0.37499999999772626
53,0.5520833333333334,12173,12173.4375,-0.37499999999772626,0.06250000000227374
54,0.571875,12610,12609.84375,0.06250000000227374,-0.09374999999772626
55,0.5822916666666667,12839,12839.53125,-0.09374999999772626,0.43750000000227374
56,0.5927083333333334,13070,13069.218750000002,0.43750000000227374,-0.3437499999959073
57,0.603125,13299,13298.90625,-0.3437499999959073,-0.4374999999959073
58,0.6135416666666667,13528,13528.59375,-0.4374999999959073,0.15625000000409273
59,0.6239583333333334,13758,13758.281250000002,0.15625000000409273,0.4375000000059117
60,0.625,13782,13781.25,0.4375000000059117,-0.3124999999940883
61,0.6354166666666666,14011,14010.9375,-0.3124999999940883,-0.3749999999940883
62,0.6458333333333334,14240,14240.625,-0.3749999999940883,0.2500000000059117
63,0.65625,14471,14470.3125,0.2500000000059117,-0.4374999999940883
64,0.6666666666666666,14700,14700.0,-0.4374999999940883,-0.4374999999940883
65,0.6770833333333334,14929,14929.6875,-0.4374999999940883,0.2500000000059117
66,0.696875,15366,15366.09375,0.2500000000059117,0.3437500000059117
67,0.7072916666666667,15596,15595.78125,0.3437500000059117,0.12500000000591172
68,0.7177083333333334,15826,15825.468750000002,0.12500000000591172,-0.4062499999922693
69,0.728125,16055,16055.15625,-0.4062499999922693,-0.2499999999922693
70,0.7385416666666667,16285,16284.84375,-0.2499999999922693,-0.4062499999922693
71,0.7489583333333334,16514,16514.53125,-0.4062499999922693,0.1250000000077307
72,0.75,16538,16537.5,0.1250000000077307,-0.3749999999922693
73,0.7604166666666666,16767,16767.1875,-0.3749999999922693,-0.1874999999922693
74,0.7708333333333334,16997,16996.875,-0.1874999999922693,-0.3124999999922693
75,0.78125,17226,17226.5625,-0.3124999999922693,0.2500000000077307
76,0.7916666666666666,17457,17456.25,0.2500000000077307,-0.4999999999922693
77,0.8020833333333334,17685,17685.9375,-0.4999999999922693,0.4375000000077307
78,0.821875,18123,18122.34375,0.4375000000077307,-0.2187499999922693
79,0.8322916666666667,18352,18352.03125,-0.2187499999922693,-0.1874999999922693
80,0.8427083333333334,18582,18581.71875,-0.1874999999922693,-0.4687499999922693
81,0.853125,18811,18811.40625,-0.4687499999922693,-0.062499999992269295
82,0.8635416666666667,19041,19041.09375,-0.062499999992269295,0.031250000007730705
83,0.8739583333333334,19271,19270.78125,0.031250000007730705,-0.1874999999922693
84,0.875,19294,19293.75,-0.1874999999922693,-0.4374999999922693
85,0.8854166666666666,19523,19523.4375,-0.4374999999922693,7.73070496506989e-12
86,0.8958333333333334,19753,19753.125,7.73070496506989e-12,0.1250000000077307
87,0.90625,19983,19982.8125,0.1250000000077307,-0.062499999992269295
88,0.9166666666666666,20212,20212.5,-0.062499999992269295,0.4375000000077307
89,0.9270833333333334,20443,20442.1875,0.4375000000077307,-0.3749999999922693
90,0.946875,20878,20878.59375,-0.3749999999922693,0.2187500000077307
91,0.9572916666666667,21109,21108.28125,0.2187500000077307,-0.4999999999922693
92,0.9677083333333334,21337,21337.96875,-0.4999999999922693,0.4687500000077307
93,0.978125,21568,21567.65625,0.4687500000077307,0.1250000000077307
94,0.9885416666666667,21797,21797.34375,0.1250000000077307,0.4687500000077307
95,0.9989583333333334,22028,22027.03125,0.4687500000077307,-0.4999999999922693
96,1.0,22050,22050.0,-0.4999999999922693,-0.4999999999922693
97,1.0104166666666667,22279,22279.6875,-0.4999999999922693,0.1875000000077307
98,1.0208333333333333,22510,22509.375,0.1875000000077307,-0.4374999999922693
99,1.03125,22739,22739.0625,-0.4374999999922693,-0.3749999999922693
100,1.0416666666666667,22968,22968.75,-0.3749999999922693,0.3750000000077307
101,1.0520833333333333,23199,23198.4375,0.3750000000077307,-0.1874999999922693
102,1.071875,23635,23634.843749999996,-0.1874999999922693,-0.3437499999959073
103,1.0822916666666667,23864,23864.53125,-0.3437499999959073,0.18750000000409273
104,1.0927083333333332,24094,24094.218749999996,0.18750000000409273,0.40625000000045475
105,1.103125,24324,24323.906249999996,0.40625000000045475,0.31249999999681677
106,1.1135416666666667,24554,24553.59375,0.31249999999681677,-0.09375000000318323
107,1.1239583333333332,24783,24783.281249999996,-0.09375000000318323,0.1874999999931788
108,1.125,24806,24806.25,0.1874999999931788,0.4374999999931788
109,1.1354166666666667,25036,25035.9375,0.4374999999931788,0.3749999999931788
110,1.1458333333333333,25266,25265.625,0.3749999999931788,-6.821210263296962e-12
111,1.15625,25495,25495.3125,-6.821210263296962e-12,0.3124999999931788
112,1.1666666666666667,25725,25725.0,0.3124999999931788,0.3124999999931788
113,1.1770833333333333,25955,25954.6875,0.3124999999931788,-6.821210263296962e-12
114,1.196875,26391,26391.093749999996,-6.821210263296962e-12,0.09374999998954081
115,1.2072916666666667,26621,26620.78125,0.09374999998954081,-0.1250000000104592
116,1.2177083333333332,26850,26850.468749999996,-0.1250000000104592,0.34374999998590283
117,1.228125,27080,27080.156249999996,0.34374999998590283,0.49999999998226485
118,1.2385416666666667,27310,27309.84375,0.49999999998226485,0.34374999998226485
119,1.2489583333333332,27540,27539.531249999996,0.34374999998226485,-0.12500000002137313
120,1.25,27562,27562.5,-0.12500000002137313,0.3749999999786269
121,1.2604166666666667,27793,27792.1875,0.3749999999786269,-0.4375000000213731
122,1.2708333333333333,28021,28021.875,-0.4375000000213731,0.4374999999786269
123,1.28125,28252,28251.5625,0.4374999999786269,-2.1373125491663814e-11
124,1.2916666666666667,28481,28481.25,-2.1373125491663814e-11,0.24999999997862687
125,1.3020833333333333,28711,28710.9375,0.24999999997862687,0.18749999997862687
126,1.321875,29148,29147.343749999996,0.18749999997862687,-0.4687500000250111
127,1.3322916666666667,29377,29377.03125,-0.4687500000250111,-0.4375000000250111
128,1.3427083333333332,29606,29606.718749999996,-0.4375000000250111,0.2812499999713509
129,1.353125,29837,29836.406249999996,0.2812499999713509,-0.31250000003228706
130,1.3635416666666667,30066,30066.09375,-0.31250000003228706,-0.21875000003228706
131,1.3739583333333332,30296,30295.781249999996,-0.21875000003228706,-0.43750000003592504
132,1.375,30318,30318.75,-0.43750000003592504,0.31249999996407496
133,1.3854166666666667,30549,30548.4375,0.31249999996407496,-0.25000000003592504
134,1.3958333333333333,30778,30778.125,-0.25000000003592504,-0.12500000003592504
135,1.40625,31008,31007.8125,-0.12500000003592504,-0.31250000003592504
136,1.4166666666666667,31237,31237.5,-0.31250000003592504,0.18749999996407496
137,1.4270833333333333,31467,31467.1875,0.18749999996407496,0.37499999996407496
138,1.446875,31904,31903.593749999996,0.37499999996407496,-0.03125000003956302
139,1.4572916666666667,32133,32133.28125,-0.03125000003956302,0.24999999996043698
140,1.4677083333333332,32363,32362.968749999996,0.24999999996043698,0.218749999956799
141,1.478125,32593,32592.656249999996,0.218749999956799,-0.12500000004683898
142,1.4885416666666667,32822,32822.34375,-0.12500000004683898,0.21874999995316102
143,1.4989583333333332,33052,33052.03125,0.21874999995316102,0.24999999995316102
144,1.5,33075,33075.0,0.24999999995316102,0.24999999995316102
145,1.5104166666666667,33305,33304.6875,0.24999999995316102,-0.06250000004683898
146,1.5208333333333333,33534,33534.375,-0.06250000004683898,0.312499999953161
147,1.53125,33764,33764.0625,0.312499999953161,0.374999999953161
148,1.5416666666666667,33994,33993.75,0.374999999953161,0.12499999995316102
149,1.5520833333333333,34224,34223.4375,0.12499999995316102,-0.437500000046839
150,1.571875,34659,34659.84375,-0.437500000046839,0.406249999953161
151,1.5822916666666667,34890,34889.53125,0.406249999953161,-0.06250000004683898
152,1.5927083333333332,35119,35119.21875,-0.06250000004683898,0.15624999995316102
153,1.603125,35349,35348.90625,0.15624999995316102,0.06249999995316102
154,1.6135416666666667,35579,35578.59375,0.06249999995316102,-0.343750000046839
155,1.6239583333333332,35808,35808.28125,-0.343750000046839,-0.06250000004683898
156,1.625,35831,35831.25,-0.06250000004683898,0.18749999995316102
157,1.6354166666666667,36061,36060.9375,0.18749999995316102,0.12499999995316102
158,1.6458333333333333,36291,36290.625,0.12499999995316102,-0.250000000046839
159,1.65625,36520,36520.3125,-0.250000000046839,0.06249999995316102
160,1.6666666666666667,36750,36750.0,0.06249999995316102,0.06249999995316102
161,1.6770833333333333,36980,36979.6875,0.06249999995316102,-0.250000000046839
162,1.696875,37416,37416.09375,-0.250000000046839,-0.15625000004683898
163,1.7072916666666667,37646,37645.78125,-0.15625000004683898,-0.375000000046839
164,1.7177083333333332,37875,37875.46875,-0.375000000046839,0.09374999995316102
165,1.728125,38105,38105.15625,0.09374999995316102,0.24999999995316102
166,1.7385416666666667,38335,38334.84375,0.24999999995316102,0.09374999995316102
167,1.7489583333333332,38565,38564.53125,0.09374999995316102,-0.375000000046839
168,1.75,38587,38587.5,-0.375000000046839,0.12499999995316102
169,1.7604166666666667,38817,38817.1875,0.12499999995316102,0.312499999953161
170,1.7708333333333333,39047,39046.875,0.312499999953161,0.18749999995316102
171,1.78125,39277,39276.5625,0.18749999995316102,-0.250000000046839
172,1.7916666666666667,39506,39506.25,-0.250000000046839,-4.6838977141305804e-11
173,1.8020833333333333,39736,39735.9375,-4.6838977141305804e-11,-0.06250000004683898
174,1.821875,40172,40172.34375,-0.06250000004683898,0.281249999953161
175,1.8322916666666667,40402,40402.03125,0.281249999953161,0.312499999953161
176,1.8427083333333332,40632,40631.71875,0.312499999953161,0.031249999953161023
177,1.853125,40861,40861.40625,0.031249999953161023,0.437499999953161
178,1.8635416666666667,41092,41091.09375,0.437499999953161,-0.468750000046839
179,1.8739583333333332,41320,41320.78125,-0.468750000046839,0.312499999953161
180,1.875,41344,41343.75,0.312499999953161,0.06249999995316102
181,1.8854166666666667,41573,41573.4375,0.06249999995316102,0.499999999953161
182,1.8958333333333333,41804,41803.125,0.499999999953161,-0.375000000046839
183,1.90625,42032,42032.8125,-0.375000000046839,0.437499999953161
184,1.9166666666666667,42263,42262.5,0.437499999953161,-0.06250000004683898
185,1.9270833333333333,42492,42492.1875,-0.06250000004683898,0.12499999995316102
186,1.946875,42929,42928.59375,0.12499999995316102,-0.281250000046839
187,1.9572916666666667,43158,43158.28125,-0.281250000046839,-4.6838977141305804e-11
188,1.9677083333333332,43388,43387.96875,-4.6838977141305804e-11,-0.03125000004683898
189,1.978125,43618,43617.65625,-0.03125000004683898,-0.375000000046839
190,1.9885416666666667,43847,43847.34375,-0.375000000046839,-0.03125000004683898
191,1.9989583333333332,44077,44077.03125,-0.03125000004683898,-4.6838977141305804e-11
192,2.0,44100,44100.0,-4.6838977141305804e-11,-4.6838977141305804e-11
193,2.0104166666666665,44330,44329.6875,-4.6838977141305804e-11,-0.312500000046839
194,2.0208333333333335,44559,44559.375,-0.312500000046839,0.06249999995316102
195,2.03125,44789,44789.0625,0.06249999995316102,0.12499999995316102
196,2.0416666666666665,45019,45018.75,0.12499999995316102,-0.12500000004683898
197,2.0520833333333335,45248,45248.4375,-0.12500000004683898,0.312499999953161
198,2.071875,45685,45684.84375,0.312499999953161,0.15624999995316102
199,2.0822916666666664,45915,45914.53124999999,0.15624999995316102,-0.31250000005411493
200,2.0927083333333334,46144,46144.21875,-0.31250000005411493,-0.09375000005411493
201,2.103125,46374,46373.90625,-0.09375000005411493,-0.18750000005411493
202,2.1135416666666664,46603,46603.59374999999,-0.18750000005411493,0.4062499999386091
203,2.1239583333333334,46834,46833.28125,0.4062499999386091,-0.3125000000613909
204,2.125,46856,46856.25,-0.3125000000613909,-0.06250000006139089
205,2.1354166666666665,47086,47085.9375,-0.06250000006139089,-0.1250000000613909
206,2.1458333333333335,47315,47315.625,-0.1250000000613909,0.4999999999386091
207,2.15625,47546,47545.3125,0.4999999999386091,-0.1875000000613909
208,2.1666666666666665,47775,47775.0,-0.1875000000613909,-0.1875000000613909
209,2.1770833333333335,48004,48004.6875,-0.1875000000613909,0.4999999999386091
210,2.196875,48442,48441.09375,0.4999999999386091,-0.4062500000613909
211,2.2072916666666664,48670,48670.78124999999,-0.4062500000613909,0.37499999993133315
212,2.2177083333333334,48901,48900.46875,0.37499999993133315,-0.15625000006866685
213,2.228125,49130,49130.15625,-0.15625000006866685,-6.866684998385608e-11
214,2.2385416666666664,49360,49359.84374999999,-6.866684998385608e-11,-0.1562500000759428
215,2.2489583333333334,49589,49589.53125,-0.1562500000759428,0.3749999999240572
216,2.25,49613,49612.5,0.3749999999240572,-0.1250000000759428
217,2.2604166666666665,49842,49842.1875,-0.1250000000759428,0.06249999992405719
218,2.2708333333333335,50072,50071.875,0.06249999992405719,-0.06250000007594281
219,2.28125,50301,50301.5625,-0.06250000007594281,0.4999999999240572
220,2.2916666666666665,50532,50531.25,0.4999999999240572,-0.2500000000759428
221,2.3020833333333335,50761,50760.9375,-0.2500000000759428,-0.3125000000759428
222,2.321875,51197,51197.34375,-0.3125000000759428,0.031249999924057192
223,2.3322916666666664,51427,51427.03124999999,0.031249999924057192,0.062499999916781235
224,2.3427083333333334,51657,51656.71875,0.062499999916781235,-0.21875000008321877
225,2.353125,51886,51886.40625,-0.21875000008321877,0.18749999991678123
226,2.3635416666666664,52116,52116.09374999999,0.18749999991678123,0.2812499999095053
227,2.3739583333333334,52346,52345.78125,0.2812499999095053,0.06249999990950528
228,2.375,52369,52368.75,0.06249999990950528,-0.18750000009049472
229,2.3854166666666665,52598,52598.4375,-0.18750000009049472,0.24999999990950528
230,2.3958333333333335,52828,52828.125,0.24999999990950528,0.3749999999095053
231,2.40625,53058,53057.8125,0.3749999999095053,0.18749999990950528
232,2.4166666666666665,53288,53287.5,0.18749999990950528,-0.3125000000904947
233,2.4270833333333335,53517,53517.1875,-0.3125000000904947,-0.12500000009049472
234,2.446875,53953,53953.59375,-0.12500000009049472,0.4687499999095053
235,2.4572916666666664,54184,54183.28124999999,0.4687499999095053,-0.2500000000977707
236,2.4677083333333334,54413,54412.96875,-0.2500000000977707,-0.2812500000977707
237,2.478125,54642,54642.65625,-0.2812500000977707,0.3749999999022293
238,2.4885416666666664,54873,54872.34374999999,0.3749999999022293,-0.28125000010504664
239,2.4989583333333334,55102,55102.03125,-0.28125000010504664,-0.25000000010504664
240,2.5,55125,55125.0,-0.25000000010504664,-0.25000000010504664
241,2.5104166666666665,55354,55354.6875,-0.25000000010504664,0.43749999989495336
242,2.5208333333333335,55585,55584.375,0.43749999989495336,-0.18750000010504664
243,2.53125,55814,55814.0625,-0.18750000010504664,-0.12500000010504664
244,2.5416666666666665,56044,56043.75,-0.12500000010504664,-0.37500000010504664
245,2.5520833333333335,56273,56273.4375,-0.37500000010504664,0.06249999989495336
246,2.571875,56710,56709.84375,0.06249999989495336,-0.09375000010504664
247,2.5822916666666664,56939,56939.53124999999,-0.09375000010504664,0.4374999998876774
248,2.5927083333333334,57170,57169.21875,0.4374999998876774,-0.3437500001123226
249,2.603125,57399,57398.90625,-0.3437500001123226,-0.4375000001123226
250,2.6135416666666664,57628,57628.59374999999,-0.4375000001123226,0.15624999988040145
251,2.6239583333333334,57858,57858.28125,0.15624999988040145,0.43749999988040145
252,2.625,57882,57881.25,0.43749999988040145,-0.31250000011959855
253,2.6354166666666665,58111,58110.9375,-0.31250000011959855,-0.37500000011959855
254,2.6458333333333335,58340,58340.625,-0.37500000011959855,0.24999999988040145
255,2.65625,58571,58570.3125,0.24999999988040145,-0.43750000011959855
256,2.6666666666666665,58800,58800.0,-0.43750000011959855,-0.43750000011959855
257,2.6770833333333335,59029,59029.6875,-0.43750000011959855,0.24999999988040145
258,2.696875,59466,59466.09375,0.24999999988040145,0.34374999988040145
259,2.7072916666666664,59696,59695.78124999999,0.34374999988040145,0.12499999987312549
260,2.7177083333333334,59926,59925.46875,0.12499999987312549,-0.4062500001268745
261,2.728125,60155,60155.15625,-0.4062500001268745,-0.2500000001268745
262,2.7385416666666664,60385,60384.84374999999,-0.2500000001268745,-0.40625000013415047
263,2.7489583333333334,60614,60614.53125,-0.40625000013415047,0.12499999986584953
264,2.75,60638,60637.5,0.12499999986584953,-0.37500000013415047
265,2.7604166666666665,60867,60867.1875,-0.37500000013415047,-0.18750000013415047
266,2.7708333333333335,61097,61096.875,-0.18750000013415047,-0.31250000013415047
267,2.78125,61326,61326.5625,-0.31250000013415047,0.24999999986584953
268,2.7916666666666665,61556,61556.25,0.24999999986584953,0.49999999986584953
269,2.8020833333333335,61786,61785.9375,0.49999999986584953,0.43749999986584953
270,2.821875,62223,62222.34375,0.43749999986584953,-0.21875000013415047
271,2.8322916666666664,62452,62452.03124999999,-0.21875000013415047,-0.18750000014142643
272,2.8427083333333334,62682,62681.71875,-0.18750000014142643,-0.4687500001414264
273,2.853125,62911,62911.40625,-0.4687500001414264,-0.06250000014142643
274,2.8635416666666664,63141,63141.09374999999,-0.06250000014142643,0.031249999851297616
275,2.8739583333333334,63371,63370.78125,0.031249999851297616,-0.18750000014870238
276,2.875,63394,63393.75,-0.18750000014870238,-0.4375000001487024
277,2.8854166666666665,63623,63623.4375,-0.4375000001487024,-1.4870238373987377e-10
278,2.8958333333333335,63853,63853.125,-1.4870238373987377e-10,0.12499999985129762
279,2.90625,64083,64082.8125,0.12499999985129762,-0.06250000014870238
280,2.9166666666666665,64312,64312.5,-0.06250000014870238,0.4374999998512976
281,2.9270833333333335,64543,64542.1875,0.4374999998512976,-0.3750000001487024
282,2.946875,64978,64978.59375,-0.3750000001487024,0.21874999985129762
283,2.9572916666666664,65208,65208.28124999999,0.21874999985129762,0.49999999984402166
284,2.9677083333333334,65438,65437.96875,0.49999999984402166,0.46874999984402166
285,2.978125,65668,65667.65625,0.46874999984402166,0.12499999984402166
286,2.9885416666666664,65897,65897.34375,0.12499999984402166,0.46874999984402166
287,2.9989583333333334,66127,66127.03125,0.46874999984402166,0.49999999984402166
288,3.0,66150,66150.0,0.49999999984402166,0.49999999984402166
289,3.0104166666666665,66380,66379.6875,0.49999999984402166,0.18749999984402166
290,3.0208333333333335,66610,66609.375,0.18749999984402166,-0.43750000015597834
291,3.03125,66839,66839.0625,-0.43750000015597834,-0.37500000015597834
292,3.0416666666666665,67068,67068.75,-0.37500000015597834,0.37499999984402166
293,3.0520833333333335,67299,67298.4375,0.37499999984402166,-0.18750000015597834
294,3.071875,67735,67734.84375,-0.18750000015597834,-0.34375000015597834
295,3.0822916666666664,67964,67964.53125,-0.34375000015597834,0.18749999984402166
296,3.0927083333333334,68194,68194.21875,0.18749999984402166,0.40624999984402166
297,3.103125,68424,68423.90625,0.40624999984402166,0.31249999984402166
298,3.1135416666666664,68654,68653.59375,0.31249999984402166,-0.09375000015597834
299,3.1239583333333334,68883,68883.28125,-0.09375000015597834,0.18749999984402166
300,3.125,68906,68906.25,0.18749999984402166,0.43749999984402166
301,3.1354166666666665,69136,69135.9375,0.43749999984402166,0.37499999984402166
302,3.1458333333333335,69366,69365.625,0.37499999984402166,-1.559783413540572e-10
303,3.15625,69595,69595.3125,-1.559783413540572e-10,0.31249999984402166
304,3.1666666666666665,69825,69825.0,0.31249999984402166,0.31249999984402166
305,3.1770833333333335,70055,70054.6875,0.31249999984402166,-1.559783413540572e-10
306,3.196875,70491,70491.09375,-1.559783413540572e-10,0.09374999984402166
307,3.2072916666666664,70721,70720.78125,0.09374999984402166,-0.12500000015597834
308,3.2177083333333334,70950,70950.46875,-0.12500000015597834,0.34374999984402166
309,3.228125,71180,71180.15625,0.34374999984402166,0.49999999984402166
310,3.2385416666666664,71410,71409.84375,0.49999999984402166,0.34374999984402166
311,3.2489583333333334,71640,71639.53125,0.34374999984402166,-0.12500000015597834
312,3.25,71662,71662.5,-0.12500000015597834,0.37499999984402166
313,3.2604166666666665,71893,71892.1875,0.37499999984402166,-0.43750000015597834
314,3.2708333333333335,72121,72121.875,-0.43750000015597834,0.43749999984402166
315,3.28125,72352,72351.5625,0.43749999984402166,-1.559783413540572e-10
316,3.2916666666666665,72581,72581.25,-1.559783413540572e-10,0.24999999984402166
317,3.3020833333333335,72811,72810.9375,0.24999999984402166,0.18749999984402166
318,3.321875,73248,73247.34375,0.18749999984402166,-0.46875000015597834
319,3.3322916666666664,73477,73477.03125,-0.46875000015597834,-0.43750000015597834
320,3.3427083333333334,73706,73706.71875,-0.43750000015597834,0.28124999984402166
321,3.353125,73937,73936.40625,0.28124999984402166,-0.31250000015597834
322,3.3635416666666664,74166,74166.09375,-0.31250000015597834,-0.21875000015597834
323,3.3739583333333334,74396,74395.78125,-0.21875000015597834,-0.43750000015597834
324,3.375,74418,74418.75,-0.43750000015597834,0.31249999984402166
325,3.3854166666666665,74649,74648.4375,0.31249999984402166,-0.25000000015597834
326,3.3958333333333335,74878,74878.125,-0.25000000015597834,-0.12500000015597834
327,3.40625,75108,75107.8125,-0.12500000015597834,-0.31250000015597834
328,3.4166666666666665,75337,75337.5,-0.31250000015597834,0.18749999984402166
329,3.4270833333333335,75567,75567.1875,0.18749999984402166,0.37499999984402166
330,3.446875,76004,76003.59375,0.37499999984402166,-0.03125000015597834
331,3.4572916666666664,76233,76233.28125,-0.03125000015597834,0.24999999984402166
332,3.4677083333333334,76463,76462.96875,0.24999999984402166,0.21874999984402166
333,3.478125,76693,76692.65625,0.21874999984402166,-0.12500000015597834
334,3.4885416666666664,76922,76922.34375,-0.12500000015597834,0.21874999984402166
335,3.4989583333333334,77152,77152.03125,0.21874999984402166,0.24999999984402166
336,3.5,77175,77175.0,0.24999999984402166,0.24999999984402166
337,3.5104166666666665,77405,77404.6875,0.24999999984402166,-0.06250000015597834
338,3.5208333333333335,77634,77634.375,-0.06250000015597834,0.31249999984402166
339,3.53125,77864,77864.0625,0.31249999984402166,0.37499999984402166
340,3.5416666666666665,78094,78093.75,0.37499999984402166,0.12499999984402166
341,3.5520833333333335,78324,78323.4375,0.12499999984402166,-0.43750000015597834
342,3.571875,78759,78759.84375,-0.43750000015597834,0.40624999984402166
343,3.5822916666666664,78990,78989.53125,0.40624999984402166,-0.06250000015597834
344,3.5927083333333334,79219,79219.21875,-0.06250000015597834,0.15624999984402166
345,3.603125,79449,79448.90625,0.15624999984402166,0.06249999984402166
346,3.6135416666666664,79679,79678.59375,0.06249999984402166,-0.34375000015597834
347,3.6239583333333334,79908,79908.28125,-0.34375000015597834,-0.06250000015597834
348,3.625,79931,79931.25,-0.06250000015597834,0.18749999984402166
349,3.6354166666666665,80161,80160.9375,0.18749999984402166,0.12499999984402166
350,3.6458333333333335,80391,80390.625,0.12499999984402166,-0.25000000015597834
351,3.65625,80620,80620.3125,-0.25000000015597834,0.06249999984402166
352,3.6666666666666665,80850,80850.0,0.06249999984402166,0.06249999984402166
353,3.6770833333333335,81080,81079.6875,0.06249999984402166,-0.25000000015597834
354,3.696875,81516,81516.09375,-0.25000000015597834,-0.15625000015597834
355,3.7072916666666664,81746,81745.78125,-0.15625000015597834,-0.37500000015597834
356,3.7177083333333334,81975,81975.46875,-0.37500000015597834,0.09374999984402166
357,3.728125,82205,82205.15625,0.09374999984402166,0.24999999984402166
358,3.7385416666666664,82435,82434.84375,0.24999999984402166,0.09374999984402166
359,3.7489583333333334,82665,82664.53125,0.09374999984402166,-0.37500000015597834
360,3.75,82687,82687.5,-0.37500000015597834,0.12499999984402166
361,3.7604166666666665,82917,82917.1875,0.12499999984402166,0.31249999984402166
362,3.7708333333333335,83147,83146.875,0.31249999984402166,0.18749999984402166
363,3.78125,83377,83376.5625,0.18749999984402166,-0.25000000015597834
364,3.7916666666666665,83606,83606.25,-0.25000000015597834,-1.559783413540572e-10
365,3.8020833333333335,83836,83835.9375,-1.559783413540572e-10,-0.06250000015597834
366,3.821875,84272,84272.34375,-0.06250000015597834,0.28124999984402166
367,3.8322916666666664,84502,84502.03125,0.28124999984402166,0.31249999984402166
368,3.8427083333333334,84732,84731.71875,0.31249999984402166,0.03124999984402166
369,3.853125,84961,84961.40625,0.03124999984402166,0.43749999984402166
370,3.8635416666666664,85192,85191.09375,0.43749999984402166,-0.46875000015597834
371,3.8739583333333334,85420,85420.78125,-0.46875000015597834,0.31249999984402166
372,3.875,85444,85443.75,0.31249999984402166,0.06249999984402166
373,3.8854166666666665,85673,85673.4375,0.06249999984402166,0.49999999984402166
374,3.8958333333333335,85904,85903.125,0.49999999984402166,-0.37500000015597834
375,3.90625,86132,86132.8125,-0.37500000015597834,0.43749999984402166
376,3.9166666666666665,86363,86362.5,0.43749999984402166,-0.06250000015597834
377,3.9270833333333335,86592,86592.1875,-0.06250000015597834,0.12499999984402166
378,3.946875,87029,87028.59375,0.12499999984402166,-0.28125000015597834
379,3.9572916666666664,87258,87258.28125,-0.28125000015597834,-1.559783413540572e-10
380,3.9677083333333334,87488,87487.96875,-1.559783413540572e-10,-0.03125000015597834
381,3.978125,87718,87717.65625,-0.03125000015597834,-0.37500000015597834
382,3.9885416666666664,87947,87947.34375,-0.37500000015597834,-0.03125000015597834
383,3.9989583333333334,88177,88177.03125,-0.03125000015597834,-1.559783413540572e-10
384,4.0,88200,88200.0,-1.559783413540572e-10,-1.559783413540572e-10
385,4.010416666666667,88430,88429.6875,-1.559783413540572e-10,-0.31250000015597834
386,4.020833333333333,88659,88659.375,-0.31250000015597834,0.06249999984402166
387,4.03125,88889,88889.0625,0.06249999984402166,0.12499999984402166
388,4.041666666666667,89119,89118.75,0.12499999984402166,-0.12500000015597834
389,4.052083333333333,89348,89348.4375,-0.12500000015597834,0.31249999984402166
390,4.071875,89785,89784.84375000001,0.31249999984402166,0.15624999985857357
391,4.082291666666667,90015,90014.53125000001,0.15624999985857357,-0.3125000001268745
392,4.092708333333333,90244,90244.21875,-0.3125000001268745,-0.09375000012687451
393,4.103125,90474,90473.90625000001,-0.09375000012687451,-0.1875000001123226
394,4.113541666666667,90703,90703.59375000001,-0.1875000001123226,0.4062499999022293
395,4.123958333333333,90934,90933.28125,0.4062499999022293,-0.3125000000977707
396,4.125,90956,90956.25,-0.3125000000977707,-0.06250000009777068
397,4.135416666666667,91186,91185.9375,-0.06250000009777068,-0.12500000009777068
398,4.145833333333333,91415,91415.625,-0.12500000009777068,0.4999999999022293
399,4.15625,91646,91645.3125,0.4999999999022293,-0.18750000009777068
400,4.166666666666667,91875,91875.0,-0.18750000009777068,-0.18750000009777068
401,4.177083333333333,92104,92104.6875,-0.18750000009777068,0.4999999999022293
402,4.196875,92542,92541.09375000001,0.4999999999022293,-0.40625000008321877
403,4.207291666666667,92770,92770.78125000001,-0.40625000008321877,0.37499999993133315
404,4.217708333333333,93001,93000.46875,0.37499999993133315,-0.15625000006866685
405,4.228125,93230,93230.15625000001,-0.15625000006866685,-5.411493475548923e-11
406,4.238541666666667,93460,93459.84375000001,-5.411493475548923e-11,-0.15625000003956302
407,4.248958333333333,93689,93689.53125,-0.15625000003956302,0.374999999960437
408,4.25,93713,93712.5,0.374999999960437,-0.12500000003956302
409,4.260416666666667,93942,93942.1875,-0.12500000003956302,0.06249999996043698
410,4.270833333333333,94172,94171.875,0.06249999996043698,-0.06250000003956302
411,4.28125,94401,94401.5625,-0.06250000003956302,0.499999999960437
412,4.291666666666667,94632,94631.25,0.499999999960437,-0.250000000039563
413,4.302083333333333,94861,94860.9375,-0.250000000039563,-0.312500000039563
414,4.321875,95297,95297.34375000001,-0.312500000039563,0.031249999974988896
415,4.332291666666667,95527,95527.03125000001,0.031249999974988896,0.06249999998954081
416,4.342708333333333,95757,95756.71875,0.06249999998954081,-0.2187500000104592
417,4.353125,95986,95986.40625000001,-0.2187500000104592,0.18750000000409273
418,4.363541666666667,96216,96216.09375000001,0.18750000000409273,0.28125000001864464
419,4.373958333333333,96446,96445.78125,0.28125000001864464,0.06250000001864464
420,4.375,96469,96468.75,0.06250000001864464,-0.18749999998135536
421,4.385416666666667,96698,96698.4375,-0.18749999998135536,0.25000000001864464
422,4.395833333333333,96928,96928.125,0.25000000001864464,0.37500000001864464
423,4.40625,97158,97157.8125,0.37500000001864464,0.18750000001864464
424,4.416666666666667,97388,97387.5,0.18750000001864464,-0.31249999998135536
425,4.427083333333333,97617,97617.1875,-0.31249999998135536,-0.12499999998135536
426,4.446875,98053,98053.59375000001,-0.12499999998135536,0.46875000003319656
427,4.457291666666667,98284,98283.28125000001,0.46875000003319656,-0.24999999995225153
428,4.467708333333333,98513,98512.96875,-0.24999999995225153,-0.28124999995225153
429,4.478125,98742,98742.65625000001,-0.28124999995225153,0.3750000000623004
430,4.488541666666667,98973,98972.34375000001,0.3750000000623004,-0.2812499999231477
431,4.498958333333333,99202,99202.03125,-0.2812499999231477,-0.2499999999231477
432,4.5,99225,99225.0,-0.2499999999231477,-0.2499999999231477
433,4.510416666666667,99454,99454.6875,-0.2499999999231477,0.4375000000768523
434,4.520833333333333,99685,99684.375,0.4375000000768523,-0.1874999999231477
435,4.53125,99914,99914.0625,-0.1874999999231477,-0.1249999999231477
436,4.541666666666667,100144,100143.75,-0.1249999999231477,-0.3749999999231477
437,4.552083333333333,100373,100373.4375,-0.3749999999231477,0.0625000000768523
438,4.571875,100810,100809.84375000001,0.0625000000768523,-0.09374999990859578
439,4.582291666666667,101039,101039.53125000001,-0.09374999990859578,0.43750000010595613
440,4.592708333333333,101270,101269.21875,0.43750000010595613,-0.34374999989404387
441,4.603125,101499,101498.90625000001,-0.34374999989404387,-0.43749999987949195
442,4.613541666666667,101728,101728.59375000001,-0.43749999987949195,0.15625000013505996
443,4.623958333333333,101958,101958.28125,0.15625000013505996,0.43750000013505996
444,4.625,101982,101981.25,0.43750000013505996,-0.31249999986494004
445,4.635416666666667,102211,102210.9375,-0.31249999986494004,-0.37499999986494004
446,4.645833333333333,102440,102440.625,-0.37499999986494004,0.25000000013505996
447,4.65625,102671,102670.3125,0.25000000013505996,-0.43749999986494004
448,4.666666666666667,102900,102900.0,-0.43749999986494004,-0.43749999986494004
449,4.677083333333333,103129,103129.6875,-0.43749999986494004,0.25000000013505996
450,4.696875,103566,103566.09375000001,0.25000000013505996,0.3437500001496119
451,4.707291666666667,103796,103795.78125000001,0.3437500001496119,0.1250000001641638
452,4.717708333333333,104026,104025.46875,0.1250000001641638,-0.4062499998358362
453,4.728125,104255,104255.15625000001,-0.4062499998358362,-0.2499999998212843
454,4.738541666666667,104485,104484.84375000001,-0.2499999998212843,-0.4062499998067324
455,4.748958333333333,104714,104714.53125,-0.4062499998067324,0.12500000019326762
456,4.75,104738,104737.5,0.12500000019326762,-0.3749999998067324
457,4.760416666666667,104967,104967.1875,-0.3749999998067324,-0.18749999980673238
458,4.770833333333333,105197,105196.875,-0.18749999980673238,-0.3124999998067324
459,4.78125,105426,105426.5625,-0.3124999998067324,0.2500000001932676
460,4.791666666666667,105657,105656.25,0.2500000001932676,-0.4999999998067324
461,4.802083333333333,105885,105885.9375,-0.4999999998067324,0.4375000001932676
462,4.821875,106323,106322.34375000001,0.4375000001932676,-0.21874999979218046
463,4.832291666666667,106552,106552.03125000001,-0.21874999979218046,-0.18749999977762855
464,4.842708333333333,106782,106781.71875,-0.18749999977762855,-0.46874999977762855
465,4.853125,107011,107011.40625000001,-0.46874999977762855,-0.06249999976307663
466,4.863541666666667,107241,107241.09375000001,-0.06249999976307663,0.031250000251475285
467,4.873958333333333,107471,107470.78125,0.031250000251475285,-0.18749999974852471
468,4.875,107494,107493.75,-0.18749999974852471,-0.4374999997485247
469,4.885416666666667,107723,107723.4375,-0.4374999997485247,2.5147528504021466e-10
470,4.895833333333333,107953,107953.125,2.5147528504021466e-10,0.12500000025147529
471,4.90625,108183,108182.8125,0.12500000025147529,-0.062499999748524715
472,4.916666666666667,108412,108412.5,-0.062499999748524715,0.4375000002514753
473,4.927083333333333,108643,108642.1875,0.4375000002514753,-0.3749999997485247
474,4.946875,109078,109078.59375000001,-0.3749999997485247,0.2187500002660272
475,4.957291666666667,109309,109308.28125000001,0.2187500002660272,-0.4999999997194209
476,4.967708333333333,109537,109537.96875,-0.4999999997194209,0.4687500002805791
477,4.978125,109768,109767.65625000001,0.4687500002805791,0.12500000029513103
478,4.988541666666667,109997,109997.34375000001,0.12500000029513103,0.46875000030968295
479,4.998958333333333,110228,110227.03125,0.46875000030968295,-0.49999999969031705
480,5.0,110250,110250.0,-0.49999999969031705,-0.49999999969031705
481,5.010416666666667,110479,110479.6875,-0.49999999969031705,0.18750000030968295
482,5.020833333333333,110710,110709.375,0.18750000030968295,-0.43749999969031705
483,5.03125,110939,110939.0625,-0.43749999969031705,-0.37499999969031705
484,5.041666666666667,111168,111168.75,-0.37499999969031705,0.37500000030968295
485,5.052083333333333,111399,111398.4375,0.37500000030968295,-0.18749999969031705
486,5.071875,111835,111834.84375000001,-0.18749999969031705,-0.34374999967576514
487,5.082291666666667,112064,112064.53125000001,-0.34374999967576514,0.18750000033878678
488,5.092708333333333,112294,112294.21875,0.18750000033878678,0.4062500003387868
489,5.103125,112524,112523.90625000001,0.4062500003387868,0.3125000003533387
490,5.113541666666667,112754,112753.59375000001,0.3125000003533387,-0.0937499996321094
491,5.123958333333333,112983,112983.28125,-0.0937499996321094,0.1875000003678906
492,5.125,113006,113006.25,0.1875000003678906,0.4375000003678906
493,5.135416666666667,113236,113235.9375,0.4375000003678906,0.3750000003678906
494,5.145833333333333,113466,113465.625,0.3750000003678906,3.6789060686714947e-10
495,5.15625,113695,113695.3125,3.6789060686714947e-10,0.3125000003678906
496,5.166666666666667,113925,113925.0,0.3125000003678906,0.3125000003678906
497,5.177083333333333,114155,114154.6875,0.3125000003678906,3.6789060686714947e-10
498,5.196875,114591,114591.09375000001,3.6789060686714947e-10,0.09375000038244252
499,5.207291666666667,114821,114820.78125000001,0.09375000038244252,-0.12499999960300556
500,5.217708333333333,115050,115050.46875,-0.12499999960300556,0.34375000039699444
501,5.228125,115281,115280.15625000001,0.34375000039699444,-0.49999999958845365
502,5.238541666666667,115509,115509.84375000001,-0.49999999958845365,0.34375000042609827
503,5.248958333333333,115740,115739.53125,0.34375000042609827,-0.12499999957390173
504,5.25,115762,115762.5,-0.12499999957390173,0.37500000042609827
505,5.260416666666667,115993,115992.1875,0.37500000042609827,-0.43749999957390173
506,5.270833333333333,116221,116221.875,-0.43749999957390173,0.43750000042609827
507,5.28125,116452,116451.5625,0.43750000042609827,4.260982677806169e-10
508,5.291666666666667,116681,116681.25,4.260982677806169e-10,0.25000000042609827
509,5.302083333333333,116911,116910.9375,0.25000000042609827,0.18750000042609827
510,5.321875,117348,117347.34375000001,0.18750000042609827,-0.4687499995593498
511,5.332291666666667,117577,117577.03125000001,-0.4687499995593498,-0.4374999995447979
512,5.342708333333333,117806,117806.71875,-0.4374999995447979,0.2812500004552021
513,5.353125,118037,118036.40625000001,0.2812500004552021,-0.312499999530246
514,5.363541666666667,118266,118266.09375000001,-0.312499999530246,-0.21874999951569407
515,5.373958333333333,118496,118495.78125,-0.21874999951569407,-0.43749999951569407
516,5.375,118518,118518.75,-0.43749999951569407,0.31250000048430593
517,5.385416666666667,118749,118748.4375,0.31250000048430593,-0.24999999951569407
518,5.395833333333333,118978,118978.125,-0.24999999951569407,-0.12499999951569407
519,5.40625,119208,119207.8125,-0.12499999951569407,-0.31249999951569407
520,5.416666666666667,119437,119437.5,-0.31249999951569407,0.18750000048430593
521,5.427083333333333,119667,119667.1875,0.18750000048430593,0.37500000048430593
522,5.446875,120104,120103.59375000001,0.37500000048430593,-0.031249999501142156
523,5.457291666666667,120333,120333.28125000001,-0.031249999501142156,0.25000000051340976
524,5.467708333333333,120563,120562.96875,0.25000000051340976,0.21875000051340976
525,5.478125,120793,120792.65625000001,0.21875000051340976,-0.12499999947203833
526,5.488541666666667,121022,121022.34375000001,-0.12499999947203833,0.2187500005425136
527,5.498958333333333,121252,121252.03125,0.2187500005425136,0.2500000005425136
528,5.5,121275,121275.0,0.2500000005425136,0.2500000005425136
529,5.510416666666667,121505,121504.6875,0.2500000005425136,-0.06249999945748641
530,5.520833333333333,121734,121734.375,-0.06249999945748641,0.3125000005425136
531,5.53125,121964,121964.0625,0.3125000005425136,0.3750000005425136
532,5.541666666666667,122194,122193.75,0.3750000005425136,0.1250000005425136
533,5.552083333333333,122424,122423.4375,0.1250000005425136,-0.4374999994574864
534,5.571875,122859,122859.84375000001,-0.4374999994574864,0.4062500005570655
535,5.582291666666667,123090,123089.53125000001,0.4062500005570655,-0.06249999942838258
536,5.592708333333333,123319,123319.21875,-0.06249999942838258,0.15625000057161742
537,5.603125,123549,123548.90625000001,0.15625000057161742,0.06250000058616934
538,5.613541666666667,123779,123778.59375000001,0.06250000058616934,-0.34374999939927875
539,5.623958333333333,124008,124008.28125,-0.34374999939927875,-0.06249999939927875
540,5.625,124031,124031.25,-0.06249999939927875,0.18750000060072125
541,5.635416666666667,124261,124260.9375,0.18750000060072125,0.12500000060072125
542,5.645833333333333,124491,124490.625,0.12500000060072125,-0.24999999939927875
543,5.65625,124720,124720.3125,-0.24999999939927875,0.06250000060072125
544,5.666666666666667,124950,124950.0,0.06250000060072125,0.06250000060072125
545,5.677083333333333,125180,125179.6875,0.06250000060072125,-0.24999999939927875
546,5.696875,125616,125616.09375000001,-0.24999999939927875,-0.15624999938472683
547,5.707291666666667,125846,125845.78125000001,-0.15624999938472683,-0.3749999993701749
548,5.717708333333333,126075,126075.46875,-0.3749999993701749,0.09375000062982508
549,5.728125,126305,126305.15625000001,0.09375000062982508,0.250000000644377
550,5.738541666666667,126535,126534.84375000001,0.250000000644377,0.09375000065892891
551,5.748958333333333,126765,126764.53125,0.09375000065892891,-0.3749999993410711
552,5.75,126787,126787.5,-0.3749999993410711,0.1250000006589289
553,5.760416666666667,127017,127017.1875,0.1250000006589289,0.3125000006589289
554,5.770833333333333,127247,127246.875,0.3125000006589289,0.1875000006589289
555,5.78125,127477,127476.5625,0.1875000006589289,-0.2499999993410711
556,5.791666666666667,127706,127706.25,-0.2499999993410711,6.589289114344865e-10
557,5.802083333333333,127936,127935.9375,6.589289114344865e-10,-0.06249999934107109
558,5.821875,128372,128372.34375000001,-0.06249999934107109,0.2812500006734808
559,5.832291666666667,128602,128602.03125000001,0.2812500006734808,0.31250000068803274
560,5.842708333333333,128832,128831.71875,0.31250000068803274,0.03125000068803274
561,5.853125,129061,129061.40625000001,0.03125000068803274,0.43750000070258466
562,5.863541666666667,129292,129291.09375000001,0.43750000070258466,-0.4687499992828634
563,5.873958333333333,129520,129520.78125,-0.4687499992828634,0.3125000007171366
564,5.875,129544,129543.75,0.3125000007171366,0.06250000071713657
565,5.885416666666667,129774,129773.4375,0.06250000071713657,-0.4999999992828634
566,5.895833333333333,130003,130003.125,-0.4999999992828634,-0.3749999992828634
567,5.90625,130232,130232.8125,-0.3749999992828634,0.4375000007171366
568,5.916666666666667,130463,130462.5,0.4375000007171366,-0.06249999928286343
569,5.927083333333333,130692,130692.1875,-0.06249999928286343,0.12500000071713657
570,5.946875,131129,131128.59375,0.12500000071713657,-0.2812499992828634
571,5.957291666666667,131358,131358.28125,-0.2812499992828634,7.171365723479539e-10
572,5.967708333333333,131588,131587.96875,7.171365723479539e-10,-0.031249999282863428
573,5.978125,131818,131817.65625,-0.031249999282863428,-0.3749999992828634
574,5.988541666666667,132047,132047.34375,-0.3749999992828634,-0.031249999282863428
575,5.998958333333333,132277,132277.03125,-0.031249999282863428,7.171365723479539e-10
576,6.0,132300,132300.0,7.171365723479539e-10,7.171365723479539e-10
577,6.010416666666667,132530,132529.6875,7.171365723479539e-10,-0.3124999992828634
578,6.020833333333333,132759,132759.375,-0.3124999992828634,0.06250000071713657
579,6.03125,132989,132989.0625,0.06250000071713657,0.12500000071713657
580,6.041666666666667,133219,133218.75,0.12500000071713657,-0.12499999928286343
581,6.052083333333333,133448,133448.4375,-0.12499999928286343,0.3125000007171366
582,6.071875,133885,133884.84375,0.3125000007171366,0.15625000071713657
583,6.082291666666667,134115,134114.53125,0.15625000071713657,-0.3124999992828634
584,6.092708333333333,134344,134344.21875,-0.3124999992828634,-0.09374999928286343
585,6.103125,134574,134573.90625,-0.09374999928286343,-0.18749999928286343
586,6.113541666666667,134803,134803.59375,-0.18749999928286343,0.4062500007171366
587,6.123958333333333,135034,135033.28125,0.4062500007171366,-0.3124999992828634
588,6.125,135056,135056.25,-0.3124999992828634,-0.06249999928286343
589,6.135416666666667,135286,135285.9375,-0.06249999928286343,-0.12499999928286343
590,6.145833333333333,135516,135515.625,-0.12499999928286343,-0.4999999992828634
591,6.15625,135745,135745.3125,-0.4999999992828634,-0.18749999928286343
592,6.166666666666667,135975,135975.0,-0.18749999928286343,-0.18749999928286343
593,6.177083333333333,136205,136204.6875,-0.18749999928286343,-0.4999999992828634
594,6.196875,136641,136641.09375,-0.4999999992828634,-0.4062499992828634
595,6.207291666666667,136870,136870.78125,-0.4062499992828634,0.3750000007171366
596,6.217708333333333,137101,137100.46875,0.3750000007171366,-0.15624999928286343
597,6.228125,137330,137330.15625,-0.15624999928286343,7.171365723479539e-10
598,6.238541666666667,137560,137559.84375,7.171365723479539e-10,-0.15624999928286343
599,6.248958333333333,137789,137789.53125,-0.15624999928286343,0.3750000007171366
600,6.25,137813,137812.5,0.3750000007171366,-0.12499999928286343
601,6.260416666666667,138042,138042.1875,-0.12499999928286343,0.06250000071713657
602,6.270833333333333,138272,138271.875,0.06250000071713657,-0.06249999928286343
603,6.28125,138502,138501.5625,-0.06249999928286343,-0.4999999992828634
604,6.291666666666667,138731,138731.25,-0.4999999992828634,-0.24999999928286343
605,6.302083333333333,138961,138960.9375,-0.24999999928286343,-0.3124999992828634
606,6.321875,139397,139397.34375,-0.3124999992828634,0.03125000071713657
607,6.332291666666667,139627,139627.03125,0.03125000071713657,0.06250000071713657
608,6.342708333333333,139857,139856.71875,0.06250000071713657,-0.21874999928286343
609,6.353125,140086,140086.40625,-0.21874999928286343,0.18750000071713657
610,6.363541666666667,140316,140316.09375,0.18750000071713657,0.2812500007171366
611,6.373958333333333,140546,140545.78125,0.2812500007171366,0.06250000071713657
612,6.375,140569,140568.75,0.06250000071713657,-0.18749999928286343
613,6.385416666666667,140798,140798.4375,-0.18749999928286343,0.2500000007171366
614,6.395833333333333,141028,141028.125,0.2500000007171366,0.3750000007171366
615,6.40625,141258,141257.8125,0.3750000007171366,0.18750000071713657
616,6.416666666666667,141488,141487.5,0.18750000071713657,-0.3124999992828634
617,6.427083333333333,141717,141717.1875,-0.3124999992828634,-0.12499999928286343
618,6.446875,142153,142153.59375,-0.12499999928286343,0.4687500007171366
619,6.457291666666667,142384,142383.28125,0.4687500007171366,-0.24999999928286343
620,6.467708333333333,142613,142612.96875,-0.24999999928286343,-0.2812499992828634
621,6.478125,142842,142842.65625,-0.2812499992828634,0.3750000007171366
622,6.488541666666667,143073,143072.34375,0.3750000007171366,-0.2812499992828634
623,6.498958333333333,143302,143302.03125,-0.2812499992828634,-0.24999999928286343
624,6.5,143325,143325.0,-0.24999999928286343,-0.24999999928286343
625,6.510416666666667,143554,143554.6875,-0.24999999928286343,0.4375000007171366
626,6.520833333333333,143785,143784.375,0.4375000007171366,-0.18749999928286343
627,6.53125,144014,144014.0625,-0.18749999928286343,-0.12499999928286343
628,6.541666666666667,144244,144243.75,-0.12499999928286343,-0.3749999992828634
629,6.552083333333333,144473,144473.4375,-0.3749999992828634,0.06250000071713657
630,6.571875,144910,144909.84375,0.06250000071713657,-0.09374999928286343
631,6.582291666666667,145139,145139.53125,-0.09374999928286343,0.4375000007171366
632,6.592708333333333,145370,145369.21875,0.4375000007171366,-0.3437499992828634
633,6.603125,145599,145598.90625,-0.3437499992828634,-0.4374999992828634
634,6.613541666666667,145828,145828.59375,-0.4374999992828634,0.15625000071713657
635,6.623958333333333,146058,146058.28125,0.15625000071713657,0.4375000007171366
636,6.625,146082,146081.25,0.4375000007171366,-0.3124999992828634
637,6.635416666666667,146311,146310.9375,-0.3124999992828634,-0.3749999992828634
638,6.645833333333333,146540,146540.625,-0.3749999992828634,0.2500000007171366
639,6.65625,146771,146770.3125,0.2500000007171366,-0.4374999992828634
640,6.666666666666667,147000,147000.0,-0.4374999992828634,-0.4374999992828634
641,6.677083333333333,147229,147229.6875,-0.4374999992828634,0.2500000007171366
642,6.696875,147666,147666.09375,0.2500000007171366,0.3437500007171366
643,6.707291666666667,147896,147895.78125,0.3437500007171366,0.12500000071713657
644,6.717708333333333,148126,148125.46875,0.12500000071713657,-0.4062499992828634
645,6.728125,148355,148355.15625,-0.4062499992828634,-0.24999999928286343
646,6.738541666666667,148585,148584.84375,-0.24999999928286343,-0.4062499992828634
647,6.748958333333333,148814,148814.53125,-0.4062499992828634,0.12500000071713657
648,6.75,148838,148837.5,0.12500000071713657,-0.3749999992828634
649,6.760416666666667,149067,149067.1875,-0.3749999992828634,-0.18749999928286343
650,6.770833333333333,149297,149296.875,-0.18749999928286343,-0.3124999992828634
651,6.78125,149526,149526.5625,-0.3124999992828634,0.2500000007171366
652,6.791666666666667,149757,149756.25,0.2500000007171366,-0.4999999992828634
653,6.802083333333333,149985,149985.9375,-0.4999999992828634,0.4375000007171366
654,6.821875,150423,150422.34375,0.4375000007171366,-0.21874999928286343
655,6.832291666666667,150652,150652.03125,-0.21874999928286343,-0.18749999928286343
656,6.842708333333333,150882,150881.71875,-0.18749999928286343,-0.4687499992828634
657,6.853125,151111,151111.40625,-0.4687499992828634,-0.06249999928286343
658,6.863541666666667,151341,151341.09375,-0.06249999928286343,0.03125000071713657
659,6.873958333333333,151571,151570.78125,0.03125000071713657,-0.18749999928286343
660,6.875,151594,151593.75,-0.18749999928286343,-0.4374999992828634
661,6.885416666666667,151823,151823.4375,-0.4374999992828634,7.171365723479539e-10
662,6.895833333333333,152053,152053.125,7.171365723479539e-10,0.12500000071713657
663,6.90625,152283,152282.8125,0.12500000071713657,-0.06249999928286343
664,6.916666666666667,152512,152512.5,-0.06249999928286343,0.4375000007171366
665,6.927083333333333,152743,152742.1875,0.4375000007171366,-0.3749999992828634
666,6.946875,153178,153178.59375,-0.3749999992828634,0.21875000071713657
667,6.957291666666667,153409,153408.28125,0.21875000071713657,-0.4999999992828634
668,6.967708333333333,153637,153637.96875,-0.4999999992828634,0.4687500007171366
669,6.978125,153868,153867.65625,0.4687500007171366,0.12500000071713657
670,6.988541666666667,154097,154097.34375,0.12500000071713657,0.4687500007171366
671,6.998958333333333,154328,154327.03125,0.4687500007171366,-0.4999999992828634
672,7.0,154350,154350.0,-0.4999999992828634,-0.4999999992828634
673,7.010416666666667,154579,154579.6875,-0.4999999992828634,0.18750000071713657
674,7.020833333333333,154810,154809.375,0.18750000071713657,-0.4374999992828634
675,7.03125,155039,155039.0625,-0.4374999992828634,-0.3749999992828634
676,7.041666666666667,155268,155268.75,-0.3749999992828634,0.3750000007171366
677,7.052083333333333,155499,155498.4375,0.3750000007171366,-0.18749999928286343
678,7.071875,155935,155934.84375,-0.18749999928286343,-0.3437499992828634
679,7.082291666666667,156164,156164.53125,-0.3437499992828634,0.18750000071713657
680,7.092708333333333,156394,156394.21875,0.18750000071713657,0.4062500007171366
681,7.103125,156624,156623.90625,0.4062500007171366,0.3125000007171366
682,7.113541666666667,156854,156853.59375,0.3125000007171366,-0.09374999928286343
683,7.123958333333333,157083,157083.28125,-0.09374999928286343,0.18750000071713657
684,7.125,157106,157106.25,0.18750000071713657,0.4375000007171366
685,7.135416666666667,157336,157335.9375,0.4375000007171366,0.3750000007171366
686,7.145833333333333,157566,157565.625,0.3750000007171366,7.171365723479539e-10
687,7.15625,157795,157795.3125,7.171365723479539e-10,0.3125000007171366
688,7.166666666666667,158025,158025.0,0.3125000007171366,0.3125000007171366
689,7.177083333333333,158255,158254.6875,0.3125000007171366,7.171365723479539e-10
690,7.196875,158691,158691.09375,7.171365723479539e-10,0.09375000071713657
691,7.207291666666667,158921,158920.78125,0.09375000071713657,-0.12499999928286343
692,7.217708333333333,159150,159150.46875,-0.12499999928286343,0.3437500007171366
693,7.228125,159381,159380.15625,0.3437500007171366,-0.4999999992828634
694,7.238541666666667,159609,159609.84375,-0.4999999992828634,0.3437500007171366
695,7.248958333333333,159840,159839.53125,0.3437500007171366,-0.12499999928286343
696,7.25,159862,159862.5,-0.12499999928286343,0.3750000007171366
697,7.260416666666667,160093,160092.1875,0.3750000007171366,-0.4374999992828634
698,7.270833333333333,160321,160321.875,-0.4374999992828634,0.4375000007171366
699,7.28125,160552,160551.5625,0.4375000007171366,7.171365723479539e-10
700,7.291666666666667,160781,160781.25,7.171365723479539e-10,0.2500000007171366
701,7.302083333333333,161011,161010.9375,0.2500000007171366,0.18750000071713657
702,7.321875,161448,161447.34375,0.18750000071713657,-0.4687499992828634
703,7.332291666666667,161677,161677.03125,-0.4687499992828634,-0.4374999992828634
704,7.342708333333333,161906,161906.71875,-0.4374999992828634,0.2812500007171366
705,7.353125,162137,162136.40625,0.2812500007171366,-0.3124999992828634
706,7.363541666666667,162366,162366.09375,-0.3124999992828634,-0.21874999928286343
707,7.373958333333333,162596,162595.78125,-0.21874999928286343,-0.4374999992828634
708,7.375,162618,162618.75,-0.4374999992828634,0.3125000007171366
709,7.385416666666667,162849,162848.4375,0.3125000007171366,-0.24999999928286343
710,7.395833333333333,163078,163078.125,-0.24999999928286343,-0.12499999928286343
711,7.40625,163308,163307.8125,-0.12499999928286343,-0.3124999992828634
712,7.416666666666667,163537,163537.5,-0.3124999992828634,0.18750000071713657
713,7.427083333333333,163767,163767.1875,0.18750000071713657,0.3750000007171366
714,7.446875,164204,164203.59375,0.3750000007171366,-0.031249999282863428
715,7.457291666666667,164433,164433.28125,-0.031249999282863428,0.2500000007171366
716,7.467708333333333,164663,164662.96875,0.2500000007171366,0.21875000071713657
717,7.478125,164893,164892.65625,0.21875000071713657,-0.12499999928286343
718,7.488541666666667,165122,165122.34375,-0.12499999928286343,0.21875000071713657
719,7.498958333333333,165352,165352.03125,0.21875000071713657,0.2500000007171366
720,7.5,165375,165375.0,0.2500000007171366,0.2500000007171366
721,7.510416666666667,165605,165604.6875,0.2500000007171366,-0.06249999928286343
722,7.520833333333333,165834,165834.375,-0.06249999928286343,0.3125000007171366
723,7.53125,166064,166064.0625,0.3125000007171366,0.3750000007171366
724,7.541666666666667,166294,166293.75,0.3750000007171366,0.12500000071713657
725,7.552083333333333,166524,166523.4375,0.12500000071713657,-0.4374999992828634
726,7.571875,166959,166959.84375,-0.4374999992828634,0.4062500007171366
727,7.582291666666667,167190,167189.53125,0.4062500007171366,-0.06249999928286343
728,7.592708333333333,167419,167419.21875,-0.06249999928286343,0.15625000071713657
729,7.603125,167649,167648.90625,0.15625000071713657,0.06250000071713657
730,7.613541666666667,167879,167878.59375,0.06250000071713657,-0.3437499992828634
731,7.623958333333333,168108,168108.28125,-0.3437499992828634,-0.06249999928286343
732,7.625,168131,168131.25,-0.06249999928286343,0.18750000071713657
733,7.635416666666667,168361,168360.9375,0.18750000071713657,0.12500000071713657
734,7.645833333333333,168591,168590.625,0.12500000071713657,-0.24999999928286343
735,7.65625,168820,168820.3125,-0.24999999928286343,0.06250000071713657
736,7.666666666666667,169050,169050.0,0.06250000071713657,0.06250000071713657
737,7.677083333333333,169280,169279.6875,0.06250000071713657,-0.24999999928286343
738,7.696875,169716,169716.09375,-0.24999999928286343,-0.15624999928286343
739,7.707291666666667,169946,169945.78125,-0.15624999928286343,-0.3749999992828634
740,7.717708333333333,170175,170175.46875,-0.3749999992828634,0.09375000071713657
741,7.728125,170405,170405.15625,0.09375000071713657,0.2500000007171366
742,7.738541666666667,170635,170634.84375,0.2500000007171366,0.09375000071713657
743,7.748958333333333,170865,170864.53125,0.09375000071713657,-0.3749999992828634
744,7.75,170887,170887.5,-0.3749999992828634,0.12500000071713657
745,7.760416666666667,171117,171117.1875,0.12500000071713657,0.3125000007171366
746,7.770833333333333,171347,171346.875,0.3125000007171366,0.18750000071713657
747,7.78125,171577,171576.5625,0.18750000071713657,-0.24999999928286343
748,7.791666666666667,171806,171806.25,-0.24999999928286343,7.171365723479539e-10
749,7.802083333333333,172036,172035.9375,7.171365723479539e-10,-0.06249999928286343
750,7.821875,172472,172472.34375,-0.06249999928286343,0.2812500007171366
751,7.832291666666667,172702,172702.03125,0.2812500007171366,0.3125000007171366
752,7.842708333333333,172932,172931.71875,0.3125000007171366,0.03125000071713657
753,7.853125,173161,173161.40625,0.03125000071713657,0.4375000007171366
754,7.863541666666667,173392,173391.09375,0.4375000007171366,-0.4687499992828634
755,7.873958333333333,173620,173620.78125,-0.4687499992828634,0.3125000007171366
756,7.875,173644,173643.75,0.3125000007171366,0.06250000071713657
757,7.885416666666667,173874,173873.4375,0.06250000071713657,-0.4999999992828634
758,7.895833333333333,174103,174103.125,-0.4999999992828634,-0.3749999992828634
759,7.90625,174332,174332.8125,-0.3749999992828634,0.4375000007171366
760,7.916666666666667,174563,174562.5,0.4375000007171366,-0.06249999928286343
761,7.927083333333333,174792,174792.1875,-0.06249999928286343,0.12500000071713657
762,7.946875,175229,175228.59375,0.12500000071713657,-0.2812499992828634
763,7.957291666666667,175458,175458.28125,-0.2812499992828634,7.171365723479539e-10
764,7.967708333333333,175688,175687.96875,7.171365723479539e-10,-0.031249999282863428
765,7.978125,175918,175917.65625,-0.031249999282863428,-0.3749999992828634
766,7.988541666666667,176147,176147.34375,-0.3749999992828634,-0.031249999282863428
767,7.998958333333333,176377,176377.03125,-0.031249999282863428,7.171365723479539e-10
768,8.0,176400,176400.0,7.171365723479539e-10,7.171365723479539e-10
769,8.010416666666666,176630,176629.6875,7.171365723479539e-10,-0.3124999992828634
770,8.020833333333334,176859,176859.375,-0.3124999992828634,0.06250000071713657
771,8.03125,177089,177089.0625,0.06250000071713657,0.12500000071713657
772,8.041666666666666,177319,177318.75,0.12500000071713657,-0.12499999928286343
773,8.052083333333334,177548,177548.4375,-0.12499999928286343,0.3125000007171366
774,8.071875,177985,177984.84375,0.3125000007171366,0.15625000071713657
775,8.082291666666666,178215,178214.53125,0.15625000071713657,-0.3124999992828634
776,8.092708333333334,178444,178444.21875000003,-0.3124999992828634,-0.0937499992537596
777,8.103125,178674,178673.90625,-0.0937499992537596,-0.1874999992537596
778,8.113541666666666,178903,178903.59375,-0.1874999992537596,0.4062500007462404
779,8.123958333333334,179134,179133.28125000003,0.4062500007462404,-0.31249999922465577
780,8.125,179156,179156.25,-0.31249999922465577,-0.06249999922465577
781,8.135416666666666,179386,179385.9375,-0.06249999922465577,-0.12499999922465577
782,8.145833333333334,179616,179615.625,-0.12499999922465577,-0.49999999922465577
783,8.15625,179845,179845.3125,-0.49999999922465577,-0.18749999922465577
784,8.166666666666666,180075,180075.0,-0.18749999922465577,-0.18749999922465577
785,8.177083333333334,180305,180304.6875,-0.18749999922465577,-0.49999999922465577
786,8.196875,180741,180741.09375,-0.49999999922465577,-0.40624999922465577
787,8.207291666666666,180970,180970.78125,-0.40624999922465577,0.37500000077534423
788,8.217708333333334,181201,181200.46875000003,0.37500000077534423,-0.15624999919555194
789,8.228125,181430,181430.15625,-0.15624999919555194,8.04448063718155e-10
790,8.238541666666666,181660,181659.84375,8.04448063718155e-10,-0.15624999919555194
791,8.248958333333334,181889,181889.53125000003,-0.15624999919555194,0.3750000008335519
792,8.25,181913,181912.5,0.3750000008335519,-0.1249999991664481
793,8.260416666666666,182142,182142.1875,-0.1249999991664481,0.0625000008335519
794,8.270833333333334,182372,182371.875,0.0625000008335519,-0.062499999166448106
795,8.28125,182602,182601.5625,-0.062499999166448106,-0.4999999991664481
796,8.291666666666666,182831,182831.25,-0.4999999991664481,-0.2499999991664481
797,8.302083333333334,183061,183060.9375,-0.2499999991664481,-0.3124999991664481
798,8.321875,183497,183497.34375,-0.3124999991664481,0.031250000833551894
799,8.332291666666666,183727,183727.03125,0.031250000833551894,0.0625000008335519
800,8.342708333333334,183957,183956.71875000003,0.0625000008335519,-0.21874999913734428
801,8.353125,184186,184186.40625,-0.21874999913734428,0.18750000086265572
802,8.363541666666666,184416,184416.09375,0.18750000086265572,0.2812500008626557
803,8.373958333333334,184646,184645.78125000003,0.2812500008626557,0.06250000089175956
804,8.375,184669,184668.75,0.06250000089175956,-0.18749999910824044
805,8.385416666666666,184898,184898.4375,-0.18749999910824044,0.25000000089175956
806,8.395833333333334,185128,185128.125,0.25000000089175956,0.37500000089175956
807,8.40625,185358,185357.8125,0.37500000089175956,0.18750000089175956
808,8.416666666666666,185588,185587.5,0.18750000089175956,-0.31249999910824044
809,8.427083333333334,185817,185817.1875,-0.31249999910824044,-0.12499999910824044
810,8.446875,186253,186253.59375,-0.12499999910824044,0.46875000089175956
811,8.457291666666666,186484,186483.28125,0.46875000089175956,-0.24999999910824044
812,8.467708333333334,186713,186712.96875000003,-0.24999999910824044,-0.2812499990791366
813,8.478125,186942,186942.65625,-0.2812499990791366,0.3750000009208634
814,8.488541666666666,187173,187172.34375,0.3750000009208634,-0.2812499990791366
815,8.498958333333334,187402,187402.03125000003,-0.2812499990791366,-0.24999999905003278
816,8.5,187425,187425.0,-0.24999999905003278,-0.24999999905003278
817,8.510416666666666,187654,187654.6875,-0.24999999905003278,0.4375000009499672
818,8.520833333333334,187885,187884.375,0.4375000009499672,-0.18749999905003278
819,8.53125,188114,188114.0625,-0.18749999905003278,-0.12499999905003278
820,8.541666666666666,188344,188343.75,-0.12499999905003278,-0.3749999990500328
821,8.552083333333334,188573,188573.4375,-0.3749999990500328,0.06250000094996722
822,8.571875,189010,189009.84375,0.06250000094996722,-0.09374999905003278
823,8.582291666666666,189239,189239.53125,-0.09374999905003278,0.4375000009499672
824,8.592708333333334,189470,189469.21875000003,0.4375000009499672,-0.34374999902092895
825,8.603125,189699,189698.90625,-0.34374999902092895,-0.43749999902092895
826,8.613541666666666,189928,189928.59375,-0.43749999902092895,0.15625000097907105
827,8.623958333333334,190158,190158.28125000003,0.15625000097907105,0.4375000010081749
828,8.625,190182,190181.25,0.4375000010081749,-0.3124999989918251
829,8.635416666666666,190411,190410.9375,-0.3124999989918251,-0.3749999989918251
830,8.645833333333334,190640,190640.625,-0.3749999989918251,0.2500000010081749
831,8.65625,190871,190870.3125,0.2500000010081749,-0.4374999989918251
832,8.666666666666666,191100,191100.0,-0.4374999989918251,-0.4374999989918251
833,8.677083333333334,191329,191329.6875,-0.4374999989918251,0.2500000010081749
834,8.696875,191766,191766.09375,0.2500000010081749,0.3437500010081749
835,8.707291666666666,191996,191995.78125,0.3437500010081749,0.12500000100817488
836,8.717708333333334,192226,192225.46875000003,0.12500000100817488,-0.4062499989627213
837,8.728125,192455,192455.15625,-0.4062499989627213,-0.2499999989627213
838,8.738541666666666,192685,192684.84375,-0.2499999989627213,-0.4062499989627213
839,8.748958333333334,192914,192914.53125000003,-0.4062499989627213,0.12500000106638254
840,8.75,192938,192937.5,0.12500000106638254,-0.37499999893361746
841,8.760416666666666,193167,193167.1875,-0.37499999893361746,-0.18749999893361746
842,8.770833333333334,193397,193396.875,-0.18749999893361746,-0.31249999893361746
843,8.78125,193626,193626.5625,-0.31249999893361746,0.25000000106638254
844,8.791666666666666,193857,193856.25,0.25000000106638254,-0.49999999893361746
845,8.802083333333334,194085,194085.9375,-0.49999999893361746,0.43750000106638254
846,8.821875,194523,194522.34375,0.43750000106638254,-0.21874999893361746
847,8.832291666666666,194752,194752.03125,-0.21874999893361746,-0.18749999893361746
848,8.842708333333334,194982,194981.71875000003,-0.18749999893361746,-0.46874999890451363
849,8.853125,195211,195211.40625,-0.46874999890451363,-0.06249999890451363
850,8.863541666666666,195441,195441.09375,-0.06249999890451363,0.03125000109548637
851,8.873958333333334,195671,195670.78125000003,0.03125000109548637,-0.1874999988754098
852,8.875,195694,195693.75,-0.1874999988754098,-0.4374999988754098
853,8.885416666666666,195923,195923.4375,-0.4374999988754098,1.1245901987422258e-09
854,8.895833333333334,196153,196153.125,1.1245901987422258e-09,0.1250000011245902
855,8.90625,196383,196382.8125,0.1250000011245902,-0.0624999988754098
856,8.916666666666666,196612,196612.5,-0.0624999988754098,0.4375000011245902
857,8.927083333333334,196843,196842.1875,0.4375000011245902,-0.3749999988754098
858,8.946875,197278,197278.59375,-0.3749999988754098,0.2187500011245902
859,8.957291666666666,197509,197508.28125,0.2187500011245902,-0.4999999988754098
860,8.967708333333334,197737,197737.96875000003,-0.4999999988754098,0.46875000115369403
861,8.978125,197968,197967.65625,0.46875000115369403,0.12500000115369403
862,8.988541666666666,198197,198197.34375,0.12500000115369403,0.46875000115369403
863,8.998958333333334,198428,198427.03125000003,0.46875000115369403,-0.49999999881720214
864,9.0,198450,198450.0,-0.49999999881720214,-0.49999999881720214
865,9.010416666666666,198679,198679.6875,-0.49999999881720214,0.18750000118279786
866,9.020833333333334,198910,198909.375,0.18750000118279786,-0.43749999881720214
867,9.03125,199139,199139.0625,-0.43749999881720214,-0.37499999881720214
868,9.041666666666666,199368,199368.75,-0.37499999881720214,0.37500000118279786
869,9.052083333333334,199599,199598.4375,0.37500000118279786,-0.18749999881720214
870,9.071875,200035,200034.84375,-0.18749999881720214,-0.34374999881720214
871,9.082291666666666,200264,200264.53125,-0.34374999881720214,0.18750000118279786
872,9.092708333333334,200494,200494.21875000003,0.18750000118279786,0.4062500012119017
873,9.103125,200724,200723.90625,0.4062500012119017,0.3125000012119017
874,9.113541666666666,200954,200953.59375,0.3125000012119017,-0.09374999878809831
875,9.123958333333334,201183,201183.28125000003,-0.09374999878809831,0.18750000124100552
876,9.125,201206,201206.25,0.18750000124100552,0.4375000012410055
877,9.135416666666666,201436,201435.9375,0.4375000012410055,0.3750000012410055
878,9.145833333333334,201666,201665.625,0.3750000012410055,1.2410055205691606e-09
879,9.15625,201895,201895.3125,1.2410055205691606e-09,0.3125000012410055
880,9.166666666666666,202125,202125.0,0.3125000012410055,0.3125000012410055
881,9.177083333333334,202355,202354.6875,0.3125000012410055,1.2410055205691606e-09
882,9.196875,202791,202791.09375,1.2410055205691606e-09,0.09375000124100552
883,9.207291666666666,203021,203020.78125,0.09375000124100552,-0.12499999875899448
884,9.217708333333334,203250,203250.46875000003,-0.12499999875899448,0.34375000127010935
885,9.228125,203481,203480.15625,0.34375000127010935,-0.49999999872989065
886,9.238541666666666,203709,203709.84375,-0.49999999872989065,0.34375000127010935
887,9.248958333333334,203940,203939.53125000003,0.34375000127010935,-0.12499999870078682
888,9.25,203962,203962.5,-0.12499999870078682,0.3750000012992132
889,9.260416666666666,204193,204192.1875,0.3750000012992132,-0.4374999987007868
890,9.270833333333334,204421,204421.875,-0.4374999987007868,0.4375000012992132
891,9.28125,204652,204651.5625,0.4375000012992132,1.299213181482628e-09
892,9.291666666666666,204881,204881.25,1.299213181482628e-09,0.2500000012992132
893,9.302083333333334,205111,205110.9375,0.2500000012992132,0.18750000129921318
894,9.321875,205548,205547.34375,0.18750000129921318,-0.4687499987007868
895,9.332291666666666,205777,205777.03125,-0.4687499987007868,-0.4374999987007868
896,9.342708333333334,206006,206006.71875000003,-0.4374999987007868,0.281250001328317
897,9.353125,206237,206236.40625,0.281250001328317,-0.312499998671683
898,9.363541666666666,206466,206466.09375,-0.312499998671683,-0.218749998671683
899,9.373958333333334,206696,206695.78125000003,-0.218749998671683,-0.43749999864257916
900,9.375,206718,206718.75,-0.43749999864257916,0.31250000135742084
901,9.385416666666666,206949,206948.4375,0.31250000135742084,-0.24999999864257916
902,9.395833333333334,207178,207178.125,-0.24999999864257916,-0.12499999864257916
903,9.40625,207408,207407.8125,-0.12499999864257916,-0.31249999864257916
904,9.416666666666666,207637,207637.5,-0.31249999864257916,0.18750000135742084
905,9.427083333333334,207867,207867.1875,0.18750000135742084,0.37500000135742084
906,9.446875,208304,208303.59375,0.37500000135742084,-0.031249998642579158
907,9.457291666666666,208533,208533.28125,-0.031249998642579158,0.25000000135742084
908,9.467708333333334,208763,208762.96875000003,0.25000000135742084,0.21875000138652467
909,9.478125,208993,208992.65625,0.21875000138652467,-0.12499999861347533
910,9.488541666666666,209222,209222.34375,-0.12499999861347533,0.21875000138652467
911,9.498958333333334,209452,209452.03125000003,0.21875000138652467,0.2500000014156285
912,9.5,209475,209475.0,0.2500000014156285,0.2500000014156285
913,9.510416666666666,209705,209704.6875,0.2500000014156285,-0.0624999985843715
914,9.520833333333334,209934,209934.375,-0.0624999985843715,0.3125000014156285
915,9.53125,210164,210164.0625,0.3125000014156285,0.3750000014156285
916,9.541666666666666,210394,210393.75,0.3750000014156285,0.1250000014156285
917,9.552083333333334,210624,210623.4375,0.1250000014156285,-0.4374999985843715
918,9.571875,211059,211059.84375,-0.4374999985843715,0.4062500014156285
919,9.582291666666666,211290,211289.53125,0.4062500014156285,-0.0624999985843715
920,9.592708333333334,211519,211519.21875000003,-0.0624999985843715,0.15625000144473233
921,9.603125,211749,211748.90625,0.15625000144473233,0.06250000144473233
922,9.613541666666666,211979,211978.59375,0.06250000144473233,-0.34374999855526767
923,9.623958333333334,212208,212208.28125000003,-0.34374999855526767,-0.062499998526163836
924,9.625,212231,212231.25,-0.062499998526163836,0.18750000147383616
925,9.635416666666666,212461,212460.9375,0.18750000147383616,0.12500000147383616
926,9.645833333333334,212691,212690.625,0.12500000147383616,-0.24999999852616384
927,9.65625,212920,212920.3125,-0.24999999852616384,0.06250000147383616
928,9.666666666666666,213150,213150.0,0.06250000147383616,0.06250000147383616
929,9.677083333333334,213380,213379.6875,0.06250000147383616,-0.24999999852616384
930,9.696875,213816,213816.09375,-0.24999999852616384,-0.15624999852616384
931,9.707291666666666,214046,214045.78125,-0.15624999852616384,-0.37499999852616384
932,9.717708333333334,214275,214275.46875000003,-0.37499999852616384,0.09375000150294
933,9.728125,214505,214505.15625,0.09375000150294,0.25000000150294
934,9.738541666666666,214735,214734.84375,0.25000000150294,0.09375000150294
935,9.748958333333334,214965,214964.53125000003,0.09375000150294,-0.3749999984679562
936,9.75,214987,214987.5,-0.3749999984679562,0.12500000153204383
937,9.760416666666666,215217,215217.1875,0.12500000153204383,0.3125000015320438
938,9.770833333333334,215447,215446.875,0.3125000015320438,0.18750000153204383
939,9.78125,215677,215676.5625,0.18750000153204383,-0.24999999846795617
940,9.791666666666666,215906,215906.25,-0.24999999846795617,1.5320438251364976e-09
941,9.802083333333334,216136,216135.9375,1.5320438251364976e-09,-0.062499998467956175
942,9.821875,216572,216572.34375,-0.062499998467956175,0.2812500015320438
943,9.832291666666666,216802,216802.03125,0.2812500015320438,0.3125000015320438
944,9.842708333333334,217032,217031.71875000003,0.3125000015320438,0.031250001561147656
945,9.853125,217261,217261.40625,0.031250001561147656,0.43750000156114766
946,9.863541666666666,217492,217491.09375,0.43750000156114766,-0.46874999843885234
947,9.873958333333334,217720,217720.78125000003,-0.46874999843885234,0.3125000015902515
948,9.875,217744,217743.75,0.3125000015902515,0.06250000159025149
949,9.885416666666666,217974,217973.4375,0.06250000159025149,-0.4999999984097485
950,9.895833333333334,218203,218203.125,-0.4999999984097485,-0.3749999984097485
951,9.90625,218432,218432.8125,-0.3749999984097485,0.4375000015902515
952,9.916666666666666,218663,218662.5,0.4375000015902515,-0.062499998409748514
953,9.927083333333334,218892,218892.1875,-0.062499998409748514,0.12500000159025149
954,9.946875,219329,219328.59375,0.12500000159025149,-0.2812499984097485
955,9.957291666666666,219558,219558.28125,-0.2812499984097485,1.590251486049965e-09
956,9.967708333333334,219788,219787.96875000003,1.590251486049965e-09,-0.031249998380644683
957,9.978125,220018,220017.65625,-0.031249998380644683,-0.3749999983806447
958,9.988541666666666,220247,220247.34375,-0.3749999983806447,-0.031249998380644683
959,9.998958333333334,220477,220477.03125000003,-0.031249998380644683,1.6484591469634324e-09
960,10.0,220500,220500.0,1.6484591469634324e-09,1.6484591469634324e-09
961,10.010416666666666,220730,220729.6875,1.6484591469634324e-09,-0.31249999835154085
962,10.020833333333334,220959,220959.375,-0.31249999835154085,0.06250000164845915
963,10.03125,221189,221189.0625,0.06250000164845915,0.12500000164845915
964,10.041666666666666,221419,221418.75,0.12500000164845915,-0.12499999835154085
965,10.052083333333334,221648,221648.4375,-0.12499999835154085,0.31250000164845915
966,10.071875,222085,222084.84375,0.31250000164845915,0.15625000164845915
967,10.082291666666666,222315,222314.53125,0.15625000164845915,-0.31249999835154085
968,10.092708333333334,222544,222544.21875000003,-0.31249999835154085,-0.09374999832243702
969,10.103125,222774,222773.90625,-0.09374999832243702,-0.18749999832243702
970,10.113541666666666,223003,223003.59375,-0.18749999832243702,0.406250001677563
971,10.123958333333334,223234,223233.28125000003,0.406250001677563,-0.3124999982933332
972,10.125,223256,223256.25,-0.3124999982933332,-0.06249999829333319
973,10.135416666666666,223486,223485.9375,-0.06249999829333319,-0.12499999829333319
974,10.145833333333334,223716,223715.625,-0.12499999829333319,-0.4999999982933332
975,10.15625,223945,223945.3125,-0.4999999982933332,-0.1874999982933332
976,10.166666666666666,224175,224175.0,-0.1874999982933332,-0.1874999982933332
977,10.177083333333334,224405,224404.6875,-0.1874999982933332,-0.4999999982933332
978,10.196875,224841,224841.09375,-0.4999999982933332,-0.4062499982933332
979,10.207291666666666,225070,225070.78125,-0.4062499982933332,0.3750000017066668
980,10.217708333333334,225301,225300.46875000003,0.3750000017066668,-0.15624999826422936
981,10.228125,225530,225530.15625,-0.15624999826422936,1.7357706383336335e-09
982,10.238541666666666,225760,225759.84375,1.7357706383336335e-09,-0.15624999826422936
983,10.248958333333334,225989,225989.53125000003,-0.15624999826422936,0.37500000176487447
984,10.25,226013,226012.5,0.37500000176487447,-0.12499999823512553
985,10.260416666666666,226242,226242.1875,-0.12499999823512553,0.06250000176487447
986,10.270833333333334,226472,226471.875,0.06250000176487447,-0.06249999823512553
987,10.28125,226702,226701.5625,-0.06249999823512553,-0.49999999823512553
988,10.291666666666666,226931,226931.25,-0.49999999823512553,-0.24999999823512553
989,10.302083333333334,227161,227160.9375,-0.24999999823512553,-0.31249999823512553
990,10.321875,227597,227597.34375,-0.31249999823512553,0.03125000176487447
991,10.332291666666666,227827,227827.03125,0.03125000176487447,0.06250000176487447
992,10.342708333333334,228057,228056.71875000003,0.06250000176487447,-0.2187499982060217
993,10.353125,228286,228286.40625,-0.2187499982060217,0.1875000017939783
994,10.363541666666666,228516,228516.09375,0.1875000017939783,0.2812500017939783
995,10.373958333333334,228746,228745.78125000003,0.2812500017939783,0.06250000182308213
996,10.375,228769,228768.75,0.06250000182308213,-0.18749999817691787
997,10.385416666666666,228998,228998.4375,-0.18749999817691787,0.25000000182308213
998,10.395833333333334,229228,229228.125,0.25000000182308213,0.37500000182308213
999,10.40625,229458,229457.8125,0.37500000182308213,0.18750000182308213
1000,10.416666666666666,229688,229687.5,0.18750000182308213,-0.31249999817691787
1001,10.427083333333334,229917,229917.1875,-0.31249999817691787,-0.12499999817691787
1002,10.446875,230353,230353.59375,-0.12499999817691787,0.46875000182308213
1003,10.457291666666666,230584,230583.28125,0.46875000182308213,-0.24999999817691787
1004,10.467708333333334,230813,230812.96875000003,-0.24999999817691787,-0.28124999814781404
1005,10.478125,231042,231042.65625,-0.28124999814781404,0.37500000185218596
1006,10.488541666666666,231273,231272.34375,0.37500000185218596,-0.28124999814781404
1007,10.498958333333334,231502,231502.03125000003,-0.28124999814781404,-0.2499999981187102
1008,10.5,231525,231525.0,-0.2499999981187102,-0.2499999981187102
1009,10.510416666666666,231754,231754.6875,-0.2499999981187102,0.4375000018812898
1010,10.520833333333334,231985,231984.375,0.4375000018812898,-0.1874999981187102
1011,10.53125,232214,232214.0625,-0.1874999981187102,-0.12499999811871021
1012,10.541666666666666,232444,232443.75,-0.12499999811871021,-0.3749999981187102
1013,10.552083333333334,232673,232673.4375,-0.3749999981187102,0.06250000188128979
1014,10.571875,233110,233109.84375,0.06250000188128979,-0.09374999811871021
1015,10.582291666666666,233339,233339.53125,-0.09374999811871021,0.4375000018812898
1016,10.592708333333334,233570,233569.21875000003,0.4375000018812898,-0.3437499980896064
1017,10.603125,233799,233798.90625,-0.3437499980896064,-0.4374999980896064
1018,10.613541666666666,234028,234028.59375,-0.4374999980896064,0.15625000191039362
1019,10.623958333333334,234258,234258.28125000003,0.15625000191039362,0.43750000193949745
1020,10.625,234282,234281.25,0.43750000193949745,-0.31249999806050255
1021,10.635416666666666,234511,234510.9375,-0.31249999806050255,-0.37499999806050255
1022,10.645833333333334,234740,234740.625,-0.37499999806050255,0.25000000193949745
1023,10.65625,234971,234970.3125,0.25000000193949745,-0.43749999806050255
1024,10.666666666666666,235200,235200.0,-0.43749999806050255,-0.43749999806050255
1025,10.677083333333334,235429,235429.6875,-0.43749999806050255,0.25000000193949745
1026,10.696875,235866,235866.09375,0.25000000193949745,0.34375000193949745
1027,10.707291666666666,236096,236095.78125,0.34375000193949745,0.12500000193949745
1028,10.717708333333334,236326,236325.46875000003,0.12500000193949745,-0.4062499980313987
1029,10.728125,236555,236555.15625,-0.4062499980313987,-0.24999999803139872
1030,10.738541666666666,236785,236784.84375,-0.24999999803139872,-0.4062499980313987
1031,10.748958333333334,237014,237014.53125000003,-0.4062499980313987,0.1250000019977051
1032,10.75,237038,237037.5,0.1250000019977051,-0.3749999980022949
1033,10.760416666666666,237267,237267.1875,-0.3749999980022949,-0.1874999980022949
1034,10.770833333333334,237497,237496.875,-0.1874999980022949,-0.3124999980022949
1035,10.78125,237726,237726.5625,-0.3124999980022949,0.2500000019977051
1036,10.791666666666666,237957,237956.25,0.2500000019977051,-0.4999999980022949
1037,10.802083333333334,238185,238185.9375,-0.4999999980022949,0.4375000019977051
1038,10.821875,238623,238622.34375,0.4375000019977051,-0.2187499980022949
1039,10.832291666666666,238852,238852.03125,-0.2187499980022949,-0.1874999980022949
1040,10.842708333333334,239082,239081.71875000003,-0.1874999980022949,-0.46874999797319106
1041,10.853125,239311,239311.40625,-0.46874999797319106,-0.06249999797319106
1042,10.863541666666666,239541,239541.09375,-0.06249999797319106,0.03125000202680894
1043,10.873958333333334,239771,239770.78125000003,0.03125000202680894,-0.18749999794408723
1044,10.875,239794,239793.75,-0.18749999794408723,-0.4374999979440872
1045,10.885416666666666,240023,240023.4375,-0.4374999979440872,2.0559127733577043e-09
1046,10.895833333333334,240253,240253.125,2.0559127733577043e-09,0.12500000205591277
1047,10.90625,240483,240482.8125,0.12500000205591277,-0.06249999794408723
1048,10.916666666666666,240712,240712.5,-0.06249999794408723,0.4375000020559128
1049,10.927083333333334,240943,240942.1875,0.4375000020559128,-0.3749999979440872
1050,10.946875,241378,241378.59375,-0.3749999979440872,0.21875000205591277
1051,10.957291666666666,241609,241608.28125,0.21875000205591277,-0.4999999979440872
1052,10.967708333333334,241837,241837.96875000003,-0.4999999979440872,0.4687500020850166
1053,10.978125,242068,242067.65625,0.4687500020850166,0.1250000020850166
1054,10.988541666666666,242297,242297.34375,0.1250000020850166,0.4687500020850166
1055,10.998958333333334,242528,242527.03125000003,0.4687500020850166,-0.49999999788587957
1056,11.0,242550,242550.0,-0.49999999788587957,-0.49999999788587957
1057,11.010416666666666,242779,242779.6875,-0.49999999788587957,0.18750000211412043
1058,11.020833333333334,243010,243009.375,0.18750000211412043,-0.43749999788587957
1059,11.03125,243239,243239.0625,-0.43749999788587957,-0.37499999788587957
1060,11.041666666666666,243468,243468.75,-0.37499999788587957,0.37500000211412043
1061,11.052083333333334,243699,243698.4375,0.37500000211412043,-0.18749999788587957
1062,11.071875,244135,244134.84375,-0.18749999788587957,-0.34374999788587957
1063,11.082291666666666,244364,244364.53125,-0.34374999788587957,0.18750000211412043
1064,11.092708333333334,244594,244594.21875000003,0.18750000211412043,0.40625000214322426
1065,11.103125,244824,244823.90625,0.40625000214322426,0.31250000214322426
1066,11.113541666666666,245054,245053.59375,0.31250000214322426,-0.09374999785677574
1067,11.123958333333334,245283,245283.28125000003,-0.09374999785677574,0.1875000021723281
1068,11.125,245306,245306.25,0.1875000021723281,0.4375000021723281
1069,11.135416666666666,245536,245535.9375,0.4375000021723281,0.3750000021723281
1070,11.145833333333334,245766,245765.625,0.3750000021723281,2.172328095184639e-09
1071,11.15625,245995,245995.3125,2.172328095184639e-09,0.3125000021723281
1072,11.166666666666666,246225,246225.0,0.3125000021723281,0.3125000021723281
1073,11.177083333333334,246455,246454.6875,0.3125000021723281,2.172328095184639e-09
1074,11.196875,246891,246891.09375,2.172328095184639e-09,0.0937500021723281
1075,11.207291666666666,247121,247120.78125,0.0937500021723281,-0.1249999978276719
1076,11.217708333333334,247350,247350.46875000003,-0.1249999978276719,0.3437500022014319
1077,11.228125,247581,247580.15625,0.3437500022014319,-0.4999999977985681
1078,11.238541666666666,247809,247809.84375,-0.4999999977985681,0.3437500022014319
1079,11.248958333333334,248040,248039.53125000003,0.3437500022014319,-0.12499999776946424
1080,11.25,248062,248062.5,-0.12499999776946424,0.37500000223053576
1081,11.260416666666666,248293,248292.1875,0.37500000223053576,-0.43749999776946424
1082,11.270833333333334,248521,248521.875,-0.43749999776946424,0.43750000223053576
1083,11.28125,248752,248751.5625,0.43750000223053576,2.2305357560981065e-09
1084,11.291666666666666,248981,248981.25,2.2305357560981065e-09,0.25000000223053576
1085,11.302083333333334,249211,249210.9375,0.25000000223053576,0.18750000223053576
1086,11.321875,249648,249647.34375,0.18750000223053576,-0.46874999776946424
1087,11.332291666666666,249877,249877.03125,-0.46874999776946424,-0.43749999776946424
1088,11.342708333333334,250106,250106.71875000003,-0.43749999776946424,0.2812500022596396
1089,11.353125,250337,250336.40625,0.2812500022596396,-0.3124999977403604
1090,11.363541666666666,250566,250566.09375,-0.3124999977403604,-0.2187499977403604
1091,11.373958333333334,250796,250795.78125000003,-0.2187499977403604,-0.4374999977112566
1092,11.375,250818,250818.75,-0.4374999977112566,0.3125000022887434
1093,11.385416666666666,251049,251048.4375,0.3125000022887434,-0.24999999771125658
1094,11.395833333333334,251278,251278.125,-0.24999999771125658,-0.12499999771125658
1095,11.40625,251508,251507.8125,-0.12499999771125658,-0.3124999977112566
1096,11.416666666666666,251737,251737.5,-0.3124999977112566,0.18750000228874342
1097,11.427083333333334,251967,251967.1875,0.18750000228874342,0.3750000022887434
1098,11.446875,252404,252403.59375,0.3750000022887434,-0.031249997711256583
1099,11.457291666666666,252633,252633.28125,-0.031249997711256583,0.2500000022887434
1100,11.467708333333334,252863,252862.96875000003,0.2500000022887434,0.21875000231784725
1101,11.478125,253093,253092.65625,0.21875000231784725,-0.12499999768215275
1102,11.488541666666666,253322,253322.34375,-0.12499999768215275,0.21875000231784725
1103,11.498958333333334,253552,253552.03125000003,0.21875000231784725,0.2500000023469511
1104,11.5,253575,253575.0,0.2500000023469511,0.2500000023469511
1105,11.510416666666666,253805,253804.6875,0.2500000023469511,-0.06249999765304892
1106,11.520833333333334,254034,254034.375,-0.06249999765304892,0.3125000023469511
1107,11.53125,254264,254264.0625,0.3125000023469511,0.3750000023469511
1108,11.541666666666666,254494,254493.75,0.3750000023469511,0.12500000234695108
1109,11.552083333333334,254724,254723.4375,0.12500000234695108,-0.4374999976530489
1110,11.571875,255159,255159.84375,-0.4374999976530489,0.4062500023469511
1111,11.582291666666666,255390,255389.53125,0.4062500023469511,-0.06249999765304892
1112,11.592708333333334,255619,255619.21875000003,-0.06249999765304892,0.1562500023760549
1113,11.603125,255849,255848.90625,0.1562500023760549,0.06250000237605491
1114,11.613541666666666,256079,256078.59375,0.06250000237605491,-0.3437499976239451
1115,11.623958333333334,256308,256308.28125000003,-0.3437499976239451,-0.06249999759484126
1116,11.625,256331,256331.25,-0.06249999759484126,0.18750000240515874
1117,11.635416666666666,256561,256560.9375,0.18750000240515874,0.12500000240515874
1118,11.645833333333334,256791,256790.625,0.12500000240515874,-0.24999999759484126
1119,11.65625,257020,257020.3125,-0.24999999759484126,0.06250000240515874
1120,11.666666666666666,257250,257250.0,0.06250000240515874,0.06250000240515874
1121,11.677083333333334,257480,257479.6875,0.06250000240515874,-0.24999999759484126
1122,11.696875,257916,257916.09375,-0.24999999759484126,-0.15624999759484126
1123,11.707291666666666,258146,258145.78125,-0.15624999759484126,-0.37499999759484126
1124,11.717708333333334,258375,258375.46875000003,-0.37499999759484126,0.09375000243426257
1125,11.728125,258605,258605.15625,0.09375000243426257,0.25000000243426257
1126,11.738541666666666,258835,258834.84375,0.25000000243426257,0.09375000243426257
1127,11.748958333333334,259065,259064.53125000003,0.09375000243426257,-0.3749999975366336
1128,11.75,259087,259087.5,-0.3749999975366336,0.1250000024633664
1129,11.760416666666666,259317,259317.1875,0.1250000024633664,0.3125000024633664
1130,11.770833333333334,259547,259546.875,0.3125000024633664,0.1875000024633664
1131,11.78125,259777,259776.5625,0.1875000024633664,-0.2499999975366336
1132,11.791666666666666,260006,260006.25,-0.2499999975366336,2.463366399751976e-09
1133,11.802083333333334,260236,260235.9375,2.463366399751976e-09,-0.0624999975366336
1134,11.821875,260672,260672.34375,-0.0624999975366336,0.2812500024633664
1135,11.832291666666666,260902,260902.03125,0.2812500024633664,0.3125000024633664
1136,11.842708333333334,261132,261131.71875000003,0.3125000024633664,0.03125000249247023
1137,11.853125,261361,261361.40625,0.03125000249247023,0.43750000249247023
1138,11.863541666666666,261592,261591.09375,0.43750000249247023,-0.46874999750752977
1139,11.873958333333334,261820,261820.78125000003,-0.46874999750752977,0.31250000252157406
1140,11.875,261844,261843.75,0.31250000252157406,0.06250000252157406
1141,11.885416666666666,262074,262073.4375,0.06250000252157406,-0.49999999747842594
1142,11.895833333333334,262303,262303.125,-0.49999999747842594,-0.37499999747842594
1143,11.90625,262532,262532.8125,-0.37499999747842594,0.43750000252157406
1144,11.916666666666666,262763,262762.5,0.43750000252157406,-0.06249999747842594
1145,11.927083333333334,262992,262992.1875,-0.06249999747842594,0.12500000252157406
1146,11.946875,263429,263428.59375,0.12500000252157406,-0.28124999747842594
1147,11.957291666666666,263658,263658.28125,-0.28124999747842594,2.5215740606654435e-09
1148,11.967708333333334,263888,263887.96875,2.5215740606654435e-09,-0.03124999747842594
1149,11.978125,264118,264117.65625,-0.03124999747842594,-0.37499999747842594
1150,11.988541666666666,264347,264347.34375,-0.37499999747842594,-0.03124999747842594
1151,11.998958333333334,264577,264577.03125,-0.03124999747842594,2.5215740606654435e-09
1152,12.0,264600,264600.0,2.5215740606654435e-09,2.5215740606654435e-09
1153,12.010416666666666,264830,264829.6875,2.5215740606654435e-09,-0.31249999747842594
1154,12.020833333333334,265059,265059.375,-0.31249999747842594,0.06250000252157406
1155,12.03125,265289,265289.0625,0.06250000252157406,0.12500000252157406
1156,12.041666666666666,265519,265518.75,0.12500000252157406,-0.12499999747842594
1157,12.052083333333334,265748,265748.4375,-0.12499999747842594,0.31250000252157406
1158,12.071875,266185,266184.84375,0.31250000252157406,0.15625000252157406
1159,12.082291666666666,266415,266414.53125,0.15625000252157406,-0.31249999747842594
1160,12.092708333333334,266644,266644.21875,-0.31249999747842594,-0.09374999747842594
1161,12.103125,266874,266873.90625,-0.09374999747842594,-0.18749999747842594
1162,12.113541666666666,267103,267103.59375,-0.18749999747842594,0.40625000252157406
1163,12.123958333333334,267334,267333.28125,0.40625000252157406,-0.31249999747842594
1164,12.125,267356,267356.25,-0.31249999747842594,-0.06249999747842594
1165,12.135416666666666,267586,267585.9375,-0.06249999747842594,-0.12499999747842594
1166,12.145833333333334,267816,267815.625,-0.12499999747842594,-0.49999999747842594
1167,12.15625,268045,268045.3125,-0.49999999747842594,-0.18749999747842594
1168,12.166666666666666,268275,268275.0,-0.18749999747842594,-0.18749999747842594
1169,12.177083333333334,268505,268504.6875,-0.18749999747842594,-0.49999999747842594
1170,12.196875,268941,268941.09375,-0.49999999747842594,-0.40624999747842594
1171,12.207291666666666,269170,269170.78125,-0.40624999747842594,0.37500000252157406
1172,12.217708333333334,269401,269400.46875,0.37500000252157406,-0.15624999747842594
1173,12.228125,269630,269630.15625,-0.15624999747842594,2.5215740606654435e-09
1174,12.238541666666666,269860,269859.84375,2.5215740606654435e-09,-0.15624999747842594
1175,12.248958333333334,270089,270089.53125,-0.15624999747842594,0.37500000252157406
1176,12.25,270113,270112.5,0.37500000252157406,-0.12499999747842594
1177,12.260416666666666,270342,270342.1875,-0.12499999747842594,0.06250000252157406
1178,12.270833333333334,270572,270571.875,0.06250000252157406,-0.06249999747842594
1179,12.28125,270802,270801.5625,-0.06249999747842594,-0.49999999747842594
1180,12.291666666666666,271031,271031.25,-0.49999999747842594,-0.24999999747842594
1181,12.302083333333334,271261,271260.9375,-0.24999999747842594,-0.31249999747842594
1182,12.321875,271697,271697.34375,-0.31249999747842594,0.03125000252157406
1183,12.332291666666666,271927,271927.03125,0.03125000252157406,0.06250000252157406
1184,12.342708333333334,272157,272156.71875,0.06250000252157406,-0.21874999747842594
1185,12.353125,272386,272386.40625,-0.21874999747842594,0.18750000252157406
1186,12.363541666666666,272616,272616.09375,0.18750000252157406,0.28125000252157406
1187,12.373958333333334,272846,272845.78125,0.28125000252157406,0.06250000252157406
1188,12.375,272869,272868.75,0.06250000252157406,-0.18749999747842594
1189,12.385416666666666,273098,273098.4375,-0.18749999747842594,0.25000000252157406
1190,12.395833333333334,273328,273328.125,0.25000000252157406,0.37500000252157406
1191,12.40625,273558,273557.8125,0.37500000252157406,0.18750000252157406
1192,12.416666666666666,273788,273787.5,0.18750000252157406,-0.31249999747842594
1193,12.427083333333334,274017,274017.1875,-0.31249999747842594,-0.12499999747842594
1194,12.446875,274453,274453.59375,-0.12499999747842594,0.46875000252157406
1195,12.457291666666666,274684,274683.28125,0.46875000252157406,-0.24999999747842594
1196,12.467708333333334,274913,274912.96875,-0.24999999747842594,-0.28124999747842594
1197,12.478125,275142,275142.65625,-0.28124999747842594,0.37500000252157406
1198,12.488541666666666,275373,275372.34375,0.37500000252157406,-0.28124999747842594
1199,12.498958333333334,275602,275602.03125,-0.28124999747842594,-0.24999999747842594
1200,12.5,275625,275625.0,-0.24999999747842594,-0.24999999747842594
1201,12.510416666666666,275854,275854.6875,-0.24999999747842594,0.43750000252157406
1202,12.520833333333334,276085,276084.375,0.43750000252157406,-0.18749999747842594
1203,12.53125,276314,276314.0625,-0.18749999747842594,-0.12499999747842594
1204,12.541666666666666,276544,276543.75,-0.12499999747842594,-0.37499999747842594
1205,12.552083333333334,276773,276773.4375,-0.37499999747842594,0.06250000252157406
1206,12.571875,277210,277209.84375,0.06250000252157406,-0.09374999747842594
1207,12.582291666666666,277439,277439.53125,-0.09374999747842594,0.43750000252157406
1208,12.592708333333334,277670,277669.21875,0.43750000252157406,-0.34374999747842594
1209,12.603125,277899,277898.90625,-0.34374999747842594,-0.43749999747842594
1210,12.613541666666666,278128,278128.59375,-0.43749999747842594,0.15625000252157406
1211,12.623958333333334,278358,278358.28125,0.15625000252157406,0.43750000252157406
1212,12.625,278382,278381.25,0.43750000252157406,-0.31249999747842594
1213,12.635416666666666,278611,278610.9375,-0.31249999747842594,-0.37499999747842594
1214,12.645833333333334,278840,278840.625,-0.37499999747842594,0.25000000252157406
1215,12.65625,279071,279070.3125,0.25000000252157406,-0.43749999747842594
1216,12.666666666666666,279300,279300.0,-0.43749999747842594,-0.43749999747842594
1217,12.677083333333334,279529,279529.6875,-0.43749999747842594,0.25000000252157406
1218,12.696875,279966,279966.09375,0.25000000252157406,0.34375000252157406
1219,12.707291666666666,280196,280195.78125,0.34375000252157406,0.12500000252157406
1220,12.717708333333334,280426,280425.46875,0.12500000252157406,-0.40624999747842594
1221,12.728125,280655,280655.15625,-0.40624999747842594,-0.24999999747842594
1222,12.738541666666666,280885,280884.84375,-0.24999999747842594,-0.40624999747842594
1223,12.748958333333334,281114,281114.53125,-0.40624999747842594,0.12500000252157406
1224,12.75,281138,281137.5,0.12500000252157406,-0.37499999747842594
1225,12.760416666666666,281367,281367.1875,-0.37499999747842594,-0.18749999747842594
1226,12.770833333333334,281597,281596.875,-0.18749999747842594,-0.31249999747842594
1227,12.78125,281826,281826.5625,-0.31249999747842594,0.25000000252157406
1228,12.791666666666666,282057,282056.25,0.25000000252157406,-0.49999999747842594
1229,12.802083333333334,282285,282285.9375,-0.49999999747842594,0.43750000252157406
1230,12.821875,282723,282722.34375,0.43750000252157406,-0.21874999747842594
1231,12.832291666666666,282952,282952.03125,-0.21874999747842594,-0.18749999747842594
1232,12.842708333333334,283182,283181.71875,-0.18749999747842594,-0.46874999747842594
1233,12.853125,283411,283411.40625,-0.46874999747842594,-0.06249999747842594
1234,12.863541666666666,283641,283641.09375,-0.06249999747842594,0.03125000252157406
1235,12.873958333333334,283871,283870.78125,0.03125000252157406,-0.18749999747842594
1236,12.875,283894,283893.75,-0.18749999747842594,-0.43749999747842594
1237,12.885416666666666,284123,284123.4375,-0.43749999747842594,2.5215740606654435e-09
1238,12.895833333333334,284353,284353.125,2.5215740606654435e-09,0.12500000252157406
1239,12.90625,284583,284582.8125,0.12500000252157406,-0.06249999747842594
1240,12.916666666666666,284812,284812.5,-0.06249999747842594,0.43750000252157406
1241,12.927083333333334,285043,285042.1875,0.43750000252157406,-0.37499999747842594
1242,12.946875,285478,285478.59375,-0.37499999747842594,0.21875000252157406
1243,12.957291666666666,285709,285708.28125,0.21875000252157406,-0.49999999747842594
1244,12.967708333333334,285937,285937.96875,-0.49999999747842594,0.46875000252157406
1245,12.978125,286168,286167.65625,0.46875000252157406,0.12500000252157406
1246,12.988541666666666,286397,286397.34375,0.12500000252157406,0.46875000252157406
1247,12.998958333333334,286628,286627.03125,0.46875000252157406,-0.49999999747842594
1248,13.0,286650,286650.0,-0.49999999747842594,-0.49999999747842594
1249,13.010416666666666,286879,286879.6875,-0.49999999747842594,0.18750000252157406
1250,13.020833333333334,287110,287109.375,0.18750000252157406,-0.43749999747842594
1251,13.03125,287339,287339.0625,-0.43749999747842594,-0.37499999747842594
1252,13.041666666666666,287568,287568.75,-0.37499999747842594,0.37500000252157406
1253,13.052083333333334,287799,287798.4375,0.37500000252157406,-0.18749999747842594
1254,13.071875,288235,288234.84375,-0.18749999747842594,-0.34374999747842594
1255,13.082291666666666,288464,288464.53125,-0.34374999747842594,0.18750000252157406
1256,13.092708333333334,288694,288694.21875,0.18750000252157406,0.40625000252157406
1257,13.103125,288924,288923.90625,0.40625000252157406,0.31250000252157406
1258,13.113541666666666,289154,289153.59375,0.31250000252157406,-0.09374999747842594
1259,13.123958333333334,289383,289383.28125,-0.09374999747842594,0.18750000252157406
1260,13.125,289406,289406.25,0.18750000252157406,0.43750000252157406
1261,13.135416666666666,289636,289635.9375,0.43750000252157406,0.37500000252157406
1262,13.145833333333334,289866,289865.625,0.37500000252157406,2.5215740606654435e-09
1263,13.15625,290095,290095.3125,2.5215740606654435e-09,0.31250000252157406
1264,13.166666666666666,290325,290325.0,0.31250000252157406,0.31250000252157406
1265,13.177083333333334,290555,290554.6875,0.31250000252157406,2.5215740606654435e-09
1266,13.196875,290991,290991.09375,2.5215740606654435e-09,0.09375000252157406
1267,13.207291666666666,291221,291220.78125,0.09375000252157406,-0.12499999747842594
1268,13.217708333333334,291450,291450.46875,-0.12499999747842594,0.34375000252157406
1269,13.228125,291681,291680.15625,0.34375000252157406,-0.49999999747842594
1270,13.238541666666666,291909,291909.84375,-0.49999999747842594,0.34375000252157406
1271,13.248958333333334,292140,292139.53125,0.34375000252157406,-0.12499999747842594
1272,13.25,292162,292162.5,-0.12499999747842594,0.37500000252157406
1273,13.260416666666666,292393,292392.1875,0.37500000252157406,-0.43749999747842594
1274,13.270833333333334,292621,292621.875,-0.43749999747842594,0.43750000252157406
1275,13.28125,292852,292851.5625,0.43750000252157406,2.5215740606654435e-09
1276,13.291666666666666,293081,293081.25,2.5215740606654435e-09,0.25000000252157406
1277,13.302083333333334,293311,293310.9375,0.25000000252157406,0.18750000252157406
1278,13.321875,293748,293747.34375,0.18750000252157406,-0.46874999747842594
1279,13.332291666666666,293977,293977.03125,-0.46874999747842594,-0.43749999747842594
1280,13.342708333333334,294206,294206.71875,-0.43749999747842594,0.28125000252157406
1281,13.353125,294437,294436.40625,0.28125000252157406,-0.31249999747842594
1282,13.363541666666666,294666,294666.09375,-0.31249999747842594,-0.21874999747842594
1283,13.373958333333334,294896,294895.78125,-0.21874999747842594,-0.43749999747842594
1284,13.375,294918,294918.75,-0.43749999747842594,0.31250000252157406
1285,13.385416666666666,295149,295148.4375,0.31250000252157406,-0.24999999747842594
1286,13.395833333333334,295378,295378.125,-0.24999999747842594,-0.12499999747842594
1287,13.40625,295608,295607.8125,-0.12499999747842594,-0.31249999747842594
1288,13.416666666666666,295837,295837.5,-0.31249999747842594,0.18750000252157406
1289,13.427083333333334,296067,296067.1875,0.18750000252157406,0.37500000252157406
1290,13.446875,296504,296503.59375,0.37500000252157406,-0.03124999747842594
1291,13.457291666666666,296733,296733.28125,-0.03124999747842594,0.25000000252157406
1292,13.467708333333334,296963,296962.96875,0.25000000252157406,0.21875000252157406
1293,13.478125,297193,297192.65625,0.21875000252157406,-0.12499999747842594
1294,13.488541666666666,297422,297422.34375,-0.12499999747842594,0.21875000252157406
1295,13.498958333333334,297652,297652.03125,0.21875000252157406,0.25000000252157406
1296,13.5,297675,297675.0,0.25000000252157406,0.25000000252157406
1297,13.510416666666666,297905,297904.6875,0.25000000252157406,-0.06249999747842594
1298,13.520833333333334,298134,298134.375,-0.06249999747842594,0.31250000252157406
1299,13.53125,298364,298364.0625,0.31250000252157406,0.37500000252157406
1300,13.541666666666666,298594,298593.75,0.37500000252157406,0.12500000252157406
1301,13.552083333333334,298824,298823.4375,0.12500000252157406,-0.43749999747842594
1302,13.571875,299259,299259.84375,-0.43749999747842594,0.40625000252157406
1303,13.582291666666666,299490,299489.53125,0.40625000252157406,-0.06249999747842594
1304,13.592708333333334,299719,299719.21875,-0.06249999747842594,0.15625000252157406
1305,13.603125,299949,299948.90625,0.15625000252157406,0.06250000252157406
1306,13.613541666666666,300179,300178.59375,0.06250000252157406,-0.34374999747842594
1307,13.623958333333334,300408,300408.28125,-0.34374999747842594,-0.06249999747842594
1308,13.625,300431,300431.25,-0.06249999747842594,0.18750000252157406
1309,13.635416666666666,300661,300660.9375,0.18750000252157406,0.12500000252157406
1310,13.645833333333334,300891,300890.625,0.12500000252157406,-0.24999999747842594
1311,13.65625,301120,301120.3125,-0.24999999747842594,0.06250000252157406
1312,13.666666666666666,301350,301350.0,0.06250000252157406,0.06250000252157406
1313,13.677083333333334,301580,301579.6875,0.06250000252157406,-0.24999999747842594
1314,13.696875,302016,302016.09375,-0.24999999747842594,-0.15624999747842594
1315,13.707291666666666,302246,302245.78125,-0.15624999747842594,-0.37499999747842594
1316,13.717708333333334,302475,302475.46875,-0.37499999747842594,0.09375000252157406
1317,13.728125,302705,302705.15625,0.09375000252157406,0.25000000252157406
1318,13.738541666666666,302935,302934.84375,0.25000000252157406,0.09375000252157406
1319,13.748958333333334,303165,303164.53125,0.09375000252157406,-0.37499999747842594
1320,13.75,303187,303187.5,-0.37499999747842594,0.12500000252157406
1321,13.760416666666666,303417,303417.1875,0.12500000252157406,0.31250000252157406
1322,13.770833333333334,303647,303646.875,0.31250000252157406,0.18750000252157406
1323,13.78125,303877,303876.5625,0.18750000252157406,-0.24999999747842594
1324,13.791666666666666,304106,304106.25,-0.24999999747842594,2.5215740606654435e-09
1325,13.802083333333334,304336,304335.9375,2.5215740606654435e-09,-0.06249999747842594
1326,13.821875,304772,304772.34375,-0.06249999747842594,0.28125000252157406
1327,13.832291666666666,305002,305002.03125,0.28125000252157406,0.31250000252157406
1328,13.842708333333334,305232,305231.71875,0.31250000252157406,0.03125000252157406
1329,13.853125,305461,305461.40625,0.03125000252157406,0.43750000252157406
1330,13.863541666666666,305692,305691.09375,0.43750000252157406,-0.46874999747842594
1331,13.873958333333334,305920,305920.78125,-0.46874999747842594,0.31250000252157406
1332,13.875,305944,305943.75,0.31250000252157406,0.06250000252157406
1333,13.885416666666666,306174,306173.4375,0.06250000252157406,-0.49999999747842594
1334,13.895833333333334,306403,306403.125,-0.49999999747842594,-0.37499999747842594
1335,13.90625,306632,306632.8125,-0.37499999747842594,0.43750000252157406
1336,13.916666666666666,306863,306862.5,0.43750000252157406,-0.06249999747842594
1337,13.927083333333334,307092,307092.1875,-0.06249999747842594,0.12500000252157406
1338,13.946875,307529,307528.59375,0.12500000252157406,-0.28124999747842594
1339,13.957291666666666,307758,307758.28125,-0.28124999747842594,2.5215740606654435e-09
1340,13.967708333333334,307988,307987.96875,2.5215740606654435e-09,-0.03124999747842594
1341,13.978125,308218,308217.65625,-0.03124999747842594,-0.37499999747842594
1342,13.988541666666666,308447,308447.34375,-0.37499999747842594,-0.03124999747842594
1343,13.998958333333334,308677,308677.03125,-0.03124999747842594,2.5215740606654435e-09
1344,14.0,308700,308700.0,2.5215740606654435e-09,2.5215740606654435e-09
1345,14.010416666666666,308930,308929.6875,2.5215740606654435e-09,-0.31249999747842594
1346,14.020833333333334,309159,309159.375,-0.31249999747842594,0.06250000252157406
1347,14.03125,309389,309389.0625,0.06250000252157406,0.12500000252157406
1348,14.041666666666666,309619,309618.75,0.12500000252157406,-0.12499999747842594
1349,14.052083333333334,309848,309848.4375,-0.12499999747842594,0.31250000252157406
1350,14.071875,310285,310284.84375,0.31250000252157406,0.15625000252157406
1351,14.082291666666666,310515,310514.53125,0.15625000252157406,-0.31249999747842594
1352,14.092708333333334,310744,310744.21875,-0.31249999747842594,-0.09374999747842594
1353,14.103125,310974,310973.90625,-0.09374999747842594,-0.18749999747842594
1354,14.113541666666666,311203,311203.59375,-0.18749999747842594,0.40625000252157406
1355,14.123958333333334,311434,311433.28125,0.40625000252157406,-0.31249999747842594
1356,14.125,311456,311456.25,-0.31249999747842594,-0.06249999747842594
1357,14.135416666666666,311686,311685.9375,-0.06249999747842594,-0.12499999747842594
1358,14.145833333333334,311916,311915.625,-0.12499999747842594,-0.49999999747842594
1359,14.15625,312145,312145.3125,-0.49999999747842594,-0.18749999747842594
1360,14.166666666666666,312375,312375.0,-0.18749999747842594,-0.18749999747842594
1361,14.177083333333334,312605,312604.6875,-0.18749999747842594,-0.49999999747842594
1362,14.196875,313041,313041.09375,-0.49999999747842594,-0.40624999747842594
1363,14.207291666666666,313270,313270.78125,-0.40624999747842594,0.37500000252157406
1364,14.217708333333334,313501,313500.46875,0.37500000252157406,-0.15624999747842594
1365,14.228125,313730,313730.15625,-0.15624999747842594,2.5215740606654435e-09
1366,14.238541666666666,313960,313959.84375,2.5215740606654435e-09,-0.15624999747842594
1367,14.248958333333334,314189,314189.53125,-0.15624999747842594,0.37500000252157406
1368,14.25,314213,314212.5,0.37500000252157406,-0.12499999747842594
1369,14.260416666666666,314442,314442.1875,-0.12499999747842594,0.06250000252157406
1370,14.270833333333334,314672,314671.875,0.06250000252157406,-0.06249999747842594
1371,14.28125,314902,314901.5625,-0.06249999747842594,-0.49999999747842594
1372,14.291666666666666,315131,315131.25,-0.49999999747842594,-0.24999999747842594
1373,14.302083333333334,315361,315360.9375,-0.24999999747842594,-0.31249999747842594
1374,14.321875,315797,315797.34375,-0.31249999747842594,0.03125000252157406
1375,14.332291666666666,316027,316027.03125,0.03125000252157406,0.06250000252157406
1376,14.342708333333334,316257,316256.71875,0.06250000252157406,-0.21874999747842594
1377,14.353125,316486,316486.40625,-0.21874999747842594,0.18750000252157406
1378,14.363541666666666,316716,316716.09375,0.18750000252157406,0.28125000252157406
1379,14.373958333333334,316946,316945.78125,0.28125000252157406,0.06250000252157406
1380,14.375,316969,316968.75,0.06250000252157406,-0.18749999747842594
1381,14.385416666666666,317198,317198.4375,-0.18749999747842594,0.25000000252157406
1382,14.395833333333334,317428,317428.125,0.25000000252157406,0.37500000252157406
1383,14.40625,317658,317657.8125,0.37500000252157406,0.18750000252157406
1384,14.416666666666666,317888,317887.5,0.18750000252157406,-0.31249999747842594
1385,14.427083333333334,318117,318117.1875,-0.31249999747842594,-0.12499999747842594
1386,14.446875,318553,318553.59375,-0.12499999747842594,0.46875000252157406
1387,14.457291666666666,318784,318783.28125,0.46875000252157406,-0.24999999747842594
1388,14.467708333333334,319013,319012.96875,-0.24999999747842594,-0.28124999747842594
1389,14.478125,319242,319242.65625,-0.28124999747842594,0.37500000252157406
1390,14.488541666666666,319473,319472.34375,0.37500000252157406,-0.28124999747842594
1391,14.498958333333334,319702,319702.03125,-0.28124999747842594,-0.24999999747842594
1392,14.5,319725,319725.0,-0.24999999747842594,-0.24999999747842594
1393,14.510416666666666,319954,319954.6875,-0.24999999747842594,0.43750000252157406
1394,14.520833333333334,320185,320184.375,0.43750000252157406,-0.18749999747842594
1395,14.53125,320414,320414.0625,-0.18749999747842594,-0.12499999747842594
1396,14.541666666666666,320644,320643.75,-0.12499999747842594,-0.37499999747842594
1397,14.552083333333334,320873,320873.4375,-0.37499999747842594,0.06250000252157406
1398,14.571875,321310,321309.84375,0.06250000252157406,-0.09374999747842594
1399,14.582291666666666,321539,321539.53125,-0.09374999747842594,0.43750000252157406
1400,14.592708333333334,321770,321769.21875,0.43750000252157406,-0.34374999747842594
1401,14.603125,321999,321998.90625,-0.34374999747842594,-0.43749999747842594
1402,14.613541666666666,322228,322228.59375,-0.43749999747842594,0.15625000252157406
1403,14.623958333333334,322458,322458.28125,0.15625000252157406,0.43750000252157406
1404,14.625,322482,322481.25,0.43750000252157406,-0.31249999747842594
1405,14.635416666666666,322711,322710.9375,-0.31249999747842594,-0.37499999747842594
1406,14.645833333333334,322940,322940.625,-0.37499999747842594,0.25000000252157406
1407,14.65625,323171,323170.3125,0.25000000252157406,-0.43749999747842594
1408,14.666666666666666,323400,323400.0,-0.43749999747842594,-0.43749999747842594
1409,14.677083333333334,323629,323629.6875,-0.43749999747842594,0.25000000252157406
1410,14.696875,324066,324066.09375,0.25000000252157406,0.34375000252157406
1411,14.707291666666666,324296,324295.78125,0.34375000252157406,0.12500000252157406
1412,14.717708333333334,324526,324525.46875,0.12500000252157406,-0.40624999747842594
1413,14.728125,324755,324755.15625,-0.40624999747842594,-0.24999999747842594
1414,14.738541666666666,324985,324984.84375,-0.24999999747842594,-0.40624999747842594
1415,14.748958333333334,325214,325214.53125,-0.40624999747842594,0.12500000252157406
1416,14.75,325238,325237.5,0.12500000252157406,-0.37499999747842594
1417,14.760416666666666,325467,325467.1875,-0.37499999747842594,-0.18749999747842594
1418,14.770833333333334,325697,325696.875,-0.18749999747842594,-0.31249999747842594
1419,14.78125,325926,325926.5625,-0.31249999747842594,0.25000000252157406
1420,14.791666666666666,326157,326156.25,0.25000000252157406,-0.49999999747842594
1421,14.802083333333334,326385,326385.9375,-0.49999999747842594,0.43750000252157406
1422,14.821875,326823,326822.34375,0.43750000252157406,-0.21874999747842594
1423,14.832291666666666,327052,327052.03125,-0.21874999747842594,-0.18749999747842594
1424,14.842708333333334,327282,327281.71875,-0.18749999747842594,-0.46874999747842594
1425,14.853125,327511,327511.40625,-0.46874999747842594,-0.06249999747842594
1426,14.863541666666666,327741,327741.09375,-0.06249999747842594,0.03125000252157406
1427,14.873958333333334,327971,327970.78125,0.03125000252157406,-0.18749999747842594
1428,14.875,327994,327993.75,-0.18749999747842594,-0.43749999747842594
1429,14.885416666666666,328223,328223.4375,-0.43749999747842594,2.5215740606654435e-09
1430,14.895833333333334,328453,328453.125,2.5215740606654435e-09,0.12500000252157406
1431,14.90625,328683,328682.8125,0.12500000252157406,-0.06249999747842594
1432,14.916666666666666,328912,328912.5,-0.06249999747842594,0.43750000252157406
1433,14.927083333333334,329143,329142.1875,0.43750000252157406,-0.37499999747842594
1434,14.946875,329578,329578.59375,-0.37499999747842594,0.21875000252157406
1435,14.957291666666666,329809,329808.28125,0.21875000252157406,-0.49999999747842594
1436,14.967708333333334,330037,330037.96875,-0.49999999747842594,0.46875000252157406
1437,14.978125,330268,330267.65625,0.46875000252157406,0.12500000252157406
1438,14.988541666666666,330497,330497.34375,0.12500000252157406,0.46875000252157406
1439,14.998958333333334,330728,330727.03125,0.46875000252157406,-0.49999999747842594
1440,15.0,330750,330750.0,-0.49999999747842594,-0.49999999747842594
1441,15.010416666666666,330979,330979.6875,-0.49999999747842594,0.18750000252157406
1442,15.020833333333334,331210,331209.375,0.18750000252157406,-0.43749999747842594
1443,15.03125,331439,331439.0625,-0.43749999747842594,-0.37499999747842594
1444,15.041666666666666,331668,331668.75,-0.37499999747842594,0.37500000252157406
1445,15.052083333333334,331899,331898.4375,0.37500000252157406,-0.18749999747842594
1446,15.071875,332335,332334.84375,-0.18749999747842594,-0.34374999747842594
1447,15.082291666666666,332564,332564.53125,-0.34374999747842594,0.18750000252157406
1448,15.092708333333334,332794,332794.21875,0.18750000252157406,0.40625000252157406
1449,15.103125,333024,333023.90625,0.40625000252157406,0.31250000252157406
1450,15.113541666666666,333254,333253.59375,0.31250000252157406,-0.09374999747842594
1451,15.123958333333334,333483,333483.28125,-0.09374999747842594,0.18750000252157406
1452,15.125,333506,333506.25,0.18750000252157406,0.43750000252157406
1453,15.135416666666666,333736,333735.9375,0.43750000252157406,0.37500000252157406
1454,15.145833333333334,333966,333965.625,0.37500000252157406,2.5215740606654435e-09
1455,15.15625,334195,334195.3125,2.5215740606654435e-09,0.31250000252157406
1456,15.166666666666666,334425,334425.0,0.31250000252157406,0.31250000252157406
1457,15.177083333333334,334655,334654.6875,0.31250000252157406,2.5215740606654435e-09
1458,15.196875,335091,335091.09375,2.5215740606654435e-09,0.09375000252157406
1459,15.207291666666666,335321,335320.78125,0.09375000252157406,-0.12499999747842594
1460,15.217708333333334,335550,335550.46875,-0.12499999747842594,0.34375000252157406
1461,15.228125,335781,335780.15625,0.34375000252157406,-0.49999999747842594
1462,15.238541666666666,336009,336009.84375,-0.49999999747842594,0.34375000252157406
1463,15.248958333333334,336240,336239.53125,0.34375000252157406,-0.12499999747842594
1464,15.25,336262,336262.5,-0.12499999747842594,0.37500000252157406
1465,15.260416666666666,336493,336492.1875,0.37500000252157406,-0.43749999747842594
1466,15.270833333333334,336721,336721.875,-0.43749999747842594,0.43750000252157406
1467,15.28125,336952,336951.5625,0.43750000252157406,2.5215740606654435e-09
1468,15.291666666666666,337181,337181.25,2.5215740606654435e-09,0.25000000252157406
1469,15.302083333333334,337411,337410.9375,0.25000000252157406,0.18750000252157406
1470,15.321875,337848,337847.34375,0.18750000252157406,-0.46874999747842594
1471,15.332291666666666,338077,338077.03125,-0.46874999747842594,-0.43749999747842594
1472,15.342708333333334,338306,338306.71875,-0.43749999747842594,0.28125000252157406
1473,15.353125,338537,338536.40625,0.28125000252157406,-0.31249999747842594
1474,15.363541666666666,338766,338766.09375,-0.31249999747842594,-0.21874999747842594
1475,15.373958333333334,338996,338995.78125,-0.21874999747842594,-0.43749999747842594
1476,15.375,339018,339018.75,-0.43749999747842594,0.31250000252157406
1477,15.385416666666666,339249,339248.4375,0.31250000252157406,-0.24999999747842594
1478,15.395833333333334,339478,339478.125,-0.24999999747842594,-0.12499999747842594
1479,15.40625,339708,339707.8125,-0.12499999747842594,-0.31249999747842594
1480,15.416666666666666,339937,339937.5,-0.31249999747842594,0.18750000252157406
1481,15.427083333333334,340167,340167.1875,0.18750000252157406,0.37500000252157406
1482,15.446875,340604,340603.59375,0.37500000252157406,-0.03124999747842594
1483,15.457291666666666,340833,340833.28125,-0.03124999747842594,0.25000000252157406
1484,15.467708333333334,341063,341062.96875,0.25000000252157406,0.21875000252157406
1485,15.478125,341293,341292.65625,0.21875000252157406,-0.12499999747842594
1486,15.488541666666666,341522,341522.34375,-0.12499999747842594,0.21875000252157406
1487,15.498958333333334,341752,341752.03125,0.21875000252157406,0.25000000252157406
1488,15.5,341775,341775.0,0.25000000252157406,0.25000000252157406
1489,15.510416666666666,342005,342004.6875,0.25000000252157406,-0.06249999747842594
1490,15.520833333333334,342234,342234.375,-0.06249999747842594,0.31250000252157406
1491,15.53125,342464,342464.0625,0.31250000252157406,0.37500000252157406
1492,15.541666666666666,342694,342693.75,0.37500000252157406,0.12500000252157406
1493,15.552083333333334,342924,342923.4375,0.12500000252157406,-0.43749999747842594
1494,15.571875,343359,343359.84375,-0.43749999747842594,0.40625000252157406
1495,15.582291666666666,343590,343589.53125,0.40625000252157406,-0.06249999747842594
1496,15.592708333333334,343819,343819.21875,-0.06249999747842594,0.15625000252157406
1497,15.603125,344049,344048.90625,0.15625000252157406,0.06250000252157406
1498,15.613541666666666,344279,344278.59375,0.06250000252157406,-0.34374999747842594
1499,15.623958333333334,344508,344508.28125,-0.34374999747842594,-0.06249999747842594
1500,15.625,344531,344531.25,-0.06249999747842594,0.18750000252157406
1501,15.635416666666666,344761,344760.9375,0.18750000252157406,0.12500000252157406
1502,15.645833333333334,344991,344990.625,0.12500000252157406,-0.24999999747842594
1503,15.65625,345220,345220.3125,-0.24999999747842594,0.06250000252157406
1504,15.666666666666666,345450,345450.0,0.06250000252157406,0.06250000252157406
1505,15.677083333333334,345680,345679.6875,0.06250000252157406,-0.24999999747842594
1506,15.696875,346116,346116.09375,-0.24999999747842594,-0.15624999747842594
1507,15.707291666666666,346346,346345.78125,-0.15624999747842594,-0.37499999747842594
1508,15.717708333333334,346575,346575.46875,-0.37499999747842594,0.09375000252157406
1509,15.728125,346805,346805.15625,0.09375000252157406,0.25000000252157406
1510,15.738541666666666,347035,347034.84375,0.25000000252157406,0.09375000252157406
1511,15.748958333333334,347265,347264.53125,0.09375000252157406,-0.37499999747842594
1512,15.75,347287,347287.5,-0.37499999747842594,0.12500000252157406
1513,15.760416666666666,347517,347517.1875,0.12500000252157406,0.31250000252157406
1514,15.770833333333334,347747,347746.875,0.31250000252157406,0.18750000252157406
1515,15.78125,347977,347976.5625,0.18750000252157406,-0.24999999747842594
1516,15.791666666666666,348206,348206.25,-0.24999999747842594,2.5215740606654435e-09
1517,15.802083333333334,348436,348435.9375,2.5215740606654435e-09,-0.06249999747842594
1518,15.821875,348872,348872.34375,-0.06249999747842594,0.28125000252157406
1519,15.832291666666666,349102,349102.03125,0.28125000252157406,0.31250000252157406
1520,15.842708333333334,349332,349331.71875,0.31250000252157406,0.03125000252157406
1521,15.853125,349561,349561.40625,0.03125000252157406,0.43750000252157406
1522,15.863541666666666,349792,349791.09375,0.43750000252157406,-0.46874999747842594
1523,15.873958333333334,350020,350020.78125,-0.46874999747842594,0.31250000252157406
1524,15.875,350044,350043.75,0.31250000252157406,0.06250000252157406
1525,15.885416666666666,350274,350273.4375,0.06250000252157406,-0.49999999747842594
1526,15.895833333333334,350503,350503.125,-0.49999999747842594,-0.37499999747842594
1527,15.90625,350732,350732.8125,-0.37499999747842594,0.43750000252157406
1528,15.916666666666666,350963,350962.5,0.43750000252157406,-0.06249999747842594
1529,15.927083333333334,351192,351192.1875,-0.06249999747842594,0.12500000252157406
1530,15.946875,351629,351628.59375,0.12500000252157406,-0.28124999747842594
1531,15.957291666666666,351858,351858.28125,-0.28124999747842594,2.5215740606654435e-09
1532,15.967708333333334,352088,352087.96875,2.5215740606654435e-09,-0.03124999747842594
1533,15.978125,352318,352317.65625,-0.03124999747842594,-0.37499999747842594
1534,15.988541666666666,352547,352547.34375,-0.37499999747842594,-0.03124999747842594
1535,15.998958333333334,352777,352777.03125,-0.03124999747842594,2.5215740606654435e-09
1536,16.0,352800,352800.0,2.5215740606654435e-09,2.5215740606654435e-09
1537,16.010416666666668,353030,353029.6875,2.5215740606654435e-09,-0.31249999747842594
1538,16.020833333333332,353259,353259.375,-0.31249999747842594,0.06250000252157406
1539,16.03125,353489,353489.0625,0.06250000252157406,0.12500000252157406
1540,16.041666666666668,353719,353718.75,0.12500000252157406,-0.12499999747842594
1541,16.052083333333332,353948,353948.4375,-0.12499999747842594,0.31250000252157406
1542,16.071875,354385,354384.84374999994,0.31250000252157406,0.1562500024633664
1543,16.082291666666666,354615,354614.53125,0.1562500024633664,-0.3124999975366336
1544,16.09270833333333,354844,354844.21874999994,-0.3124999975366336,-0.09374999759484126
1545,16.103125,355074,355073.90624999994,-0.09374999759484126,-0.18749999765304892
1546,16.113541666666666,355303,355303.59375,-0.18749999765304892,0.4062500023469511
1547,16.12395833333333,355534,355533.28124999994,0.4062500023469511,-0.3124999977112566
1548,16.125,355556,355556.25,-0.3124999977112566,-0.06249999771125658
1549,16.135416666666668,355786,355785.9375,-0.06249999771125658,-0.12499999771125658
1550,16.145833333333332,356016,356015.625,-0.12499999771125658,-0.4999999977112566
1551,16.15625,356245,356245.3125,-0.4999999977112566,-0.18749999771125658
1552,16.166666666666668,356475,356475.0,-0.18749999771125658,-0.18749999771125658
1553,16.177083333333332,356705,356704.6875,-0.18749999771125658,-0.4999999977112566
1554,16.196875,357141,357141.09374999994,-0.4999999977112566,-0.40624999776946424
1555,16.207291666666666,357370,357370.78125,-0.40624999776946424,0.37500000223053576
1556,16.21770833333333,357601,357600.46874999994,0.37500000223053576,-0.1562499978276719
1557,16.228125,357830,357830.15624999994,-0.1562499978276719,2.1141204342711717e-09
1558,16.238541666666666,358060,358059.84375,2.1141204342711717e-09,-0.15624999788587957
1559,16.24895833333333,358289,358289.53124999994,-0.15624999788587957,0.3750000020559128
1560,16.25,358313,358312.5,0.3750000020559128,-0.12499999794408723
1561,16.260416666666668,358542,358542.1875,-0.12499999794408723,0.06250000205591277
1562,16.270833333333332,358772,358771.875,0.06250000205591277,-0.06249999794408723
1563,16.28125,359002,359001.5625,-0.06249999794408723,-0.4999999979440872
1564,16.291666666666668,359231,359231.25,-0.4999999979440872,-0.24999999794408723
1565,16.302083333333332,359461,359460.9375,-0.24999999794408723,-0.3124999979440872
1566,16.321875,359897,359897.34374999994,-0.3124999979440872,0.03125000199770511
1567,16.332291666666666,360127,360127.03125,0.03125000199770511,0.06250000199770511
1568,16.34270833333333,360357,360356.71874999994,0.06250000199770511,-0.21874999806050255
1569,16.353125,360586,360586.40624999994,-0.21874999806050255,0.1875000018812898
1570,16.363541666666666,360816,360816.09375,0.1875000018812898,0.2812500018812898
1571,16.37395833333333,361046,361045.78124999994,0.2812500018812898,0.06250000182308213
1572,16.375,361069,361068.75,0.06250000182308213,-0.18749999817691787
1573,16.385416666666668,361298,361298.4375,-0.18749999817691787,0.25000000182308213
1574,16.395833333333332,361528,361528.125,0.25000000182308213,0.37500000182308213
1575,16.40625,361758,361757.8125,0.37500000182308213,0.18750000182308213
1576,16.416666666666668,361988,361987.5,0.18750000182308213,-0.31249999817691787
1577,16.427083333333332,362217,362217.1875,-0.31249999817691787,-0.12499999817691787
1578,16.446875,362653,362653.59374999994,-0.12499999817691787,0.46875000176487447
1579,16.457291666666666,362884,362883.28125,0.46875000176487447,-0.24999999823512553
1580,16.46770833333333,363113,363112.96874999994,-0.24999999823512553,-0.2812499982933332
1581,16.478125,363342,363342.65624999994,-0.2812499982933332,0.37500000164845915
1582,16.488541666666666,363573,363572.34375,0.37500000164845915,-0.28124999835154085
1583,16.49895833333333,363802,363802.03124999994,-0.28124999835154085,-0.24999999840974851
1584,16.5,363825,363825.0,-0.24999999840974851,-0.24999999840974851
1585,16.510416666666668,364054,364054.6875,-0.24999999840974851,0.4375000015902515
1586,16.520833333333332,364285,364284.375,0.4375000015902515,-0.18749999840974851
1587,16.53125,364514,364514.0625,-0.18749999840974851,-0.12499999840974851
1588,16.541666666666668,364744,364743.75,-0.12499999840974851,-0.3749999984097485
1589,16.552083333333332,364973,364973.4375,-0.3749999984097485,0.06250000159025149
1590,16.571875,365410,365409.84374999994,0.06250000159025149,-0.09374999846795617
1591,16.582291666666666,365639,365639.53125,-0.09374999846795617,0.4375000015320438
1592,16.59270833333333,365870,365869.21874999994,0.4375000015320438,-0.34374999852616384
1593,16.603125,366099,366098.90624999994,-0.34374999852616384,-0.4374999985843715
1594,16.613541666666666,366328,366328.59375,-0.4374999985843715,0.1562500014156285
1595,16.62395833333333,366558,366558.28124999994,0.1562500014156285,0.43750000135742084
1596,16.625,366582,366581.25,0.43750000135742084,-0.31249999864257916
1597,16.635416666666668,366811,366810.9375,-0.31249999864257916,-0.37499999864257916
1598,16.645833333333332,367040,367040.625,-0.37499999864257916,0.25000000135742084
1599,16.65625,367271,367270.3125,0.25000000135742084,-0.43749999864257916
1600,16.666666666666668,367500,367500.0,-0.43749999864257916,-0.43749999864257916
1601,16.677083333333332,367729,367729.6875,-0.43749999864257916,0.25000000135742084
1602,16.696875,368166,368166.09374999994,0.25000000135742084,0.3437500012992132
1603,16.707291666666666,368396,368395.78125,0.3437500012992132,0.12500000129921318
1604,16.71770833333333,368626,368625.46874999994,0.12500000129921318,-0.4062499987589945
1605,16.728125,368855,368855.15624999994,-0.4062499987589945,-0.24999999881720214
1606,16.738541666666666,369085,369084.84375,-0.24999999881720214,-0.40624999881720214
1607,16.74895833333333,369314,369314.53124999994,-0.40624999881720214,0.1250000011245902
1608,16.75,369338,369337.5,0.1250000011245902,-0.3749999988754098
1609,16.760416666666668,369567,369567.1875,-0.3749999988754098,-0.1874999988754098
1610,16.770833333333332,369797,369796.875,-0.1874999988754098,-0.3124999988754098
1611,16.78125,370026,370026.5625,-0.3124999988754098,0.2500000011245902
1612,16.791666666666668,370257,370256.25,0.2500000011245902,-0.4999999988754098
1613,16.802083333333332,370485,370485.9375,-0.4999999988754098,0.4375000011245902
1614,16.821875,370923,370922.34374999994,0.4375000011245902,-0.21874999893361746
1615,16.832291666666666,371152,371152.03125,-0.21874999893361746,-0.18749999893361746
1616,16.84270833333333,371382,371381.71874999994,-0.18749999893361746,-0.4687499989918251
1617,16.853125,371611,371611.40624999994,-0.4687499989918251,-0.062499999050032784
1618,16.863541666666666,371841,371841.09375,-0.062499999050032784,0.031250000949967216
1619,16.87395833333333,372071,372070.78124999994,0.031250000949967216,-0.18749999910824044
1620,16.875,372094,372093.75,-0.18749999910824044,-0.43749999910824044
1621,16.885416666666668,372323,372323.4375,-0.43749999910824044,8.917595550883561e-10
1622,16.895833333333332,372553,372553.125,8.917595550883561e-10,0.12500000089175956
1623,16.90625,372783,372782.8125,0.12500000089175956,-0.062499999108240445
1624,16.916666666666668,373012,373012.5,-0.062499999108240445,0.43750000089175956
1625,16.927083333333332,373243,373242.1875,0.43750000089175956,-0.37499999910824044
1626,16.946875,373678,373678.59374999994,-0.37499999910824044,0.2187500008335519
1627,16.957291666666666,373909,373908.28125,0.2187500008335519,-0.4999999991664481
1628,16.96770833333333,374137,374137.96874999994,-0.4999999991664481,0.46875000077534423
1629,16.978125,374368,374367.65624999994,0.46875000077534423,0.12500000071713657
1630,16.988541666666666,374597,374597.34375,0.12500000071713657,0.4687500007171366
1631,16.99895833333333,374828,374827.03124999994,0.4687500007171366,-0.4999999993410711
1632,17.0,374850,374850.0,-0.4999999993410711,-0.4999999993410711
1633,17.010416666666668,375079,375079.6875,-0.4999999993410711,0.1875000006589289
1634,17.020833333333332,375310,375309.375,0.1875000006589289,-0.4374999993410711
1635,17.03125,375539,375539.0625,-0.4374999993410711,-0.3749999993410711
1636,17.041666666666668,375768,375768.75,-0.3749999993410711,0.3750000006589289
1637,17.052083333333332,375999,375998.4375,0.3750000006589289,-0.1874999993410711
1638,17.071875,376435,376434.84374999994,-0.1874999993410711,-0.34374999939927875
1639,17.082291666666666,376664,376664.53125,-0.34374999939927875,0.18750000060072125
1640,17.09270833333333,376894,376894.21874999994,0.18750000060072125,0.4062500005425136
1641,17.103125,377124,377123.90624999994,0.4062500005425136,0.31250000048430593
1642,17.113541666666666,377354,377353.59375,0.31250000048430593,-0.09374999951569407
1643,17.12395833333333,377583,377583.28124999994,-0.09374999951569407,0.18750000042609827
1644,17.125,377606,377606.25,0.18750000042609827,0.43750000042609827
1645,17.135416666666668,377836,377835.9375,0.43750000042609827,0.37500000042609827
1646,17.145833333333332,378066,378065.625,0.37500000042609827,4.260982677806169e-10
1647,17.15625,378295,378295.3125,4.260982677806169e-10,0.31250000042609827
1648,17.166666666666668,378525,378525.0,0.31250000042609827,0.31250000042609827
1649,17.177083333333332,378755,378754.6875,0.31250000042609827,4.260982677806169e-10
1650,17.196875,379191,379191.09374999994,4.260982677806169e-10,0.0937500003678906
1651,17.207291666666666,379421,379420.78125,0.0937500003678906,-0.1249999996321094
1652,17.21770833333333,379650,379650.46874999994,-0.1249999996321094,0.34375000030968295
1653,17.228125,379881,379880.15624999994,0.34375000030968295,-0.4999999997485247
1654,17.238541666666666,380109,380109.84375,-0.4999999997485247,0.3437500002514753
1655,17.24895833333333,380340,380339.53124999994,0.3437500002514753,-0.12499999980673238
1656,17.25,380362,380362.5,-0.12499999980673238,0.3750000001932676
1657,17.260416666666668,380593,380592.1875,0.3750000001932676,-0.4374999998067324
1658,17.270833333333332,380821,380821.875,-0.4374999998067324,0.4375000001932676
1659,17.28125,381052,381051.5625,0.4375000001932676,1.9326762412674725e-10
1660,17.291666666666668,381281,381281.25,1.9326762412674725e-10,0.2500000001932676
1661,17.302083333333332,381511,381510.9375,0.2500000001932676,0.18750000019326762
1662,17.321875,381948,381947.34374999994,0.18750000019326762,-0.46874999986494004
1663,17.332291666666666,382177,382177.03125,-0.46874999986494004,-0.43749999986494004
1664,17.34270833333333,382406,382406.71874999994,-0.43749999986494004,0.2812500000768523
1665,17.353125,382637,382636.40624999994,0.2812500000768523,-0.31249999998135536
1666,17.363541666666666,382866,382866.09375,-0.31249999998135536,-0.21874999998135536
1667,17.37395833333333,383096,383095.78124999994,-0.21874999998135536,-0.437500000039563
1668,17.375,383118,383118.75,-0.437500000039563,0.312499999960437
1669,17.385416666666668,383349,383348.4375,0.312499999960437,-0.250000000039563
1670,17.395833333333332,383578,383578.125,-0.250000000039563,-0.12500000003956302
1671,17.40625,383808,383807.8125,-0.12500000003956302,-0.312500000039563
1672,17.416666666666668,384037,384037.5,-0.312500000039563,0.18749999996043698
1673,17.427083333333332,384267,384267.1875,0.18749999996043698,0.374999999960437
1674,17.446875,384704,384703.59374999994,0.374999999960437,-0.03125000009777068
1675,17.457291666666666,384933,384933.28125,-0.03125000009777068,0.24999999990222932
1676,17.46770833333333,385163,385162.96874999994,0.24999999990222932,0.21874999984402166
1677,17.478125,385393,385392.65624999994,0.21874999984402166,-0.125000000214186
1678,17.488541666666666,385622,385622.34375,-0.125000000214186,0.218749999785814
1679,17.49895833333333,385852,385852.03124999994,0.218749999785814,0.24999999972760634
1680,17.5,385875,385875.0,0.24999999972760634,0.24999999972760634
1681,17.510416666666668,386105,386104.6875,0.24999999972760634,-0.06250000027239366
1682,17.520833333333332,386334,386334.375,-0.06250000027239366,0.31249999972760634
1683,17.53125,386564,386564.0625,0.31249999972760634,0.37499999972760634
1684,17.541666666666668,386794,386793.75,0.37499999972760634,0.12499999972760634
1685,17.552083333333332,387024,387023.4375,0.12499999972760634,-0.43750000027239366
1686,17.571875,387459,387459.84374999994,-0.43750000027239366,0.4062499996693987
1687,17.582291666666666,387690,387689.53125,0.4062499996693987,-0.06250000033060132
1688,17.59270833333333,387919,387919.21874999994,-0.06250000033060132,0.15624999961119101
1689,17.603125,388149,388148.90624999994,0.15624999961119101,0.062499999552983354
1690,17.613541666666666,388379,388378.59375,0.062499999552983354,-0.34375000044701665
1691,17.62395833333333,388608,388608.28124999994,-0.34375000044701665,-0.0625000005052243
1692,17.625,388631,388631.25,-0.0625000005052243,0.1874999994947757
1693,17.635416666666668,388861,388860.9375,0.1874999994947757,0.1249999994947757
1694,17.645833333333332,389091,389090.625,0.1249999994947757,-0.2500000005052243
1695,17.65625,389320,389320.3125,-0.2500000005052243,0.06249999949477569
1696,17.666666666666668,389550,389550.0,0.06249999949477569,0.06249999949477569
1697,17.677083333333332,389780,389779.6875,0.06249999949477569,-0.2500000005052243
1698,17.696875,390216,390216.09374999994,-0.2500000005052243,-0.15625000056343197
1699,17.707291666666666,390446,390445.78125,-0.15625000056343197,-0.37500000056343197
1700,17.71770833333333,390675,390675.46874999994,-0.37500000056343197,0.09374999937836037
1701,17.728125,390905,390905.15624999994,0.09374999937836037,0.2499999993201527
1702,17.738541666666666,391135,391134.84375,0.2499999993201527,0.09374999932015271
1703,17.74895833333333,391365,391364.53124999994,0.09374999932015271,-0.37500000073805495
1704,17.75,391387,391387.5,-0.37500000073805495,0.12499999926194505
1705,17.760416666666668,391617,391617.1875,0.12499999926194505,0.31249999926194505
1706,17.770833333333332,391847,391846.875,0.31249999926194505,0.18749999926194505
1707,17.78125,392077,392076.5625,0.18749999926194505,-0.25000000073805495
1708,17.791666666666668,392306,392306.25,-0.25000000073805495,-7.380549504887313e-10
1709,17.802083333333332,392536,392535.9375,-7.380549504887313e-10,-0.06250000073805495
1710,17.821875,392972,392972.34374999994,-0.06250000073805495,0.2812499992037374
1711,17.832291666666666,393202,393202.03125,0.2812499992037374,0.3124999992037374
1712,17.84270833333333,393432,393431.71874999994,0.3124999992037374,0.031249999145529728
1713,17.853125,393661,393661.40624999994,0.031249999145529728,0.43749999908732207
1714,17.863541666666666,393892,393891.09375,0.43749999908732207,-0.46875000091267793
1715,17.87395833333333,394120,394120.78124999994,-0.46875000091267793,0.3124999990291144
1716,17.875,394144,394143.75,0.3124999990291144,0.062499999029114406
1717,17.885416666666668,394373,394373.4375,0.062499999029114406,0.4999999990291144
1718,17.895833333333332,394604,394603.125,0.4999999990291144,-0.3750000009708856
1719,17.90625,394832,394832.8125,-0.3750000009708856,0.4374999990291144
1720,17.916666666666668,395063,395062.5,0.4374999990291144,-0.0625000009708856
1721,17.927083333333332,395292,395292.1875,-0.0625000009708856,0.1249999990291144
1722,17.946875,395729,395728.59374999994,0.1249999990291144,-0.28125000102909326
1723,17.957291666666666,395958,395958.28125,-0.28125000102909326,-1.0290932550560683e-09
1724,17.96770833333333,396188,396187.96874999994,-1.0290932550560683e-09,-0.031250001087300916
1725,17.978125,396418,396417.65624999994,-0.031250001087300916,-0.3750000011455086
1726,17.988541666666666,396647,396647.34375,-0.3750000011455086,-0.03125000114550858
1727,17.99895833333333,396877,396877.03124999994,-0.03125000114550858,-1.2037162377964705e-09
1728,18.0,396900,396900.0,-1.2037162377964705e-09,-1.2037162377964705e-09
1729,18.010416666666668,397130,397129.6875,-1.2037162377964705e-09,-0.31250000120371624
1730,18.020833333333332,397359,397359.375,-0.31250000120371624,0.06249999879628376
1731,18.03125,397589,397589.0625,0.06249999879628376,0.12499999879628376
1732,18.041666666666668,397819,397818.75,0.12499999879628376,-0.12500000120371624
1733,18.052083333333332,398048,398048.4375,-0.12500000120371624,0.31249999879628376
1734,18.071875,398485,398484.84374999994,0.31249999879628376,0.1562499987380761
1735,18.082291666666666,398715,398714.53125,0.1562499987380761,-0.3125000012619239
1736,18.09270833333333,398944,398944.21874999994,-0.3125000012619239,-0.09375000132013156
1737,18.103125,399174,399173.90624999994,-0.09375000132013156,-0.18750000137833922
1738,18.113541666666666,399403,399403.59375,-0.18750000137833922,0.4062499986216608
1739,18.12395833333333,399634,399633.28124999994,0.4062499986216608,-0.3125000014365469
1740,18.125,399656,399656.25,-0.3125000014365469,-0.06250000143654688
1741,18.135416666666668,399886,399885.9375,-0.06250000143654688,-0.12500000143654688
1742,18.145833333333332,400115,400115.625,-0.12500000143654688,0.4999999985634531
1743,18.15625,400346,400345.3125,0.4999999985634531,-0.18750000143654688
1744,18.166666666666668,400575,400575.0,-0.18750000143654688,-0.18750000143654688
1745,18.177083333333332,400804,400804.6875,-0.18750000143654688,0.4999999985634531
1746,18.196875,401242,401241.09374999994,0.4999999985634531,-0.40625000149475454
1747,18.207291666666666,401470,401470.78125,-0.40625000149475454,0.37499999850524546
1748,18.21770833333333,401701,401700.46874999994,0.37499999850524546,-0.1562500015529622
1749,18.228125,401930,401930.15624999994,-0.1562500015529622,-1.6111698641907424e-09
1750,18.238541666666666,402160,402159.84375,-1.6111698641907424e-09,-0.15625000161116986
1751,18.24895833333333,402389,402389.53124999994,-0.15625000161116986,0.3749999983306225
1752,18.25,402413,402412.5,0.3749999983306225,-0.12500000166937753
1753,18.260416666666668,402642,402642.1875,-0.12500000166937753,0.062499998330622475
1754,18.270833333333332,402872,402871.875,0.062499998330622475,-0.06250000166937753
1755,18.28125,403101,403101.5625,-0.06250000166937753,0.4999999983306225
1756,18.291666666666668,403332,403331.25,0.4999999983306225,-0.2500000016693775
1757,18.302083333333332,403561,403560.9375,-0.2500000016693775,-0.3125000016693775
1758,18.321875,403997,403997.34374999994,-0.3125000016693775,0.031249998272414814
1759,18.332291666666666,404227,404227.03125,0.031249998272414814,0.062499998272414814
1760,18.34270833333333,404457,404456.71874999994,0.062499998272414814,-0.21875000178579285
1761,18.353125,404686,404686.40624999994,-0.21875000178579285,0.1874999981559995
1762,18.363541666666666,404916,404916.09375,0.1874999981559995,0.2812499981559995
1763,18.37395833333333,405146,405145.78124999994,0.2812499981559995,0.06249999809779183
1764,18.375,405169,405168.75,0.06249999809779183,-0.18750000190220817
1765,18.385416666666668,405398,405398.4375,-0.18750000190220817,0.24999999809779183
1766,18.395833333333332,405628,405628.125,0.24999999809779183,0.37499999809779183
1767,18.40625,405858,405857.8125,0.37499999809779183,0.18749999809779183
1768,18.416666666666668,406088,406087.5,0.18749999809779183,-0.31250000190220817
1769,18.427083333333332,406317,406317.1875,-0.31250000190220817,-0.12500000190220817
1770,18.446875,406753,406753.59374999994,-0.12500000190220817,0.46874999803958417
1771,18.457291666666666,406984,406983.28125,0.46874999803958417,-0.25000000196041583
1772,18.46770833333333,407213,407212.96874999994,-0.25000000196041583,-0.2812500020186235
1773,18.478125,407442,407442.65624999994,-0.2812500020186235,0.37499999792316885
1774,18.488541666666666,407673,407672.34375,0.37499999792316885,-0.28125000207683115
1775,18.49895833333333,407902,407902.03124999994,-0.28125000207683115,-0.2500000021350388
1776,18.5,407925,407925.0,-0.2500000021350388,-0.2500000021350388
1777,18.510416666666668,408154,408154.6875,-0.2500000021350388,0.4374999978649612
1778,18.520833333333332,408385,408384.375,0.4374999978649612,-0.1875000021350388
1779,18.53125,408614,408614.0625,-0.1875000021350388,-0.1250000021350388
1780,18.541666666666668,408844,408843.75,-0.1250000021350388,-0.3750000021350388
1781,18.552083333333332,409073,409073.4375,-0.3750000021350388,0.06249999786496119
1782,18.571875,409510,409509.84374999994,0.06249999786496119,-0.09375000219324647
1783,18.582291666666666,409739,409739.53125,-0.09375000219324647,0.4374999978067535
1784,18.59270833333333,409970,409969.21874999994,0.4374999978067535,-0.34375000225145413
1785,18.603125,410199,410198.90624999994,-0.34375000225145413,-0.4375000023096618
1786,18.613541666666666,410428,410428.59375,-0.4375000023096618,0.1562499976903382
1787,18.62395833333333,410658,410658.28124999994,0.1562499976903382,0.43749999763213054
1788,18.625,410682,410681.25,0.43749999763213054,-0.31250000236786946
1789,18.635416666666668,410911,410910.9375,-0.31250000236786946,-0.37500000236786946
1790,18.645833333333332,411140,411140.625,-0.37500000236786946,0.24999999763213054
1791,18.65625,411371,411370.3125,0.24999999763213054,-0.43750000236786946
1792,18.666666666666668,411600,411600.0,-0.43750000236786946,-0.43750000236786946
1793,18.677083333333332,411829,411829.6875,-0.43750000236786946,0.24999999763213054
1794,18.696875,412266,412266.09374999994,0.24999999763213054,0.3437499975739229
1795,18.707291666666666,412496,412495.78125,0.3437499975739229,0.12499999757392288
1796,18.71770833333333,412726,412725.46874999994,0.12499999757392288,-0.4062500024842848
1797,18.728125,412955,412955.15624999994,-0.4062500024842848,-0.25000000254249244
1798,18.738541666666666,413185,413184.84375,-0.25000000254249244,-0.40625000254249244
1799,18.74895833333333,413414,413414.53124999994,-0.40625000254249244,0.1249999973992999
1800,18.75,413438,413437.5,0.1249999973992999,-0.3750000026007001
1801,18.760416666666668,413667,413667.1875,-0.3750000026007001,-0.1875000026007001
1802,18.770833333333332,413897,413896.875,-0.1875000026007001,-0.3125000026007001
1803,18.78125,414126,414126.5625,-0.3125000026007001,0.2499999973992999
1804,18.791666666666668,414356,414356.25,0.2499999973992999,0.4999999973992999
1805,18.802083333333332,414586,414585.9375,0.4999999973992999,0.4374999973992999
1806,18.821875,415023,415022.34374999994,0.4374999973992999,-0.21875000265890776
1807,18.832291666666666,415252,415252.03125,-0.21875000265890776,-0.18750000265890776
1808,18.84270833333333,415482,415481.71874999994,-0.18750000265890776,-0.4687500027171154
1809,18.853125,415711,415711.40624999994,-0.4687500027171154,-0.06250000277532308
1810,18.863541666666666,415941,415941.09375,-0.06250000277532308,0.031249997224676918
1811,18.87395833333333,416171,416170.78124999994,0.031249997224676918,-0.18750000283353074
1812,18.875,416194,416193.75,-0.18750000283353074,-0.43750000283353074
1813,18.885416666666668,416423,416423.4375,-0.43750000283353074,-2.833530743373558e-09
1814,18.895833333333332,416653,416653.125,-2.833530743373558e-09,0.12499999716646926
1815,18.90625,416883,416882.8125,0.12499999716646926,-0.06250000283353074
1816,18.916666666666668,417112,417112.5,-0.06250000283353074,0.43749999716646926
1817,18.927083333333332,417343,417342.1875,0.43749999716646926,-0.37500000283353074
1818,18.946875,417778,417778.59374999994,-0.37500000283353074,0.2187499971082616
1819,18.957291666666666,418008,418008.28125,0.2187499971082616,0.4999999971082616
1820,18.96770833333333,418238,418237.96874999994,0.4999999971082616,0.46874999705005393
1821,18.978125,418468,418467.65624999994,0.46874999705005393,0.12499999699184627
1822,18.988541666666666,418697,418697.34375,0.12499999699184627,0.4687499969918463
1823,18.99895833333333,418927,418927.03124999994,0.4687499969918463,0.4999999969336386
1824,19.0,418950,418950.0,0.4999999969336386,0.4999999969336386
1825,19.010416666666668,419180,419179.6875,0.4999999969336386,0.1874999969336386
1826,19.020833333333332,419410,419409.375,0.1874999969336386,-0.4375000030663614
1827,19.03125,419639,419639.0625,-0.4375000030663614,-0.3750000030663614
1828,19.041666666666668,419868,419868.75,-0.3750000030663614,0.3749999969336386
1829,19.052083333333332,420099,420098.4375,0.3749999969336386,-0.1875000030663614
1830,19.071875,420535,420534.84374999994,-0.1875000030663614,-0.34375000312456905
1831,19.082291666666666,420764,420764.53125,-0.34375000312456905,0.18749999687543095
1832,19.09270833333333,420994,420994.21874999994,0.18749999687543095,0.4062499968172233
1833,19.103125,421224,421223.90624999994,0.4062499968172233,0.31249999675901563
1834,19.113541666666666,421454,421453.59375,0.31249999675901563,-0.09375000324098437
1835,19.12395833333333,421683,421683.28124999994,-0.09375000324098437,0.18749999670080797
1836,19.125,421706,421706.25,0.18749999670080797,0.43749999670080797
1837,19.135416666666668,421936,421935.9375,0.43749999670080797,0.37499999670080797
1838,19.145833333333332,422166,422165.625,0.37499999670080797,-3.299192030681297e-09
1839,19.15625,422395,422395.3125,-3.299192030681297e-09,0.31249999670080797
1840,19.166666666666668,422625,422625.0,0.31249999670080797,0.31249999670080797
1841,19.177083333333332,422855,422854.6875,0.31249999670080797,-3.299192030681297e-09
1842,19.196875,423291,423291.09374999994,-3.299192030681297e-09,0.09374999664260031
1843,19.207291666666666,423521,423520.78125,0.09374999664260031,-0.1250000033573997
1844,19.21770833333333,423750,423750.46874999994,-0.1250000033573997,0.34374999658439265
1845,19.228125,423980,423980.15624999994,0.34374999658439265,0.499999996526185
1846,19.238541666666666,424210,424209.84375,0.499999996526185,0.343749996526185
1847,19.24895833333333,424440,424439.53124999994,0.343749996526185,-0.12500000353202267
1848,19.25,424462,424462.5,-0.12500000353202267,0.3749999964679773
1849,19.260416666666668,424693,424692.1875,0.3749999964679773,-0.4375000035320227
1850,19.270833333333332,424921,424921.875,-0.4375000035320227,0.4374999964679773
1851,19.28125,425152,425151.5625,0.4374999964679773,-3.532022674335167e-09
1852,19.291666666666668,425381,425381.25,-3.532022674335167e-09,0.24999999646797733
1853,19.302083333333332,425611,425610.9375,0.24999999646797733,0.18749999646797733
1854,19.321875,426048,426047.34374999994,0.18749999646797733,-0.46875000359023034
1855,19.332291666666666,426277,426277.03125,-0.46875000359023034,-0.43750000359023034
1856,19.34270833333333,426506,426506.71874999994,-0.43750000359023034,0.281249996351562
1857,19.353125,426737,426736.40624999994,0.281249996351562,-0.31250000370664566
1858,19.363541666666666,426966,426966.09375,-0.31250000370664566,-0.21875000370664566
1859,19.37395833333333,427196,427195.78124999994,-0.21875000370664566,-0.4375000037648533
1860,19.375,427218,427218.75,-0.4375000037648533,0.3124999962351467
1861,19.385416666666668,427449,427448.4375,0.3124999962351467,-0.2500000037648533
1862,19.395833333333332,427678,427678.125,-0.2500000037648533,-0.12500000376485332
1863,19.40625,427908,427907.8125,-0.12500000376485332,-0.3125000037648533
1864,19.416666666666668,428137,428137.5,-0.3125000037648533,0.18749999623514668
1865,19.427083333333332,428367,428367.1875,0.18749999623514668,0.3749999962351467
1866,19.446875,428804,428803.59374999994,0.3749999962351467,-0.03125000382306098
1867,19.457291666666666,429033,429033.28125,-0.03125000382306098,0.24999999617693902
1868,19.46770833333333,429263,429262.96874999994,0.24999999617693902,0.21874999611873136
1869,19.478125,429493,429492.65624999994,0.21874999611873136,-0.1250000039394763
1870,19.488541666666666,429722,429722.34375,-0.1250000039394763,0.2187499960605237
1871,19.49895833333333,429952,429952.03124999994,0.2187499960605237,0.24999999600231604
1872,19.5,429975,429975.0,0.24999999600231604,0.24999999600231604
1873,19.510416666666668,430205,430204.6875,0.24999999600231604,-0.06250000399768396
1874,19.520833333333332,430434,430434.375,-0.06250000399768396,0.31249999600231604
1875,19.53125,430664,430664.0625,0.31249999600231604,0.37499999600231604
1876,19.541666666666668,430894,430893.75,0.37499999600231604,0.12499999600231604
1877,19.552083333333332,431124,431123.4375,0.12499999600231604,-0.43750000399768396
1878,19.571875,431559,431559.84374999994,-0.43750000399768396,0.4062499959441084
1879,19.582291666666666,431790,431789.53125,0.4062499959441084,-0.06250000405589162
1880,19.59270833333333,432019,432019.21874999994,-0.06250000405589162,0.15624999588590072
1881,19.603125,432249,432248.90624999994,0.15624999588590072,0.062499995827693056
1882,19.613541666666666,432479,432478.59375,0.062499995827693056,-0.34375000417230694
1883,19.62395833333333,432708,432708.28124999994,-0.34375000417230694,-0.0625000042305146
1884,19.625,432731,432731.25,-0.0625000042305146,0.1874999957694854
1885,19.635416666666668,432961,432960.9375,0.1874999957694854,0.1249999957694854
1886,19.645833333333332,433191,433190.625,0.1249999957694854,-0.2500000042305146
1887,19.65625,433420,433420.3125,-0.2500000042305146,0.062499995769485395
1888,19.666666666666668,433650,433650.0,0.062499995769485395,0.062499995769485395
1889,19.677083333333332,433880,433879.6875,0.062499995769485395,-0.2500000042305146
1890,19.696875,434316,434316.09374999994,-0.2500000042305146,-0.15625000428872227
1891,19.707291666666666,434546,434545.78125,-0.15625000428872227,-0.37500000428872227
1892,19.71770833333333,434775,434775.46874999994,-0.37500000428872227,0.09374999565307007
1893,19.728125,435005,435005.15624999994,0.09374999565307007,0.2499999955948624
1894,19.738541666666666,435235,435234.84375,0.2499999955948624,0.09374999559486241
1895,19.74895833333333,435465,435464.53124999994,0.09374999559486241,-0.37500000446334525
1896,19.75,435487,435487.5,-0.37500000446334525,0.12499999553665475
1897,19.760416666666668,435717,435717.1875,0.12499999553665475,0.31249999553665475
1898,19.770833333333332,435947,435946.875,0.31249999553665475,0.18749999553665475
1899,19.78125,436177,436176.5625,0.18749999553665475,-0.25000000446334525
1900,19.791666666666668,436406,436406.25,-0.25000000446334525,-4.463345248950645e-09
1901,19.802083333333332,436636,436635.9375,-4.463345248950645e-09,-0.06250000446334525
1902,19.821875,437072,437072.34374999994,-0.06250000446334525,0.2812499954784471
1903,19.832291666666666,437302,437302.03125,0.2812499954784471,0.3124999954784471
1904,19.84270833333333,437532,437531.71874999994,0.3124999954784471,0.03124999542023943
1905,19.853125,437761,437761.40624999994,0.03124999542023943,0.43749999536203177
1906,19.863541666666666,437992,437991.09375,0.43749999536203177,-0.46875000463796823
1907,19.87395833333333,438220,438220.78124999994,-0.46875000463796823,0.3124999953038241
1908,19.875,438244,438243.75,0.3124999953038241,0.06249999530382411
1909,19.885416666666668,438473,438473.4375,0.06249999530382411,0.4999999953038241
1910,19.895833333333332,438704,438703.125,0.4999999953038241,-0.3750000046961759
1911,19.90625,438932,438932.8125,-0.3750000046961759,0.4374999953038241
1912,19.916666666666668,439163,439162.5,0.4374999953038241,-0.06250000469617589
1913,19.927083333333332,439392,439392.1875,-0.06250000469617589,0.12499999530382411
1914,19.946875,439829,439828.59374999994,0.12499999530382411,-0.28125000475438355
1915,19.957291666666666,440058,440058.28125,-0.28125000475438355,-4.754383553517982e-09
1916,19.96770833333333,440288,440287.96874999994,-4.754383553517982e-09,-0.031250004812591214
1917,19.978125,440518,440517.65624999994,-0.031250004812591214,-0.3750000048707989
1918,19.988541666666666,440747,440747.34375,-0.3750000048707989,-0.031250004870798875
1919,19.99895833333333,440977,440977.03124999994,-0.031250004870798875,-4.9290065362583846e-09
1920,20.0,441000,441000.0,-4.9290065362583846e-09,-4.9290065362583846e-09
1921,20.010416666666668,441230,441229.6875,-4.9290065362583846e-09,-0.31250000492900654
1922,20.020833333333332,441459,441459.375,-0.31250000492900654,0.062499995070993464
1923,20.03125,441689,441689.0625,0.062499995070993464,0.12499999507099346
1924,20.041666666666668,441919,441918.75,0.12499999507099346,-0.12500000492900654
1925,20.052083333333332,442148,442148.4375,-0.12500000492900654,0.31249999507099346
1926,20.071875,442585,442584.84374999994,0.31249999507099346,0.1562499950127858
1927,20.082291666666666,442815,442814.53125,0.1562499950127858,-0.3125000049872142
1928,20.09270833333333,443044,443044.21874999994,-0.3125000049872142,-0.09375000504542186
1929,20.103125,443274,443273.90624999994,-0.09375000504542186,-0.18750000510362952
1930,20.113541666666666,443503,443503.59375,-0.18750000510362952,0.4062499948963705
1931,20.12395833333333,443734,443733.28124999994,0.4062499948963705,-0.3125000051618372
1932,20.125,443756,443756.25,-0.3125000051618372,-0.06250000516183718
1933,20.135416666666668,443986,443985.9375,-0.06250000516183718,-0.12500000516183718
1934,20.145833333333332,444215,444215.625,-0.12500000516183718,0.4999999948381628
1935,20.15625,444446,444445.3125,0.4999999948381628,-0.18750000516183718
1936,20.166666666666668,444675,444675.0,-0.18750000516183718,-0.18750000516183718
1937,20.177083333333332,444904,444904.6875,-0.18750000516183718,0.4999999948381628
1938,20.196875,445342,445341.09374999994,0.4999999948381628,-0.40625000522004484
1939,20.207291666666666,445570,445570.78125,-0.40625000522004484,0.37499999477995516
1940,20.21770833333333,445801,445800.46874999994,0.37499999477995516,-0.1562500052782525
1941,20.228125,446030,446030.15624999994,-0.1562500052782525,-5.3364601626526564e-09
1942,20.238541666666666,446260,446259.84375,-5.3364601626526564e-09,-0.15625000533646016
1943,20.24895833333333,446489,446489.53124999994,-0.15625000533646016,0.3749999946053322
1944,20.25,446513,446512.5,0.3749999946053322,-0.12500000539466782
1945,20.260416666666668,446742,446742.1875,-0.12500000539466782,0.062499994605332176
1946,20.270833333333332,446972,446971.875,0.062499994605332176,-0.06250000539466782
1947,20.28125,447201,447201.5625,-0.06250000539466782,0.4999999946053322
1948,20.291666666666668,447432,447431.25,0.4999999946053322,-0.2500000053946678
1949,20.302083333333332,447661,447660.9375,-0.2500000053946678,-0.3125000053946678
1950,20.321875,448097,448097.34374999994,-0.3125000053946678,0.031249994547124516
1951,20.332291666666666,448327,448327.03125,0.031249994547124516,0.062499994547124516
1952,20.34270833333333,448557,448556.71874999994,0.062499994547124516,-0.21875000551108315
1953,20.353125,448786,448786.40624999994,-0.21875000551108315,0.1874999944307092
1954,20.363541666666666,449016,449016.09375,0.1874999944307092,0.2812499944307092
1955,20.37395833333333,449246,449245.78124999994,0.2812499944307092,0.06249999437250153
1956,20.375,449269,449268.75,0.06249999437250153,-0.18750000562749847
1957,20.385416666666668,449498,449498.4375,-0.18750000562749847,0.24999999437250153
1958,20.395833333333332,449728,449728.125,0.24999999437250153,0.37499999437250153
1959,20.40625,449958,449957.8125,0.37499999437250153,0.18749999437250153
1960,20.416666666666668,450188,450187.5,0.18749999437250153,-0.31250000562749847
1961,20.427083333333332,450417,450417.1875,-0.31250000562749847,-0.12500000562749847
1962,20.446875,450853,450853.59374999994,-0.12500000562749847,0.46874999431429387
1963,20.457291666666666,451084,451083.28125,0.46874999431429387,-0.25000000568570613
1964,20.46770833333333,451313,451312.96874999994,-0.25000000568570613,-0.2812500057439138
1965,20.478125,451542,451542.65624999994,-0.2812500057439138,0.37499999419787855
1966,20.488541666666666,451773,451772.34375,0.37499999419787855,-0.28125000580212145
1967,20.49895833333333,452002,452002.03124999994,-0.28125000580212145,-0.2500000058603291
1968,20.5,452025,452025.0,-0.2500000058603291,-0.2500000058603291
1969,20.510416666666668,452254,452254.6875,-0.2500000058603291,0.4374999941396709
1970,20.520833333333332,452485,452484.375,0.4374999941396709,-0.1875000058603291
1971,20.53125,452714,452714.0625,-0.1875000058603291,-0.1250000058603291
1972,20.541666666666668,452944,452943.75,-0.1250000058603291,-0.3750000058603291
1973,20.552083333333332,453173,453173.4375,-0.3750000058603291,0.06249999413967089
1974,20.571875,453610,453609.84374999994,0.06249999413967089,-0.09375000591853677
1975,20.582291666666666,453839,453839.53125,-0.09375000591853677,0.43749999408146323
1976,20.59270833333333,454070,454069.21874999994,0.43749999408146323,-0.34375000597674443
1977,20.603125,454299,454298.90624999994,-0.34375000597674443,-0.4375000060349521
1978,20.613541666666666,454528,454528.59375,-0.4375000060349521,0.1562499939650479
1979,20.62395833333333,454758,454758.28124999994,0.1562499939650479,0.43749999390684025
1980,20.625,454782,454781.25,0.43749999390684025,-0.31250000609315975
1981,20.635416666666668,455011,455010.9375,-0.31250000609315975,-0.37500000609315975
1982,20.645833333333332,455240,455240.625,-0.37500000609315975,0.24999999390684025
1983,20.65625,455471,455470.3125,0.24999999390684025,-0.43750000609315975
1984,20.666666666666668,455700,455700.0,-0.43750000609315975,-0.43750000609315975
1985,20.677083333333332,455929,455929.6875,-0.43750000609315975,0.24999999390684025
1986,20.696875,456366,456366.09374999994,0.24999999390684025,0.3437499938486326
1987,20.707291666666666,456596,456595.78125,0.3437499938486326,0.12499999384863258
1988,20.71770833333333,456826,456825.46874999994,0.12499999384863258,-0.4062500062095751
1989,20.728125,457055,457055.15624999994,-0.4062500062095751,-0.25000000626778274
1990,20.738541666666666,457285,457284.84375,-0.25000000626778274,-0.40625000626778274
1991,20.74895833333333,457514,457514.53124999994,-0.40625000626778274,0.1249999936740096
1992,20.75,457538,457537.5,0.1249999936740096,-0.3750000063259904
1993,20.760416666666668,457767,457767.1875,-0.3750000063259904,-0.1875000063259904
1994,20.770833333333332,457997,457996.875,-0.1875000063259904,-0.3125000063259904
1995,20.78125,458226,458226.5625,-0.3125000063259904,0.2499999936740096
1996,20.791666666666668,458456,458456.25,0.2499999936740096,0.4999999936740096
1997,20.802083333333332,458686,458685.9375,0.4999999936740096,0.4374999936740096
1998,20.821875,459123,459122.34374999994,0.4374999936740096,-0.21875000638419806
1999,20.832291666666666,459352,459352.03125,-0.21875000638419806,-0.18750000638419806
2000,20.84270833333333,459582,459581.71874999994,-0.18750000638419806,-0.4687500064424057
2001,20.853125,459811,459811.40624999994,-0.4687500064424057,-0.06250000650061338
2002,20.863541666666666,460041,460041.09375,-0.06250000650061338,0.03124999349938662
2003,20.87395833333333,460271,460270.78124999994,0.03124999349938662,-0.18750000655882104
2004,20.875,460294,460293.75,-0.18750000655882104,-0.43750000655882104
2005,20.885416666666668,460523,460523.4375,-0.43750000655882104,-6.558821041835472e-09
2006,20.895833333333332,460753,460753.125,-6.558821041835472e-09,0.12499999344117896
2007,20.90625,460983,460982.8125,0.12499999344117896,-0.06250000655882104
2008,20.916666666666668,461212,461212.5,-0.06250000655882104,0.43749999344117896
2009,20.927083333333332,461443,461442.1875,0.43749999344117896,-0.37500000655882104
2010,20.946875,461878,461878.59374999994,-0.37500000655882104,0.2187499933829713
2011,20.957291666666666,462108,462108.28125,0.2187499933829713,0.4999999933829713
2012,20.96770833333333,462338,462337.96874999994,0.4999999933829713,0.46874999332476364
2013,20.978125,462568,462567.65624999994,0.46874999332476364,0.12499999326655598
2014,20.988541666666666,462797,462797.34375,0.12499999326655598,0.468749993266556
2015,20.99895833333333,463027,463027.03124999994,0.468749993266556,0.4999999932083483
2016,21.0,463050,463050.0,0.4999999932083483,0.4999999932083483
2017,21.010416666666668,463280,463279.6875,0.4999999932083483,0.18749999320834831
2018,21.020833333333332,463510,463509.375,0.18749999320834831,-0.4375000067916517
2019,21.03125,463739,463739.0625,-0.4375000067916517,-0.3750000067916517
2020,21.041666666666668,463968,463968.75,-0.3750000067916517,0.3749999932083483
2021,21.052083333333332,464199,464198.4375,0.3749999932083483,-0.18750000679165169
2022,21.071875,464635,464634.84374999994,-0.18750000679165169,-0.34375000684985935
2023,21.082291666666666,464864,464864.53125,-0.34375000684985935,0.18749999315014065
2024,21.09270833333333,465094,465094.21874999994,0.18749999315014065,0.406249993091933
2025,21.103125,465324,465323.90624999994,0.406249993091933,0.31249999303372533
2026,21.113541666666666,465554,465553.59375,0.31249999303372533,-0.09375000696627467
2027,21.12395833333333,465783,465783.28124999994,-0.09375000696627467,0.18749999297551767
2028,21.125,465806,465806.25,0.18749999297551767,0.43749999297551767
2029,21.135416666666668,466036,466035.9375,0.43749999297551767,0.37499999297551767
2030,21.145833333333332,466266,466265.625,0.37499999297551767,-7.024482329143211e-09
2031,21.15625,466495,466495.3125,-7.024482329143211e-09,0.31249999297551767
2032,21.166666666666668,466725,466725.0,0.31249999297551767,0.31249999297551767
2033,21.177083333333332,466955,466954.6875,0.31249999297551767,-7.024482329143211e-09
2034,21.196875,467391,467391.09374999994,-7.024482329143211e-09,0.09374999291731001
2035,21.207291666666666,467621,467620.78125,0.09374999291731001,-0.12500000708269
2036,21.21770833333333,467850,467850.46874999994,-0.12500000708269,0.34374999285910235
2037,21.228125,468080,468080.15624999994,0.34374999285910235,0.4999999928008947
2038,21.238541666666666,468310,468309.84375,0.4999999928008947,0.3437499928008947
2039,21.24895833333333,468540,468539.53124999994,0.3437499928008947,-0.12500000725731297
2040,21.25,468562,468562.5,-0.12500000725731297,0.374999992742687
2041,21.260416666666668,468793,468792.1875,0.374999992742687,-0.437500007257313
2042,21.270833333333332,469021,469021.875,-0.437500007257313,0.437499992742687
2043,21.28125,469252,469251.5625,0.437499992742687,-7.257312972797081e-09
2044,21.291666666666668,469481,469481.25,-7.257312972797081e-09,0.24999999274268703
2045,21.302083333333332,469711,469710.9375,0.24999999274268703,0.18749999274268703
2046,21.321875,470148,470147.34374999994,0.18749999274268703,-0.46875000731552063
2047,21.332291666666666,470377,470377.03125,-0.46875000731552063,-0.43750000731552063
2048,21.34270833333333,470606,470606.71874999994,-0.43750000731552063,0.2812499926262717
2049,21.353125,470837,470836.40624999994,0.2812499926262717,-0.31250000743193596
2050,21.363541666666666,471066,471066.09375,-0.31250000743193596,-0.21875000743193596
2051,21.37395833333333,471296,471295.78124999994,-0.21875000743193596,-0.4375000074901436
2052,21.375,471318,471318.75,-0.4375000074901436,0.3124999925098564
2053,21.385416666666668,471549,471548.4375,0.3124999925098564,-0.2500000074901436
2054,21.395833333333332,471778,471778.125,-0.2500000074901436,-0.12500000749014362
2055,21.40625,472008,472007.8125,-0.12500000749014362,-0.3125000074901436
2056,21.416666666666668,472237,472237.5,-0.3125000074901436,0.18749999250985638
2057,21.427083333333332,472467,472467.1875,0.18749999250985638,0.3749999925098564
2058,21.446875,472904,472903.59374999994,0.3749999925098564,-0.03125000754835128
2059,21.457291666666666,473133,473133.28125,-0.03125000754835128,0.24999999245164872
2060,21.46770833333333,473363,473362.96874999994,0.24999999245164872,0.21874999239344106
2061,21.478125,473593,473592.65624999994,0.21874999239344106,-0.1250000076647666
2062,21.488541666666666,473822,473822.34375,-0.1250000076647666,0.2187499923352334
2063,21.49895833333333,474052,474052.03124999994,0.2187499923352334,0.24999999227702574
2064,21.5,474075,474075.0,0.24999999227702574,0.24999999227702574
2065,21.510416666666668,474305,474304.6875,0.24999999227702574,-0.06250000772297426
2066,21.520833333333332,474534,474534.375,-0.06250000772297426,0.31249999227702574
2067,21.53125,474764,474764.0625,0.31249999227702574,0.37499999227702574
2068,21.541666666666668,474994,474993.75,0.37499999227702574,0.12499999227702574
2069,21.552083333333332,475224,475223.4375,0.12499999227702574,-0.43750000772297426
2070,21.571875,475659,475659.84374999994,-0.43750000772297426,0.4062499922188181
2071,21.582291666666666,475890,475889.53125,0.4062499922188181,-0.06250000778118192
2072,21.59270833333333,476119,476119.21874999994,-0.06250000778118192,0.15624999216061042
2073,21.603125,476349,476348.90624999994,0.15624999216061042,0.06249999210240276
2074,21.613541666666666,476579,476578.59375,0.06249999210240276,-0.34375000789759724
2075,21.62395833333333,476808,476808.28124999994,-0.34375000789759724,-0.0625000079558049
2076,21.625,476831,476831.25,-0.0625000079558049,0.1874999920441951
2077,21.635416666666668,477061,477060.9375,0.1874999920441951,0.1249999920441951
2078,21.645833333333332,477291,477290.625,0.1249999920441951,-0.2500000079558049
2079,21.65625,477520,477520.3125,-0.2500000079558049,0.062499992044195096
2080,21.666666666666668,477750,477750.0,0.062499992044195096,0.062499992044195096
2081,21.677083333333332,477980,477979.6875,0.062499992044195096,-0.2500000079558049
2082,21.696875,478416,478416.09374999994,-0.2500000079558049,-0.15625000801401256
2083,21.707291666666666,478646,478645.78125,-0.15625000801401256,-0.37500000801401256
2084,21.71770833333333,478875,478875.46874999994,-0.37500000801401256,0.09374999192777977
2085,21.728125,479105,479105.15624999994,0.09374999192777977,0.2499999918695721
2086,21.738541666666666,479335,479334.84375,0.2499999918695721,0.09374999186957211
2087,21.74895833333333,479565,479564.53124999994,0.09374999186957211,-0.37500000818863555
2088,21.75,479587,479587.5,-0.37500000818863555,0.12499999181136445
2089,21.760416666666668,479817,479817.1875,0.12499999181136445,0.31249999181136445
2090,21.770833333333332,480047,480046.875,0.31249999181136445,0.18749999181136445
2091,21.78125,480277,480276.5625,0.18749999181136445,-0.25000000818863555
2092,21.791666666666668,480506,480506.25,-0.25000000818863555,-8.18863554741256e-09
2093,21.802083333333332,480736,480735.9375,-8.18863554741256e-09,-0.06250000818863555
2094,21.821875,481172,481172.34374999994,-0.06250000818863555,0.2812499917531568
2095,21.832291666666666,481402,481402.03125,0.2812499917531568,0.3124999917531568
2096,21.84270833333333,481632,481631.71874999994,0.3124999917531568,0.03124999169494913
2097,21.853125,481861,481861.40624999994,0.03124999169494913,0.43749999163674147
2098,21.863541666666666,482092,482091.09375,0.43749999163674147,-0.46875000836325853
2099,21.87395833333333,482320,482320.78124999994,-0.46875000836325853,0.3124999915785338
2100,21.875,482344,482343.75,0.3124999915785338,0.06249999157853381
2101,21.885416666666668,482573,482573.4375,0.06249999157853381,0.4999999915785338
2102,21.895833333333332,482804,482803.125,0.4999999915785338,-0.3750000084214662
2103,21.90625,483032,483032.8125,-0.3750000084214662,0.4374999915785338
2104,21.916666666666668,483263,483262.5,0.4374999915785338,-0.06250000842146619
2105,21.927083333333332,483492,483492.1875,-0.06250000842146619,0.12499999157853381
2106,21.946875,483929,483928.59374999994,0.12499999157853381,-0.28125000847967385
2107,21.957291666666666,484158,484158.28125,-0.28125000847967385,-8.479673851979896e-09
2108,21.96770833333333,484388,484387.96874999994,-8.479673851979896e-09,-0.03125000853788151
2109,21.978125,484618,484617.65624999994,-0.03125000853788151,-0.3750000085960892
2110,21.988541666666666,484847,484847.34375,-0.3750000085960892,-0.031250008596089174
2111,21.99895833333333,485077,485077.03124999994,-0.031250008596089174,-8.654296834720299e-09
2112,22.0,485100,485100.0,-8.654296834720299e-09,-8.654296834720299e-09
2113,22.010416666666668,485330,485329.6875,-8.654296834720299e-09,-0.31250000865429683
2114,22.020833333333332,485559,485559.375,-0.31250000865429683,0.062499991345703165
2115,22.03125,485789,485789.0625,0.062499991345703165,0.12499999134570317
2116,22.041666666666668,486019,486018.75,0.12499999134570317,-0.12500000865429683
2117,22.052083333333332,486248,486248.4375,-0.12500000865429683,0.31249999134570317
2118,22.071875,486685,486684.84374999994,0.31249999134570317,0.1562499912874955
2119,22.082291666666666,486915,486914.53125,0.1562499912874955,-0.3125000087125045
2120,22.09270833333333,487144,487144.21874999994,-0.3125000087125045,-0.09375000877071216
2121,22.103125,487374,487373.90624999994,-0.09375000877071216,-0.18750000882891982
2122,22.113541666666666,487603,487603.59375,-0.18750000882891982,0.4062499911710802
2123,22.12395833333333,487834,487833.28124999994,0.4062499911710802,-0.3125000088871275
2124,22.125,487856,487856.25,-0.3125000088871275,-0.06250000888712748
2125,22.135416666666668,488086,488085.9375,-0.06250000888712748,-0.12500000888712748
2126,22.145833333333332,488315,488315.625,-0.12500000888712748,0.4999999911128725
2127,22.15625,488546,488545.3125,0.4999999911128725,-0.18750000888712748
2128,22.166666666666668,488775,488775.0,-0.18750000888712748,-0.18750000888712748
2129,22.177083333333332,489004,489004.6875,-0.18750000888712748,0.4999999911128725
2130,22.196875,489442,489441.09374999994,0.4999999911128725,-0.40625000894533514
2131,22.207291666666666,489670,489670.78125,-0.40625000894533514,0.37499999105466486
2132,22.21770833333333,489901,489900.46874999994,0.37499999105466486,-0.1562500090035428
2133,22.228125,490130,490130.15624999994,-0.1562500090035428,-9.06175046111457e-09
2134,22.238541666666666,490360,490359.84375,-9.06175046111457e-09,-0.15625000906175046
2135,22.24895833333333,490589,490589.53124999994,-0.15625000906175046,0.3749999908800419
2136,22.25,490613,490612.5,0.3749999908800419,-0.12500000911995812
2137,22.260416666666668,490842,490842.1875,-0.12500000911995812,0.06249999088004188
2138,22.270833333333332,491072,491071.875,0.06249999088004188,-0.06250000911995812
2139,22.28125,491301,491301.5625,-0.06250000911995812,0.4999999908800419
2140,22.291666666666668,491532,491531.25,0.4999999908800419,-0.2500000091199581
2141,22.302083333333332,491761,491760.9375,-0.2500000091199581,-0.3125000091199581
2142,22.321875,492197,492197.34374999994,-0.3125000091199581,0.031249990821834217
2143,22.332291666666666,492427,492427.03125,0.031249990821834217,0.06249999082183422
2144,22.34270833333333,492657,492656.71874999994,0.06249999082183422,-0.21875000923637344
2145,22.353125,492886,492886.40624999994,-0.21875000923637344,0.1874999907054189
2146,22.363541666666666,493116,493116.09375,0.1874999907054189,0.2812499907054189
2147,22.37395833333333,493346,493345.78124999994,0.2812499907054189,0.062499990647211234
2148,22.375,493369,493368.75,0.062499990647211234,-0.18750000935278877
2149,22.385416666666668,493598,493598.4375,-0.18750000935278877,0.24999999064721123
2150,22.395833333333332,493828,493828.125,0.24999999064721123,0.37499999064721123
2151,22.40625,494058,494057.8125,0.37499999064721123,0.18749999064721123
2152,22.416666666666668,494288,494287.5,0.18749999064721123,-0.31250000935278877
2153,22.427083333333332,494517,494517.1875,-0.31250000935278877,-0.12500000935278877
2154,22.446875,494953,494953.59374999994,-0.12500000935278877,0.4687499905890036
2155,22.457291666666666,495184,495183.28125,0.4687499905890036,-0.2500000094109964
2156,22.46770833333333,495413,495412.96874999994,-0.2500000094109964,-0.2812500094692041
2157,22.478125,495642,495642.65624999994,-0.2812500094692041,0.37499999047258825
2158,22.488541666666666,495873,495872.34375,0.37499999047258825,-0.28125000952741175
2159,22.49895833333333,496102,496102.03124999994,-0.28125000952741175,-0.2500000095856194
2160,22.5,496125,496125.0,-0.2500000095856194,-0.2500000095856194
2161,22.510416666666668,496354,496354.6875,-0.2500000095856194,0.4374999904143806
2162,22.520833333333332,496585,496584.375,0.4374999904143806,-0.1875000095856194
2163,22.53125,496814,496814.0625,-0.1875000095856194,-0.1250000095856194
2164,22.541666666666668,497044,497043.75,-0.1250000095856194,-0.3750000095856194
2165,22.552083333333332,497273,497273.4375,-0.3750000095856194,0.06249999041438059
2166,22.571875,497710,497709.84374999994,0.06249999041438059,-0.09375000964382707
2167,22.582291666666666,497939,497939.53125,-0.09375000964382707,0.43749999035617293
2168,22.59270833333333,498170,498169.21874999994,0.43749999035617293,-0.34375000970203473
2169,22.603125,498399,498398.90624999994,-0.34375000970203473,-0.4375000097602424
2170,22.613541666666666,498628,498628.59375,-0.4375000097602424,0.1562499902397576
2171,22.62395833333333,498858,498858.28124999994,0.1562499902397576,0.43749999018154995
2172,22.625,498882,498881.25,0.43749999018154995,-0.31250000981845005
2173,22.635416666666668,499111,499110.9375,-0.31250000981845005,-0.37500000981845005
2174,22.645833333333332,499340,499340.625,-0.37500000981845005,0.24999999018154995
2175,22.65625,499571,499570.3125,0.24999999018154995,-0.43750000981845005
2176,22.666666666666668,499800,499800.0,-0.43750000981845005,-0.43750000981845005
2177,22.677083333333332,500029,500029.6875,-0.43750000981845005,0.24999999018154995
2178,22.696875,500466,500466.09374999994,0.24999999018154995,0.3437499901233423
2179,22.707291666666666,500696,500695.78125,0.3437499901233423,0.12499999012334229
2180,22.71770833333333,500926,500925.46874999994,0.12499999012334229,-0.4062500099348654
2181,22.728125,501155,501155.15624999994,-0.4062500099348654,-0.25000000999307304
2182,22.738541666666666,501385,501384.84375,-0.25000000999307304,-0.40625000999307304
2183,22.74895833333333,501614,501614.53124999994,-0.40625000999307304,0.1249999899487193
2184,22.75,501638,501637.5,0.1249999899487193,-0.3750000100512807
2185,22.760416666666668,501867,501867.1875,-0.3750000100512807,-0.1875000100512807
2186,22.770833333333332,502097,502096.875,-0.1875000100512807,-0.3125000100512807
2187,22.78125,502326,502326.5625,-0.3125000100512807,0.2499999899487193
2188,22.791666666666668,502556,502556.25,0.2499999899487193,0.4999999899487193
2189,22.802083333333332,502786,502785.9375,0.4999999899487193,0.4374999899487193
2190,22.821875,503223,503222.34374999994,0.4374999899487193,-0.21875001010948836
2191,22.832291666666666,503452,503452.03125,-0.21875001010948836,-0.18750001010948836
2192,22.84270833333333,503682,503681.71874999994,-0.18750001010948836,-0.468750010167696
2193,22.853125,503911,503911.40624999994,-0.468750010167696,-0.06250001022590368
2194,22.863541666666666,504141,504141.09375,-0.06250001022590368,0.03124998977409632
2195,22.87395833333333,504371,504370.78124999994,0.03124998977409632,-0.18750001028411134
2196,22.875,504394,504393.75,-0.18750001028411134,-0.43750001028411134
2197,22.885416666666668,504623,504623.4375,-0.43750001028411134,-1.0284111340297386e-08
2198,22.895833333333332,504853,504853.125,-1.0284111340297386e-08,0.12499998971588866
2199,22.90625,505083,505082.8125,0.12499998971588866,-0.06250001028411134
2200,22.916666666666668,505312,505312.5,-0.06250001028411134,0.43749998971588866
2201,22.927083333333332,505543,505542.1875,0.43749998971588866,-0.37500001028411134
2202,22.946875,505978,505978.59374999994,-0.37500001028411134,0.218749989657681
2203,22.957291666666666,506208,506208.28125,0.218749989657681,0.499999989657681
2204,22.96770833333333,506438,506437.96874999994,0.499999989657681,0.46874998959947334
2205,22.978125,506668,506667.65624999994,0.46874998959947334,0.12499998954126568
2206,22.988541666666666,506897,506897.34375,0.12499998954126568,0.4687499895412657
2207,22.99895833333333,507127,507127.03124999994,0.4687499895412657,0.499999989483058
2208,23.0,507150,507150.0,0.499999989483058,0.499999989483058
2209,23.010416666666668,507380,507379.6875,0.499999989483058,0.18749998948305802
2210,23.020833333333332,507610,507609.375,0.18749998948305802,-0.437500010516942
2211,23.03125,507839,507839.0625,-0.437500010516942,-0.375000010516942
2212,23.041666666666668,508068,508068.75,-0.375000010516942,0.374999989483058
2213,23.052083333333332,508299,508298.4375,0.374999989483058,-0.18750001051694198
2214,23.071875,508735,508734.84374999994,-0.18750001051694198,-0.34375001057514964
2215,23.082291666666666,508964,508964.53125,-0.34375001057514964,0.18749998942485036
2216,23.09270833333333,509194,509194.21874999994,0.18749998942485036,0.4062499893666427
2217,23.103125,509424,509423.90624999994,0.4062499893666427,0.31249998930843503
2218,23.113541666666666,509654,509653.59375,0.31249998930843503,-0.09375001069156497
2219,23.12395833333333,509883,509883.28124999994,-0.09375001069156497,0.18749998925022737
2220,23.125,509906,509906.25,0.18749998925022737,0.4374999892502274
2221,23.135416666666668,510136,510135.9375,0.4374999892502274,0.3749999892502274
2222,23.145833333333332,510366,510365.625,0.3749999892502274,-1.0749772627605125e-08
2223,23.15625,510595,510595.3125,-1.0749772627605125e-08,0.3124999892502274
2224,23.166666666666668,510825,510825.0,0.3124999892502274,0.3124999892502274
2225,23.177083333333332,511055,511054.6875,0.3124999892502274,-1.0749772627605125e-08
2226,23.196875,511491,511491.09374999994,-1.0749772627605125e-08,0.09374998919201971
2227,23.207291666666666,511721,511720.78125,0.09374998919201971,-0.1250000108079803
2228,23.21770833333333,511950,511950.46874999994,-0.1250000108079803,0.34374998913381205
2229,23.228125,512180,512180.15624999994,0.34374998913381205,0.4999999890756044
2230,23.238541666666666,512410,512409.84375,0.4999999890756044,0.3437499890756044
2231,23.24895833333333,512640,512639.53124999994,0.3437499890756044,-0.12500001098260327
2232,23.25,512662,512662.5,-0.12500001098260327,0.37499998901739673
2233,23.260416666666668,512893,512892.1875,0.37499998901739673,-0.43750001098260327
2234,23.270833333333332,513121,513121.875,-0.43750001098260327,0.43749998901739673
2235,23.28125,513352,513351.5625,0.43749998901739673,-1.0982603271258995e-08
2236,23.291666666666668,513581,513581.25,-1.0982603271258995e-08,0.24999998901739673
2237,23.302083333333332,513811,513810.9375,0.24999998901739673,0.18749998901739673
2238,23.321875,514248,514247.34374999994,0.18749998901739673,-0.46875001104081093
2239,23.332291666666666,514477,514477.03125,-0.46875001104081093,-0.43750001104081093
2240,23.34270833333333,514706,514706.71874999994,-0.43750001104081093,0.2812499889009814
2241,23.353125,514937,514936.40624999994,0.2812499889009814,-0.31250001115722625
2242,23.363541666666666,515166,515166.09375,-0.31250001115722625,-0.21875001115722625
2243,23.37395833333333,515396,515395.78124999994,-0.21875001115722625,-0.4375000112154339
2244,23.375,515418,515418.75,-0.4375000112154339,0.3124999887845661
2245,23.385416666666668,515649,515648.4375,0.3124999887845661,-0.2500000112154339
2246,23.395833333333332,515878,515878.125,-0.2500000112154339,-0.12500001121543391
2247,23.40625,516108,516107.8125,-0.12500001121543391,-0.3125000112154339
2248,23.416666666666668,516337,516337.5,-0.3125000112154339,0.18749998878456609
2249,23.427083333333332,516567,516567.1875,0.18749998878456609,0.3749999887845661
2250,23.446875,517004,517003.59374999994,0.3749999887845661,-0.031250011273641576
2251,23.457291666666666,517233,517233.28125,-0.031250011273641576,0.24999998872635842
2252,23.46770833333333,517463,517462.96874999994,0.24999998872635842,0.21874998866815076
2253,23.478125,517693,517692.65624999994,0.21874998866815076,-0.1250000113900569
2254,23.488541666666666,517922,517922.34375,-0.1250000113900569,0.2187499886099431
2255,23.49895833333333,518152,518152.03124999994,0.2187499886099431,0.24999998855173544
2256,23.5,518175,518175.0,0.24999998855173544,0.24999998855173544
2257,23.510416666666668,518405,518404.6875,0.24999998855173544,-0.06250001144826456
2258,23.520833333333332,518634,518634.375,-0.06250001144826456,0.31249998855173544
2259,23.53125,518864,518864.0625,0.31249998855173544,0.37499998855173544
2260,23.541666666666668,519094,519093.75,0.37499998855173544,0.12499998855173544
2261,23.552083333333332,519324,519323.4375,0.12499998855173544,-0.43750001144826456
2262,23.571875,519759,519759.84374999994,-0.43750001144826456,0.4062499884935278
2263,23.582291666666666,519990,519989.53125,0.4062499884935278,-0.06250001150647222
2264,23.59270833333333,520219,520219.21874999994,-0.06250001150647222,0.15624998843532012
2265,23.603125,520449,520448.90624999994,0.15624998843532012,0.06249998837711246
2266,23.613541666666666,520679,520678.59375,0.06249998837711246,-0.34375001162288754
2267,23.62395833333333,520908,520908.28124999994,-0.34375001162288754,-0.0625000116810952
2268,23.625,520931,520931.25,-0.0625000116810952,0.1874999883189048
2269,23.635416666666668,521161,521160.9375,0.1874999883189048,0.1249999883189048
2270,23.645833333333332,521391,521390.625,0.1249999883189048,-0.2500000116810952
2271,23.65625,521620,521620.3125,-0.2500000116810952,0.0624999883189048
2272,23.666666666666668,521850,521850.0,0.0624999883189048,0.0624999883189048
2273,23.677083333333332,522080,522079.6875,0.0624999883189048,-0.2500000116810952
2274,23.696875,522516,522516.09374999994,-0.2500000116810952,-0.15625001173930286
2275,23.707291666666666,522746,522745.78125,-0.15625001173930286,-0.37500001173930286
2276,23.71770833333333,522975,522975.46874999994,-0.37500001173930286,0.09374998820248948
2277,23.728125,523205,523205.15624999994,0.09374998820248948,0.24999998814428182
2278,23.738541666666666,523435,523434.84375,0.24999998814428182,0.09374998814428182
2279,23.74895833333333,523665,523664.53124999994,0.09374998814428182,-0.37500001191392585
2280,23.75,523687,523687.5,-0.37500001191392585,0.12499998808607415
2281,23.760416666666668,523917,523917.1875,0.12499998808607415,0.31249998808607415
2282,23.770833333333332,524147,524146.875,0.31249998808607415,0.18749998808607415
2283,23.78125,524377,524376.5625,0.18749998808607415,-0.25000001191392585
2284,23.791666666666668,524606,524606.25,-0.25000001191392585,-1.1913925845874473e-08
2285,23.802083333333332,524836,524835.9375,-1.1913925845874473e-08,-0.06250001191392585
2286,23.821875,525272,525272.34375,-0.06250001191392585,0.28124998808607415
2287,23.832291666666666,525502,525502.03125,0.28124998808607415,0.31249998808607415
2288,23.84270833333333,525732,525731.71875,0.31249998808607415,0.031249988086074154
2289,23.853125,525961,525961.40625,0.031249988086074154,0.43749998808607415
2290,23.863541666666666,526192,526191.09375,0.43749998808607415,-0.46875001191392585
2291,23.87395833333333,526420,526420.78125,-0.46875001191392585,0.31249998808607415
2292,23.875,526444,526443.75,0.31249998808607415,0.062499988086074154
2293,23.885416666666668,526673,526673.4375,0.062499988086074154,0.49999998808607415
2294,23.895833333333332,526904,526903.125,0.49999998808607415,-0.37500001191392585
2295,23.90625,527132,527132.8125,-0.37500001191392585,0.43749998808607415
2296,23.916666666666668,527363,527362.5,0.43749998808607415,-0.06250001191392585
2297,23.927083333333332,527592,527592.1875,-0.06250001191392585,0.12499998808607415
2298,23.946875,528029,528028.59375,0.12499998808607415,-0.28125001191392585
2299,23.957291666666666,528258,528258.28125,-0.28125001191392585,-1.1913925845874473e-08
2300,23.96770833333333,528488,528487.96875,-1.1913925845874473e-08,-0.031250011913925846
2301,23.978125,528718,528717.65625,-0.031250011913925846,-0.37500001191392585
2302,23.988541666666666,528947,528947.34375,-0.37500001191392585,-0.031250011913925846
2303,23.99895833333333,529177,529177.03125,-0.031250011913925846,-1.1913925845874473e-08
2304,24.0,529200,529200.0,-1.1913925845874473e-08,-1.1913925845874473e-08
2305,24.010416666666668,529430,529429.6875,-1.1913925845874473e-08,-0.31250001191392585
2306,24.020833333333332,529659,529659.375,-0.31250001191392585,0.062499988086074154
2307,24.03125,529889,529889.0625,0.062499988086074154,0.12499998808607415
2308,24.041666666666668,530119,530118.75,0.12499998808607415,-0.12500001191392585
2309,24.052083333333332,530348,530348.4375,-0.12500001191392585,0.31249998808607415
2310,24.071875,530785,530784.84375,0.31249998808607415,0.15624998808607415
2311,24.082291666666666,531015,531014.53125,0.15624998808607415,-0.31250001191392585
2312,24.09270833333333,531244,531244.21875,-0.31250001191392585,-0.09375001191392585
2313,24.103125,531474,531473.90625,-0.09375001191392585,-0.18750001191392585
2314,24.113541666666666,531703,531703.59375,-0.18750001191392585,0.40624998808607415
2315,24.12395833333333,531934,531933.28125,0.40624998808607415,-0.31250001191392585
2316,24.125,531956,531956.25,-0.31250001191392585,-0.06250001191392585
2317,24.135416666666668,532186,532185.9375,-0.06250001191392585,-0.12500001191392585
2318,24.145833333333332,532415,532415.625,-0.12500001191392585,0.49999998808607415
2319,24.15625,532646,532645.3125,0.49999998808607415,-0.18750001191392585
2320,24.166666666666668,532875,532875.0,-0.18750001191392585,-0.18750001191392585
2321,24.177083333333332,533104,533104.6875,-0.18750001191392585,0.49999998808607415
2322,24.196875,533542,533541.09375,0.49999998808607415,-0.40625001191392585
2323,24.207291666666666,533770,533770.78125,-0.40625001191392585,0.37499998808607415
2324,24.21770833333333,534001,534000.46875,0.37499998808607415,-0.15625001191392585
2325,24.228125,534230,534230.15625,-0.15625001191392585,-1.1913925845874473e-08
2326,24.238541666666666,534460,534459.84375,-1.1913925845874473e-08,-0.15625001191392585
2327,24.24895833333333,534689,534689.53125,-0.15625001191392585,0.37499998808607415
2328,24.25,534713,534712.5,0.37499998808607415,-0.12500001191392585
2329,24.260416666666668,534942,534942.1875,-0.12500001191392585,0.062499988086074154
2330,24.270833333333332,535172,535171.875,0.062499988086074154,-0.06250001191392585
2331,24.28125,535401,535401.5625,-0.06250001191392585,0.49999998808607415
2332,24.291666666666668,535632,535631.25,0.49999998808607415,-0.25000001191392585
2333,24.302083333333332,535861,535860.9375,-0.25000001191392585,-0.31250001191392585
2334,24.321875,536297,536297.34375,-0.31250001191392585,0.031249988086074154
2335,24.332291666666666,536527,536527.03125,0.031249988086074154,0.062499988086074154
2336,24.34270833333333,536757,536756.71875,0.062499988086074154,-0.21875001191392585
2337,24.353125,536986,536986.40625,-0.21875001191392585,0.18749998808607415
2338,24.363541666666666,537216,537216.09375,0.18749998808607415,0.28124998808607415
2339,24.37395833333333,537446,537445.78125,0.28124998808607415,0.062499988086074154
2340,24.375,537469,537468.75,0.062499988086074154,-0.18750001191392585
2341,24.385416666666668,537698,537698.4375,-0.18750001191392585,0.24999998808607415
2342,24.395833333333332,537928,537928.125,0.24999998808607415,0.37499998808607415
2343,24.40625,538158,538157.8125,0.37499998808607415,0.18749998808607415
2344,24.416666666666668,538388,538387.5,0.18749998808607415,-0.31250001191392585
2345,24.427083333333332,538617,538617.1875,-0.31250001191392585,-0.12500001191392585
2346,24.446875,539053,539053.59375,-0.12500001191392585,0.46874998808607415
2347,24.457291666666666,539284,539283.28125,0.46874998808607415,-0.25000001191392585
2348,24.46770833333333,539513,539512.96875,-0.25000001191392585,-0.28125001191392585
2349,24.478125,539742,539742.65625,-0.28125001191392585,0.37499998808607415
2350,24.488541666666666,539973,539972.34375,0.37499998808607415,-0.28125001191392585
2351,24.49895833333333,540202,540202.03125,-0.28125001191392585,-0.25000001191392585
2352,24.5,540225,540225.0,-0.25000001191392585,-0.25000001191392585
2353,24.510416666666668,540454,540454.6875,-0.25000001191392585,0.43749998808607415
2354,24.520833333333332,540685,540684.375,0.43749998808607415,-0.18750001191392585
2355,24.53125,540914,540914.0625,-0.18750001191392585,-0.12500001191392585
2356,24.541666666666668,541144,541143.75,-0.12500001191392585,-0.37500001191392585
2357,24.552083333333332,541373,541373.4375,-0.37500001191392585,0.062499988086074154
2358,24.571875,541810,541809.84375,0.062499988086074154,-0.09375001191392585
2359,24.582291666666666,542039,542039.53125,-0.09375001191392585,0.43749998808607415
2360,24.59270833333333,542270,542269.21875,0.43749998808607415,-0.34375001191392585
2361,24.603125,542499,542498.90625,-0.34375001191392585,-0.43750001191392585
2362,24.613541666666666,542728,542728.59375,-0.43750001191392585,0.15624998808607415
2363,24.62395833333333,542958,542958.28125,0.15624998808607415,0.43749998808607415
2364,24.625,542982,542981.25,0.43749998808607415,-0.31250001191392585
2365,24.635416666666668,543211,543210.9375,-0.31250001191392585,-0.37500001191392585
2366,24.645833333333332,543440,543440.625,-0.37500001191392585,0.24999998808607415
2367,24.65625,543671,543670.3125,0.24999998808607415,-0.43750001191392585
2368,24.666666666666668,543900,543900.0,-0.43750001191392585,-0.43750001191392585
2369,24.677083333333332,544129,544129.6875,-0.43750001191392585,0.24999998808607415
2370,24.696875,544566,544566.09375,0.24999998808607415,0.34374998808607415
2371,24.707291666666666,544796,544795.78125,0.34374998808607415,0.12499998808607415
2372,24.71770833333333,545026,545025.46875,0.12499998808607415,-0.40625001191392585
2373,24.728125,545255,545255.15625,-0.40625001191392585,-0.25000001191392585
2374,24.738541666666666,545485,545484.84375,-0.25000001191392585,-0.40625001191392585
2375,24.74895833333333,545714,545714.53125,-0.40625001191392585,0.12499998808607415
2376,24.75,545738,545737.5,0.12499998808607415,-0.37500001191392585
2377,24.760416666666668,545967,545967.1875,-0.37500001191392585,-0.18750001191392585
2378,24.770833333333332,546197,546196.875,-0.18750001191392585,-0.31250001191392585
2379,24.78125,546426,546426.5625,-0.31250001191392585,0.24999998808607415
2380,24.791666666666668,546656,546656.25,0.24999998808607415,0.49999998808607415
2381,24.802083333333332,546886,546885.9375,0.49999998808607415,0.43749998808607415
2382,24.821875,547323,547322.34375,0.43749998808607415,-0.21875001191392585
2383,24.832291666666666,547552,547552.03125,-0.21875001191392585,-0.18750001191392585
2384,24.84270833333333,547782,547781.71875,-0.18750001191392585,-0.46875001191392585
2385,24.853125,548011,548011.40625,-0.46875001191392585,-0.06250001191392585
2386,24.863541666666666,548241,548241.09375,-0.06250001191392585,0.031249988086074154
2387,24.87395833333333,548471,548470.78125,0.031249988086074154,-0.18750001191392585
2388,24.875,548494,548493.75,-0.18750001191392585,-0.43750001191392585
2389,24.885416666666668,548723,548723.4375,-0.43750001191392585,-1.1913925845874473e-08
2390,24.895833333333332,548953,548953.125,-1.1913925845874473e-08,0.12499998808607415
2391,24.90625,549183,549182.8125,0.12499998808607415,-0.06250001191392585
2392,24.916666666666668,549412,549412.5,-0.06250001191392585,0.43749998808607415
2393,24.927083333333332,549643,549642.1875,0.43749998808607415,-0.37500001191392585
2394,24.946875,550078,550078.59375,-0.37500001191392585,0.21874998808607415
2395,24.957291666666666,550308,550308.28125,0.21874998808607415,0.49999998808607415
2396,24.96770833333333,550538,550537.96875,0.49999998808607415,0.46874998808607415
2397,24.978125,550768,550767.65625,0.46874998808607415,0.12499998808607415
2398,24.988541666666666,550997,550997.34375,0.12499998808607415,0.46874998808607415
2399,24.99895833333333,551227,551227.03125,0.46874998808607415,0.49999998808607415
2400,25.0,551250,551250.0,0.49999998808607415,0.49999998808607415
2401,25.010416666666668,551480,551479.6875,0.49999998808607415,0.18749998808607415
2402,25.020833333333332,551710,551709.375,0.18749998808607415,-0.43750001191392585
2403,25.03125,551939,551939.0625,-0.43750001191392585,-0.37500001191392585
2404,25.041666666666668,552168,552168.75,-0.37500001191392585,0.37499998808607415
2405,25.052083333333332,552399,552398.4375,0.37499998808607415,-0.18750001191392585
2406,25.071875,552835,552834.84375,-0.18750001191392585,-0.34375001191392585
2407,25.082291666666666,553064,553064.53125,-0.34375001191392585,0.18749998808607415
2408,25.09270833333333,553294,553294.21875,0.18749998808607415,0.40624998808607415
2409,25.103125,553524,553523.90625,0.40624998808607415,0.31249998808607415
2410,25.113541666666666,553754,553753.59375,0.31249998808607415,-0.09375001191392585
2411,25.12395833333333,553983,553983.28125,-0.09375001191392585,0.18749998808607415
2412,25.125,554006,554006.25,0.18749998808607415,0.43749998808607415
2413,25.135416666666668,554236,554235.9375,0.43749998808607415,0.37499998808607415
2414,25.145833333333332,554466,554465.625,0.37499998808607415,-1.1913925845874473e-08
2415,25.15625,554695,554695.3125,-1.1913925845874473e-08,0.31249998808607415
2416,25.166666666666668,554925,554925.0,0.31249998808607415,0.31249998808607415
2417,25.177083333333332,555155,555154.6875,0.31249998808607415,-1.1913925845874473e-08
2418,25.196875,555591,555591.09375,-1.1913925845874473e-08,0.09374998808607415
2419,25.207291666666666,555821,555820.78125,0.09374998808607415,-0.12500001191392585
2420,25.21770833333333,556050,556050.46875,-0.12500001191392585,0.34374998808607415
2421,25.228125,556280,556280.15625,0.34374998808607415,0.49999998808607415
2422,25.238541666666666,556510,556509.84375,0.49999998808607415,0.34374998808607415
2423,25.24895833333333,556740,556739.53125,0.34374998808607415,-0.12500001191392585
2424,25.25,556762,556762.5,-0.12500001191392585,0.37499998808607415
2425,25.260416666666668,556993,556992.1875,0.37499998808607415,-0.43750001191392585
2426,25.270833333333332,557221,557221.875,-0.43750001191392585,0.43749998808607415
2427,25.28125,557452,557451.5625,0.43749998808607415,-1.1913925845874473e-08
2428,25.291666666666668,557681,557681.25,-1.1913925845874473e-08,0.24999998808607415
2429,25.302083333333332,557911,557910.9375,0.24999998808607415,0.18749998808607415
2430,25.321875,558348,558347.34375,0.18749998808607415,-0.46875001191392585
2431,25.332291666666666,558577,558577.03125,-0.46875001191392585,-0.43750001191392585
2432,25.34270833333333,558806,558806.71875,-0.43750001191392585,0.28124998808607415
2433,25.353125,559037,559036.40625,0.28124998808607415,-0.31250001191392585
2434,25.363541666666666,559266,559266.09375,-0.31250001191392585,-0.21875001191392585
2435,25.37395833333333,559496,559495.78125,-0.21875001191392585,-0.43750001191392585
2436,25.375,559518,559518.75,-0.43750001191392585,0.31249998808607415
2437,25.385416666666668,559749,559748.4375,0.31249998808607415,-0.25000001191392585
2438,25.395833333333332,559978,559978.125,-0.25000001191392585,-0.12500001191392585
2439,25.40625,560208,560207.8125,-0.12500001191392585,-0.31250001191392585
2440,25.416666666666668,560437,560437.5,-0.31250001191392585,0.18749998808607415
2441,25.427083333333332,560667,560667.1875,0.18749998808607415,0.37499998808607415
2442,25.446875,561104,561103.59375,0.37499998808607415,-0.031250011913925846
2443,25.457291666666666,561333,561333.28125,-0.031250011913925846,0.24999998808607415
2444,25.46770833333333,561563,561562.96875,0.24999998808607415,0.21874998808607415
2445,25.478125,561793,561792.65625,0.21874998808607415,-0.12500001191392585
2446,25.488541666666666,562022,562022.34375,-0.12500001191392585,0.21874998808607415
2447,25.49895833333333,562252,562252.03125,0.21874998808607415,0.24999998808607415
2448,25.5,562275,562275.0,0.24999998808607415,0.24999998808607415
2449,25.510416666666668,562505,562504.6875,0.24999998808607415,-0.06250001191392585
2450,25.520833333333332,562734,562734.375,-0.06250001191392585,0.31249998808607415
2451,25.53125,562964,562964.0625,0.31249998808607415,0.37499998808607415
2452,25.541666666666668,563194,563193.75,0.37499998808607415,0.12499998808607415
2453,25.552083333333332,563424,563423.4375,0.12499998808607415,-0.43750001191392585
2454,25.571875,563859,563859.84375,-0.43750001191392585,0.40624998808607415
2455,25.582291666666666,564090,564089.53125,0.40624998808607415,-0.06250001191392585
2456,25.59270833333333,564319,564319.21875,-0.06250001191392585,0.15624998808607415
2457,25.603125,564549,564548.90625,0.15624998808607415,0.062499988086074154
2458,25.613541666666666,564779,564778.59375,0.062499988086074154,-0.34375001191392585
2459,25.62395833333333,565008,565008.28125,-0.34375001191392585,-0.06250001191392585
2460,25.625,565031,565031.25,-0.06250001191392585,0.18749998808607415
2461,25.635416666666668,565261,565260.9375,0.18749998808607415,0.12499998808607415
2462,25.645833333333332,565491,565490.625,0.12499998808607415,-0.25000001191392585
2463,25.65625,565720,565720.3125,-0.25000001191392585,0.062499988086074154
2464,25.666666666666668,565950,565950.0,0.062499988086074154,0.062499988086074154
2465,25.677083333333332,566180,566179.6875,0.062499988086074154,-0.25000001191392585
2466,25.696875,566616,566616.09375,-0.25000001191392585,-0.15625001191392585
2467,25.707291666666666,566846,566845.78125,-0.15625001191392585,-0.37500001191392585
2468,25.71770833333333,567075,567075.46875,-0.37500001191392585,0.09374998808607415
2469,25.728125,567305,567305.15625,0.09374998808607415,0.24999998808607415
2470,25.738541666666666,567535,567534.84375,0.24999998808607415,0.09374998808607415
2471,25.74895833333333,567765,567764.53125,0.09374998808607415,-0.37500001191392585
2472,25.75,567787,567787.5,-0.37500001191392585,0.12499998808607415
2473,25.760416666666668,568017,568017.1875,0.12499998808607415,0.31249998808607415
2474,25.770833333333332,568247,568246.875,0.31249998808607415,0.18749998808607415
2475,25.78125,568477,568476.5625,0.18749998808607415,-0.25000001191392585
2476,25.791666666666668,568706,568706.25,-0.25000001191392585,-1.1913925845874473e-08
2477,25.802083333333332,568936,568935.9375,-1.1913925845874473e-08,-0.06250001191392585
2478,25.821875,569372,569372.34375,-0.06250001191392585,0.28124998808607415
2479,25.832291666666666,569602,569602.03125,0.28124998808607415,0.31249998808607415
2480,25.84270833333333,569832,569831.71875,0.31249998808607415,0.031249988086074154
2481,25.853125,570061,570061.40625,0.031249988086074154,0.43749998808607415
2482,25.863541666666666,570292,570291.09375,0.43749998808607415,-0.46875001191392585
2483,25.87395833333333,570520,570520.78125,-0.46875001191392585,0.31249998808607415
2484,25.875,570544,570543.75,0.31249998808607415,0.062499988086074154
2485,25.885416666666668,570773,570773.4375,0.062499988086074154,0.49999998808607415
2486,25.895833333333332,571004,571003.125,0.49999998808607415,-0.37500001191392585
2487,25.90625,571232,571232.8125,-0.37500001191392585,0.43749998808607415
2488,25.916666666666668,571463,571462.5,0.43749998808607415,-0.06250001191392585
2489,25.927083333333332,571692,571692.1875,-0.06250001191392585,0.12499998808607415
2490,25.946875,572129,572128.59375,0.12499998808607415,-0.28125001191392585
2491,25.957291666666666,572358,572358.28125,-0.28125001191392585,-1.1913925845874473e-08
2492,25.96770833333333,572588,572587.96875,-1.1913925845874473e-08,-0.031250011913925846
2493,25.978125,572818,572817.65625,-0.031250011913925846,-0.37500001191392585
2494,25.988541666666666,573047,573047.34375,-0.37500001191392585,-0.031250011913925846
2495,25.99895833333333,573277,573277.03125,-0.031250011913925846,-1.1913925845874473e-08
2496,26.0,573300,573300.0,-1.1913925845874473e-08,-1.1913925845874473e-08
2497,26.010416666666668,573530,573529.6875,-1.1913925845874473e-08,-0.31250001191392585
2498,26.020833333333332,573759,573759.375,-0.31250001191392585,0.062499988086074154
2499,26.03125,573989,573989.0625,0.062499988086074154,0.12499998808607415
2500,26.041666666666668,574219,574218.75,0.12499998808607415,-0.12500001191392585
2501,26.052083333333332,574448,574448.4375,-0.12500001191392585,0.31249998808607415
2502,26.071875,574885,574884.84375,0.31249998808607415,0.15624998808607415
2503,26.082291666666666,575115,575114.53125,0.15624998808607415,-0.31250001191392585
2504,26.09270833333333,575344,575344.21875,-0.31250001191392585,-0.09375001191392585
2505,26.103125,575574,575573.90625,-0.09375001191392585,-0.18750001191392585
2506,26.113541666666666,575803,575803.59375,-0.18750001191392585,0.40624998808607415
2507,26.12395833333333,576034,576033.28125,0.40624998808607415,-0.31250001191392585
2508,26.125,576056,576056.25,-0.31250001191392585,-0.06250001191392585
2509,26.135416666666668,576286,576285.9375,-0.06250001191392585,-0.12500001191392585
2510,26.145833333333332,576515,576515.625,-0.12500001191392585,0.49999998808607415
2511,26.15625,576746,576745.3125,0.49999998808607415,-0.18750001191392585
2512,26.166666666666668,576975,576975.0,-0.18750001191392585,-0.18750001191392585
2513,26.177083333333332,577204,577204.6875,-0.18750001191392585,0.49999998808607415
2514,26.196875,577642,577641.09375,0.49999998808607415,-0.40625001191392585
2515,26.207291666666666,577870,577870.78125,-0.40625001191392585,0.37499998808607415
2516,26.21770833333333,578101,578100.46875,0.37499998808607415,-0.15625001191392585
2517,26.228125,578330,578330.15625,-0.15625001191392585,-1.1913925845874473e-08
2518,26.238541666666666,578560,578559.84375,-1.1913925845874473e-08,-0.15625001191392585
2519,26.24895833333333,578789,578789.53125,-0.15625001191392585,0.37499998808607415
2520,26.25,578813,578812.5,0.37499998808607415,-0.12500001191392585
2521,26.260416666666668,579042,579042.1875,-0.12500001191392585,0.062499988086074154
2522,26.270833333333332,579272,579271.875,0.062499988086074154,-0.06250001191392585
2523,26.28125,579501,579501.5625,-0.06250001191392585,0.49999998808607415
2524,26.291666666666668,579732,579731.25,0.49999998808607415,-0.25000001191392585
2525,26.302083333333332,579961,579960.9375,-0.25000001191392585,-0.31250001191392585
2526,26.321875,580397,580397.34375,-0.31250001191392585,0.031249988086074154
2527,26.332291666666666,580627,580627.03125,0.031249988086074154,0.062499988086074154
2528,26.34270833333333,580857,580856.71875,0.062499988086074154,-0.21875001191392585
2529,26.353125,581086,581086.40625,-0.21875001191392585,0.18749998808607415
2530,26.363541666666666,581316,581316.09375,0.18749998808607415,0.28124998808607415
2531,26.37395833333333,581546,581545.78125,0.28124998808607415,0.062499988086074154
2532,26.375,581569,581568.75,0.062499988086074154,-0.18750001191392585
2533,26.385416666666668,581798,581798.4375,-0.18750001191392585,0.24999998808607415
2534,26.395833333333332,582028,582028.125,0.24999998808607415,0.37499998808607415
2535,26.40625,582258,582257.8125,0.37499998808607415,0.18749998808607415
2536,26.416666666666668,582488,582487.5,0.18749998808607415,-0.31250001191392585
2537,26.427083333333332,582717,582717.1875,-0.31250001191392585,-0.12500001191392585
2538,26.446875,583153,583153.59375,-0.12500001191392585,0.46874998808607415
2539,26.457291666666666,583384,583383.28125,0.46874998808607415,-0.25000001191392585
2540,26.46770833333333,583613,583612.96875,-0.25000001191392585,-0.28125001191392585
2541,26.478125,583842,583842.65625,-0.28125001191392585,0.37499998808607415
2542,26.488541666666666,584073,584072.34375,0.37499998808607415,-0.28125001191392585
2543,26.49895833333333,584302,584302.03125,-0.28125001191392585,-0.25000001191392585
2544,26.5,584325,584325.0,-0.25000001191392585,-0.25000001191392585
2545,26.510416666666668,584554,584554.6875,-0.25000001191392585,0.43749998808607415
2546,26.520833333333332,584785,584784.375,0.43749998808607415,-0.18750001191392585
2547,26.53125,585014,585014.0625,-0.18750001191392585,-0.12500001191392585
2548,26.541666666666668,585244,585243.75,-0.12500001191392585,-0.37500001191392585
2549,26.552083333333332,585473,585473.4375,-0.37500001191392585,0.062499988086074154
2550,26.571875,585910,585909.84375,0.062499988086074154,-0.09375001191392585
2551,26.582291666666666,586139,586139.53125,-0.09375001191392585,0.43749998808607415
2552,26.59270833333333,586370,586369.21875,0.43749998808607415,-0.34375001191392585
2553,26.603125,586599,586598.90625,-0.34375001191392585,-0.43750001191392585
2554,26.613541666666666,586828,586828.59375,-0.43750001191392585,0.15624998808607415
2555,26.62395833333333,587058,587058.28125,0.15624998808607415,0.43749998808607415
2556,26.625,587082,587081.25,0.43749998808607415,-0.31250001191392585
2557,26.635416666666668,587311,587310.9375,-0.31250001191392585,-0.37500001191392585
2558,26.645833333333332,587540,587540.625,-0.37500001191392585,0.24999998808607415
2559,26.65625,587771,587770.3125,0.24999998808607415,-0.43750001191392585
2560,26.666666666666668,588000,588000.0,-0.43750001191392585,-0.43750001191392585
2561,26.677083333333332,588229,588229.6875,-0.43750001191392585,0.24999998808607415
2562,26.696875,588666,588666.09375,0.24999998808607415,0.34374998808607415
2563,26.707291666666666,588896,588895.78125,0.34374998808607415,0.12499998808607415
2564,26.71770833333333,589126,589125.46875,0.12499998808607415,-0.40625001191392585
2565,26.728125,589355,589355.15625,-0.40625001191392585,-0.25000001191392585
2566,26.738541666666666,589585,589584.84375,-0.25000001191392585,-0.40625001191392585
2567,26.74895833333333,589814,589814.53125,-0.40625001191392585,0.12499998808607415
2568,26.75,589838,589837.5,0.12499998808607415,-0.37500001191392585
2569,26.760416666666668,590067,590067.1875,-0.37500001191392585,-0.18750001191392585
2570,26.770833333333332,590297,590296.875,-0.18750001191392585,-0.31250001191392585
2571,26.78125,590526,590526.5625,-0.31250001191392585,0.24999998808607415
2572,26.791666666666668,590756,590756.25,0.24999998808607415,0.49999998808607415
2573,26.802083333333332,590986,590985.9375,0.49999998808607415,0.43749998808607415
2574,26.821875,591423,591422.34375,0.43749998808607415,-0.21875001191392585
2575,26.832291666666666,591652,591652.03125,-0.21875001191392585,-0.18750001191392585
2576,26.84270833333333,591882,591881.71875,-0.18750001191392585,-0.46875001191392585
2577,26.853125,592111,592111.40625,-0.46875001191392585,-0.06250001191392585
2578,26.863541666666666,592341,592341.09375,-0.06250001191392585,0.031249988086074154
2579,26.87395833333333,592571,592570.78125,0.031249988086074154,-0.18750001191392585
2580,26.875,592594,592593.75,-0.18750001191392585,-0.43750001191392585
2581,26.885416666666668,592823,592823.4375,-0.43750001191392585,-1.1913925845874473e-08
2582,26.895833333333332,593053,593053.125,-1.1913925845874473e-08,0.12499998808607415
2583,26.90625,593283,593282.8125,0.12499998808607415,-0.06250001191392585
2584,26.916666666666668,593512,593512.5,-0.06250001191392585,0.43749998808607415
2585,26.927083333333332,593743,593742.1875,0.43749998808607415,-0.37500001191392585
2586,26.946875,594178,594178.59375,-0.37500001191392585,0.21874998808607415
2587,26.957291666666666,594408,594408.28125,0.21874998808607415,0.49999998808607415
2588,26.96770833333333,594638,594637.96875,0.49999998808607415,0.46874998808607415
2589,26.978125,594868,594867.65625,0.46874998808607415,0.12499998808607415
2590,26.988541666666666,595097,595097.34375,0.12499998808607415,0.46874998808607415
2591,26.99895833333333,595327,595327.03125,0.46874998808607415,0.49999998808607415
2592,27.0,595350,595350.0,0.49999998808607415,0.49999998808607415
2593,27.010416666666668,595580,595579.6875,0.49999998808607415,0.18749998808607415
2594,27.020833333333332,595810,595809.375,0.18749998808607415,-0.43750001191392585
2595,27.03125,596039,596039.0625,-0.43750001191392585,-0.37500001191392585
2596,27.041666666666668,596268,596268.75,-0.37500001191392585,0.37499998808607415
2597,27.052083333333332,596499,596498.4375,0.37499998808607415,-0.18750001191392585
2598,27.071875,596935,596934.84375,-0.18750001191392585,-0.34375001191392585
2599,27.082291666666666,597164,597164.53125,-0.34375001191392585,0.18749998808607415
2600,27.09270833333333,597394,597394.21875,0.18749998808607415,0.40624998808607415
2601,27.103125,597624,597623.90625,0.40624998808607415,0.31249998808607415
2602,27.113541666666666,597854,597853.59375,0.31249998808607415,-0.09375001191392585
2603,27.12395833333333,598083,598083.28125,-0.09375001191392585,0.18749998808607415
2604,27.125,598106,598106.25,0.18749998808607415,0.43749998808607415
2605,27.135416666666668,598336,598335.9375,0.43749998808607415,0.37499998808607415
2606,27.145833333333332,598566,598565.625,0.37499998808607415,-1.1913925845874473e-08
2607,27.15625,598795,598795.3125,-1.1913925845874473e-08,0.31249998808607415
2608,27.166666666666668,599025,599025.0,0.31249998808607415,0.31249998808607415
2609,27.177083333333332,599255,599254.6875,0.31249998808607415,-1.1913925845874473e-08
2610,27.196875,599691,599691.09375,-1.1913925845874473e-08,0.09374998808607415
2611,27.207291666666666,599921,599920.78125,0.09374998808607415,-0.12500001191392585
2612,27.21770833333333,600150,600150.46875,-0.12500001191392585,0.34374998808607415
2613,27.228125,600380,600380.15625,0.34374998808607415,0.49999998808607415
2614,27.238541666666666,600610,600609.84375,0.49999998808607415,0.34374998808607415
2615,27.24895833333333,600840,600839.53125,0.34374998808607415,-0.12500001191392585
2616,27.25,600862,600862.5,-0.12500001191392585,0.37499998808607415
2617,27.260416666666668,601093,601092.1875,0.37499998808607415,-0.43750001191392585
2618,27.270833333333332,601321,601321.875,-0.43750001191392585,0.43749998808607415
2619,27.28125,601552,601551.5625,0.43749998808607415,-1.1913925845874473e-08
2620,27.291666666666668,601781,601781.25,-1.1913925845874473e-08,0.24999998808607415
2621,27.302083333333332,602011,602010.9375,0.24999998808607415,0.18749998808607415
2622,27.321875,602448,602447.34375,0.18749998808607415,-0.46875001191392585
2623,27.332291666666666,602677,602677.03125,-0.46875001191392585,-0.43750001191392585
2624,27.34270833333333,602906,602906.71875,-0.43750001191392585,0.28124998808607415
2625,27.353125,603137,603136.40625,0.28124998808607415,-0.31250001191392585
2626,27.363541666666666,603366,603366.09375,-0.31250001191392585,-0.21875001191392585
2627,27.37395833333333,603596,603595.78125,-0.21875001191392585,-0.43750001191392585
2628,27.375,603618,603618.75,-0.43750001191392585,0.31249998808607415
2629,27.385416666666668,603849,603848.4375,0.31249998808607415,-0.25000001191392585
2630,27.395833333333332,604078,604078.125,-0.25000001191392585,-0.12500001191392585
2631,27.40625,604308,604307.8125,-0.12500001191392585,-0.31250001191392585
2632,27.416666666666668,604537,604537.5,-0.31250001191392585,0.18749998808607415
2633,27.427083333333332,604767,604767.1875,0.18749998808607415,0.37499998808607415
2634,27.446875,605204,605203.59375,0.37499998808607415,-0.031250011913925846
2635,27.457291666666666,605433,605433.28125,-0.031250011913925846,0.24999998808607415
2636,27.46770833333333,605663,605662.96875,0.24999998808607415,0.21874998808607415
2637,27.478125,605893,605892.65625,0.21874998808607415,-0.12500001191392585
2638,27.488541666666666,606122,606122.34375,-0.12500001191392585,0.21874998808607415
2639,27.49895833333333,606352,606352.03125,0.21874998808607415,0.24999998808607415
2640,27.5,606375,606375.0,0.24999998808607415,0.24999998808607415
2641,27.510416666666668,606605,606604.6875,0.24999998808607415,-0.06250001191392585
2642,27.520833333333332,606834,606834.375,-0.06250001191392585,0.31249998808607415
2643,27.53125,607064,607064.0625,0.31249998808607415,0.37499998808607415
2644,27.541666666666668,607294,607293.75,0.37499998808607415,0.12499998808607415
2645,27.552083333333332,607524,607523.4375,0.12499998808607415,-0.43750001191392585
2646,27.571875,607959,607959.84375,-0.43750001191392585,0.40624998808607415
2647,27.582291666666666,608190,608189.53125,0.40624998808607415,-0.06250001191392585
2648,27.59270833333333,608419,608419.21875,-0.06250001191392585,0.15624998808607415
2649,27.603125,608649,608648.90625,0.15624998808607415,0.062499988086074154
2650,27.613541666666666,608879,608878.59375,0.062499988086074154,-0.34375001191392585
2651,27.62395833333333,609108,609108.28125,-0.34375001191392585,-0.06250001191392585
2652,27.625,609131,609131.25,-0.06250001191392585,0.18749998808607415
2653,27.635416666666668,609361,609360.9375,0.18749998808607415,0.12499998808607415
2654,27.645833333333332,609591,609590.625,0.12499998808607415,-0.25000001191392585
2655,27.65625,609820,609820.3125,-0.25000001191392585,0.062499988086074154
2656,27.666666666666668,610050,610050.0,0.062499988086074154,0.062499988086074154
2657,27.677083333333332,610280,610279.6875,0.062499988086074154,-0.25000001191392585
2658,27.696875,610716,610716.09375,-0.25000001191392585,-0.15625001191392585
2659,27.707291666666666,610946,610945.78125,-0.15625001191392585,-0.37500001191392585
2660,27.71770833333333,611175,611175.46875,-0.37500001191392585,0.09374998808607415
2661,27.728125,611405,611405.15625,0.09374998808607415,0.24999998808607415
2662,27.738541666666666,611635,611634.84375,0.24999998808607415,0.09374998808607415
2663,27.74895833333333,611865,611864.53125,0.09374998808607415,-0.37500001191392585
2664,27.75,611887,611887.5,-0.37500001191392585,0.12499998808607415
2665,27.760416666666668,612117,612117.1875,0.12499998808607415,0.31249998808607415
2666,27.770833333333332,612347,612346.875,0.31249998808607415,0.18749998808607415
2667,27.78125,612577,612576.5625,0.18749998808607415,-0.25000001191392585
2668,27.791666666666668,612806,612806.25,-0.25000001191392585,-1.1913925845874473e-08
2669,27.802083333333332,613036,613035.9375,-1.1913925845874473e-08,-0.06250001191392585
2670,27.821875,613472,613472.34375,-0.06250001191392585,0.28124998808607415
2671,27.832291666666666,613702,613702.03125,0.28124998808607415,0.31249998808607415
2672,27.84270833333333,613932,613931.71875,0.31249998808607415,0.031249988086074154
2673,27.853125,614161,614161.40625,0.031249988086074154,0.43749998808607415
2674,27.863541666666666,614392,614391.09375,0.43749998808607415,-0.46875001191392585
2675,27.87395833333333,614620,614620.78125,-0.46875001191392585,0.31249998808607415
2676,27.875,614644,614643.75,0.31249998808607415,0.062499988086074154
2677,27.885416666666668,614873,614873.4375,0.062499988086074154,0.49999998808607415
2678,27.895833333333332,615104,615103.125,0.49999998808607415,-0.37500001191392585
2679,27.90625,615332,615332.8125,-0.37500001191392585,0.43749998808607415
2680,27.916666666666668,615563,615562.5,0.43749998808607415,-0.06250001191392585
2681,27.927083333333332,615792,615792.1875,-0.06250001191392585,0.12499998808607415
2682,27.946875,616229,616228.59375,0.12499998808607415,-0.28125001191392585
2683,27.957291666666666,616458,616458.28125,-0.28125001191392585,-1.1913925845874473e-08
2684,27.96770833333333,616688,616687.96875,-1.1913925845874473e-08,-0.031250011913925846
2685,27.978125,616918,616917.65625,-0.031250011913925846,-0.37500001191392585
2686,27.988541666666666,617147,617147.34375,-0.37500001191392585,-0.031250011913925846
2687,27.99895833333333,617377,617377.03125,-0.031250011913925846,-1.1913925845874473e-08
2688,28.0,617400,617400.0,-1.1913925845874473e-08,-1.1913925845874473e-08
2689,28.010416666666668,617630,617629.6875,-1.1913925845874473e-08,-0.31250001191392585
2690,28.020833333333332,617859,617859.375,-0.31250001191392585,0.062499988086074154
2691,28.03125,618089,618089.0625,0.062499988086074154,0.12499998808607415
2692,28.041666666666668,618319,618318.75,0.12499998808607415,-0.12500001191392585
2693,28.052083333333332,618548,618548.4375,-0.12500001191392585,0.31249998808607415
2694,28.071875,618985,618984.84375,0.31249998808607415,0.15624998808607415
2695,28.082291666666666,619215,619214.53125,0.15624998808607415,-0.31250001191392585
2696,28.09270833333333,619444,619444.21875,-0.31250001191392585,-0.09375001191392585
2697,28.103125,619674,619673.90625,-0.09375001191392585,-0.18750001191392585
2698,28.113541666666666,619903,619903.59375,-0.18750001191392585,0.40624998808607415
2699,28.12395833333333,620134,620133.28125,0.40624998808607415,-0.31250001191392585
2700,28.125,620156,620156.25,-0.31250001191392585,-0.06250001191392585
2701,28.135416666666668,620386,620385.9375,-0.06250001191392585,-0.12500001191392585
2702,28.145833333333332,620615,620615.625,-0.12500001191392585,0.49999998808607415
2703,28.15625,620846,620845.3125,0.49999998808607415,-0.18750001191392585
2704,28.166666666666668,621075,621075.0,-0.18750001191392585,-0.18750001191392585
2705,28.177083333333332,621304,621304.6875,-0.18750001191392585,0.49999998808607415
2706,28.196875,621742,621741.09375,0.49999998808607415,-0.40625001191392585
2707,28.207291666666666,621970,621970.78125,-0.40625001191392585,0.37499998808607415
2708,28.21770833333333,622201,622200.46875,0.37499998808607415,-0.15625001191392585
2709,28.228125,622430,622430.15625,-0.15625001191392585,-1.1913925845874473e-08
2710,28.238541666666666,622660,622659.84375,-1.1913925845874473e-08,-0.15625001191392585
2711,28.24895833333333,622889,622889.53125,-0.15625001191392585,0.37499998808607415
2712,28.25,622913,622912.5,0.37499998808607415,-0.12500001191392585
2713,28.260416666666668,623142,623142.1875,-0.12500001191392585,0.062499988086074154
2714,28.270833333333332,623372,623371.875,0.062499988086074154,-0.06250001191392585
2715,28.28125,623601,623601.5625,-0.06250001191392585,0.49999998808607415
2716,28.291666666666668,623832,623831.25,0.49999998808607415,-0.25000001191392585
2717,28.302083333333332,624061,624060.9375,-0.25000001191392585,-0.31250001191392585
2718,28.321875,624497,624497.34375,-0.31250001191392585,0.031249988086074154
2719,28.332291666666666,624727,624727.03125,0.031249988086074154,0.062499988086074154
2720,28.34270833333333,624957,624956.71875,0.062499988086074154,-0.21875001191392585
2721,28.353125,625186,625186.40625,-0.21875001191392585,0.18749998808607415
2722,28.363541666666666,625416,625416.09375,0.18749998808607415,0.28124998808607415
2723,28.37395833333333,625646,625645.78125,0.28124998808607415,0.062499988086074154
2724,28.375,625669,625668.75,0.062499988086074154,-0.18750001191392585
2725,28.385416666666668,625898,625898.4375,-0.18750001191392585,0.24999998808607415
2726,28.395833333333332,626128,626128.125,0.24999998808607415,0.37499998808607415
2727,28.40625,626358,626357.8125,0.37499998808607415,0.18749998808607415
2728,28.416666666666668,626588,626587.5,0.18749998808607415,-0.31250001191392585
2729,28.427083333333332,626817,626817.1875,-0.31250001191392585,-0.12500001191392585
2730,28.446875,627253,627253.59375,-0.12500001191392585,0.46874998808607415
2731,28.457291666666666,627484,627483.28125,0.46874998808607415,-0.25000001191392585
2732,28.46770833333333,627713,627712.96875,-0.25000001191392585,-0.28125001191392585
2733,28.478125,627942,627942.65625,-0.28125001191392585,0.37499998808607415
2734,28.488541666666666,628173,628172.34375,0.37499998808607415,-0.28125001191392585
2735,28.49895833333333,628402,628402.03125,-0.28125001191392585,-0.25000001191392585
2736,28.5,628425,628425.0,-0.25000001191392585,-0.25000001191392585
2737,28.510416666666668,628654,628654.6875,-0.25000001191392585,0.43749998808607415
2738,28.520833333333332,628885,628884.375,0.43749998808607415,-0.18750001191392585
2739,28.53125,629114,629114.0625,-0.18750001191392585,-0.12500001191392585
2740,28.541666666666668,629344,629343.75,-0.12500001191392585,-0.37500001191392585
2741,28.552083333333332,629573,629573.4375,-0.37500001191392585,0.062499988086074154
2742,28.571875,630010,630009.84375,0.062499988086074154,-0.09375001191392585
2743,28.582291666666666,630239,630239.53125,-0.09375001191392585,0.43749998808607415
2744,28.59270833333333,630470,630469.21875,0.43749998808607415,-0.34375001191392585
2745,28.603125,630699,630698.90625,-0.34375001191392585,-0.43750001191392585
2746,28.613541666666666,630928,630928.59375,-0.43750001191392585,0.15624998808607415
2747,28.62395833333333,631158,631158.28125,0.15624998808607415,0.43749998808607415
2748,28.625,631182,631181.25,0.43749998808607415,-0.31250001191392585
2749,28.635416666666668,631411,631410.9375,-0.31250001191392585,-0.37500001191392585
2750,28.645833333333332,631640,631640.625,-0.37500001191392585,0.24999998808607415
2751,28.65625,631871,631870.3125,0.24999998808607415,-0.43750001191392585
2752,28.666666666666668,632100,632100.0,-0.43750001191392585,-0.43750001191392585
2753,28.677083333333332,632329,632329.6875,-0.43750001191392585,0.24999998808607415
2754,28.696875,632766,632766.09375,0.24999998808607415,0.34374998808607415
2755,28.707291666666666,632996,632995.78125,0.34374998808607415,0.12499998808607415
2756,28.71770833333333,633226,633225.46875,0.12499998808607415,-0.40625001191392585
2757,28.728125,633455,633455.15625,-0.40625001191392585,-0.25000001191392585
2758,28.738541666666666,633685,633684.84375,-0.25000001191392585,-0.40625001191392585
2759,28.74895833333333,633914,633914.53125,-0.40625001191392585,0.12499998808607415
2760,28.75,633938,633937.5,0.12499998808607415,-0.37500001191392585
2761,28.760416666666668,634167,634167.1875,-0.37500001191392585,-0.18750001191392585
2762,28.770833333333332,634397,634396.875,-0.18750001191392585,-0.31250001191392585
2763,28.78125,634626,634626.5625,-0.31250001191392585,0.24999998808607415
2764,28.791666666666668,634856,634856.25,0.24999998808607415,0.49999998808607415
2765,28.802083333333332,635086,635085.9375,0.49999998808607415,0.43749998808607415
2766,28.821875,635523,635522.34375,0.43749998808607415,-0.21875001191392585
2767,28.832291666666666,635752,635752.03125,-0.21875001191392585,-0.18750001191392585
2768,28.84270833333333,635982,635981.71875,-0.18750001191392585,-0.46875001191392585
2769,28.853125,636211,636211.40625,-0.46875001191392585,-0.06250001191392585
2770,28.863541666666666,636441,636441.09375,-0.06250001191392585,0.031249988086074154
2771,28.87395833333333,636671,636670.78125,0.031249988086074154,-0.18750001191392585
2772,28.875,636694,636693.75,-0.18750001191392585,-0.43750001191392585
2773,28.885416666666668,636923,636923.4375,-0.43750001191392585,-1.1913925845874473e-08
2774,28.895833333333332,637153,637153.125,-1.1913925845874473e-08,0.12499998808607415
2775,28.90625,637383,637382.8125,0.12499998808607415,-0.06250001191392585
2776,28.916666666666668,637612,637612.5,-0.06250001191392585,0.43749998808607415
2777,28.927083333333332,637843,637842.1875,0.43749998808607415,-0.37500001191392585
2778,28.946875,638278,638278.59375,-0.37500001191392585,0.21874998808607415
2779,28.957291666666666,638508,638508.28125,0.21874998808607415,0.49999998808607415
2780,28.96770833333333,638738,638737.96875,0.49999998808607415,0.46874998808607415
2781,28.978125,638968,638967.65625,0.46874998808607415,0.12499998808607415
2782,28.988541666666666,639197,639197.34375,0.12499998808607415,0.46874998808607415
2783,28.99895833333333,639427,639427.03125,0.46874998808607415,0.49999998808607415
2784,29.0,639450,639450.0,0.49999998808607415,0.49999998808607415
2785,29.010416666666668,639680,639679.6875,0.49999998808607415,0.18749998808607415
2786,29.020833333333332,639910,639909.375,0.18749998808607415,-0.43750001191392585
2787,29.03125,640139,640139.0625,-0.43750001191392585,-0.37500001191392585
2788,29.041666666666668,640368,640368.75,-0.37500001191392585,0.37499998808607415
2789,29.052083333333332,640599,640598.4375,0.37499998808607415,-0.18750001191392585
2790,29.071875,641035,641034.84375,-0.18750001191392585,-0.34375001191392585
2791,29.082291666666666,641264,641264.53125,-0.34375001191392585,0.18749998808607415
2792,29.09270833333333,641494,641494.21875,0.18749998808607415,0.40624998808607415
2793,29.103125,641724,641723.90625,0.40624998808607415,0.31249998808607415
2794,29.113541666666666,641954,641953.59375,0.31249998808607415,-0.09375001191392585
2795,29.12395833333333,642183,642183.28125,-0.09375001191392585,0.18749998808607415
2796,29.125,642206,642206.25,0.18749998808607415,0.43749998808607415
2797,29.135416666666668,642436,642435.9375,0.43749998808607415,0.37499998808607415
2798,29.145833333333332,642666,642665.625,0.37499998808607415,-1.1913925845874473e-08
2799,29.15625,642895,642895.3125,-1.1913925845874473e-08,0.31249998808607415
2800,29.166666666666668,643125,643125.0,0.31249998808607415,0.31249998808607415
2801,29.177083333333332,643355,643354.6875,0.31249998808607415,-1.1913925845874473e-08
2802,29.196875,643791,643791.09375,-1.1913925845874473e-08,0.09374998808607415
2803,29.207291666666666,644021,644020.78125,0.09374998808607415,-0.12500001191392585
2804,29.21770833333333,644250,644250.46875,-0.12500001191392585,0.34374998808607415
2805,29.228125,644480,644480.15625,0.34374998808607415,0.49999998808607415
2806,29.238541666666666,644710,644709.84375,0.49999998808607415,0.34374998808607415
2807,29.24895833333333,644940,644939.53125,0.34374998808607415,-0.12500001191392585
2808,29.25,644962,644962.5,-0.12500001191392585,0.37499998808607415
2809,29.260416666666668,645193,645192.1875,0.37499998808607415,-0.43750001191392585
2810,29.270833333333332,645421,645421.875,-0.43750001191392585,0.43749998808607415
2811,29.28125,645652,645651.5625,0.43749998808607415,-1.1913925845874473e-08
2812,29.291666666666668,645881,645881.25,-1.1913925845874473e-08,0.24999998808607415
2813,29.302083333333332,646111,646110.9375,0.24999998808607415,0.18749998808607415
2814,29.321875,646548,646547.34375,0.18749998808607415,-0.46875001191392585
2815,29.332291666666666,646777,646777.03125,-0.46875001191392585,-0.43750001191392585
2816,29.34270833333333,647006,647006.71875,-0.43750001191392585,0.28124998808607415
2817,29.353125,647237,647236.40625,0.28124998808607415,-0.31250001191392585
2818,29.363541666666666,647466,647466.09375,-0.31250001191392585,-0.21875001191392585
2819,29.37395833333333,647696,647695.78125,-0.21875001191392585,-0.43750001191392585
2820,29.375,647718,647718.75,-0.43750001191392585,0.31249998808607415
2821,29.385416666666668,647949,647948.4375,0.31249998808607415,-0.25000001191392585
2822,29.395833333333332,648178,648178.125,-0.25000001191392585,-0.12500001191392585
2823,29.40625,648408,648407.8125,-0.12500001191392585,-0.31250001191392585
2824,29.416666666666668,648637,648637.5,-0.31250001191392585,0.18749998808607415
2825,29.427083333333332,648867,648867.1875,0.18749998808607415,0.37499998808607415
2826,29.446875,649304,649303.59375,0.37499998808607415,-0.031250011913925846
2827,29.457291666666666,649533,649533.28125,-0.031250011913925846,0.24999998808607415
2828,29.46770833333333,649763,649762.96875,0.24999998808607415,0.21874998808607415
2829,29.478125,649993,649992.65625,0.21874998808607415,-0.12500001191392585
2830,29.488541666666666,650222,650222.34375,-0.12500001191392585,0.21874998808607415
2831,29.49895833333333,650452,650452.03125,0.21874998808607415,0.24999998808607415
2832,29.5,650475,650475.0,0.24999998808607415,0.24999998808607415
2833,29.510416666666668,650705,650704.6875,0.24999998808607415,-0.06250001191392585
2834,29.520833333333332,650934,650934.375,-0.06250001191392585,0.31249998808607415
2835,29.53125,651164,651164.0625,0.31249998808607415,0.37499998808607415
2836,29.541666666666668,651394,651393.75,0.37499998808607415,0.12499998808607415
2837,29.552083333333332,651624,651623.4375,0.12499998808607415,-0.43750001191392585
2838,29.571875,652059,652059.84375,-0.43750001191392585,0.40624998808607415
2839,29.582291666666666,652290,652289.53125,0.40624998808607415,-0.06250001191392585
2840,29.59270833333333,652519,652519.21875,-0.06250001191392585,0.15624998808607415
2841,29.603125,652749,652748.90625,0.15624998808607415,0.062499988086074154
2842,29.613541666666666,652979,652978.59375,0.062499988086074154,-0.34375001191392585
2843,29.62395833333333,653208,653208.28125,-0.34375001191392585,-0.06250001191392585
2844,29.625,653231,653231.25,-0.06250001191392585,0.18749998808607415
2845,29.635416666666668,653461,653460.9375,0.18749998808607415,0.12499998808607415
2846,29.645833333333332,653691,653690.625,0.12499998808607415,-0.25000001191392585
2847,29.65625,653920,653920.3125,-0.25000001191392585,0.062499988086074154
2848,29.666666666666668,654150,654150.0,0.062499988086074154,0.062499988086074154
2849,29.677083333333332,654380,654379.6875,0.062499988086074154,-0.25000001191392585
2850,29.696875,654816,654816.09375,-0.25000001191392585,-0.15625001191392585
2851,29.707291666666666,655046,655045.78125,-0.15625001191392585,-0.37500001191392585
2852,29.71770833333333,655275,655275.46875,-0.37500001191392585,0.09374998808607415
2853,29.728125,655505,655505.15625,0.09374998808607415,0.24999998808607415
2854,29.738541666666666,655735,655734.84375,0.24999998808607415,0.09374998808607415
2855,29.74895833333333,655965,655964.53125,0.09374998808607415,-0.37500001191392585
2856,29.75,655987,655987.5,-0.37500001191392585,0.12499998808607415
2857,29.760416666666668,656217,656217.1875,0.12499998808607415,0.31249998808607415
2858,29.770833333333332,656447,656446.875,0.31249998808607415,0.18749998808607415
2859,29.78125,656677,656676.5625,0.18749998808607415,-0.25000001191392585
2860,29.791666666666668,656906,656906.25,-0.25000001191392585,-1.1913925845874473e-08
2861,29.802083333333332,657136,657135.9375,-1.1913925845874473e-08,-0.06250001191392585
2862,29.821875,657572,657572.34375,-0.06250001191392585,0.28124998808607415
2863,29.832291666666666,657802,657802.03125,0.28124998808607415,0.31249998808607415
2864,29.84270833333333,658032,658031.71875,0.31249998808607415,0.031249988086074154
2865,29.853125,658261,658261.40625,0.031249988086074154,0.43749998808607415
2866,29.863541666666666,658492,658491.09375,0.43749998808607415,-0.46875001191392585
2867,29.87395833333333,658720,658720.78125,-0.46875001191392585,0.31249998808607415
2868,29.875,658744,658743.75,0.31249998808607415,0.062499988086074154
2869,29.885416666666668,658973,658973.4375,0.062499988086074154,0.49999998808607415
2870,29.895833333333332,659204,659203.125,0.49999998808607415,-0.37500001191392585
2871,29.90625,659432,659432.8125,-0.37500001191392585,0.43749998808607415
2872,29.916666666666668,659663,659662.5,0.43749998808607415,-0.06250001191392585
2873,29.927083333333332,659892,659892.1875,-0.06250001191392585,0.12499998808607415
2874,29.946875,660329,660328.59375,0.12499998808607415,-0.28125001191392585
2875,29.957291666666666,660558,660558.28125,-0.28125001191392585,-1.1913925845874473e-08
2876,29.96770833333333,660788,660787.96875,-1.1913925845874473e-08,-0.031250011913925846
2877,29.978125,661018,661017.65625,-0.031250011913925846,-0.37500001191392585
2878,29.988541666666666,661247,661247.34375,-0.37500001191392585,-0.031250011913925846
2879,29.99895833333333,661477,661477.03125,-0.031250011913925846,-1.1913925845874473e-08
2880,30.0,661500,661500.0,-1.1913925845874473e-08,-1.1913925845874473e-08
2881,30.010416666666668,661730,661729.6875,-1.1913925845874473e-08,-0.31250001191392585
2882,30.020833333333332,661959,661959.375,-0.31250001191392585,0.062499988086074154
2883,30.03125,662189,662189.0625,0.062499988086074154,0.12499998808607415
2884,30.041666666666668,662419,662418.75,0.12499998808607415,-0.12500001191392585
2885,30.052083333333332,662648,662648.4375,-0.12500001191392585,0.31249998808607415
2886,30.071875,663085,663084.84375,0.31249998808607415,0.15624998808607415
2887,30.082291666666666,663315,663314.53125,0.15624998808607415,-0.31250001191392585
2888,30.09270833333333,663544,663544.21875,-0.31250001191392585,-0.09375001191392585
2889,30.103125,663774,663773.90625,-0.09375001191392585,-0.18750001191392585
2890,30.113541666666666,664003,664003.59375,-0.18750001191392585,0.40624998808607415
2891,30.12395833333333,664234,664233.28125,0.40624998808607415,-0.31250001191392585
2892,30.125,664256,664256.25,-0.31250001191392585,-0.06250001191392585
2893,30.135416666666668,664486,664485.9375,-0.06250001191392585,-0.12500001191392585
2894,30.145833333333332,664715,664715.625,-0.12500001191392585,0.49999998808607415
2895,30.15625,664946,664945.3125,0.49999998808607415,-0.18750001191392585
2896,30.166666666666668,665175,665175.0,-0.18750001191392585,-0.18750001191392585
2897,30.177083333333332,665404,665404.6875,-0.18750001191392585,0.49999998808607415
2898,30.196875,665842,665841.09375,0.49999998808607415,-0.40625001191392585
2899,30.207291666666666,666070,666070.78125,-0.40625001191392585,0.37499998808607415
2900,30.21770833333333,666301,666300.46875,0.37499998808607415,-0.15625001191392585
2901,30.228125,666530,666530.15625,-0.15625001191392585,-1.1913925845874473e-08
2902,30.238541666666666,666760,666759.84375,-1.1913925845874473e-08,-0.15625001191392585
2903,30.24895833333333,666989,666989.53125,-0.15625001191392585,0.37499998808607415
2904,30.25,667013,667012.5,0.37499998808607415,-0.12500001191392585
2905,30.260416666666668,667242,667242.1875,-0.12500001191392585,0.062499988086074154
2906,30.270833333333332,667472,667471.875,0.062499988086074154,-0.06250001191392585
2907,30.28125,667701,667701.5625,-0.06250001191392585,0.49999998808607415
2908,30.291666666666668,667932,667931.25,0.49999998808607415,-0.25000001191392585
2909,30.302083333333332,668161,668160.9375,-0.25000001191392585,-0.31250001191392585
2910,30.321875,668597,668597.34375,-0.31250001191392585,0.031249988086074154
2911,30.332291666666666,668827,668827.03125,0.031249988086074154,0.062499988086074154
2912,30.34270833333333,669057,669056.71875,0.062499988086074154,-0.21875001191392585
2913,30.353125,669286,669286.40625,-0.21875001191392585,0.18749998808607415
2914,30.363541666666666,669516,669516.09375,0.18749998808607415,0.28124998808607415
2915,30.37395833333333,669746,669745.78125,0.28124998808607415,0.062499988086074154
2916,30.375,669769,669768.75,0.062499988086074154,-0.18750001191392585
2917,30.385416666666668,669998,669998.4375,-0.18750001191392585,0.24999998808607415
2918,30.395833333333332,670228,670228.125,0.24999998808607415,0.37499998808607415
2919,30.40625,670458,670457.8125,0.37499998808607415,0.18749998808607415
2920,30.416666666666668,670688,670687.5,0.18749998808607415,-0.31250001191392585
2921,30.427083333333332,670917,670917.1875,-0.31250001191392585,-0.12500001191392585
2922,30.446875,671353,671353.59375,-0.12500001191392585,0.46874998808607415
2923,30.457291666666666,671584,671583.28125,0.46874998808607415,-0.25000001191392585
2924,30.46770833333333,671813,671812.96875,-0.25000001191392585,-0.28125001191392585
2925,30.478125,672042,672042.65625,-0.28125001191392585,0.37499998808607415
2926,30.488541666666666,672273,672272.34375,0.37499998808607415,-0.28125001191392585
2927,30.49895833333333,672502,672502.03125,-0.28125001191392585,-0.25000001191392585
2928,30.5,672525,672525.0,-0.25000001191392585,-0.25000001191392585
2929,30.510416666666668,672754,672754.6875,-0.25000001191392585,0.43749998808607415
2930,30.520833333333332,672985,672984.375,0.43749998808607415,-0.18750001191392585
2931,30.53125,673214,673214.0625,-0.18750001191392585,-0.12500001191392585
2932,30.541666666666668,673444,673443.75,-0.12500001191392585,-0.37500001191392585
2933,30.552083333333332,673673,673673.4375,-0.37500001191392585,0.062499988086074154
2934,30.571875,674110,674109.84375,0.062499988086074154,-0.09375001191392585
2935,30.582291666666666,674339,674339.53125,-0.09375001191392585,0.43749998808607415
2936,30.59270833333333,674570,674569.21875,0.43749998808607415,-0.34375001191392585
2937,30.603125,674799,674798.90625,-0.34375001191392585,-0.43750001191392585
2938,30.613541666666666,675028,675028.59375,-0.43750001191392585,0.15624998808607415
2939,30.62395833333333,675258,675258.28125,0.15624998808607415,0.43749998808607415
2940,30.625,675282,675281.25,0.43749998808607415,-0.31250001191392585
2941,30.635416666666668,675511,675510.9375,-0.31250001191392585,-0.37500001191392585
2942,30.645833333333332,675740,675740.625,-0.37500001191392585,0.24999998808607415
2943,30.65625,675971,675970.3125,0.24999998808607415,-0.43750001191392585
2944,30.666666666666668,676200,676200.0,-0.43750001191392585,-0.43750001191392585
2945,30.677083333333332,676429,676429.6875,-0.43750001191392585,0.24999998808607415
2946,30.696875,676866,676866.09375,0.24999998808607415,0.34374998808607415
2947,30.707291666666666,677096,677095.78125,0.34374998808607415,0.12499998808607415
2948,30.71770833333333,677326,677325.46875,0.12499998808607415,-0.40625001191392585
2949,30.728125,677555,677555.15625,-0.40625001191392585,-0.25000001191392585
2950,30.738541666666666,677785,677784.84375,-0.25000001191392585,-0.40625001191392585
2951,30.74895833333333,678014,678014.53125,-0.40625001191392585,0.12499998808607415
2952,30.75,678038,678037.5,0.12499998808607415,-0.37500001191392585
2953,30.760416666666668,678267,678267.1875,-0.37500001191392585,-0.18750001191392585
2954,30.770833333333332,678497,678496.875,-0.18750001191392585,-0.31250001191392585
2955,30.78125,678726,678726.5625,-0.31250001191392585,0.24999998808607415
2956,30.791666666666668,678956,678956.25,0.24999998808607415,0.49999998808607415
2957,30.802083333333332,679186,679185.9375,0.49999998808607415,0.43749998808607415
2958,30.821875,679623,679622.34375,0.43749998808607415,-0.21875001191392585
2959,30.832291666666666,679852,679852.03125,-0.21875001191392585,-0.18750001191392585
2960,30.84270833333333,680082,680081.71875,-0.18750001191392585,-0.46875001191392585
2961,30.853125,680311,680311.40625,-0.46875001191392585,-0.06250001191392585
2962,30.863541666666666,680541,680541.09375,-0.06250001191392585,0.031249988086074154
2963,30.87395833333333,680771,680770.78125,0.031249988086074154,-0.18750001191392585
2964,30.875,680794,680793.75,-0.18750001191392585,-0.43750001191392585
2965,30.885416666666668,681023,681023.4375,-0.43750001191392585,-1.1913925845874473e-08
2966,30.895833333333332,681253,681253.125,-1.1913925845874473e-08,0.12499998808607415
2967,30.90625,681483,681482.8125,0.12499998808607415,-0.06250001191392585
2968,30.916666666666668,681712,681712.5,-0.06250001191392585,0.43749998808607415
2969,30.927083333333332,681943,681942.1875,0.43749998808607415,-0.37500001191392585
2970,30.946875,682378,682378.59375,-0.37500001191392585,0.21874998808607415
2971,30.957291666666666,682608,682608.28125,0.21874998808607415,0.49999998808607415
2972,30.96770833333333,682838,682837.96875,0.49999998808607415,0.46874998808607415
2973,30.978125,683068,683067.65625,0.46874998808607415,0.12499998808607415
2974,30.988541666666666,683297,683297.34375,0.12499998808607415,0.46874998808607415
2975,30.99895833333333,683527,683527.03125,0.46874998808607415,0.49999998808607415
2976,31.0,683550,683550.0,0.49999998808607415,0.49999998808607415
2977,31.010416666666668,683780,683779.6875,0.49999998808607415,0.18749998808607415
2978,31.020833333333332,684010,684009.375,0.18749998808607415,-0.43750001191392585
2979,31.03125,684239,684239.0625,-0.43750001191392585,-0.37500001191392585
2980,31.041666666666668,684468,684468.75,-0.37500001191392585,0.37499998808607415
2981,31.052083333333332,684699,684698.4375,0.37499998808607415,-0.18750001191392585
2982,31.071875,685135,685134.84375,-0.18750001191392585,-0.34375001191392585
2983,31.082291666666666,685364,685364.53125,-0.34375001191392585,0.18749998808607415
2984,31.09270833333333,685594,685594.21875,0.18749998808607415,0.40624998808607415
2985,31.103125,685824,685823.90625,0.40624998808607415,0.31249998808607415
2986,31.113541666666666,686054,686053.59375,0.31249998808607415,-0.09375001191392585
2987,31.12395833333333,686283,686283.28125,-0.09375001191392585,0.18749998808607415
2988,31.125,686306,686306.25,0.18749998808607415,0.43749998808607415
2989,31.135416666666668,686536,686535.9375,0.43749998808607415,0.37499998808607415
2990,31.145833333333332,686766,686765.625,0.37499998808607415,-1.1913925845874473e-08
2991,31.15625,686995,686995.3125,-1.1913925845874473e-08,0.31249998808607415
2992,31.166666666666668,687225,687225.0,0.31249998808607415,0.31249998808607415
2993,31.177083333333332,687455,687454.6875,0.31249998808607415,-1.1913925845874473e-08
2994,31.196875,687891,687891.09375,-1.1913925845874473e-08,0.09374998808607415
2995,31.207291666666666,688121,688120.78125,0.09374998808607415,-0.12500001191392585
2996,31.21770833333333,688350,688350.46875,-0.12500001191392585,0.34374998808607415
2997,31.228125,688580,688580.15625,0.34374998808607415,0.49999998808607415
2998,31.238541666666666,688810,688809.84375,0.49999998808607415,0.34374998808607415
2999,31.24895833333333,689040,689039.53125,0.34374998808607415,-0.12500001191392585
3000,31.25,689062,689062.5,-0.12500001191392585,0.37499998808607415
3001,31.260416666666668,689293,689292.1875,0.37499998808607415,-0.43750001191392585
3002,31.270833333333332,689521,689521.875,-0.43750001191392585,0.43749998808607415
3003,31.28125,689752,689751.5625,0.43749998808607415,-1.1913925845874473e-08
3004,31.291666666666668,689981,689981.25,-1.1913925845874473e-08,0.24999998808607415
3005,31.302083333333332,690211,690210.9375,0.24999998808607415,0.18749998808607415
3006,31.321875,690648,690647.34375,0.18749998808607415,-0.46875001191392585
3007,31.332291666666666,690877,690877.03125,-0.46875001191392585,-0.43750001191392585
3008,31.34270833333333,691106,691106.71875,-0.43750001191392585,0.28124998808607415
3009,31.353125,691337,691336.40625,0.28124998808607415,-0.31250001191392585
3010,31.363541666666666,691566,691566.09375,-0.31250001191392585,-0.21875001191392585
3011,31.37395833333333,691796,691795.78125,-0.21875001191392585,-0.43750001191392585
3012,31.375,691818,691818.75,-0.43750001191392585,0.31249998808607415
3013,31.385416666666668,692049,692048.4375,0.31249998808607415,-0.25000001191392585
3014,31.395833333333332,692278,692278.125,-0.25000001191392585,-0.12500001191392585
3015,31.40625,692508,692507.8125,-0.12500001191392585,-0.31250001191392585
3016,31.416666666666668,692737,692737.5,-0.31250001191392585,0.18749998808607415
3017,31.427083333333332,692967,692967.1875,0.18749998808607415,0.37499998808607415
3018,31.446875,693404,693403.59375,0.37499998808607415,-0.031250011913925846
3019,31.457291666666666,693633,693633.28125,-0.031250011913925846,0.24999998808607415
3020,31.46770833333333,693863,693862.96875,0.24999998808607415,0.21874998808607415
3021,31.478125,694093,694092.65625,0.21874998808607415,-0.12500001191392585
3022,31.488541666666666,694322,694322.34375,-0.12500001191392585,0.21874998808607415
3023,31.49895833333333,694552,694552.03125,0.21874998808607415,0.24999998808607415
3024,31.5,694575,694575.0,0.24999998808607415,0.24999998808607415
3025,31.510416666666668,694805,694804.6875,0.24999998808607415,-0.06250001191392585
3026,31.520833333333332,695034,695034.375,-0.06250001191392585,0.31249998808607415
3027,31.53125,695264,695264.0625,0.31249998808607415,0.37499998808607415
3028,31.541666666666668,695494,695493.75,0.37499998808607415,0.12499998808607415
3029,31.552083333333332,695724,695723.4375,0.12499998808607415,-0.43750001191392585
3030,31.571875,696159,696159.84375,-0.43750001191392585,0.40624998808607415
3031,31.582291666666666,696390,696389.53125,0.40624998808607415,-0.06250001191392585
3032,31.59270833333333,696619,696619.21875,-0.06250001191392585,0.15624998808607415
3033,31.603125,696849,696848.90625,0.15624998808607415,0.062499988086074154
3034,31.613541666666666,697079,697078.59375,0.062499988086074154,-0.34375001191392585
3035,31.62395833333333,697308,697308.28125,-0.34375001191392585,-0.06250001191392585
3036,31.625,697331,697331.25,-0.06250001191392585,0.18749998808607415
3037,31.635416666666668,697561,697560.9375,0.18749998808607415,0.12499998808607415
3038,31.645833333333332,697791,697790.625,0.12499998808607415,-0.25000001191392585
3039,31.65625,698020,698020.3125,-0.25000001191392585,0.062499988086074154
3040,31.666666666666668,698250,698250.0,0.062499988086074154,0.062499988086074154
3041,31.677083333333332,698480,698479.6875,0.062499988086074154,-0.25000001191392585
3042,31.696875,698916,698916.09375,-0.25000001191392585,-0.15625001191392585
3043,31.707291666666666,699146,699145.78125,-0.15625001191392585,-0.37500001191392585
3044,31.71770833333333,699375,699375.46875,-0.37500001191392585,0.09374998808607415
3045,31.728125,699605,699605.15625,0.09374998808607415,0.24999998808607415
3046,31.738541666666666,699835,699834.84375,0.24999998808607415,0.09374998808607415
3047,31.74895833333333,700065,700064.53125,0.09374998808607415,-0.37500001191392585
3048,31.75,700087,700087.5,-0.37500001191392585,0.12499998808607415
3049,31.760416666666668,700317,700317.1875,0.12499998808607415,0.31249998808607415
3050,31.770833333333332,700547,700546.875,0.31249998808607415,0.18749998808607415
3051,31.78125,700777,700776.5625,0.18749998808607415,-0.25000001191392585
3052,31.791666666666668,701006,701006.25,-0.25000001191392585,-1.1913925845874473e-08
3053,31.802083333333332,701236,701235.9375,-1.1913925845874473e-08,-0.06250001191392585
3054,31.821875,701672,701672.34375,-0.06250001191392585,0.28124998808607415
3055,31.832291666666666,701902,701902.03125,0.28124998808607415,0.31249998808607415
3056,31.84270833333333,702132,702131.71875,0.31249998808607415,0.031249988086074154
3057,31.853125,702361,702361.40625,0.031249988086074154,0.43749998808607415
3058,31.863541666666666,702592,702591.09375,0.43749998808607415,-0.46875001191392585
3059,31.87395833333333,702820,702820.78125,-0.46875001191392585,0.31249998808607415
3060,31.875,702844,702843.75,0.31249998808607415,0.062499988086074154
3061,31.885416666666668,703073,703073.4375,0.062499988086074154,0.49999998808607415
3062,31.895833333333332,703304,703303.125,0.49999998808607415,-0.37500001191392585
3063,31.90625,703532,703532.8125,-0.37500001191392585,0.43749998808607415
3064,31.916666666666668,703763,703762.5,0.43749998808607415,-0.06250001191392585
3065,31.927083333333332,703992,703992.1875,-0.06250001191392585,0.12499998808607415
3066,31.946875,704429,704428.59375,0.12499998808607415,-0.28125001191392585
3067,31.957291666666666,704658,704658.28125,-0.28125001191392585,-1.1913925845874473e-08
3068,31.96770833333333,704888,704887.96875,-1.1913925845874473e-08,-0.031250011913925846
3069,31.978125,705118,705117.65625,-0.031250011913925846,-0.37500001191392585
3070,31.988541666666666,705347,705347.34375,-0.37500001191392585,-0.031250011913925846
3071,31.99895833333333,705577,705577.03125,-0.031250011913925846,-1.1913925845874473e-08
3072,32.0,705600,705600.0,-1.1913925845874473e-08,-1.1913925845874473e-08
3073,32.010416666666664,705830,705829.6875,-1.1913925845874473e-08,-0.31250001191392585
3074,32.020833333333336,706059,706059.375,-0.31250001191392585,0.062499988086074154
3075,32.03125,706289,706289.0625,0.062499988086074154,0.12499998808607415
3076,32.041666666666664,706519,706518.75,0.12499998808607415,-0.12500001191392585
3077,32.052083333333336,706748,706748.4375,-0.12500001191392585,0.31249998808607415
3078,32.071875,707185,707184.84375,0.31249998808607415,0.15624998808607415
3079,32.08229166666666,707415,707414.5312499999,0.15624998808607415,-0.31250001203034117
3080,32.092708333333334,707644,707644.21875,-0.31250001203034117,-0.09375001203034117
3081,32.103125,707874,707873.90625,-0.09375001203034117,-0.18750001203034117
3082,32.11354166666666,708103,708103.5937499999,-0.18750001203034117,0.4062499878532435
3083,32.123958333333334,708334,708333.28125,0.4062499878532435,-0.3125000121467565
3084,32.125,708356,708356.25,-0.3125000121467565,-0.06250001214675649
3085,32.135416666666664,708586,708585.9375,-0.06250001214675649,-0.1250000121467565
3086,32.145833333333336,708815,708815.625,-0.1250000121467565,0.4999999878532435
3087,32.15625,709046,709045.3125,0.4999999878532435,-0.1875000121467565
3088,32.166666666666664,709275,709275.0,-0.1875000121467565,-0.1875000121467565
3089,32.177083333333336,709504,709504.6875,-0.1875000121467565,0.4999999878532435
3090,32.196875,709942,709941.09375,0.4999999878532435,-0.4062500121467565
3091,32.20729166666666,710170,710170.7812499999,-0.4062500121467565,0.3749999877368282
3092,32.217708333333334,710401,710400.46875,0.3749999877368282,-0.1562500122631718
3093,32.228125,710630,710630.15625,-0.1562500122631718,-1.2263171811355278e-08
3094,32.23854166666666,710860,710859.8437499999,-1.2263171811355278e-08,-0.15625001237958713
3095,32.248958333333334,711089,711089.53125,-0.15625001237958713,0.37499998762041287
3096,32.25,711113,711112.5,0.37499998762041287,-0.12500001237958713
3097,32.260416666666664,711342,711342.1875,-0.12500001237958713,0.06249998762041287
3098,32.270833333333336,711572,711571.875,0.06249998762041287,-0.06250001237958713
3099,32.28125,711801,711801.5625,-0.06250001237958713,0.49999998762041287
3100,32.291666666666664,712032,712031.25,0.49999998762041287,-0.25000001237958713
3101,32.302083333333336,712261,712260.9375,-0.25000001237958713,-0.31250001237958713
3102,32.321875,712697,712697.34375,-0.31250001237958713,0.031249987620412867
3103,32.33229166666666,712927,712927.0312499999,0.031249987620412867,0.062499987503997545
3104,32.342708333333334,713157,713156.71875,0.062499987503997545,-0.21875001249600246
3105,32.353125,713386,713386.40625,-0.21875001249600246,0.18749998750399754
3106,32.36354166666666,713616,713616.0937499999,0.18749998750399754,0.2812499873875822
3107,32.373958333333334,713846,713845.78125,0.2812499873875822,0.06249998738758222
3108,32.375,713869,713868.75,0.06249998738758222,-0.18750001261241778
3109,32.385416666666664,714098,714098.4375,-0.18750001261241778,0.24999998738758222
3110,32.395833333333336,714328,714328.125,0.24999998738758222,0.3749999873875822
3111,32.40625,714558,714557.8125,0.3749999873875822,0.18749998738758222
3112,32.416666666666664,714788,714787.5,0.18749998738758222,-0.3125000126124178
3113,32.427083333333336,715017,715017.1875,-0.3125000126124178,-0.12500001261241778
3114,32.446875,715453,715453.59375,-0.12500001261241778,0.4687499873875822
3115,32.45729166666666,715684,715683.2812499999,0.4687499873875822,-0.2500000127288331
3116,32.467708333333334,715913,715912.96875,-0.2500000127288331,-0.2812500127288331
3117,32.478125,716142,716142.65625,-0.2812500127288331,0.3749999872711669
3118,32.48854166666666,716373,716372.3437499999,0.3749999872711669,-0.2812500128452484
3119,32.498958333333334,716602,716602.03125,-0.2812500128452484,-0.2500000128452484
3120,32.5,716625,716625.0,-0.2500000128452484,-0.2500000128452484
3121,32.510416666666664,716854,716854.6875,-0.2500000128452484,0.4374999871547516
3122,32.520833333333336,717085,717084.375,0.4374999871547516,-0.18750001284524842
3123,32.53125,717314,717314.0625,-0.18750001284524842,-0.12500001284524842
3124,32.541666666666664,717544,717543.75,-0.12500001284524842,-0.3750000128452484
3125,32.552083333333336,717773,717773.4375,-0.3750000128452484,0.06249998715475158
3126,32.571875,718210,718209.84375,0.06249998715475158,-0.09375001284524842
3127,32.58229166666666,718439,718439.5312499999,-0.09375001284524842,0.43749998703833626
3128,32.592708333333334,718670,718669.21875,0.43749998703833626,-0.34375001296166374
3129,32.603125,718899,718898.90625,-0.34375001296166374,-0.43750001296166374
3130,32.61354166666666,719128,719128.5937499999,-0.43750001296166374,0.15624998692192094
3131,32.623958333333334,719358,719358.28125,0.15624998692192094,0.43749998692192094
3132,32.625,719382,719381.25,0.43749998692192094,-0.31250001307807906
3133,32.635416666666664,719611,719610.9375,-0.31250001307807906,-0.37500001307807906
3134,32.645833333333336,719840,719840.625,-0.37500001307807906,0.24999998692192094
3135,32.65625,720071,720070.3125,0.24999998692192094,-0.43750001307807906
3136,32.666666666666664,720300,720300.0,-0.43750001307807906,-0.43750001307807906
3137,32.677083333333336,720529,720529.6875,-0.43750001307807906,0.24999998692192094
3138,32.696875,720966,720966.09375,0.24999998692192094,0.34374998692192094
3139,32.70729166666666,721196,721195.7812499999,0.34374998692192094,0.12499998680550561
3140,32.717708333333334,721426,721425.46875,0.12499998680550561,-0.4062500131944944
3141,32.728125,721655,721655.15625,-0.4062500131944944,-0.2500000131944944
3142,32.73854166666666,721885,721884.8437499999,-0.2500000131944944,-0.4062500133109097
3143,32.748958333333334,722114,722114.53125,-0.4062500133109097,0.12499998668909029
3144,32.75,722138,722137.5,0.12499998668909029,-0.3750000133109097
3145,32.760416666666664,722367,722367.1875,-0.3750000133109097,-0.1875000133109097
3146,32.770833333333336,722597,722596.875,-0.1875000133109097,-0.3125000133109097
3147,32.78125,722826,722826.5625,-0.3125000133109097,0.2499999866890903
3148,32.791666666666664,723056,723056.25,0.2499999866890903,0.4999999866890903
3149,32.802083333333336,723286,723285.9375,0.4999999866890903,0.4374999866890903
3150,32.821875,723723,723722.34375,0.4374999866890903,-0.2187500133109097
3151,32.83229166666666,723952,723952.0312499999,-0.2187500133109097,-0.18750001342732503
3152,32.842708333333334,724182,724181.71875,-0.18750001342732503,-0.46875001342732503
3153,32.853125,724411,724411.40625,-0.46875001342732503,-0.06250001342732503
3154,32.86354166666666,724641,724641.0937499999,-0.06250001342732503,0.03124998645625965
3155,32.873958333333334,724871,724870.78125,0.03124998645625965,-0.18750001354374035
3156,32.875,724894,724893.75,-0.18750001354374035,-0.43750001354374035
3157,32.885416666666664,725123,725123.4375,-0.43750001354374035,-1.3543740351451561e-08
3158,32.895833333333336,725353,725353.125,-1.3543740351451561e-08,0.12499998645625965
3159,32.90625,725583,725582.8125,0.12499998645625965,-0.06250001354374035
3160,32.916666666666664,725812,725812.5,-0.06250001354374035,0.43749998645625965
3161,32.927083333333336,726043,726042.1875,0.43749998645625965,-0.37500001354374035
3162,32.946875,726478,726478.59375,-0.37500001354374035,0.21874998645625965
3163,32.95729166666666,726708,726708.2812499999,0.21874998645625965,0.4999999863398443
3164,32.967708333333334,726938,726937.96875,0.4999999863398443,0.4687499863398443
3165,32.978125,727168,727167.65625,0.4687499863398443,0.12499998633984433
3166,32.98854166666666,727397,727397.3437499999,0.12499998633984433,0.468749986223429
3167,32.998958333333334,727627,727627.03125,0.468749986223429,0.499999986223429
3168,33.0,727650,727650.0,0.499999986223429,0.499999986223429
3169,33.010416666666664,727880,727879.6875,0.499999986223429,0.187499986223429
3170,33.020833333333336,728110,728109.375,0.187499986223429,-0.437500013776571
3171,33.03125,728339,728339.0625,-0.437500013776571,-0.375000013776571
3172,33.041666666666664,728568,728568.75,-0.375000013776571,0.374999986223429
3173,33.052083333333336,728799,728798.4375,0.374999986223429,-0.187500013776571
3174,33.071875,729235,729234.84375,-0.187500013776571,-0.343750013776571
3175,33.08229166666666,729464,729464.5312499999,-0.343750013776571,0.18749998610701368
3176,33.092708333333334,729694,729694.21875,0.18749998610701368,0.4062499861070137
3177,33.103125,729924,729923.90625,0.4062499861070137,0.3124999861070137
3178,33.11354166666666,730154,730153.5937499999,0.3124999861070137,-0.09375001400940164
3179,33.123958333333334,730383,730383.28125,-0.09375001400940164,0.18749998599059836
3180,33.125,730406,730406.25,0.18749998599059836,0.43749998599059836
3181,33.135416666666664,730636,730635.9375,0.43749998599059836,0.37499998599059836
3182,33.145833333333336,730866,730865.625,0.37499998599059836,-1.40094016387593e-08
3183,33.15625,731095,731095.3125,-1.40094016387593e-08,0.31249998599059836
3184,33.166666666666664,731325,731325.0,0.31249998599059836,0.31249998599059836
3185,33.177083333333336,731555,731554.6875,0.31249998599059836,-1.40094016387593e-08
3186,33.196875,731991,731991.09375,-1.40094016387593e-08,0.09374998599059836
3187,33.20729166666666,732221,732220.7812499999,0.09374998599059836,-0.12500001412581696
3188,33.217708333333334,732450,732450.46875,-0.12500001412581696,0.34374998587418304
3189,33.228125,732680,732680.15625,0.34374998587418304,0.49999998587418304
3190,33.23854166666666,732910,732909.8437499999,0.49999998587418304,0.3437499857577677
3191,33.248958333333334,733140,733139.53125,0.3437499857577677,-0.12500001424223228
3192,33.25,733162,733162.5,-0.12500001424223228,0.3749999857577677
3193,33.260416666666664,733393,733392.1875,0.3749999857577677,-0.4375000142422323
3194,33.270833333333336,733621,733621.875,-0.4375000142422323,0.4374999857577677
3195,33.28125,733852,733851.5625,0.4374999857577677,-1.424223228241317e-08
3196,33.291666666666664,734081,734081.25,-1.424223228241317e-08,0.24999998575776772
3197,33.302083333333336,734311,734310.9375,0.24999998575776772,0.18749998575776772
3198,33.321875,734748,734747.34375,0.18749998575776772,-0.4687500142422323
3199,33.33229166666666,734977,734977.0312499999,-0.4687500142422323,-0.4375000143586476
3200,33.342708333333334,735206,735206.71875,-0.4375000143586476,0.2812499856413524
3201,33.353125,735437,735436.40625,0.2812499856413524,-0.3125000143586476
3202,33.36354166666666,735666,735666.0937499999,-0.3125000143586476,-0.21875001447506293
3203,33.373958333333334,735896,735895.78125,-0.21875001447506293,-0.4375000144750629
3204,33.375,735918,735918.75,-0.4375000144750629,0.3124999855249371
3205,33.385416666666664,736149,736148.4375,0.3124999855249371,-0.2500000144750629
3206,33.395833333333336,736378,736378.125,-0.2500000144750629,-0.12500001447506293
3207,33.40625,736608,736607.8125,-0.12500001447506293,-0.3125000144750629
3208,33.416666666666664,736837,736837.5,-0.3125000144750629,0.18749998552493707
3209,33.427083333333336,737067,737067.1875,0.18749998552493707,0.3749999855249371
3210,33.446875,737504,737503.59375,0.3749999855249371,-0.031250014475062926
3211,33.45729166666666,737733,737733.2812499999,-0.031250014475062926,0.24999998540852175
3212,33.467708333333334,737963,737962.96875,0.24999998540852175,0.21874998540852175
3213,33.478125,738193,738192.65625,0.21874998540852175,-0.12500001459147825
3214,33.48854166666666,738422,738422.3437499999,-0.12500001459147825,0.21874998529210643
3215,33.498958333333334,738652,738652.03125,0.21874998529210643,0.24999998529210643
3216,33.5,738675,738675.0,0.24999998529210643,0.24999998529210643
3217,33.510416666666664,738905,738904.6875,0.24999998529210643,-0.06250001470789357
3218,33.520833333333336,739134,739134.375,-0.06250001470789357,0.31249998529210643
3219,33.53125,739364,739364.0625,0.31249998529210643,0.37499998529210643
3220,33.541666666666664,739594,739593.75,0.37499998529210643,0.12499998529210643
3221,33.552083333333336,739824,739823.4375,0.12499998529210643,-0.43750001470789357
3222,33.571875,740259,740259.84375,-0.43750001470789357,0.40624998529210643
3223,33.58229166666666,740490,740489.5312499999,0.40624998529210643,-0.06250001482430889
3224,33.592708333333334,740719,740719.21875,-0.06250001482430889,0.1562499851756911
3225,33.603125,740949,740948.90625,0.1562499851756911,0.06249998517569111
3226,33.61354166666666,741179,741178.5937499999,0.06249998517569111,-0.3437500149407242
3227,33.623958333333334,741408,741408.28125,-0.3437500149407242,-0.06250001494072421
3228,33.625,741431,741431.25,-0.06250001494072421,0.1874999850592758
3229,33.635416666666664,741661,741660.9375,0.1874999850592758,0.12499998505927579
3230,33.645833333333336,741891,741890.625,0.12499998505927579,-0.2500000149407242
3231,33.65625,742120,742120.3125,-0.2500000149407242,0.06249998505927579
3232,33.666666666666664,742350,742350.0,0.06249998505927579,0.06249998505927579
3233,33.677083333333336,742580,742579.6875,0.06249998505927579,-0.2500000149407242
3234,33.696875,743016,743016.09375,-0.2500000149407242,-0.1562500149407242
3235,33.70729166666666,743246,743245.7812499999,-0.1562500149407242,-0.37500001505713954
3236,33.717708333333334,743475,743475.46875,-0.37500001505713954,0.09374998494286046
3237,33.728125,743705,743705.15625,0.09374998494286046,0.24999998494286046
3238,33.73854166666666,743935,743934.8437499999,0.24999998494286046,0.09374998482644514
3239,33.748958333333334,744165,744164.53125,0.09374998482644514,-0.37500001517355486
3240,33.75,744187,744187.5,-0.37500001517355486,0.12499998482644514
3241,33.760416666666664,744417,744417.1875,0.12499998482644514,0.31249998482644514
3242,33.770833333333336,744647,744646.875,0.31249998482644514,0.18749998482644514
3243,33.78125,744877,744876.5625,0.18749998482644514,-0.25000001517355486
3244,33.791666666666664,745106,745106.25,-0.25000001517355486,-1.5173554857028648e-08
3245,33.802083333333336,745336,745335.9375,-1.5173554857028648e-08,-0.06250001517355486
3246,33.821875,745772,745772.34375,-0.06250001517355486,0.28124998482644514
3247,33.83229166666666,746002,746002.0312499999,0.28124998482644514,0.3124999847100298
3248,33.842708333333334,746232,746231.71875,0.3124999847100298,0.03124998471002982
3249,33.853125,746461,746461.40625,0.03124998471002982,0.4374999847100298
3250,33.86354166666666,746692,746691.0937499999,0.4374999847100298,-0.4687500154063855
3251,33.873958333333334,746920,746920.78125,-0.4687500154063855,0.3124999845936145
3252,33.875,746944,746943.75,0.3124999845936145,0.0624999845936145
3253,33.885416666666664,747173,747173.4375,0.0624999845936145,0.4999999845936145
3254,33.895833333333336,747404,747403.125,0.4999999845936145,-0.3750000154063855
3255,33.90625,747632,747632.8125,-0.3750000154063855,0.4374999845936145
3256,33.916666666666664,747863,747862.5,0.4374999845936145,-0.0625000154063855
3257,33.927083333333336,748092,748092.1875,-0.0625000154063855,0.1249999845936145
3258,33.946875,748529,748528.59375,0.1249999845936145,-0.2812500154063855
3259,33.95729166666666,748758,748758.2812499999,-0.2812500154063855,-1.5522800822509453e-08
3260,33.967708333333334,748988,748987.96875,-1.5522800822509453e-08,-0.03125001552280082
3261,33.978125,749218,749217.65625,-0.03125001552280082,-0.3750000155228008
3262,33.98854166666666,749447,749447.3437499999,-0.3750000155228008,-0.031250015639216144
3263,33.998958333333334,749677,749677.03125,-0.031250015639216144,-1.5639216144336388e-08
3264,34.0,749700,749700.0,-1.5639216144336388e-08,-1.5639216144336388e-08
3265,34.010416666666664,749930,749929.6875,-1.5639216144336388e-08,-0.31250001563921614
3266,34.020833333333336,750159,750159.375,-0.31250001563921614,0.062499984360783856
3267,34.03125,750389,750389.0625,0.062499984360783856,0.12499998436078386
3268,34.041666666666664,750619,750618.75,0.12499998436078386,-0.12500001563921614
3269,34.052083333333336,750848,750848.4375,-0.12500001563921614,0.31249998436078386
3270,34.071875,751285,751284.84375,0.31249998436078386,0.15624998436078386
3271,34.08229166666666,751515,751514.5312499999,0.15624998436078386,-0.31250001575563147
3272,34.092708333333334,751744,751744.21875,-0.31250001575563147,-0.09375001575563147
3273,34.103125,751974,751973.90625,-0.09375001575563147,-0.18750001575563147
3274,34.11354166666666,752203,752203.5937499999,-0.18750001575563147,0.4062499841279532
3275,34.123958333333334,752434,752433.28125,0.4062499841279532,-0.3125000158720468
3276,34.125,752456,752456.25,-0.3125000158720468,-0.06250001587204679
3277,34.135416666666664,752686,752685.9375,-0.06250001587204679,-0.1250000158720468
3278,34.145833333333336,752915,752915.625,-0.1250000158720468,0.4999999841279532
3279,34.15625,753146,753145.3125,0.4999999841279532,-0.1875000158720468
3280,34.166666666666664,753375,753375.0,-0.1875000158720468,-0.1875000158720468
3281,34.177083333333336,753604,753604.6875,-0.1875000158720468,0.4999999841279532
3282,34.196875,754042,754041.09375,0.4999999841279532,-0.4062500158720468
3283,34.20729166666666,754270,754270.7812499999,-0.4062500158720468,0.3749999840115379
3284,34.217708333333334,754501,754500.46875,0.3749999840115379,-0.1562500159884621
3285,34.228125,754730,754730.15625,-0.1562500159884621,-1.5988462109817192e-08
3286,34.23854166666666,754960,754959.8437499999,-1.5988462109817192e-08,-0.15625001610487743
3287,34.248958333333334,755189,755189.53125,-0.15625001610487743,0.37499998389512257
3288,34.25,755213,755212.5,0.37499998389512257,-0.12500001610487743
3289,34.260416666666664,755442,755442.1875,-0.12500001610487743,0.06249998389512257
3290,34.270833333333336,755672,755671.875,0.06249998389512257,-0.06250001610487743
3291,34.28125,755901,755901.5625,-0.06250001610487743,0.49999998389512257
3292,34.291666666666664,756132,756131.25,0.49999998389512257,-0.25000001610487743
3293,34.302083333333336,756361,756360.9375,-0.25000001610487743,-0.31250001610487743
3294,34.321875,756797,756797.34375,-0.31250001610487743,0.03124998389512257
3295,34.33229166666666,757027,757027.0312499999,0.03124998389512257,0.062499983778707247
3296,34.342708333333334,757257,757256.71875,0.062499983778707247,-0.21875001622129275
3297,34.353125,757486,757486.40625,-0.21875001622129275,0.18749998377870725
3298,34.36354166666666,757716,757716.0937499999,0.18749998377870725,0.2812499836622919
3299,34.373958333333334,757946,757945.78125,0.2812499836622919,0.062499983662291925
3300,34.375,757969,757968.75,0.062499983662291925,-0.18750001633770808
3301,34.385416666666664,758198,758198.4375,-0.18750001633770808,0.24999998366229192
3302,34.395833333333336,758428,758428.125,0.24999998366229192,0.3749999836622919
3303,34.40625,758658,758657.8125,0.3749999836622919,0.18749998366229192
3304,34.416666666666664,758888,758887.5,0.18749998366229192,-0.3125000163377081
3305,34.427083333333336,759117,759117.1875,-0.3125000163377081,-0.12500001633770808
3306,34.446875,759553,759553.59375,-0.12500001633770808,0.4687499836622919
3307,34.45729166666666,759784,759783.2812499999,0.4687499836622919,-0.2500000164541234
3308,34.467708333333334,760013,760012.96875,-0.2500000164541234,-0.2812500164541234
3309,34.478125,760242,760242.65625,-0.2812500164541234,0.3749999835458766
3310,34.48854166666666,760473,760472.3437499999,0.3749999835458766,-0.2812500165705387
3311,34.498958333333334,760702,760702.03125,-0.2812500165705387,-0.2500000165705387
3312,34.5,760725,760725.0,-0.2500000165705387,-0.2500000165705387
3313,34.510416666666664,760954,760954.6875,-0.2500000165705387,0.4374999834294613
3314,34.520833333333336,761185,761184.375,0.4374999834294613,-0.18750001657053872
3315,34.53125,761414,761414.0625,-0.18750001657053872,-0.12500001657053872
3316,34.541666666666664,761644,761643.75,-0.12500001657053872,-0.3750000165705387
3317,34.552083333333336,761873,761873.4375,-0.3750000165705387,0.06249998342946128
3318,34.571875,762310,762309.84375,0.06249998342946128,-0.09375001657053872
3319,34.58229166666666,762539,762539.5312499999,-0.09375001657053872,0.43749998331304596
3320,34.592708333333334,762770,762769.21875,0.43749998331304596,-0.34375001668695404
3321,34.603125,762999,762998.90625,-0.34375001668695404,-0.43750001668695404
3322,34.61354166666666,763228,763228.5937499999,-0.43750001668695404,0.15624998319663064
3323,34.623958333333334,763458,763458.28125,0.15624998319663064,0.43749998319663064
3324,34.625,763482,763481.25,0.43749998319663064,-0.31250001680336936
3325,34.635416666666664,763711,763710.9375,-0.31250001680336936,-0.37500001680336936
3326,34.645833333333336,763940,763940.625,-0.37500001680336936,0.24999998319663064
3327,34.65625,764171,764170.3125,0.24999998319663064,-0.43750001680336936
3328,34.666666666666664,764400,764400.0,-0.43750001680336936,-0.43750001680336936
3329,34.677083333333336,764629,764629.6875,-0.43750001680336936,0.24999998319663064
3330,34.696875,765066,765066.09375,0.24999998319663064,0.34374998319663064
3331,34.70729166666666,765296,765295.7812499999,0.34374998319663064,0.12499998308021532
3332,34.717708333333334,765526,765525.46875,0.12499998308021532,-0.4062500169197847
3333,34.728125,765755,765755.15625,-0.4062500169197847,-0.2500000169197847
3334,34.73854166666666,765985,765984.8437499999,-0.2500000169197847,-0.4062500170362
3335,34.748958333333334,766214,766214.53125,-0.4062500170362,0.1249999829638
3336,34.75,766238,766237.5,0.1249999829638,-0.3750000170362
3337,34.760416666666664,766467,766467.1875,-0.3750000170362,-0.1875000170362
3338,34.770833333333336,766697,766696.875,-0.1875000170362,-0.3125000170362
3339,34.78125,766926,766926.5625,-0.3125000170362,0.2499999829638
3340,34.791666666666664,767156,767156.25,0.2499999829638,0.4999999829638
3341,34.802083333333336,767386,767385.9375,0.4999999829638,0.4374999829638
3342,34.821875,767823,767822.34375,0.4374999829638,-0.2187500170362
3343,34.83229166666666,768052,768052.0312499999,-0.2187500170362,-0.18750001715261533
3344,34.842708333333334,768282,768281.71875,-0.18750001715261533,-0.46875001715261533
3345,34.853125,768511,768511.40625,-0.46875001715261533,-0.06250001715261533
3346,34.86354166666666,768741,768741.0937499999,-0.06250001715261533,0.03124998273096935
3347,34.873958333333334,768971,768970.78125,0.03124998273096935,-0.18750001726903065
3348,34.875,768994,768993.75,-0.18750001726903065,-0.43750001726903065
3349,34.885416666666664,769223,769223.4375,-0.43750001726903065,-1.7269030649913475e-08
3350,34.895833333333336,769453,769453.125,-1.7269030649913475e-08,0.12499998273096935
3351,34.90625,769683,769682.8125,0.12499998273096935,-0.06250001726903065
3352,34.916666666666664,769912,769912.5,-0.06250001726903065,0.43749998273096935
3353,34.927083333333336,770143,770142.1875,0.43749998273096935,-0.37500001726903065
3354,34.946875,770578,770578.59375,-0.37500001726903065,0.21874998273096935
3355,34.95729166666666,770808,770808.2812499999,0.21874998273096935,0.49999998261455403
3356,34.967708333333334,771038,771037.96875,0.49999998261455403,0.46874998261455403
3357,34.978125,771268,771267.65625,0.46874998261455403,0.12499998261455403
3358,34.98854166666666,771497,771497.3437499999,0.12499998261455403,0.4687499824981387
3359,34.998958333333334,771727,771727.03125,0.4687499824981387,0.4999999824981387
3360,35.0,771750,771750.0,0.4999999824981387,0.4999999824981387
3361,35.010416666666664,771980,771979.6875,0.4999999824981387,0.1874999824981387
3362,35.020833333333336,772210,772209.375,0.1874999824981387,-0.4375000175018613
3363,35.03125,772439,772439.0625,-0.4375000175018613,-0.3750000175018613
3364,35.041666666666664,772668,772668.75,-0.3750000175018613,0.3749999824981387
3365,35.052083333333336,772899,772898.4375,0.3749999824981387,-0.1875000175018613
3366,35.071875,773335,773334.84375,-0.1875000175018613,-0.3437500175018613
3367,35.08229166666666,773564,773564.5312499999,-0.3437500175018613,0.18749998238172338
3368,35.092708333333334,773794,773794.21875,0.18749998238172338,0.4062499823817234
3369,35.103125,774024,774023.90625,0.4062499823817234,0.3124999823817234
3370,35.11354166666666,774254,774253.5937499999,0.3124999823817234,-0.09375001773469194
3371,35.123958333333334,774483,774483.28125,-0.09375001773469194,0.18749998226530806
3372,35.125,774506,774506.25,0.18749998226530806,0.43749998226530806
3373,35.135416666666664,774736,774735.9375,0.43749998226530806,0.37499998226530806
3374,35.145833333333336,774966,774965.625,0.37499998226530806,-1.7734691937221214e-08
3375,35.15625,775195,775195.3125,-1.7734691937221214e-08,0.31249998226530806
3376,35.166666666666664,775425,775425.0,0.31249998226530806,0.31249998226530806
3377,35.177083333333336,775655,775654.6875,0.31249998226530806,-1.7734691937221214e-08
3378,35.196875,776091,776091.09375,-1.7734691937221214e-08,0.09374998226530806
3379,35.20729166666666,776321,776320.7812499999,0.09374998226530806,-0.12500001785110726
3380,35.217708333333334,776550,776550.46875,-0.12500001785110726,0.34374998214889274
3381,35.228125,776780,776780.15625,0.34374998214889274,0.49999998214889274
3382,35.23854166666666,777010,777009.8437499999,0.49999998214889274,0.3437499820324774
3383,35.248958333333334,777240,777239.53125,0.3437499820324774,-0.12500001796752258
3384,35.25,777262,777262.5,-0.12500001796752258,0.3749999820324774
3385,35.260416666666664,777493,777492.1875,0.3749999820324774,-0.4375000179675226
3386,35.270833333333336,777721,777721.875,-0.4375000179675226,0.4374999820324774
3387,35.28125,777952,777951.5625,0.4374999820324774,-1.7967522580875084e-08
3388,35.291666666666664,778181,778181.25,-1.7967522580875084e-08,0.24999998203247742
3389,35.302083333333336,778411,778410.9375,0.24999998203247742,0.18749998203247742
3390,35.321875,778848,778847.34375,0.18749998203247742,-0.4687500179675226
3391,35.33229166666666,779077,779077.0312499999,-0.4687500179675226,-0.4375000180839379
3392,35.342708333333334,779306,779306.71875,-0.4375000180839379,0.2812499819160621
3393,35.353125,779537,779536.40625,0.2812499819160621,-0.3125000180839379
3394,35.36354166666666,779766,779766.0937499999,-0.3125000180839379,-0.21875001820035322
3395,35.373958333333334,779996,779995.78125,-0.21875001820035322,-0.4375000182003532
3396,35.375,780018,780018.75,-0.4375000182003532,0.3124999817996468
3397,35.385416666666664,780249,780248.4375,0.3124999817996468,-0.2500000182003532
3398,35.395833333333336,780478,780478.125,-0.2500000182003532,-0.12500001820035322
3399,35.40625,780708,780707.8125,-0.12500001820035322,-0.3125000182003532
3400,35.416666666666664,780937,780937.5,-0.3125000182003532,0.18749998179964678
3401,35.427083333333336,781167,781167.1875,0.18749998179964678,0.3749999817996468
3402,35.446875,781604,781603.59375,0.3749999817996468,-0.031250018200353225
3403,35.45729166666666,781833,781833.2812499999,-0.031250018200353225,0.24999998168323145
3404,35.467708333333334,782063,782062.96875,0.24999998168323145,0.21874998168323145
3405,35.478125,782293,782292.65625,0.21874998168323145,-0.12500001831676855
3406,35.48854166666666,782522,782522.3437499999,-0.12500001831676855,0.21874998156681613
3407,35.498958333333334,782752,782752.03125,0.21874998156681613,0.24999998156681613
3408,35.5,782775,782775.0,0.24999998156681613,0.24999998156681613
3409,35.510416666666664,783005,783004.6875,0.24999998156681613,-0.06250001843318387
3410,35.520833333333336,783234,783234.375,-0.06250001843318387,0.31249998156681613
3411,35.53125,783464,783464.0625,0.31249998156681613,0.37499998156681613
3412,35.541666666666664,783694,783693.75,0.37499998156681613,0.12499998156681613
3413,35.552083333333336,783924,783923.4375,0.12499998156681613,-0.43750001843318387
3414,35.571875,784359,784359.84375,-0.43750001843318387,0.40624998156681613
3415,35.58229166666666,784590,784589.5312499999,0.40624998156681613,-0.06250001854959919
3416,35.592708333333334,784819,784819.21875,-0.06250001854959919,0.1562499814504008
3417,35.603125,785049,785048.90625,0.1562499814504008,0.06249998145040081
3418,35.61354166666666,785279,785278.5937499999,0.06249998145040081,-0.3437500186660145
3419,35.623958333333334,785508,785508.28125,-0.3437500186660145,-0.06250001866601451
3420,35.625,785531,785531.25,-0.06250001866601451,0.1874999813339855
3421,35.635416666666664,785761,785760.9375,0.1874999813339855,0.12499998133398549
3422,35.645833333333336,785991,785990.625,0.12499998133398549,-0.2500000186660145
3423,35.65625,786220,786220.3125,-0.2500000186660145,0.06249998133398549
3424,35.666666666666664,786450,786450.0,0.06249998133398549,0.06249998133398549
3425,35.677083333333336,786680,786679.6875,0.06249998133398549,-0.2500000186660145
3426,35.696875,787116,787116.09375,-0.2500000186660145,-0.1562500186660145
3427,35.70729166666666,787346,787345.7812499999,-0.1562500186660145,-0.37500001878242983
3428,35.717708333333334,787575,787575.46875,-0.37500001878242983,0.09374998121757017
3429,35.728125,787805,787805.15625,0.09374998121757017,0.24999998121757017
3430,35.73854166666666,788035,788034.8437499999,0.24999998121757017,0.09374998110115484
3431,35.748958333333334,788265,788264.53125,0.09374998110115484,-0.37500001889884516
3432,35.75,788287,788287.5,-0.37500001889884516,0.12499998110115484
3433,35.760416666666664,788517,788517.1875,0.12499998110115484,0.31249998110115484
3434,35.770833333333336,788747,788746.875,0.31249998110115484,0.18749998110115484
3435,35.78125,788977,788976.5625,0.18749998110115484,-0.25000001889884516
3436,35.791666666666664,789206,789206.25,-0.25000001889884516,-1.8898845155490562e-08
3437,35.802083333333336,789436,789435.9375,-1.8898845155490562e-08,-0.06250001889884516
3438,35.821875,789872,789872.34375,-0.06250001889884516,0.28124998110115484
3439,35.83229166666666,790102,790102.0312499999,0.28124998110115484,0.3124999809847395
3440,35.842708333333334,790332,790331.71875,0.3124999809847395,0.031249980984739523
3441,35.853125,790561,790561.40625,0.031249980984739523,0.4374999809847395
3442,35.86354166666666,790792,790791.0937499999,0.4374999809847395,-0.4687500191316758
3443,35.873958333333334,791020,791020.78125,-0.4687500191316758,0.3124999808683242
3444,35.875,791044,791043.75,0.3124999808683242,0.0624999808683242
3445,35.885416666666664,791273,791273.4375,0.0624999808683242,0.4999999808683242
3446,35.895833333333336,791504,791503.125,0.4999999808683242,-0.3750000191316758
3447,35.90625,791732,791732.8125,-0.3750000191316758,0.4374999808683242
3448,35.916666666666664,791963,791962.5,0.4374999808683242,-0.0625000191316758
3449,35.927083333333336,792192,792192.1875,-0.0625000191316758,0.1249999808683242
3450,35.946875,792629,792628.59375,0.1249999808683242,-0.2812500191316758
3451,35.95729166666666,792858,792858.2812499999,-0.2812500191316758,-1.9248091120971367e-08
3452,35.967708333333334,793088,793087.96875,-1.9248091120971367e-08,-0.03125001924809112
3453,35.978125,793318,793317.65625,-0.03125001924809112,-0.3750000192480911
3454,35.98854166666666,793547,793547.3437499999,-0.3750000192480911,-0.03125001936450644
3455,35.998958333333334,793777,793777.03125,-0.03125001936450644,-1.93645064427983e-08
3456,36.0,793800,793800.0,-1.93645064427983e-08,-1.93645064427983e-08
3457,36.010416666666664,794030,794029.6875,-1.93645064427983e-08,-0.31250001936450644
3458,36.020833333333336,794259,794259.375,-0.31250001936450644,0.06249998063549356
3459,36.03125,794489,794489.0625,0.06249998063549356,0.12499998063549356
3460,36.041666666666664,794719,794718.75,0.12499998063549356,-0.12500001936450644
3461,36.052083333333336,794948,794948.4375,-0.12500001936450644,0.31249998063549356
3462,36.071875,795385,795384.84375,0.31249998063549356,0.15624998063549356
3463,36.08229166666666,795615,795614.5312499999,0.15624998063549356,-0.31250001948092176
3464,36.092708333333334,795844,795844.21875,-0.31250001948092176,-0.09375001948092176
3465,36.103125,796074,796073.90625,-0.09375001948092176,-0.18750001948092176
3466,36.11354166666666,796303,796303.5937499999,-0.18750001948092176,0.4062499804026629
3467,36.123958333333334,796534,796533.28125,0.4062499804026629,-0.3125000195973371
3468,36.125,796556,796556.25,-0.3125000195973371,-0.06250001959733709
3469,36.135416666666664,796786,796785.9375,-0.06250001959733709,-0.1250000195973371
3470,36.145833333333336,797015,797015.625,-0.1250000195973371,0.4999999804026629
3471,36.15625,797246,797245.3125,0.4999999804026629,-0.1875000195973371
3472,36.166666666666664,797475,797475.0,-0.1875000195973371,-0.1875000195973371
3473,36.177083333333336,797704,797704.6875,-0.1875000195973371,0.4999999804026629
3474,36.196875,798142,798141.09375,0.4999999804026629,-0.4062500195973371
3475,36.20729166666666,798370,798370.7812499999,-0.4062500195973371,0.3749999802862476
3476,36.217708333333334,798601,798600.46875,0.3749999802862476,-0.1562500197137524
3477,36.228125,798830,798830.15625,-0.1562500197137524,-1.9713752408279106e-08
3478,36.23854166666666,799060,799059.8437499999,-1.9713752408279106e-08,-0.15625001983016773
3479,36.248958333333334,799289,799289.53125,-0.15625001983016773,0.37499998016983227
3480,36.25,799313,799312.5,0.37499998016983227,-0.12500001983016773
3481,36.260416666666664,799542,799542.1875,-0.12500001983016773,0.06249998016983227
3482,36.270833333333336,799772,799771.875,0.06249998016983227,-0.06250001983016773
3483,36.28125,800001,800001.5625,-0.06250001983016773,0.49999998016983227
3484,36.291666666666664,800232,800231.25,0.49999998016983227,-0.25000001983016773
3485,36.302083333333336,800461,800460.9375,-0.25000001983016773,-0.31250001983016773
3486,36.321875,800897,800897.34375,-0.31250001983016773,0.03124998016983227
3487,36.33229166666666,801127,801127.0312499999,0.03124998016983227,0.06249998005341695
3488,36.342708333333334,801357,801356.71875,0.06249998005341695,-0.21875001994658305
3489,36.353125,801586,801586.40625,-0.21875001994658305,0.18749998005341695
3490,36.36354166666666,801816,801816.0937499999,0.18749998005341695,0.2812499799370016
3491,36.373958333333334,802046,802045.78125,0.2812499799370016,0.062499979937001626
3492,36.375,802069,802068.75,0.062499979937001626,-0.18750002006299837
3493,36.385416666666664,802298,802298.4375,-0.18750002006299837,0.24999997993700163
3494,36.395833333333336,802528,802528.125,0.24999997993700163,0.3749999799370016
3495,36.40625,802758,802757.8125,0.3749999799370016,0.18749997993700163
3496,36.416666666666664,802988,802987.5,0.18749997993700163,-0.3125000200629984
3497,36.427083333333336,803217,803217.1875,-0.3125000200629984,-0.12500002006299837
3498,36.446875,803653,803653.59375,-0.12500002006299837,0.4687499799370016
3499,36.45729166666666,803884,803883.2812499999,0.4687499799370016,-0.2500000201794137
3500,36.467708333333334,804113,804112.96875,-0.2500000201794137,-0.2812500201794137
3501,36.478125,804342,804342.65625,-0.2812500201794137,0.3749999798205863
3502,36.48854166666666,804573,804572.3437499999,0.3749999798205863,-0.281250020295829
3503,36.498958333333334,804802,804802.03125,-0.281250020295829,-0.250000020295829
3504,36.5,804825,804825.0,-0.250000020295829,-0.250000020295829
3505,36.510416666666664,805054,805054.6875,-0.250000020295829,0.437499979704171
3506,36.520833333333336,805285,805284.375,0.437499979704171,-0.18750002029582902
3507,36.53125,805514,805514.0625,-0.18750002029582902,-0.12500002029582902
3508,36.541666666666664,805744,805743.75,-0.12500002029582902,-0.375000020295829
3509,36.552083333333336,805973,805973.4375,-0.375000020295829,0.06249997970417098
3510,36.571875,806410,806409.84375,0.06249997970417098,-0.09375002029582902
3511,36.58229166666666,806639,806639.5312499999,-0.09375002029582902,0.43749997958775566
3512,36.592708333333334,806870,806869.21875,0.43749997958775566,-0.34375002041224434
3513,36.603125,807099,807098.90625,-0.34375002041224434,-0.43750002041224434
3514,36.61354166666666,807328,807328.5937499999,-0.43750002041224434,0.15624997947134034
3515,36.623958333333334,807558,807558.28125,0.15624997947134034,0.43749997947134034
3516,36.625,807582,807581.25,0.43749997947134034,-0.31250002052865966
3517,36.635416666666664,807811,807810.9375,-0.31250002052865966,-0.37500002052865966
3518,36.645833333333336,808040,808040.625,-0.37500002052865966,0.24999997947134034
3519,36.65625,808271,808270.3125,0.24999997947134034,-0.43750002052865966
3520,36.666666666666664,808500,808500.0,-0.43750002052865966,-0.43750002052865966
3521,36.677083333333336,808729,808729.6875,-0.43750002052865966,0.24999997947134034
3522,36.696875,809166,809166.09375,0.24999997947134034,0.34374997947134034
3523,36.70729166666666,809396,809395.7812499999,0.34374997947134034,0.12499997935492502
3524,36.717708333333334,809626,809625.46875,0.12499997935492502,-0.406250020645075
3525,36.728125,809855,809855.15625,-0.406250020645075,-0.250000020645075
3526,36.73854166666666,810085,810084.8437499999,-0.250000020645075,-0.4062500207614903
3527,36.748958333333334,810314,810314.53125,-0.4062500207614903,0.1249999792385097
3528,36.75,810338,810337.5,0.1249999792385097,-0.3750000207614903
3529,36.760416666666664,810567,810567.1875,-0.3750000207614903,-0.1875000207614903
3530,36.770833333333336,810797,810796.875,-0.1875000207614903,-0.3125000207614903
3531,36.78125,811026,811026.5625,-0.3125000207614903,0.2499999792385097
3532,36.791666666666664,811256,811256.25,0.2499999792385097,0.4999999792385097
3533,36.802083333333336,811486,811485.9375,0.4999999792385097,0.4374999792385097
3534,36.821875,811923,811922.34375,0.4374999792385097,-0.2187500207614903
3535,36.83229166666666,812152,812152.0312499999,-0.2187500207614903,-0.18750002087790563
3536,36.842708333333334,812382,812381.71875,-0.18750002087790563,-0.4687500208779056
3537,36.853125,812611,812611.40625,-0.4687500208779056,-0.06250002087790563
3538,36.86354166666666,812841,812841.0937499999,-0.06250002087790563,0.03124997900567905
3539,36.873958333333334,813071,813070.78125,0.03124997900567905,-0.18750002099432095
3540,36.875,813094,813093.75,-0.18750002099432095,-0.43750002099432095
3541,36.885416666666664,813323,813323.4375,-0.43750002099432095,-2.099432094837539e-08
3542,36.895833333333336,813553,813553.125,-2.099432094837539e-08,0.12499997900567905
3543,36.90625,813783,813782.8125,0.12499997900567905,-0.06250002099432095
3544,36.916666666666664,814012,814012.5,-0.06250002099432095,0.43749997900567905
3545,36.927083333333336,814243,814242.1875,0.43749997900567905,-0.37500002099432095
3546,36.946875,814678,814678.59375,-0.37500002099432095,0.21874997900567905
3547,36.95729166666666,814908,814908.2812499999,0.21874997900567905,0.49999997888926373
3548,36.967708333333334,815138,815137.96875,0.49999997888926373,0.46874997888926373
3549,36.978125,815368,815367.65625,0.46874997888926373,0.12499997888926373
3550,36.98854166666666,815597,815597.3437499999,0.12499997888926373,0.4687499787728484
3551,36.998958333333334,815827,815827.03125,0.4687499787728484,0.4999999787728484
3552,37.0,815850,815850.0,0.4999999787728484,0.4999999787728484
3553,37.010416666666664,816080,816079.6875,0.4999999787728484,0.1874999787728484
3554,37.020833333333336,816310,816309.375,0.1874999787728484,-0.4375000212271516
3555,37.03125,816539,816539.0625,-0.4375000212271516,-0.3750000212271516
3556,37.041666666666664,816768,816768.75,-0.3750000212271516,0.3749999787728484
3557,37.052083333333336,816999,816998.4375,0.3749999787728484,-0.1875000212271516
3558,37.071875,817435,817434.84375,-0.1875000212271516,-0.3437500212271516
3559,37.08229166666666,817664,817664.5312499999,-0.3437500212271516,0.1874999786564331
3560,37.092708333333334,817894,817894.21875,0.1874999786564331,0.4062499786564331
3561,37.103125,818124,818123.90625,0.4062499786564331,0.3124999786564331
3562,37.11354166666666,818354,818353.5937499999,0.3124999786564331,-0.09375002145998224
3563,37.123958333333334,818583,818583.28125,-0.09375002145998224,0.18749997854001776
3564,37.125,818606,818606.25,0.18749997854001776,0.43749997854001776
3565,37.135416666666664,818836,818835.9375,0.43749997854001776,0.37499997854001776
3566,37.145833333333336,819066,819065.625,0.37499997854001776,-2.1459982235683128e-08
3567,37.15625,819295,819295.3125,-2.1459982235683128e-08,0.31249997854001776
3568,37.166666666666664,819525,819525.0,0.31249997854001776,0.31249997854001776
3569,37.177083333333336,819755,819754.6875,0.31249997854001776,-2.1459982235683128e-08
3570,37.196875,820191,820191.09375,-2.1459982235683128e-08,0.09374997854001776
3571,37.20729166666666,820421,820420.7812499999,0.09374997854001776,-0.12500002157639756
3572,37.217708333333334,820650,820650.46875,-0.12500002157639756,0.34374997842360244
3573,37.228125,820880,820880.15625,0.34374997842360244,0.49999997842360244
3574,37.23854166666666,821110,821109.8437499999,0.49999997842360244,0.3437499783071871
3575,37.248958333333334,821340,821339.53125,0.3437499783071871,-0.12500002169281288
3576,37.25,821362,821362.5,-0.12500002169281288,0.3749999783071871
3577,37.260416666666664,821593,821592.1875,0.3749999783071871,-0.4375000216928129
3578,37.270833333333336,821821,821821.875,-0.4375000216928129,0.4374999783071871
3579,37.28125,822052,822051.5625,0.4374999783071871,-2.1692812879336998e-08
3580,37.291666666666664,822281,822281.25,-2.1692812879336998e-08,0.24999997830718712
3581,37.302083333333336,822511,822510.9375,0.24999997830718712,0.18749997830718712
3582,37.321875,822948,822947.34375,0.18749997830718712,-0.4687500216928129
3583,37.33229166666666,823177,823177.0312499999,-0.4687500216928129,-0.4375000218092282
3584,37.342708333333334,823406,823406.71875,-0.4375000218092282,0.2812499781907718
3585,37.353125,823637,823636.40625,0.2812499781907718,-0.3125000218092282
3586,37.36354166666666,823866,823866.0937499999,-0.3125000218092282,-0.21875002192564352
3587,37.373958333333334,824096,824095.78125,-0.21875002192564352,-0.4375000219256435
3588,37.375,824118,824118.75,-0.4375000219256435,0.3124999780743565
3589,37.385416666666664,824349,824348.4375,0.3124999780743565,-0.2500000219256435
3590,37.395833333333336,824578,824578.125,-0.2500000219256435,-0.12500002192564352
3591,37.40625,824808,824807.8125,-0.12500002192564352,-0.3125000219256435
3592,37.416666666666664,825037,825037.5,-0.3125000219256435,0.18749997807435648
3593,37.427083333333336,825267,825267.1875,0.18749997807435648,0.3749999780743565
3594,37.446875,825704,825703.59375,0.3749999780743565,-0.03125002192564352
3595,37.45729166666666,825933,825933.2812499999,-0.03125002192564352,0.24999997795794116
3596,37.467708333333334,826163,826162.96875,0.24999997795794116,0.21874997795794116
3597,37.478125,826393,826392.65625,0.21874997795794116,-0.12500002204205884
3598,37.48854166666666,826622,826622.3437499999,-0.12500002204205884,0.21874997784152583
3599,37.498958333333334,826852,826852.03125,0.21874997784152583,0.24999997784152583
3600,37.5,826875,826875.0,0.24999997784152583,0.24999997784152583
3601,37.510416666666664,827105,827104.6875,0.24999997784152583,-0.06250002215847417
3602,37.520833333333336,827334,827334.375,-0.06250002215847417,0.31249997784152583
3603,37.53125,827564,827564.0625,0.31249997784152583,0.37499997784152583
3604,37.541666666666664,827794,827793.75,0.37499997784152583,0.12499997784152583
3605,37.552083333333336,828024,828023.4375,0.12499997784152583,-0.43750002215847417
3606,37.571875,828459,828459.84375,-0.43750002215847417,0.40624997784152583
3607,37.58229166666666,828690,828689.5312499999,0.40624997784152583,-0.06250002227488949
3608,37.592708333333334,828919,828919.21875,-0.06250002227488949,0.1562499777251105
3609,37.603125,829149,829148.90625,0.1562499777251105,0.06249997772511051
3610,37.61354166666666,829379,829378.5937499999,0.06249997772511051,-0.3437500223913048
3611,37.623958333333334,829608,829608.28125,-0.3437500223913048,-0.06250002239130481
3612,37.625,829631,829631.25,-0.06250002239130481,0.1874999776086952
3613,37.635416666666664,829861,829860.9375,0.1874999776086952,0.12499997760869519
3614,37.645833333333336,830091,830090.625,0.12499997760869519,-0.2500000223913048
3615,37.65625,830320,830320.3125,-0.2500000223913048,0.06249997760869519
3616,37.666666666666664,830550,830550.0,0.06249997760869519,0.06249997760869519
3617,37.677083333333336,830780,830779.6875,0.06249997760869519,-0.2500000223913048
3618,37.696875,831216,831216.09375,-0.2500000223913048,-0.1562500223913048
3619,37.70729166666666,831446,831445.7812499999,-0.1562500223913048,-0.37500002250772013
3620,37.717708333333334,831675,831675.46875,-0.37500002250772013,0.09374997749227987
3621,37.728125,831905,831905.15625,0.09374997749227987,0.24999997749227987
3622,37.73854166666666,832135,832134.8437499999,0.24999997749227987,0.09374997737586455
3623,37.748958333333334,832365,832364.53125,0.09374997737586455,-0.37500002262413545
3624,37.75,832387,832387.5,-0.37500002262413545,0.12499997737586455
3625,37.760416666666664,832617,832617.1875,0.12499997737586455,0.31249997737586455
3626,37.770833333333336,832847,832846.875,0.31249997737586455,0.18749997737586455
3627,37.78125,833077,833076.5625,0.18749997737586455,-0.25000002262413545
3628,37.791666666666664,833306,833306.25,-0.25000002262413545,-2.2624135453952476e-08
3629,37.802083333333336,833536,833535.9375,-2.2624135453952476e-08,-0.06250002262413545
3630,37.821875,833972,833972.34375,-0.06250002262413545,0.28124997737586455
3631,37.83229166666666,834202,834202.0312499999,0.28124997737586455,0.3124999772594492
3632,37.842708333333334,834432,834431.71875,0.3124999772594492,0.031249977259449224
3633,37.853125,834661,834661.40625,0.031249977259449224,0.4374999772594492
3634,37.86354166666666,834892,834891.0937499999,0.4374999772594492,-0.4687500228569661
3635,37.873958333333334,835120,835120.78125,-0.4687500228569661,0.3124999771430339
3636,37.875,835144,835143.75,0.3124999771430339,0.0624999771430339
3637,37.885416666666664,835373,835373.4375,0.0624999771430339,0.4999999771430339
3638,37.895833333333336,835604,835603.125,0.4999999771430339,-0.3750000228569661
3639,37.90625,835832,835832.8125,-0.3750000228569661,0.4374999771430339
3640,37.916666666666664,836063,836062.5,0.4374999771430339,-0.0625000228569661
3641,37.927083333333336,836292,836292.1875,-0.0625000228569661,0.1249999771430339
3642,37.946875,836729,836728.59375,0.1249999771430339,-0.2812500228569661
3643,37.95729166666666,836958,836958.2812499999,-0.2812500228569661,-2.297338141943328e-08
3644,37.967708333333334,837188,837187.96875,-2.297338141943328e-08,-0.03125002297338142
3645,37.978125,837418,837417.65625,-0.03125002297338142,-0.3750000229733814
3646,37.98854166666666,837647,837647.3437499999,-0.3750000229733814,-0.03125002308979674
3647,37.998958333333334,837877,837877.03125,-0.03125002308979674,-2.3089796741260216e-08
3648,38.0,837900,837900.0,-2.3089796741260216e-08,-2.3089796741260216e-08
3649,38.010416666666664,838130,838129.6875,-2.3089796741260216e-08,-0.31250002308979674
3650,38.020833333333336,838359,838359.375,-0.31250002308979674,0.06249997691020326
3651,38.03125,838589,838589.0625,0.06249997691020326,0.12499997691020326
3652,38.041666666666664,838819,838818.75,0.12499997691020326,-0.12500002308979674
3653,38.052083333333336,839048,839048.4375,-0.12500002308979674,0.31249997691020326
3654,38.071875,839485,839484.84375,0.31249997691020326,0.15624997691020326
3655,38.08229166666666,839715,839714.5312499999,0.15624997691020326,-0.31250002320621206
3656,38.092708333333334,839944,839944.21875,-0.31250002320621206,-0.09375002320621206
3657,38.103125,840174,840173.90625,-0.09375002320621206,-0.18750002320621206
3658,38.11354166666666,840403,840403.5937499999,-0.18750002320621206,0.4062499766773726
3659,38.123958333333334,840634,840633.28125,0.4062499766773726,-0.3125000233226274
3660,38.125,840656,840656.25,-0.3125000233226274,-0.06250002332262738
3661,38.135416666666664,840886,840885.9375,-0.06250002332262738,-0.12500002332262738
3662,38.145833333333336,841115,841115.625,-0.12500002332262738,0.4999999766773726
3663,38.15625,841346,841345.3125,0.4999999766773726,-0.18750002332262738
3664,38.166666666666664,841575,841575.0,-0.18750002332262738,-0.18750002332262738
3665,38.177083333333336,841804,841804.6875,-0.18750002332262738,0.4999999766773726
3666,38.196875,842242,842241.09375,0.4999999766773726,-0.4062500233226274
3667,38.20729166666666,842470,842470.7812499999,-0.4062500233226274,0.3749999765609573
3668,38.217708333333334,842701,842700.46875,0.3749999765609573,-0.1562500234390427
3669,38.228125,842930,842930.15625,-0.1562500234390427,-2.343904270674102e-08
3670,38.23854166666666,843160,843159.8437499999,-2.343904270674102e-08,-0.15625002355545803
3671,38.248958333333334,843389,843389.53125,-0.15625002355545803,0.37499997644454197
3672,38.25,843413,843412.5,0.37499997644454197,-0.12500002355545803
3673,38.260416666666664,843642,843642.1875,-0.12500002355545803,0.06249997644454197
3674,38.270833333333336,843872,843871.875,0.06249997644454197,-0.06250002355545803
3675,38.28125,844101,844101.5625,-0.06250002355545803,0.49999997644454197
3676,38.291666666666664,844332,844331.25,0.49999997644454197,-0.25000002355545803
3677,38.302083333333336,844561,844560.9375,-0.25000002355545803,-0.31250002355545803
3678,38.321875,844997,844997.34375,-0.31250002355545803,0.03124997644454197
3679,38.33229166666666,845227,845227.0312499999,0.03124997644454197,0.06249997632812665
3680,38.342708333333334,845457,845456.71875,0.06249997632812665,-0.21875002367187335
3681,38.353125,845686,845686.40625,-0.21875002367187335,0.18749997632812665
3682,38.36354166666666,845916,845916.0937499999,0.18749997632812665,0.28124997621171133
3683,38.373958333333334,846146,846145.78125,0.28124997621171133,0.06249997621171133
3684,38.375,846169,846168.75,0.06249997621171133,-0.18750002378828867
3685,38.385416666666664,846398,846398.4375,-0.18750002378828867,0.24999997621171133
3686,38.395833333333336,846628,846628.125,0.24999997621171133,0.37499997621171133
3687,38.40625,846858,846857.8125,0.37499997621171133,0.18749997621171133
3688,38.416666666666664,847088,847087.5,0.18749997621171133,-0.31250002378828867
3689,38.427083333333336,847317,847317.1875,-0.31250002378828867,-0.12500002378828867
3690,38.446875,847753,847753.59375,-0.12500002378828867,0.46874997621171133
3691,38.45729166666666,847984,847983.2812499999,0.46874997621171133,-0.250000023904704
3692,38.467708333333334,848213,848212.96875,-0.250000023904704,-0.281250023904704
3693,38.478125,848442,848442.65625,-0.281250023904704,0.374999976095296
3694,38.48854166666666,848673,848672.3437499999,0.374999976095296,-0.2812500240211193
3695,38.498958333333334,848902,848902.03125,-0.2812500240211193,-0.2500000240211193
3696,38.5,848925,848925.0,-0.2500000240211193,-0.2500000240211193
3697,38.510416666666664,849154,849154.6875,-0.2500000240211193,0.4374999759788807
3698,38.520833333333336,849385,849384.375,0.4374999759788807,-0.18750002402111932
3699,38.53125,849614,849614.0625,-0.18750002402111932,-0.12500002402111932
3700,38.541666666666664,849844,849843.75,-0.12500002402111932,-0.3750000240211193
3701,38.552083333333336,850073,850073.4375,-0.3750000240211193,0.062499975978880684
3702,38.571875,850510,850509.84375,0.062499975978880684,-0.09375002402111932
3703,38.58229166666666,850739,850739.5312499999,-0.09375002402111932,0.43749997586246536
3704,38.592708333333334,850970,850969.21875,0.43749997586246536,-0.34375002413753464
3705,38.603125,851199,851198.90625,-0.34375002413753464,-0.43750002413753464
3706,38.61354166666666,851428,851428.5937499999,-0.43750002413753464,0.15624997574605004
3707,38.623958333333334,851658,851658.28125,0.15624997574605004,0.43749997574605004
3708,38.625,851682,851681.25,0.43749997574605004,-0.31250002425394996
3709,38.635416666666664,851911,851910.9375,-0.31250002425394996,-0.37500002425394996
3710,38.645833333333336,852140,852140.625,-0.37500002425394996,0.24999997574605004
3711,38.65625,852371,852370.3125,0.24999997574605004,-0.43750002425394996
3712,38.666666666666664,852600,852600.0,-0.43750002425394996,-0.43750002425394996
3713,38.677083333333336,852829,852829.6875,-0.43750002425394996,0.24999997574605004
3714,38.696875,853266,853266.09375,0.24999997574605004,0.34374997574605004
3715,38.70729166666666,853496,853495.7812499999,0.34374997574605004,0.12499997562963472
3716,38.717708333333334,853726,853725.46875,0.12499997562963472,-0.4062500243703653
3717,38.728125,853955,853955.15625,-0.4062500243703653,-0.2500000243703653
3718,38.73854166666666,854185,854184.8437499999,-0.2500000243703653,-0.4062500244867806
3719,38.748958333333334,854414,854414.53125,-0.4062500244867806,0.1249999755132194
3720,38.75,854438,854437.5,0.1249999755132194,-0.3750000244867806
3721,38.760416666666664,854667,854667.1875,-0.3750000244867806,-0.1875000244867806
3722,38.770833333333336,854897,854896.875,-0.1875000244867806,-0.3125000244867806
3723,38.78125,855126,855126.5625,-0.3125000244867806,0.2499999755132194
3724,38.791666666666664,855356,855356.25,0.2499999755132194,0.4999999755132194
3725,38.802083333333336,855586,855585.9375,0.4999999755132194,0.4374999755132194
3726,38.821875,856023,856022.34375,0.4374999755132194,-0.2187500244867806
3727,38.83229166666666,856252,856252.0312499999,-0.2187500244867806,-0.18750002460319593
3728,38.842708333333334,856482,856481.71875,-0.18750002460319593,-0.4687500246031959
3729,38.853125,856711,856711.40625,-0.4687500246031959,-0.06250002460319593
3730,38.86354166666666,856941,856941.0937499999,-0.06250002460319593,0.031249975280388753
3731,38.873958333333334,857171,857170.78125,0.031249975280388753,-0.18750002471961125
3732,38.875,857194,857193.75,-0.18750002471961125,-0.43750002471961125
3733,38.885416666666664,857423,857423.4375,-0.43750002471961125,-2.4719611246837303e-08
3734,38.895833333333336,857653,857653.125,-2.4719611246837303e-08,0.12499997528038875
3735,38.90625,857883,857882.8125,0.12499997528038875,-0.06250002471961125
3736,38.916666666666664,858112,858112.5,-0.06250002471961125,0.43749997528038875
3737,38.927083333333336,858343,858342.1875,0.43749997528038875,-0.37500002471961125
3738,38.946875,858778,858778.59375,-0.37500002471961125,0.21874997528038875
3739,38.95729166666666,859008,859008.2812499999,0.21874997528038875,0.49999997516397343
3740,38.967708333333334,859238,859237.96875,0.49999997516397343,0.46874997516397343
3741,38.978125,859468,859467.65625,0.46874997516397343,0.12499997516397343
3742,38.98854166666666,859697,859697.3437499999,0.12499997516397343,0.4687499750475581
3743,38.998958333333334,859927,859927.03125,0.4687499750475581,0.4999999750475581
3744,39.0,859950,859950.0,0.4999999750475581,0.4999999750475581
3745,39.010416666666664,860180,860179.6875,0.4999999750475581,0.1874999750475581
3746,39.020833333333336,860410,860409.375,0.1874999750475581,-0.4375000249524419
3747,39.03125,860639,860639.0625,-0.4375000249524419,-0.3750000249524419
3748,39.041666666666664,860868,860868.75,-0.3750000249524419,0.3749999750475581
3749,39.052083333333336,861099,861098.4375,0.3749999750475581,-0.1875000249524419
3750,39.071875,861535,861534.84375,-0.1875000249524419,-0.3437500249524419
3751,39.08229166666666,861764,861764.5312499999,-0.3437500249524419,0.1874999749311428
3752,39.092708333333334,861994,861994.21875,0.1874999749311428,0.4062499749311428
3753,39.103125,862224,862223.90625,0.4062499749311428,0.3124999749311428
3754,39.11354166666666,862454,862453.5937499999,0.3124999749311428,-0.09375002518527253
3755,39.123958333333334,862683,862683.28125,-0.09375002518527253,0.18749997481472747
3756,39.125,862706,862706.25,0.18749997481472747,0.43749997481472747
3757,39.135416666666664,862936,862935.9375,0.43749997481472747,0.37499997481472747
3758,39.145833333333336,863166,863165.625,0.37499997481472747,-2.5185272534145042e-08
3759,39.15625,863395,863395.3125,-2.5185272534145042e-08,0.31249997481472747
3760,39.166666666666664,863625,863625.0,0.31249997481472747,0.31249997481472747
3761,39.177083333333336,863855,863854.6875,0.31249997481472747,-2.5185272534145042e-08
3762,39.196875,864291,864291.09375,-2.5185272534145042e-08,0.09374997481472747
3763,39.20729166666666,864521,864520.7812499999,0.09374997481472747,-0.12500002530168786
3764,39.217708333333334,864750,864750.46875,-0.12500002530168786,0.34374997469831214
3765,39.228125,864980,864980.15625,0.34374997469831214,0.49999997469831214
3766,39.23854166666666,865210,865209.8437499999,0.49999997469831214,0.3437499745818968
3767,39.248958333333334,865440,865439.53125,0.3437499745818968,-0.12500002541810318
3768,39.25,865462,865462.5,-0.12500002541810318,0.3749999745818968
3769,39.260416666666664,865693,865692.1875,0.3749999745818968,-0.4375000254181032
3770,39.270833333333336,865921,865921.875,-0.4375000254181032,0.4374999745818968
3771,39.28125,866152,866151.5625,0.4374999745818968,-2.5418103177798912e-08
3772,39.291666666666664,866381,866381.25,-2.5418103177798912e-08,0.24999997458189682
3773,39.302083333333336,866611,866610.9375,0.24999997458189682,0.18749997458189682
3774,39.321875,867048,867047.34375,0.18749997458189682,-0.4687500254181032
3775,39.33229166666666,867277,867277.0312499999,-0.4687500254181032,-0.4375000255345185
3776,39.342708333333334,867506,867506.71875,-0.4375000255345185,0.2812499744654815
3777,39.353125,867737,867736.40625,0.2812499744654815,-0.3125000255345185
3778,39.36354166666666,867966,867966.0937499999,-0.3125000255345185,-0.21875002565093382
3779,39.373958333333334,868196,868195.78125,-0.21875002565093382,-0.4375000256509338
3780,39.375,868218,868218.75,-0.4375000256509338,0.3124999743490662
3781,39.385416666666664,868449,868448.4375,0.3124999743490662,-0.2500000256509338
3782,39.395833333333336,868678,868678.125,-0.2500000256509338,-0.12500002565093382
3783,39.40625,868908,868907.8125,-0.12500002565093382,-0.3125000256509338
3784,39.416666666666664,869137,869137.5,-0.3125000256509338,0.18749997434906618
3785,39.427083333333336,869367,869367.1875,0.18749997434906618,0.3749999743490662
3786,39.446875,869804,869803.59375,0.3749999743490662,-0.03125002565093382
3787,39.45729166666666,870033,870033.2812499999,-0.03125002565093382,0.24999997423265086
3788,39.467708333333334,870263,870262.96875,0.24999997423265086,0.21874997423265086
3789,39.478125,870493,870492.65625,0.21874997423265086,-0.12500002576734914
3790,39.48854166666666,870722,870722.3437499999,-0.12500002576734914,0.21874997411623553
3791,39.498958333333334,870952,870952.03125,0.21874997411623553,0.24999997411623553
3792,39.5,870975,870975.0,0.24999997411623553,0.24999997411623553
3793,39.510416666666664,871205,871204.6875,0.24999997411623553,-0.06250002588376447
3794,39.520833333333336,871434,871434.375,-0.06250002588376447,0.31249997411623553
3795,39.53125,871664,871664.0625,0.31249997411623553,0.37499997411623553
3796,39.541666666666664,871894,871893.75,0.37499997411623553,0.12499997411623553
3797,39.552083333333336,872124,872123.4375,0.12499997411623553,-0.43750002588376447
3798,39.571875,872559,872559.84375,-0.43750002588376447,0.40624997411623553
3799,39.58229166666666,872790,872789.5312499999,0.40624997411623553,-0.06250002600017979
3800,39.592708333333334,873019,873019.21875,-0.06250002600017979,0.1562499739998202
3801,39.603125,873249,873248.90625,0.1562499739998202,0.06249997399982021
3802,39.61354166666666,873479,873478.5937499999,0.06249997399982021,-0.3437500261165951
3803,39.623958333333334,873708,873708.28125,-0.3437500261165951,-0.06250002611659511
3804,39.625,873731,873731.25,-0.06250002611659511,0.1874999738834049
3805,39.635416666666664,873961,873960.9375,0.1874999738834049,0.12499997388340489
3806,39.645833333333336,874191,874190.625,0.12499997388340489,-0.2500000261165951
3807,39.65625,874420,874420.3125,-0.2500000261165951,0.06249997388340489
3808,39.666666666666664,874650,874650.0,0.06249997388340489,0.06249997388340489
3809,39.677083333333336,874880,874879.6875,0.06249997388340489,-0.2500000261165951
3810,39.696875,875316,875316.09375,-0.2500000261165951,-0.1562500261165951
3811,39.70729166666666,875546,875545.7812499999,-0.1562500261165951,-0.37500002623301043
3812,39.717708333333334,875775,875775.46875,-0.37500002623301043,0.09374997376698957
3813,39.728125,876005,876005.15625,0.09374997376698957,0.24999997376698957
3814,39.73854166666666,876235,876234.8437499999,0.24999997376698957,0.09374997365057425
3815,39.748958333333334,876465,876464.53125,0.09374997365057425,-0.37500002634942575
3816,39.75,876487,876487.5,-0.37500002634942575,0.12499997365057425
3817,39.760416666666664,876717,876717.1875,0.12499997365057425,0.31249997365057425
3818,39.770833333333336,876947,876946.875,0.31249997365057425,0.18749997365057425
3819,39.78125,877177,877176.5625,0.18749997365057425,-0.25000002634942575
3820,39.791666666666664,877406,877406.25,-0.25000002634942575,-2.634942575241439e-08
3821,39.802083333333336,877636,877635.9375,-2.634942575241439e-08,-0.06250002634942575
3822,39.821875,878072,878072.34375,-0.06250002634942575,0.28124997365057425
3823,39.83229166666666,878302,878302.0312499999,0.28124997365057425,0.3124999735341589
3824,39.842708333333334,878532,878531.71875,0.3124999735341589,0.031249973534158926
3825,39.853125,878761,878761.40625,0.031249973534158926,0.4374999735341589
3826,39.86354166666666,878992,878991.0937499999,0.4374999735341589,-0.4687500265822564
3827,39.873958333333334,879220,879220.78125,-0.4687500265822564,0.3124999734177436
3828,39.875,879244,879243.75,0.3124999734177436,0.062499973417743604
3829,39.885416666666664,879473,879473.4375,0.062499973417743604,0.4999999734177436
3830,39.895833333333336,879704,879703.125,0.4999999734177436,-0.3750000265822564
3831,39.90625,879932,879932.8125,-0.3750000265822564,0.4374999734177436
3832,39.916666666666664,880163,880162.5,0.4374999734177436,-0.0625000265822564
3833,39.927083333333336,880392,880392.1875,-0.0625000265822564,0.1249999734177436
3834,39.946875,880829,880828.59375,0.1249999734177436,-0.2812500265822564
3835,39.95729166666666,881058,881058.2812499999,-0.2812500265822564,-2.6698671717895195e-08
3836,39.967708333333334,881288,881287.96875,-2.6698671717895195e-08,-0.03125002669867172
3837,39.978125,881518,881517.65625,-0.03125002669867172,-0.3750000266986717
3838,39.98854166666666,881747,881747.3437499999,-0.3750000266986717,-0.03125002681508704
3839,39.998958333333334,881977,881977.03125,-0.03125002681508704,-2.681508703972213e-08
3840,40.0,882000,882000.0,-2.681508703972213e-08,-2.681508703972213e-08
3841,40.010416666666664,882230,882229.6875,-2.681508703972213e-08,-0.31250002681508704
3842,40.020833333333336,882459,882459.375,-0.31250002681508704,0.06249997318491296
3843,40.03125,882689,882689.0625,0.06249997318491296,0.12499997318491296
3844,40.041666666666664,882919,882918.75,0.12499997318491296,-0.12500002681508704
3845,40.052083333333336,883148,883148.4375,-0.12500002681508704,0.31249997318491296
3846,40.071875,883585,883584.84375,0.31249997318491296,0.15624997318491296
3847,40.08229166666666,883815,883814.5312499999,0.15624997318491296,-0.31250002693150236
3848,40.092708333333334,884044,884044.21875,-0.31250002693150236,-0.09375002693150236
3849,40.103125,884274,884273.90625,-0.09375002693150236,-0.18750002693150236
3850,40.11354166666666,884503,884503.5937499999,-0.18750002693150236,0.4062499729520823
3851,40.123958333333334,884734,884733.28125,0.4062499729520823,-0.3125000270479177
3852,40.125,884756,884756.25,-0.3125000270479177,-0.06250002704791768
3853,40.135416666666664,884986,884985.9375,-0.06250002704791768,-0.12500002704791768
3854,40.145833333333336,885215,885215.625,-0.12500002704791768,0.4999999729520823
3855,40.15625,885446,885445.3125,0.4999999729520823,-0.18750002704791768
3856,40.166666666666664,885675,885675.0,-0.18750002704791768,-0.18750002704791768
3857,40.177083333333336,885904,885904.6875,-0.18750002704791768,0.4999999729520823
3858,40.196875,886342,886341.09375,0.4999999729520823,-0.4062500270479177
3859,40.20729166666666,886570,886570.7812499999,-0.4062500270479177,0.374999972835667
3860,40.217708333333334,886801,886800.46875,0.374999972835667,-0.156250027164333
3861,40.228125,887030,887030.15625,-0.156250027164333,-2.7164333005202934e-08
3862,40.23854166666666,887260,887259.8437499999,-2.7164333005202934e-08,-0.15625002728074833
3863,40.248958333333334,887489,887489.53125,-0.15625002728074833,0.3749999727192517
3864,40.25,887513,887512.5,0.3749999727192517,-0.12500002728074833
3865,40.260416666666664,887742,887742.1875,-0.12500002728074833,0.06249997271925167
3866,40.270833333333336,887972,887971.875,0.06249997271925167,-0.06250002728074833
3867,40.28125,888201,888201.5625,-0.06250002728074833,0.4999999727192517
3868,40.291666666666664,888432,888431.25,0.4999999727192517,-0.2500000272807483
3869,40.302083333333336,888661,888660.9375,-0.2500000272807483,-0.3125000272807483
3870,40.321875,889097,889097.34375,-0.3125000272807483,0.031249972719251673
3871,40.33229166666666,889327,889327.0312499999,0.031249972719251673,0.06249997260283635
3872,40.342708333333334,889557,889556.71875,0.06249997260283635,-0.21875002739716365
3873,40.353125,889786,889786.40625,-0.21875002739716365,0.18749997260283635
3874,40.36354166666666,890016,890016.0937499999,0.18749997260283635,0.28124997248642103
3875,40.373958333333334,890246,890245.78125,0.28124997248642103,0.06249997248642103
3876,40.375,890269,890268.75,0.06249997248642103,-0.18750002751357897
3877,40.385416666666664,890498,890498.4375,-0.18750002751357897,0.24999997248642103
3878,40.395833333333336,890728,890728.125,0.24999997248642103,0.37499997248642103
3879,40.40625,890958,890957.8125,0.37499997248642103,0.18749997248642103
3880,40.416666666666664,891188,891187.5,0.18749997248642103,-0.31250002751357897
3881,40.427083333333336,891417,891417.1875,-0.31250002751357897,-0.12500002751357897
3882,40.446875,891853,891853.59375,-0.12500002751357897,0.46874997248642103
3883,40.45729166666666,892084,892083.2812499999,0.46874997248642103,-0.2500000276299943
3884,40.467708333333334,892313,892312.96875,-0.2500000276299943,-0.2812500276299943
3885,40.478125,892542,892542.65625,-0.2812500276299943,0.3749999723700057
3886,40.48854166666666,892773,892772.3437499999,0.3749999723700057,-0.2812500277464096
3887,40.498958333333334,893002,893002.03125,-0.2812500277464096,-0.2500000277464096
3888,40.5,893025,893025.0,-0.2500000277464096,-0.2500000277464096
3889,40.510416666666664,893254,893254.6875,-0.2500000277464096,0.4374999722535904
3890,40.520833333333336,893485,893484.375,0.4374999722535904,-0.18750002774640961
3891,40.53125,893714,893714.0625,-0.18750002774640961,-0.12500002774640961
3892,40.541666666666664,893944,893943.75,-0.12500002774640961,-0.3750000277464096
3893,40.552083333333336,894173,894173.4375,-0.3750000277464096,0.062499972253590386
3894,40.571875,894610,894609.84375,0.062499972253590386,-0.09375002774640961
3895,40.58229166666666,894839,894839.5312499999,-0.09375002774640961,0.43749997213717506
3896,40.592708333333334,895070,895069.21875,0.43749997213717506,-0.34375002786282494
3897,40.603125,895299,895298.90625,-0.34375002786282494,-0.43750002786282494
3898,40.61354166666666,895528,895528.5937499999,-0.43750002786282494,0.15624997202075974
3899,40.623958333333334,895758,895758.28125,0.15624997202075974,0.43749997202075974
3900,40.625,895782,895781.25,0.43749997202075974,-0.31250002797924026
3901,40.635416666666664,896011,896010.9375,-0.31250002797924026,-0.37500002797924026
3902,40.645833333333336,896240,896240.625,-0.37500002797924026,0.24999997202075974
3903,40.65625,896471,896470.3125,0.24999997202075974,-0.43750002797924026
3904,40.666666666666664,896700,896700.0,-0.43750002797924026,-0.43750002797924026
3905,40.677083333333336,896929,896929.6875,-0.43750002797924026,0.24999997202075974
3906,40.696875,897366,897366.09375,0.24999997202075974,0.34374997202075974
3907,40.70729166666666,897596,897595.7812499999,0.34374997202075974,0.12499997190434442
3908,40.717708333333334,897826,897825.46875,0.12499997190434442,-0.4062500280956556
3909,40.728125,898055,898055.15625,-0.4062500280956556,-0.2500000280956556
3910,40.73854166666666,898285,898284.8437499999,-0.2500000280956556,-0.4062500282120709
3911,40.748958333333334,898514,898514.53125,-0.4062500282120709,0.1249999717879291
3912,40.75,898538,898537.5,0.1249999717879291,-0.3750000282120709
3913,40.760416666666664,898767,898767.1875,-0.3750000282120709,-0.1875000282120709
3914,40.770833333333336,898997,898996.875,-0.1875000282120709,-0.3125000282120709
3915,40.78125,899226,899226.5625,-0.3125000282120709,0.2499999717879291
3916,40.791666666666664,899456,899456.25,0.2499999717879291,0.4999999717879291
3917,40.802083333333336,899686,899685.9375,0.4999999717879291,0.4374999717879291
3918,40.821875,900123,900122.34375,0.4374999717879291,-0.2187500282120709
3919,40.83229166666666,900352,900352.0312499999,-0.2187500282120709,-0.18750002832848622
3920,40.842708333333334,900582,900581.71875,-0.18750002832848622,-0.4687500283284862
3921,40.853125,900811,900811.40625,-0.4687500283284862,-0.06250002832848622
3922,40.86354166666666,901041,901041.0937499999,-0.06250002832848622,0.031249971555098455
3923,40.873958333333334,901271,901270.78125,0.031249971555098455,-0.18750002844490155
3924,40.875,901294,901293.75,-0.18750002844490155,-0.43750002844490155
3925,40.885416666666664,901523,901523.4375,-0.43750002844490155,-2.8444901545299217e-08
3926,40.895833333333336,901753,901753.125,-2.8444901545299217e-08,0.12499997155509845
3927,40.90625,901983,901982.8125,0.12499997155509845,-0.06250002844490155
3928,40.916666666666664,902212,902212.5,-0.06250002844490155,0.43749997155509845
3929,40.927083333333336,902443,902442.1875,0.43749997155509845,-0.37500002844490155
3930,40.946875,902878,902878.59375,-0.37500002844490155,0.21874997155509845
3931,40.95729166666666,903108,903108.2812499999,0.21874997155509845,0.49999997143868313
3932,40.967708333333334,903338,903337.96875,0.49999997143868313,0.46874997143868313
3933,40.978125,903568,903567.65625,0.46874997143868313,0.12499997143868313
3934,40.98854166666666,903797,903797.3437499999,0.12499997143868313,0.4687499713222678
3935,40.998958333333334,904027,904027.03125,0.4687499713222678,0.4999999713222678
3936,41.0,904050,904050.0,0.4999999713222678,0.4999999713222678
3937,41.010416666666664,904280,904279.6875,0.4999999713222678,0.1874999713222678
3938,41.020833333333336,904510,904509.375,0.1874999713222678,-0.4375000286777322
3939,41.03125,904739,904739.0625,-0.4375000286777322,-0.3750000286777322
3940,41.041666666666664,904968,904968.75,-0.3750000286777322,0.3749999713222678
3941,41.052083333333336,905199,905198.4375,0.3749999713222678,-0.1875000286777322
3942,41.071875,905635,905634.84375,-0.1875000286777322,-0.3437500286777322
3943,41.08229166666666,905864,905864.5312499999,-0.3437500286777322,0.1874999712058525
3944,41.092708333333334,906094,906094.21875,0.1874999712058525,0.4062499712058525
3945,41.103125,906324,906323.90625,0.4062499712058525,0.3124999712058525
3946,41.11354166666666,906554,906553.5937499999,0.3124999712058525,-0.09375002891056283
3947,41.123958333333334,906783,906783.28125,-0.09375002891056283,0.18749997108943717
3948,41.125,906806,906806.25,0.18749997108943717,0.43749997108943717
3949,41.135416666666664,907036,907035.9375,0.43749997108943717,0.37499997108943717
3950,41.145833333333336,907266,907265.625,0.37499997108943717,-2.8910562832606956e-08
3951,41.15625,907495,907495.3125,-2.8910562832606956e-08,0.31249997108943717
3952,41.166666666666664,907725,907725.0,0.31249997108943717,0.31249997108943717
3953,41.177083333333336,907955,907954.6875,0.31249997108943717,-2.8910562832606956e-08
3954,41.196875,908391,908391.09375,-2.8910562832606956e-08,0.09374997108943717
3955,41.20729166666666,908621,908620.7812499999,0.09374997108943717,-0.12500002902697815
3956,41.217708333333334,908850,908850.46875,-0.12500002902697815,0.34374997097302185
3957,41.228125,909080,909080.15625,0.34374997097302185,0.49999997097302185
3958,41.23854166666666,909310,909309.8437499999,0.49999997097302185,0.3437499708566065
3959,41.248958333333334,909540,909539.53125,0.3437499708566065,-0.12500002914339348
3960,41.25,909562,909562.5,-0.12500002914339348,0.3749999708566065
3961,41.260416666666664,909793,909792.1875,0.3749999708566065,-0.4375000291433935
3962,41.270833333333336,910021,910021.875,-0.4375000291433935,0.4374999708566065
3963,41.28125,910252,910251.5625,0.4374999708566065,-2.9143393476260826e-08
3964,41.291666666666664,910481,910481.25,-2.9143393476260826e-08,0.24999997085660652
3965,41.302083333333336,910711,910710.9375,0.24999997085660652,0.18749997085660652
3966,41.321875,911148,911147.34375,0.18749997085660652,-0.4687500291433935
3967,41.33229166666666,911377,911377.0312499999,-0.4687500291433935,-0.4375000292598088
3968,41.342708333333334,911606,911606.71875,-0.4375000292598088,0.2812499707401912
3969,41.353125,911837,911836.40625,0.2812499707401912,-0.3125000292598088
3970,41.36354166666666,912066,912066.0937499999,-0.3125000292598088,-0.21875002937622412
3971,41.373958333333334,912296,912295.78125,-0.21875002937622412,-0.4375000293762241
3972,41.375,912318,912318.75,-0.4375000293762241,0.3124999706237759
3973,41.385416666666664,912549,912548.4375,0.3124999706237759,-0.2500000293762241
3974,41.395833333333336,912778,912778.125,-0.2500000293762241,-0.12500002937622412
3975,41.40625,913008,913007.8125,-0.12500002937622412,-0.3125000293762241
3976,41.416666666666664,913237,913237.5,-0.3125000293762241,0.18749997062377588
3977,41.427083333333336,913467,913467.1875,0.18749997062377588,0.3749999706237759
3978,41.446875,913904,913903.59375,0.3749999706237759,-0.03125002937622412
3979,41.45729166666666,914133,914133.2812499999,-0.03125002937622412,0.24999997050736056
3980,41.467708333333334,914363,914362.96875,0.24999997050736056,0.21874997050736056
3981,41.478125,914593,914592.65625,0.21874997050736056,-0.12500002949263944
3982,41.48854166666666,914822,914822.3437499999,-0.12500002949263944,0.21874997039094524
3983,41.498958333333334,915052,915052.03125,0.21874997039094524,0.24999997039094524
3984,41.5,915075,915075.0,0.24999997039094524,0.24999997039094524
3985,41.510416666666664,915305,915304.6875,0.24999997039094524,-0.06250002960905476
3986,41.520833333333336,915534,915534.375,-0.06250002960905476,0.31249997039094524
3987,41.53125,915764,915764.0625,0.31249997039094524,0.37499997039094524
3988,41.541666666666664,915994,915993.75,0.37499997039094524,0.12499997039094524
3989,41.552083333333336,916224,916223.4375,0.12499997039094524,-0.43750002960905476
3990,41.571875,916659,916659.84375,-0.43750002960905476,0.40624997039094524
3991,41.58229166666666,916890,916889.5312499999,0.40624997039094524,-0.06250002972547009
3992,41.592708333333334,917119,917119.21875,-0.06250002972547009,0.15624997027452991
3993,41.603125,917349,917348.90625,0.15624997027452991,0.062499970274529915
3994,41.61354166666666,917579,917578.5937499999,0.062499970274529915,-0.3437500298418854
3995,41.623958333333334,917808,917808.28125,-0.3437500298418854,-0.06250002984188541
3996,41.625,917831,917831.25,-0.06250002984188541,0.1874999701581146
3997,41.635416666666664,918061,918060.9375,0.1874999701581146,0.12499997015811459
3998,41.645833333333336,918291,918290.625,0.12499997015811459,-0.2500000298418854
3999,41.65625,918520,918520.3125,-0.2500000298418854,0.06249997015811459
4000,41.666666666666664,918750,918750.0,0.06249997015811459,0.06249997015811459
4001,41.677083333333336,918980,918979.6875,0.06249997015811459,-0.2500000298418854
4002,41.696875,919416,919416.09375,-0.2500000298418854,-0.1562500298418854
4003,41.70729166666666,919646,919645.7812499999,-0.1562500298418854,-0.37500002995830073
4004,41.717708333333334,919875,919875.46875,-0.37500002995830073,0.09374997004169927
4005,41.728125,920105,920105.15625,0.09374997004169927,0.24999997004169927
4006,41.73854166666666,920335,920334.8437499999,0.24999997004169927,0.09374996992528395
4007,41.748958333333334,920565,920564.53125,0.09374996992528395,-0.37500003007471605
4008,41.75,920587,920587.5,-0.37500003007471605,0.12499996992528395
4009,41.760416666666664,920817,920817.1875,0.12499996992528395,0.31249996992528395
4010,41.770833333333336,921047,921046.875,0.31249996992528395,0.18749996992528395
4011,41.78125,921277,921276.5625,0.18749996992528395,-0.25000003007471605
4012,41.791666666666664,921506,921506.25,-0.25000003007471605,-3.0074716050876305e-08
4013,41.802083333333336,921736,921735.9375,-3.0074716050876305e-08,-0.06250003007471605
4014,41.821875,922172,922172.34375,-0.06250003007471605,0.28124996992528395
4015,41.83229166666666,922402,922402.0312499999,0.28124996992528395,0.3124999698088686
4016,41.842708333333334,922632,922631.71875,0.3124999698088686,0.031249969808868627
4017,41.853125,922861,922861.40625,0.031249969808868627,0.4374999698088686
4018,41.86354166666666,923092,923091.0937499999,0.4374999698088686,-0.4687500303075467
4019,41.873958333333334,923320,923320.78125,-0.4687500303075467,0.3124999696924533
4020,41.875,923344,923343.75,0.3124999696924533,0.062499969692453305
4021,41.885416666666664,923573,923573.4375,0.062499969692453305,0.4999999696924533
4022,41.895833333333336,923804,923803.125,0.4999999696924533,-0.3750000303075467
4023,41.90625,924032,924032.8125,-0.3750000303075467,0.4374999696924533
4024,41.916666666666664,924263,924262.5,0.4374999696924533,-0.0625000303075467
4025,41.927083333333336,924492,924492.1875,-0.0625000303075467,0.1249999696924533
4026,41.946875,924929,924928.59375,0.1249999696924533,-0.2812500303075467
4027,41.95729166666666,925158,925158.2812499999,-0.2812500303075467,-3.042396201635711e-08
4028,41.967708333333334,925388,925387.96875,-3.042396201635711e-08,-0.031250030423962016
4029,41.978125,925618,925617.65625,-0.031250030423962016,-0.375000030423962
4030,41.98854166666666,925847,925847.3437499999,-0.375000030423962,-0.03125003054037734
4031,41.998958333333334,926077,926077.03125,-0.03125003054037734,-3.0540377338184044e-08
4032,42.0,926100,926100.0,-3.0540377338184044e-08,-3.0540377338184044e-08
4033,42.010416666666664,926330,926329.6875,-3.0540377338184044e-08,-0.31250003054037734
4034,42.020833333333336,926559,926559.375,-0.31250003054037734,0.06249996945962266
4035,42.03125,926789,926789.0625,0.06249996945962266,0.12499996945962266
4036,42.041666666666664,927019,927018.75,0.12499996945962266,-0.12500003054037734
4037,42.052083333333336,927248,927248.4375,-0.12500003054037734,0.31249996945962266
4038,42.071875,927685,927684.84375,0.31249996945962266,0.15624996945962266
4039,42.08229166666666,927915,927914.5312499999,0.15624996945962266,-0.31250003065679266
4040,42.092708333333334,928144,928144.21875,-0.31250003065679266,-0.09375003065679266
4041,42.103125,928374,928373.90625,-0.09375003065679266,-0.18750003065679266
4042,42.11354166666666,928603,928603.5937499999,-0.18750003065679266,0.406249969226792
4043,42.123958333333334,928834,928833.28125,0.406249969226792,-0.312500030773208
4044,42.125,928856,928856.25,-0.312500030773208,-0.06250003077320798
4045,42.135416666666664,929086,929085.9375,-0.06250003077320798,-0.12500003077320798
4046,42.145833333333336,929315,929315.625,-0.12500003077320798,0.499999969226792
4047,42.15625,929546,929545.3125,0.499999969226792,-0.18750003077320798
4048,42.166666666666664,929775,929775.0,-0.18750003077320798,-0.18750003077320798
4049,42.177083333333336,930004,930004.6875,-0.18750003077320798,0.499999969226792
4050,42.196875,930442,930441.09375,0.499999969226792,-0.406250030773208
4051,42.20729166666666,930670,930670.7812499999,-0.406250030773208,0.3749999691103767
4052,42.217708333333334,930901,930900.46875,0.3749999691103767,-0.1562500308896233
4053,42.228125,931130,931130.15625,-0.1562500308896233,-3.088962330366485e-08
4054,42.23854166666666,931360,931359.8437499999,-3.088962330366485e-08,-0.15625003100603863
4055,42.248958333333334,931589,931589.53125,-0.15625003100603863,0.3749999689939614
4056,42.25,931613,931612.5,0.3749999689939614,-0.12500003100603863
4057,42.260416666666664,931842,931842.1875,-0.12500003100603863,0.062499968993961375
4058,42.270833333333336,932072,932071.875,0.062499968993961375,-0.06250003100603863
4059,42.28125,932301,932301.5625,-0.06250003100603863,0.4999999689939614
4060,42.291666666666664,932532,932531.25,0.4999999689939614,-0.2500000310060386
4061,42.302083333333336,932761,932760.9375,-0.2500000310060386,-0.3125000310060386
4062,42.321875,933197,933197.34375,-0.3125000310060386,0.031249968993961375
4063,42.33229166666666,933427,933427.0312499999,0.031249968993961375,0.06249996887754605
4064,42.342708333333334,933657,933656.71875,0.06249996887754605,-0.21875003112245395
4065,42.353125,933886,933886.40625,-0.21875003112245395,0.18749996887754605
4066,42.36354166666666,934116,934116.0937499999,0.18749996887754605,0.28124996876113073
4067,42.373958333333334,934346,934345.78125,0.28124996876113073,0.06249996876113073
4068,42.375,934369,934368.75,0.06249996876113073,-0.18750003123886927
4069,42.385416666666664,934598,934598.4375,-0.18750003123886927,0.24999996876113073
4070,42.395833333333336,934828,934828.125,0.24999996876113073,0.37499996876113073
4071,42.40625,935058,935057.8125,0.37499996876113073,0.18749996876113073
4072,42.416666666666664,935288,935287.5,0.18749996876113073,-0.31250003123886927
4073,42.427083333333336,935517,935517.1875,-0.31250003123886927,-0.12500003123886927
4074,42.446875,935953,935953.59375,-0.12500003123886927,0.46874996876113073
4075,42.45729166666666,936184,936183.2812499999,0.46874996876113073,-0.2500000313552846
4076,42.467708333333334,936413,936412.96875,-0.2500000313552846,-0.2812500313552846
4077,42.478125,936642,936642.65625,-0.2812500313552846,0.3749999686447154
4078,42.48854166666666,936873,936872.3437499999,0.3749999686447154,-0.2812500314716999
4079,42.498958333333334,937102,937102.03125,-0.2812500314716999,-0.2500000314716999
4080,42.5,937125,937125.0,-0.2500000314716999,-0.2500000314716999
4081,42.510416666666664,937354,937354.6875,-0.2500000314716999,0.4374999685283001
4082,42.520833333333336,937585,937584.375,0.4374999685283001,-0.1875000314716999
4083,42.53125,937814,937814.0625,-0.1875000314716999,-0.1250000314716999
4084,42.541666666666664,938044,938043.75,-0.1250000314716999,-0.3750000314716999
4085,42.552083333333336,938273,938273.4375,-0.3750000314716999,0.06249996852830009
4086,42.571875,938710,938709.84375,0.06249996852830009,-0.09375003147169991
4087,42.58229166666666,938939,938939.5312499999,-0.09375003147169991,0.43749996841188477
4088,42.592708333333334,939170,939169.21875,0.43749996841188477,-0.34375003158811523
4089,42.603125,939399,939398.90625,-0.34375003158811523,-0.43750003158811523
4090,42.61354166666666,939628,939628.5937499999,-0.43750003158811523,0.15624996829546944
4091,42.623958333333334,939858,939858.28125,0.15624996829546944,0.43749996829546944
4092,42.625,939882,939881.25,0.43749996829546944,-0.31250003170453056
4093,42.635416666666664,940111,940110.9375,-0.31250003170453056,-0.37500003170453056
4094,42.645833333333336,940340,940340.625,-0.37500003170453056,0.24999996829546944
4095,42.65625,940571,940570.3125,0.24999996829546944,-0.43750003170453056
4096,42.666666666666664,940800,940800.0,-0.43750003170453056,-0.43750003170453056
4097,42.677083333333336,941029,941029.6875,-0.43750003170453056,0.24999996829546944
4098,42.696875,941466,941466.09375,0.24999996829546944,0.34374996829546944
4099,42.70729166666666,941696,941695.7812499999,0.34374996829546944,0.12499996817905412
4100,42.717708333333334,941926,941925.46875,0.12499996817905412,-0.4062500318209459
4101,42.728125,942155,942155.15625,-0.4062500318209459,-0.2500000318209459
4102,42.73854166666666,942385,942384.8437499999,-0.2500000318209459,-0.4062500319373612
4103,42.748958333333334,942614,942614.53125,-0.4062500319373612,0.1249999680626388
4104,42.75,942638,942637.5,0.1249999680626388,-0.3750000319373612
4105,42.760416666666664,942867,942867.1875,-0.3750000319373612,-0.1875000319373612
4106,42.770833333333336,943097,943096.875,-0.1875000319373612,-0.3125000319373612
4107,42.78125,943326,943326.5625,-0.3125000319373612,0.2499999680626388
4108,42.791666666666664,943556,943556.25,0.2499999680626388,0.4999999680626388
4109,42.802083333333336,943786,943785.9375,0.4999999680626388,0.4374999680626388
4110,42.821875,944223,944222.34375,0.4374999680626388,-0.2187500319373612
4111,42.83229166666666,944452,944452.0312499999,-0.2187500319373612,-0.18750003205377652
4112,42.842708333333334,944682,944681.71875,-0.18750003205377652,-0.4687500320537765
4113,42.853125,944911,944911.40625,-0.4687500320537765,-0.06250003205377652
4114,42.86354166666666,945141,945141.0937499999,-0.06250003205377652,0.031249967829808156
4115,42.873958333333334,945371,945370.78125,0.031249967829808156,-0.18750003217019184
4116,42.875,945394,945393.75,-0.18750003217019184,-0.43750003217019184
4117,42.885416666666664,945623,945623.4375,-0.43750003217019184,-3.217019184376113e-08
4118,42.895833333333336,945853,945853.125,-3.217019184376113e-08,0.12499996782980816
4119,42.90625,946083,946082.8125,0.12499996782980816,-0.06250003217019184
4120,42.916666666666664,946312,946312.5,-0.06250003217019184,0.43749996782980816
4121,42.927083333333336,946543,946542.1875,0.43749996782980816,-0.37500003217019184
4122,42.946875,946978,946978.59375,-0.37500003217019184,0.21874996782980816
4123,42.95729166666666,947208,947208.2812499999,0.21874996782980816,0.49999996771339283
4124,42.967708333333334,947438,947437.96875,0.49999996771339283,0.46874996771339283
4125,42.978125,947668,947667.65625,0.46874996771339283,0.12499996771339283
4126,42.98854166666666,947897,947897.3437499999,0.12499996771339283,0.4687499675969775
4127,42.998958333333334,948127,948127.03125,0.4687499675969775,0.4999999675969775
4128,43.0,948150,948150.0,0.4999999675969775,0.4999999675969775
4129,43.010416666666664,948380,948379.6875,0.4999999675969775,0.1874999675969775
4130,43.020833333333336,948610,948609.375,0.1874999675969775,-0.4375000324030225
4131,43.03125,948839,948839.0625,-0.4375000324030225,-0.3750000324030225
4132,43.041666666666664,949068,949068.75,-0.3750000324030225,0.3749999675969775
4133,43.052083333333336,949299,949298.4375,0.3749999675969775,-0.1875000324030225
4134,43.071875,949735,949734.84375,-0.1875000324030225,-0.3437500324030225
4135,43.08229166666666,949964,949964.5312499999,-0.3437500324030225,0.1874999674805622
4136,43.092708333333334,950194,950194.21875,0.1874999674805622,0.4062499674805622
4137,43.103125,950424,950423.90625,0.4062499674805622,0.3124999674805622
4138,43.11354166666666,950654,950653.5937499999,0.3124999674805622,-0.09375003263585313
4139,43.123958333333334,950883,950883.28125,-0.09375003263585313,0.18749996736414687
4140,43.125,950906,950906.25,0.18749996736414687,0.43749996736414687
4141,43.135416666666664,951136,951135.9375,0.43749996736414687,0.37499996736414687
4142,43.145833333333336,951366,951365.625,0.37499996736414687,-3.263585313106887e-08
4143,43.15625,951595,951595.3125,-3.263585313106887e-08,0.31249996736414687
4144,43.166666666666664,951825,951825.0,0.31249996736414687,0.31249996736414687
4145,43.177083333333336,952055,952054.6875,0.31249996736414687,-3.263585313106887e-08
4146,43.196875,952491,952491.09375,-3.263585313106887e-08,0.09374996736414687
4147,43.20729166666666,952721,952720.7812499999,0.09374996736414687,-0.12500003275226845
4148,43.217708333333334,952950,952950.46875,-0.12500003275226845,0.34374996724773155
4149,43.228125,953180,953180.15625,0.34374996724773155,0.49999996724773155
4150,43.23854166666666,953410,953409.8437499999,0.49999996724773155,0.3437499671313162
4151,43.248958333333334,953640,953639.53125,0.3437499671313162,-0.12500003286868377
4152,43.25,953662,953662.5,-0.12500003286868377,0.3749999671313162
4153,43.260416666666664,953893,953892.1875,0.3749999671313162,-0.4375000328686838
4154,43.270833333333336,954121,954121.875,-0.4375000328686838,0.4374999671313162
4155,43.28125,954352,954351.5625,0.4374999671313162,-3.286868377472274e-08
4156,43.291666666666664,954581,954581.25,-3.286868377472274e-08,0.24999996713131623
4157,43.302083333333336,954811,954810.9375,0.24999996713131623,0.18749996713131623
4158,43.321875,955248,955247.34375,0.18749996713131623,-0.4687500328686838
4159,43.33229166666666,955477,955477.0312499999,-0.4687500328686838,-0.4375000329850991
4160,43.342708333333334,955706,955706.71875,-0.4375000329850991,0.2812499670149009
4161,43.353125,955937,955936.40625,0.2812499670149009,-0.3125000329850991
4162,43.36354166666666,956166,956166.0937499999,-0.3125000329850991,-0.21875003310151442
4163,43.373958333333334,956396,956395.78125,-0.21875003310151442,-0.4375000331015144
4164,43.375,956418,956418.75,-0.4375000331015144,0.3124999668984856
4165,43.385416666666664,956649,956648.4375,0.3124999668984856,-0.2500000331015144
4166,43.395833333333336,956878,956878.125,-0.2500000331015144,-0.12500003310151442
4167,43.40625,957108,957107.8125,-0.12500003310151442,-0.3125000331015144
4168,43.416666666666664,957337,957337.5,-0.3125000331015144,0.18749996689848558
4169,43.427083333333336,957567,957567.1875,0.18749996689848558,0.3749999668984856
4170,43.446875,958004,958003.59375,0.3749999668984856,-0.03125003310151442
4171,43.45729166666666,958233,958233.2812499999,-0.03125003310151442,0.24999996678207026
4172,43.467708333333334,958463,958462.96875,0.24999996678207026,0.21874996678207026
4173,43.478125,958693,958692.65625,0.21874996678207026,-0.12500003321792974
4174,43.48854166666666,958922,958922.3437499999,-0.12500003321792974,0.21874996666565494
4175,43.498958333333334,959152,959152.03125,0.21874996666565494,0.24999996666565494
4176,43.5,959175,959175.0,0.24999996666565494,0.24999996666565494
4177,43.510416666666664,959405,959404.6875,0.24999996666565494,-0.06250003333434506
4178,43.520833333333336,959634,959634.375,-0.06250003333434506,0.31249996666565494
4179,43.53125,959864,959864.0625,0.31249996666565494,0.37499996666565494
4180,43.541666666666664,960094,960093.75,0.37499996666565494,0.12499996666565494
4181,43.552083333333336,960324,960323.4375,0.12499996666565494,-0.43750003333434506
4182,43.571875,960759,960759.84375,-0.43750003333434506,0.40624996666565494
4183,43.58229166666666,960990,960989.5312499999,0.40624996666565494,-0.06250003345076038
4184,43.592708333333334,961219,961219.21875,-0.06250003345076038,0.15624996654923962
4185,43.603125,961449,961448.90625,0.15624996654923962,0.062499966549239616
4186,43.61354166666666,961679,961678.5937499999,0.062499966549239616,-0.3437500335671757
4187,43.623958333333334,961908,961908.28125,-0.3437500335671757,-0.0625000335671757
4188,43.625,961931,961931.25,-0.0625000335671757,0.1874999664328243
4189,43.635416666666664,962161,962160.9375,0.1874999664328243,0.1249999664328243
4190,43.645833333333336,962391,962390.625,0.1249999664328243,-0.2500000335671757
4191,43.65625,962620,962620.3125,-0.2500000335671757,0.062499966432824294
4192,43.666666666666664,962850,962850.0,0.062499966432824294,0.062499966432824294
4193,43.677083333333336,963080,963079.6875,0.062499966432824294,-0.2500000335671757
4194,43.696875,963516,963516.09375,-0.2500000335671757,-0.1562500335671757
4195,43.70729166666666,963746,963745.7812499999,-0.1562500335671757,-0.375000033683591
4196,43.717708333333334,963975,963975.46875,-0.375000033683591,0.09374996631640897
4197,43.728125,964205,964205.15625,0.09374996631640897,0.24999996631640897
4198,43.73854166666666,964435,964434.8437499999,0.24999996631640897,0.09374996619999365
4199,43.748958333333334,964665,964664.53125,0.09374996619999365,-0.37500003380000635
4200,43.75,964687,964687.5,-0.37500003380000635,0.12499996619999365
4201,43.760416666666664,964917,964917.1875,0.12499996619999365,0.31249996619999365
4202,43.770833333333336,965147,965146.875,0.31249996619999365,0.18749996619999365
4203,43.78125,965377,965376.5625,0.18749996619999365,-0.25000003380000635
4204,43.791666666666664,965606,965606.25,-0.25000003380000635,-3.380000634933822e-08
4205,43.802083333333336,965836,965835.9375,-3.380000634933822e-08,-0.06250003380000635
4206,43.821875,966272,966272.34375,-0.06250003380000635,0.28124996619999365
4207,43.83229166666666,966502,966502.0312499999,0.28124996619999365,0.31249996608357833
4208,43.842708333333334,966732,966731.71875,0.31249996608357833,0.03124996608357833
4209,43.853125,966961,966961.40625,0.03124996608357833,0.43749996608357833
4210,43.86354166666666,967192,967191.0937499999,0.43749996608357833,-0.468750034032837
4211,43.873958333333334,967420,967420.78125,-0.468750034032837,0.312499965967163
4212,43.875,967444,967443.75,0.312499965967163,0.06249996596716301
4213,43.885416666666664,967673,967673.4375,0.06249996596716301,0.499999965967163
4214,43.895833333333336,967904,967903.125,0.499999965967163,-0.375000034032837
4215,43.90625,968132,968132.8125,-0.375000034032837,0.437499965967163
4216,43.916666666666664,968363,968362.5,0.437499965967163,-0.06250003403283699
4217,43.927083333333336,968592,968592.1875,-0.06250003403283699,0.12499996596716301
4218,43.946875,969029,969028.59375,0.12499996596716301,-0.281250034032837
4219,43.95729166666666,969258,969258.2812499999,-0.281250034032837,-3.414925231481902e-08
4220,43.967708333333334,969488,969487.96875,-3.414925231481902e-08,-0.031250034149252315
4221,43.978125,969718,969717.65625,-0.031250034149252315,-0.3750000341492523
4222,43.98854166666666,969947,969947.3437499999,-0.3750000341492523,-0.03125003426566764
4223,43.998958333333334,970177,970177.03125,-0.03125003426566764,-3.426566763664596e-08
4224,44.0,970200,970200.0,-3.426566763664596e-08,-3.426566763664596e-08
4225,44.010416666666664,970430,970429.6875,-3.426566763664596e-08,-0.31250003426566764
4226,44.020833333333336,970659,970659.375,-0.31250003426566764,0.06249996573433236
4227,44.03125,970889,970889.0625,0.06249996573433236,0.12499996573433236
4228,44.041666666666664,971119,971118.75,0.12499996573433236,-0.12500003426566764
4229,44.052083333333336,971348,971348.4375,-0.12500003426566764,0.31249996573433236
4230,44.071875,971785,971784.84375,0.31249996573433236,0.15624996573433236
4231,44.08229166666666,972015,972014.5312499999,0.15624996573433236,-0.31250003438208296
4232,44.092708333333334,972244,972244.21875,-0.31250003438208296,-0.09375003438208296
4233,44.103125,972474,972473.90625,-0.09375003438208296,-0.18750003438208296
4234,44.11354166666666,972703,972703.5937499999,-0.18750003438208296,0.4062499655015017
4235,44.123958333333334,972934,972933.28125,0.4062499655015017,-0.3125000344984983
4236,44.125,972956,972956.25,-0.3125000344984983,-0.06250003449849828
4237,44.135416666666664,973186,973185.9375,-0.06250003449849828,-0.12500003449849828
4238,44.145833333333336,973415,973415.625,-0.12500003449849828,0.4999999655015017
4239,44.15625,973646,973645.3125,0.4999999655015017,-0.18750003449849828
4240,44.166666666666664,973875,973875.0,-0.18750003449849828,-0.18750003449849828
4241,44.177083333333336,974104,974104.6875,-0.18750003449849828,0.4999999655015017
4242,44.196875,974542,974541.09375,0.4999999655015017,-0.4062500344984983
4243,44.20729166666666,974770,974770.7812499999,-0.4062500344984983,0.3749999653850864
4244,44.217708333333334,975001,975000.46875,0.3749999653850864,-0.1562500346149136
4245,44.228125,975230,975230.15625,-0.1562500346149136,-3.461491360212676e-08
4246,44.23854166666666,975460,975459.8437499999,-3.461491360212676e-08,-0.15625003473132892
4247,44.248958333333334,975689,975689.53125,-0.15625003473132892,0.3749999652686711
4248,44.25,975713,975712.5,0.3749999652686711,-0.12500003473132892
4249,44.260416666666664,975942,975942.1875,-0.12500003473132892,0.062499965268671076
4250,44.270833333333336,976172,976171.875,0.062499965268671076,-0.06250003473132892
4251,44.28125,976401,976401.5625,-0.06250003473132892,0.4999999652686711
4252,44.291666666666664,976632,976631.25,0.4999999652686711,-0.2500000347313289
4253,44.302083333333336,976861,976860.9375,-0.2500000347313289,-0.3125000347313289
4254,44.321875,977297,977297.34375,-0.3125000347313289,0.031249965268671076
4255,44.33229166666666,977527,977527.0312499999,0.031249965268671076,0.062499965152255754
4256,44.342708333333334,977757,977756.71875,0.062499965152255754,-0.21875003484774425
4257,44.353125,977986,977986.40625,-0.21875003484774425,0.18749996515225575
4258,44.36354166666666,978216,978216.0937499999,0.18749996515225575,0.28124996503584043
4259,44.373958333333334,978446,978445.78125,0.28124996503584043,0.06249996503584043
4260,44.375,978469,978468.75,0.06249996503584043,-0.18750003496415957
4261,44.385416666666664,978698,978698.4375,-0.18750003496415957,0.24999996503584043
4262,44.395833333333336,978928,978928.125,0.24999996503584043,0.37499996503584043
4263,44.40625,979158,979157.8125,0.37499996503584043,0.18749996503584043
4264,44.416666666666664,979388,979387.5,0.18749996503584043,-0.31250003496415957
4265,44.427083333333336,979617,979617.1875,-0.31250003496415957,-0.12500003496415957
4266,44.446875,980053,980053.59375,-0.12500003496415957,0.46874996503584043
4267,44.45729166666666,980284,980283.2812499999,0.46874996503584043,-0.2500000350805749
4268,44.467708333333334,980513,980512.96875,-0.2500000350805749,-0.2812500350805749
4269,44.478125,980742,980742.65625,-0.2812500350805749,0.3749999649194251
4270,44.48854166666666,980973,980972.3437499999,0.3749999649194251,-0.2812500351969902
4271,44.498958333333334,981202,981202.03125,-0.2812500351969902,-0.2500000351969902
4272,44.5,981225,981225.0,-0.2500000351969902,-0.2500000351969902
4273,44.510416666666664,981454,981454.6875,-0.2500000351969902,0.4374999648030098
4274,44.520833333333336,981685,981684.375,0.4374999648030098,-0.1875000351969902
4275,44.53125,981914,981914.0625,-0.1875000351969902,-0.1250000351969902
4276,44.541666666666664,982144,982143.75,-0.1250000351969902,-0.3750000351969902
4277,44.552083333333336,982373,982373.4375,-0.3750000351969902,0.06249996480300979
4278,44.571875,982810,982809.84375,0.06249996480300979,-0.09375003519699021
4279,44.58229166666666,983039,983039.5312499999,-0.09375003519699021,0.43749996468659447
4280,44.592708333333334,983270,983269.21875,0.43749996468659447,-0.34375003531340553
4281,44.603125,983499,983498.90625,-0.34375003531340553,-0.43750003531340553
4282,44.61354166666666,983728,983728.5937499999,-0.43750003531340553,0.15624996457017915
4283,44.623958333333334,983958,983958.28125,0.15624996457017915,0.43749996457017915
4284,44.625,983982,983981.25,0.43749996457017915,-0.31250003542982085
4285,44.635416666666664,984211,984210.9375,-0.31250003542982085,-0.37500003542982085
4286,44.645833333333336,984440,984440.625,-0.37500003542982085,0.24999996457017915
4287,44.65625,984671,984670.3125,0.24999996457017915,-0.43750003542982085
4288,44.666666666666664,984900,984900.0,-0.43750003542982085,-0.43750003542982085
4289,44.677083333333336,985129,985129.6875,-0.43750003542982085,0.24999996457017915
4290,44.696875,985566,985566.09375,0.24999996457017915,0.34374996457017915
4291,44.70729166666666,985796,985795.7812499999,0.34374996457017915,0.12499996445376382
4292,44.717708333333334,986026,986025.46875,0.12499996445376382,-0.4062500355462362
4293,44.728125,986255,986255.15625,-0.4062500355462362,-0.2500000355462362
4294,44.73854166666666,986485,986484.8437499999,-0.2500000355462362,-0.4062500356626515
4295,44.748958333333334,986714,986714.53125,-0.4062500356626515,0.1249999643373485
4296,44.75,986738,986737.5,0.1249999643373485,-0.3750000356626515
4297,44.760416666666664,986967,986967.1875,-0.3750000356626515,-0.1875000356626515
4298,44.770833333333336,987197,987196.875,-0.1875000356626515,-0.3125000356626515
4299,44.78125,987426,987426.5625,-0.3125000356626515,0.2499999643373485
4300,44.791666666666664,987656,987656.25,0.2499999643373485,0.4999999643373485
4301,44.802083333333336,987886,987885.9375,0.4999999643373485,0.4374999643373485
4302,44.821875,988323,988322.34375,0.4374999643373485,-0.2187500356626515
4303,44.83229166666666,988552,988552.0312499999,-0.2187500356626515,-0.18750003577906682
4304,44.842708333333334,988782,988781.71875,-0.18750003577906682,-0.4687500357790668
4305,44.853125,989011,989011.40625,-0.4687500357790668,-0.06250003577906682
4306,44.86354166666666,989241,989241.0937499999,-0.06250003577906682,0.031249964104517858
4307,44.873958333333334,989471,989470.78125,0.031249964104517858,-0.18750003589548214
4308,44.875,989494,989493.75,-0.18750003589548214,-0.43750003589548214
4309,44.885416666666664,989723,989723.4375,-0.43750003589548214,-3.5895482142223045e-08
4310,44.895833333333336,989953,989953.125,-3.5895482142223045e-08,0.12499996410451786
4311,44.90625,990183,990182.8125,0.12499996410451786,-0.06250003589548214
4312,44.916666666666664,990412,990412.5,-0.06250003589548214,0.43749996410451786
4313,44.927083333333336,990643,990642.1875,0.43749996410451786,-0.37500003589548214
4314,44.946875,991078,991078.59375,-0.37500003589548214,0.21874996410451786
4315,44.95729166666666,991308,991308.2812499999,0.21874996410451786,0.49999996398810254
4316,44.967708333333334,991538,991537.96875,0.49999996398810254,0.46874996398810254
4317,44.978125,991768,991767.65625,0.46874996398810254,0.12499996398810254
4318,44.98854166666666,991997,991997.3437499999,0.12499996398810254,0.4687499638716872
4319,44.998958333333334,992227,992227.03125,0.4687499638716872,0.4999999638716872
4320,45.0,992250,992250.0,0.4999999638716872,0.4999999638716872
4321,45.010416666666664,992480,992479.6875,0.4999999638716872,0.18749996387168721
4322,45.020833333333336,992710,992709.375,0.18749996387168721,-0.4375000361283128
4323,45.03125,992939,992939.0625,-0.4375000361283128,-0.3750000361283128
4324,45.041666666666664,993168,993168.75,-0.3750000361283128,0.3749999638716872
4325,45.052083333333336,993399,993398.4375,0.3749999638716872,-0.18750003612831279
4326,45.071875,993835,993834.84375,-0.18750003612831279,-0.3437500361283128
4327,45.08229166666666,994064,994064.5312499999,-0.3437500361283128,0.1874999637552719
4328,45.092708333333334,994294,994294.21875,0.1874999637552719,0.4062499637552719
4329,45.103125,994524,994523.90625,0.4062499637552719,0.3124999637552719
4330,45.11354166666666,994754,994753.5937499999,0.3124999637552719,-0.09375003636114343
4331,45.123958333333334,994983,994983.28125,-0.09375003636114343,0.18749996363885657
4332,45.125,995006,995006.25,0.18749996363885657,0.43749996363885657
4333,45.135416666666664,995236,995235.9375,0.43749996363885657,0.37499996363885657
4334,45.145833333333336,995466,995465.625,0.37499996363885657,-3.6361143429530784e-08
4335,45.15625,995695,995695.3125,-3.6361143429530784e-08,0.31249996363885657
4336,45.166666666666664,995925,995925.0,0.31249996363885657,0.31249996363885657
4337,45.177083333333336,996155,996154.6875,0.31249996363885657,-3.6361143429530784e-08
4338,45.196875,996591,996591.09375,-3.6361143429530784e-08,0.09374996363885657
4339,45.20729166666666,996821,996820.7812499999,0.09374996363885657,-0.12500003647755875
4340,45.217708333333334,997050,997050.46875,-0.12500003647755875,0.34374996352244125
4341,45.228125,997280,997280.15625,0.34374996352244125,0.49999996352244125
4342,45.23854166666666,997510,997509.8437499999,0.49999996352244125,0.3437499634060259
4343,45.248958333333334,997740,997739.53125,0.3437499634060259,-0.12500003659397407
4344,45.25,997762,997762.5,-0.12500003659397407,0.3749999634060259
4345,45.260416666666664,997993,997992.1875,0.3749999634060259,-0.4375000365939741
4346,45.270833333333336,998221,998221.875,-0.4375000365939741,0.4374999634060259
4347,45.28125,998452,998451.5625,0.4374999634060259,-3.6593974073184654e-08
4348,45.291666666666664,998681,998681.25,-3.6593974073184654e-08,0.24999996340602593
4349,45.302083333333336,998911,998910.9375,0.24999996340602593,0.18749996340602593
4350,45.321875,999348,999347.34375,0.18749996340602593,-0.4687500365939741
4351,45.33229166666666,999577,999577.0312499999,-0.4687500365939741,-0.4375000367103894
4352,45.342708333333334,999806,999806.71875,-0.4375000367103894,0.2812499632896106
4353,45.353125,1000037,1000036.40625,0.2812499632896106,-0.3125000367103894
4354,45.36354166666666,1000266,1000266.0937499999,-0.3125000367103894,-0.21875003682680472
4355,45.373958333333334,1000496,1000495.78125,-0.21875003682680472,-0.4375000368268047
4356,45.375,1000518,1000518.75,-0.4375000368268047,0.3124999631731953
4357,45.385416666666664,1000749,1000748.4375,0.3124999631731953,-0.2500000368268047
4358,45.395833333333336,1000978,1000978.125,-0.2500000368268047,-0.12500003682680472
4359,45.40625,1001208,1001207.8125,-0.12500003682680472,-0.3125000368268047
4360,45.416666666666664,1001437,1001437.5,-0.3125000368268047,0.18749996317319528
4361,45.427083333333336,1001667,1001667.1875,0.18749996317319528,0.3749999631731953
4362,45.446875,1002104,1002103.59375,0.3749999631731953,-0.03125003682680472
4363,45.45729166666666,1002333,1002333.2812499999,-0.03125003682680472,0.24999996305677996
4364,45.467708333333334,1002563,1002562.96875,0.24999996305677996,0.21874996305677996
4365,45.478125,1002793,1002792.65625,0.21874996305677996,-0.12500003694322004
4366,45.48854166666666,1003022,1003022.3437499999,-0.12500003694322004,0.21874996294036464
4367,45.498958333333334,1003252,1003252.03125,0.21874996294036464,0.24999996294036464
4368,45.5,1003275,1003275.0,0.24999996294036464,0.24999996294036464
4369,45.510416666666664,1003505,1003504.6875,0.24999996294036464,-0.06250003705963536
4370,45.520833333333336,1003734,1003734.375,-0.06250003705963536,0.31249996294036464
4371,45.53125,1003964,1003964.0625,0.31249996294036464,0.37499996294036464
4372,45.541666666666664,1004194,1004193.75,0.37499996294036464,0.12499996294036464
4373,45.552083333333336,1004424,1004423.4375,0.12499996294036464,-0.43750003705963536
4374,45.571875,1004859,1004859.84375,-0.43750003705963536,0.40624996294036464
4375,45.58229166666666,1005090,1005089.5312499999,0.40624996294036464,-0.06250003717605068
4376,45.592708333333334,1005319,1005319.21875,-0.06250003717605068,0.15624996282394932
4377,45.603125,1005549,1005548.90625,0.15624996282394932,0.06249996282394932
4378,45.61354166666666,1005779,1005778.5937499999,0.06249996282394932,-0.343750037292466
4379,45.623958333333334,1006008,1006008.28125,-0.343750037292466,-0.062500037292466
4380,45.625,1006031,1006031.25,-0.062500037292466,0.187499962707534
4381,45.635416666666664,1006261,1006260.9375,0.187499962707534,0.124999962707534
4382,45.645833333333336,1006491,1006490.625,0.124999962707534,-0.250000037292466
4383,45.65625,1006720,1006720.3125,-0.250000037292466,0.062499962707533996
4384,45.666666666666664,1006950,1006950.0,0.062499962707533996,0.062499962707533996
4385,45.677083333333336,1007180,1007179.6875,0.062499962707533996,-0.250000037292466
4386,45.696875,1007616,1007616.09375,-0.250000037292466,-0.156250037292466
4387,45.70729166666666,1007846,1007845.7812499999,-0.156250037292466,-0.3750000374088813
4388,45.717708333333334,1008075,1008075.46875,-0.3750000374088813,0.09374996259111867
4389,45.728125,1008305,1008305.15625,0.09374996259111867,0.24999996259111867
4390,45.73854166666666,1008535,1008534.8437499999,0.24999996259111867,0.09374996247470335
4391,45.748958333333334,1008765,1008764.53125,0.09374996247470335,-0.37500003752529665
4392,45.75,1008787,1008787.5,-0.37500003752529665,0.12499996247470335
4393,45.760416666666664,1009017,1009017.1875,0.12499996247470335,0.31249996247470335
4394,45.770833333333336,1009247,1009246.875,0.31249996247470335,0.18749996247470335
4395,45.78125,1009477,1009476.5625,0.18749996247470335,-0.25000003752529665
4396,45.791666666666664,1009706,1009706.25,-0.25000003752529665,-3.752529664780013e-08
4397,45.802083333333336,1009936,1009935.9375,-3.752529664780013e-08,-0.06250003752529665
4398,45.821875,1010372,1010372.34375,-0.06250003752529665,0.28124996247470335
4399,45.83229166666666,1010602,1010602.0312499999,0.28124996247470335,0.31249996235828803
4400,45.842708333333334,1010832,1010831.71875,0.31249996235828803,0.03124996235828803
4401,45.853125,1011061,1011061.40625,0.03124996235828803,0.43749996235828803
4402,45.86354166666666,1011292,1011291.0937499999,0.43749996235828803,-0.4687500377581273
4403,45.873958333333334,1011520,1011520.78125,-0.4687500377581273,0.3124999622418727
4404,45.875,1011544,1011543.75,0.3124999622418727,0.06249996224187271
4405,45.885416666666664,1011773,1011773.4375,0.06249996224187271,0.4999999622418727
4406,45.895833333333336,1012004,1012003.125,0.4999999622418727,-0.3750000377581273
4407,45.90625,1012232,1012232.8125,-0.3750000377581273,0.4374999622418727
4408,45.916666666666664,1012463,1012462.5,0.4374999622418727,-0.06250003775812729
4409,45.927083333333336,1012692,1012692.1875,-0.06250003775812729,0.12499996224187271
4410,45.946875,1013129,1013128.59375,0.12499996224187271,-0.2812500377581273
4411,45.95729166666666,1013358,1013358.2812499999,-0.2812500377581273,-3.787454261328094e-08
4412,45.967708333333334,1013588,1013587.96875,-3.787454261328094e-08,-0.03125003787454261
4413,45.978125,1013818,1013817.65625,-0.03125003787454261,-0.3750000378745426
4414,45.98854166666666,1014047,1014047.3437499999,-0.3750000378745426,-0.031250037990957935
4415,45.998958333333334,1014277,1014277.03125,-0.031250037990957935,-3.799095793510787e-08
4416,46.0,1014300,1014300.0,-3.799095793510787e-08,-3.799095793510787e-08
4417,46.010416666666664,1014530,1014529.6875,-3.799095793510787e-08,-0.31250003799095794
4418,46.020833333333336,1014759,1014759.375,-0.31250003799095794,0.062499962009042065
4419,46.03125,1014989,1014989.0625,0.062499962009042065,0.12499996200904206
4420,46.041666666666664,1015219,1015218.75,0.12499996200904206,-0.12500003799095794
4421,46.052083333333336,1015448,1015448.4375,-0.12500003799095794,0.31249996200904206
4422,46.071875,1015885,1015884.84375,0.31249996200904206,0.15624996200904206
4423,46.08229166666666,1016115,1016114.5312499999,0.15624996200904206,-0.31250003810737326
4424,46.092708333333334,1016344,1016344.21875,-0.31250003810737326,-0.09375003810737326
4425,46.103125,1016574,1016573.90625,-0.09375003810737326,-0.18750003810737326
4426,46.11354166666666,1016803,1016803.5937499999,-0.18750003810737326,0.4062499617762114
4427,46.123958333333334,1017034,1017033.28125,0.4062499617762114,-0.3125000382237886
4428,46.125,1017056,1017056.25,-0.3125000382237886,-0.06250003822378858
4429,46.135416666666664,1017286,1017285.9375,-0.06250003822378858,-0.12500003822378858
4430,46.145833333333336,1017515,1017515.625,-0.12500003822378858,0.4999999617762114
4431,46.15625,1017746,1017745.3125,0.4999999617762114,-0.18750003822378858
4432,46.166666666666664,1017975,1017975.0,-0.18750003822378858,-0.18750003822378858
4433,46.177083333333336,1018204,1018204.6875,-0.18750003822378858,0.4999999617762114
4434,46.196875,1018642,1018641.09375,0.4999999617762114,-0.4062500382237886
4435,46.20729166666666,1018870,1018870.7812499999,-0.4062500382237886,0.3749999616597961
4436,46.217708333333334,1019101,1019100.46875,0.3749999616597961,-0.1562500383402039
4437,46.228125,1019330,1019330.15625,-0.1562500383402039,-3.8340203900588676e-08
4438,46.23854166666666,1019560,1019559.8437499999,-3.8340203900588676e-08,-0.15625003845661922
4439,46.248958333333334,1019789,1019789.53125,-0.15625003845661922,0.3749999615433808
4440,46.25,1019813,1019812.5,0.3749999615433808,-0.12500003845661922
4441,46.260416666666664,1020042,1020042.1875,-0.12500003845661922,0.06249996154338078
4442,46.270833333333336,1020272,1020271.875,0.06249996154338078,-0.06250003845661922
4443,46.28125,1020501,1020501.5625,-0.06250003845661922,0.4999999615433808
4444,46.291666666666664,1020732,1020731.25,0.4999999615433808,-0.2500000384566192
4445,46.302083333333336,1020961,1020960.9375,-0.2500000384566192,-0.3125000384566192
4446,46.321875,1021397,1021397.34375,-0.3125000384566192,0.031249961543380778
4447,46.33229166666666,1021627,1021627.0312499999,0.031249961543380778,0.062499961426965456
4448,46.342708333333334,1021857,1021856.71875,0.062499961426965456,-0.21875003857303454
4449,46.353125,1022086,1022086.40625,-0.21875003857303454,0.18749996142696546
4450,46.36354166666666,1022316,1022316.0937499999,0.18749996142696546,0.28124996131055013
4451,46.373958333333334,1022546,1022545.78125,0.28124996131055013,0.062499961310550134
4452,46.375,1022569,1022568.75,0.062499961310550134,-0.18750003868944987
4453,46.385416666666664,1022798,1022798.4375,-0.18750003868944987,0.24999996131055013
4454,46.395833333333336,1023028,1023028.125,0.24999996131055013,0.37499996131055013
4455,46.40625,1023258,1023257.8125,0.37499996131055013,0.18749996131055013
4456,46.416666666666664,1023488,1023487.5,0.18749996131055013,-0.31250003868944987
4457,46.427083333333336,1023717,1023717.1875,-0.31250003868944987,-0.12500003868944987
4458,46.446875,1024153,1024153.59375,-0.12500003868944987,0.46874996131055013
4459,46.45729166666666,1024384,1024383.2812499999,0.46874996131055013,-0.2500000388058652
4460,46.467708333333334,1024613,1024612.96875,-0.2500000388058652,-0.2812500388058652
4461,46.478125,1024842,1024842.65625,-0.2812500388058652,0.3749999611941348
4462,46.48854166666666,1025073,1025072.3437499999,0.3749999611941348,-0.2812500389222805
4463,46.498958333333334,1025302,1025302.03125,-0.2812500389222805,-0.2500000389222805
4464,46.5,1025325,1025325.0,-0.2500000389222805,-0.2500000389222805
4465,46.510416666666664,1025554,1025554.6875,-0.2500000389222805,0.4374999610777195
4466,46.520833333333336,1025785,1025784.375,0.4374999610777195,-0.1875000389222805
4467,46.53125,1026014,1026014.0625,-0.1875000389222805,-0.1250000389222805
4468,46.541666666666664,1026244,1026243.75,-0.1250000389222805,-0.3750000389222805
4469,46.552083333333336,1026473,1026473.4375,-0.3750000389222805,0.06249996107771949
4470,46.571875,1026910,1026909.84375,0.06249996107771949,-0.09375003892228051
4471,46.58229166666666,1027139,1027139.5312499999,-0.09375003892228051,0.43749996096130417
4472,46.592708333333334,1027370,1027369.21875,0.43749996096130417,-0.34375003903869583
4473,46.603125,1027599,1027598.90625,-0.34375003903869583,-0.43750003903869583
4474,46.61354166666666,1027828,1027828.5937499999,-0.43750003903869583,0.15624996084488885
4475,46.623958333333334,1028058,1028058.28125,0.15624996084488885,0.43749996084488885
4476,46.625,1028082,1028081.25,0.43749996084488885,-0.31250003915511115
4477,46.635416666666664,1028311,1028310.9375,-0.31250003915511115,-0.37500003915511115
4478,46.645833333333336,1028540,1028540.625,-0.37500003915511115,0.24999996084488885
4479,46.65625,1028771,1028770.3125,0.24999996084488885,-0.43750003915511115
4480,46.666666666666664,1029000,1029000.0,-0.43750003915511115,-0.43750003915511115
4481,46.677083333333336,1029229,1029229.6875,-0.43750003915511115,0.24999996084488885
4482,46.696875,1029666,1029666.09375,0.24999996084488885,0.34374996084488885
4483,46.70729166666666,1029896,1029895.7812499999,0.34374996084488885,0.12499996072847352
4484,46.717708333333334,1030126,1030125.46875,0.12499996072847352,-0.4062500392715265
4485,46.728125,1030355,1030355.15625,-0.4062500392715265,-0.2500000392715265
4486,46.73854166666666,1030585,1030584.8437499999,-0.2500000392715265,-0.4062500393879418
4487,46.748958333333334,1030814,1030814.53125,-0.4062500393879418,0.1249999606120582
4488,46.75,1030838,1030837.5,0.1249999606120582,-0.3750000393879418
4489,46.760416666666664,1031067,1031067.1875,-0.3750000393879418,-0.1875000393879418
4490,46.770833333333336,1031297,1031296.875,-0.1875000393879418,-0.3125000393879418
4491,46.78125,1031526,1031526.5625,-0.3125000393879418,0.2499999606120582
4492,46.791666666666664,1031756,1031756.25,0.2499999606120582,0.4999999606120582
4493,46.802083333333336,1031986,1031985.9375,0.4999999606120582,0.4374999606120582
4494,46.821875,1032423,1032422.34375,0.4374999606120582,-0.2187500393879418
4495,46.83229166666666,1032652,1032652.0312499999,-0.2187500393879418,-0.18750003950435712
4496,46.842708333333334,1032882,1032881.71875,-0.18750003950435712,-0.4687500395043571
4497,46.853125,1033111,1033111.40625,-0.4687500395043571,-0.06250003950435712
4498,46.86354166666666,1033341,1033341.0937499999,-0.06250003950435712,0.03124996037922756
4499,46.873958333333334,1033571,1033570.78125,0.03124996037922756,-0.18750003962077244
4500,46.875,1033594,1033593.75,-0.18750003962077244,-0.43750003962077244
4501,46.885416666666664,1033823,1033823.4375,-0.43750003962077244,-3.962077244068496e-08
4502,46.895833333333336,1034053,1034053.125,-3.962077244068496e-08,0.12499996037922756
4503,46.90625,1034283,1034282.8125,0.12499996037922756,-0.06250003962077244
4504,46.916666666666664,1034512,1034512.5,-0.06250003962077244,0.43749996037922756
4505,46.927083333333336,1034743,1034742.1875,0.43749996037922756,-0.37500003962077244
4506,46.946875,1035178,1035178.59375,-0.37500003962077244,0.21874996037922756
4507,46.95729166666666,1035408,1035408.2812499999,0.21874996037922756,0.49999996026281224
4508,46.967708333333334,1035638,1035637.96875,0.49999996026281224,0.46874996026281224
4509,46.978125,1035868,1035867.65625,0.46874996026281224,0.12499996026281224
4510,46.98854166666666,1036097,1036097.3437499999,0.12499996026281224,0.4687499601463969
4511,46.998958333333334,1036327,1036327.03125,0.4687499601463969,0.4999999601463969
4512,47.0,1036350,1036350.0,0.4999999601463969,0.4999999601463969
4513,47.010416666666664,1036580,1036579.6875,0.4999999601463969,0.18749996014639692
4514,47.020833333333336,1036810,1036809.375,0.18749996014639692,-0.4375000398536031
4515,47.03125,1037039,1037039.0625,-0.4375000398536031,-0.3750000398536031
4516,47.041666666666664,1037268,1037268.75,-0.3750000398536031,0.3749999601463969
4517,47.052083333333336,1037499,1037498.4375,0.3749999601463969,-0.18750003985360308
4518,47.071875,1037935,1037934.84375,-0.18750003985360308,-0.3437500398536031
4519,47.08229166666666,1038164,1038164.5312499999,-0.3437500398536031,0.1874999600299816
4520,47.092708333333334,1038394,1038394.21875,0.1874999600299816,0.4062499600299816
4521,47.103125,1038624,1038623.90625,0.4062499600299816,0.3124999600299816
4522,47.11354166666666,1038854,1038853.5937499999,0.3124999600299816,-0.09375004008643373
4523,47.123958333333334,1039083,1039083.28125,-0.09375004008643373,0.18749995991356627
4524,47.125,1039106,1039106.25,0.18749995991356627,0.43749995991356627
4525,47.135416666666664,1039336,1039335.9375,0.43749995991356627,0.37499995991356627
4526,47.145833333333336,1039566,1039565.625,0.37499995991356627,-4.00864337279927e-08
4527,47.15625,1039795,1039795.3125,-4.00864337279927e-08,0.31249995991356627
4528,47.166666666666664,1040025,1040025.0,0.31249995991356627,0.31249995991356627
4529,47.177083333333336,1040255,1040254.6875,0.31249995991356627,-4.00864337279927e-08
4530,47.196875,1040691,1040691.09375,-4.00864337279927e-08,0.09374995991356627
4531,47.20729166666666,1040921,1040920.7812499999,0.09374995991356627,-0.12500004020284905
4532,47.217708333333334,1041150,1041150.46875,-0.12500004020284905,0.34374995979715095
4533,47.228125,1041380,1041380.15625,0.34374995979715095,0.49999995979715095
4534,47.23854166666666,1041610,1041609.8437499999,0.49999995979715095,0.34374995968073563
4535,47.248958333333334,1041840,1041839.53125,0.34374995968073563,-0.12500004031926437
4536,47.25,1041862,1041862.5,-0.12500004031926437,0.37499995968073563
4537,47.260416666666664,1042093,1042092.1875,0.37499995968073563,-0.43750004031926437
4538,47.270833333333336,1042321,1042321.875,-0.43750004031926437,0.43749995968073563
4539,47.28125,1042552,1042551.5625,0.43749995968073563,-4.031926437164657e-08
4540,47.291666666666664,1042781,1042781.25,-4.031926437164657e-08,0.24999995968073563
4541,47.302083333333336,1043011,1043010.9375,0.24999995968073563,0.18749995968073563
4542,47.321875,1043448,1043447.34375,0.18749995968073563,-0.46875004031926437
4543,47.33229166666666,1043677,1043677.0312499999,-0.46875004031926437,-0.4375000404356797
4544,47.342708333333334,1043906,1043906.71875,-0.4375000404356797,0.2812499595643203
4545,47.353125,1044137,1044136.40625,0.2812499595643203,-0.3125000404356797
4546,47.36354166666666,1044366,1044366.0937499999,-0.3125000404356797,-0.21875004055209502
4547,47.373958333333334,1044596,1044595.78125,-0.21875004055209502,-0.437500040552095
4548,47.375,1044618,1044618.75,-0.437500040552095,0.312499959447905
4549,47.385416666666664,1044849,1044848.4375,0.312499959447905,-0.250000040552095
4550,47.395833333333336,1045078,1045078.125,-0.250000040552095,-0.12500004055209502
4551,47.40625,1045308,1045307.8125,-0.12500004055209502,-0.312500040552095
4552,47.416666666666664,1045537,1045537.5,-0.312500040552095,0.18749995944790498
4553,47.427083333333336,1045767,1045767.1875,0.18749995944790498,0.374999959447905
4554,47.446875,1046204,1046203.59375,0.374999959447905,-0.031250040552095015
4555,47.45729166666666,1046433,1046433.2812499999,-0.031250040552095015,0.24999995933148966
4556,47.467708333333334,1046663,1046662.96875,0.24999995933148966,0.21874995933148966
4557,47.478125,1046893,1046892.65625,0.21874995933148966,-0.12500004066851034
4558,47.48854166666666,1047122,1047122.3437499999,-0.12500004066851034,0.21874995921507434
4559,47.498958333333334,1047352,1047352.03125,0.21874995921507434,0.24999995921507434
4560,47.5,1047375,1047375.0,0.24999995921507434,0.24999995921507434
4561,47.510416666666664,1047605,1047604.6875,0.24999995921507434,-0.06250004078492566
4562,47.520833333333336,1047834,1047834.375,-0.06250004078492566,0.31249995921507434
4563,47.53125,1048064,1048064.0625,0.31249995921507434,0.37499995921507434
4564,47.541666666666664,1048294,1048293.75,0.37499995921507434,0.12499995921507434
4565,47.552083333333336,1048524,1048523.4375,0.12499995921507434,-0.43750004078492566
4566,47.571875,1048959,1048959.84375,-0.43750004078492566,0.40624995921507434
4567,47.58229166666666,1049190,1049189.53125,0.40624995921507434,-0.06250004078492566
4568,47.592708333333334,1049419,1049419.21875,-0.06250004078492566,0.15624995921507434
4569,47.603125,1049649,1049648.90625,0.15624995921507434,0.06249995921507434
4570,47.61354166666666,1049879,1049878.59375,0.06249995921507434,-0.34375004078492566
4571,47.623958333333334,1050108,1050108.28125,-0.34375004078492566,-0.06250004078492566
4572,47.625,1050131,1050131.25,-0.06250004078492566,0.18749995921507434
4573,47.635416666666664,1050361,1050360.9375,0.18749995921507434,0.12499995921507434
4574,47.645833333333336,1050591,1050590.625,0.12499995921507434,-0.25000004078492566
4575,47.65625,1050820,1050820.3125,-0.25000004078492566,0.06249995921507434
4576,47.666666666666664,1051050,1051050.0,0.06249995921507434,0.06249995921507434
4577,47.677083333333336,1051280,1051279.6875,0.06249995921507434,-0.25000004078492566
4578,47.696875,1051716,1051716.09375,-0.25000004078492566,-0.15625004078492566
4579,47.70729166666666,1051946,1051945.78125,-0.15625004078492566,-0.37500004078492566
4580,47.717708333333334,1052175,1052175.46875,-0.37500004078492566,0.09374995921507434
4581,47.728125,1052405,1052405.15625,0.09374995921507434,0.24999995921507434
4582,47.73854166666666,1052635,1052634.84375,0.24999995921507434,0.09374995921507434
4583,47.748958333333334,1052865,1052864.53125,0.09374995921507434,-0.37500004078492566
4584,47.75,1052887,1052887.5,-0.37500004078492566,0.12499995921507434
4585,47.760416666666664,1053117,1053117.1875,0.12499995921507434,0.31249995921507434
4586,47.770833333333336,1053347,1053346.875,0.31249995921507434,0.18749995921507434
4587,47.78125,1053577,1053576.5625,0.18749995921507434,-0.25000004078492566
4588,47.791666666666664,1053806,1053806.25,-0.25000004078492566,-4.078492565895431e-08
4589,47.802083333333336,1054036,1054035.9375,-4.078492565895431e-08,-0.06250004078492566
4590,47.821875,1054472,1054472.34375,-0.06250004078492566,0.28124995921507434
4591,47.83229166666666,1054702,1054702.03125,0.28124995921507434,0.31249995921507434
4592,47.842708333333334,1054932,1054931.71875,0.31249995921507434,0.03124995921507434
4593,47.853125,1055161,1055161.40625,0.03124995921507434,0.43749995921507434
4594,47.86354166666666,1055392,1055391.09375,0.43749995921507434,-0.46875004078492566
4595,47.873958333333334,1055620,1055620.78125,-0.46875004078492566,0.31249995921507434
4596,47.875,1055644,1055643.75,0.31249995921507434,0.06249995921507434
4597,47.885416666666664,1055873,1055873.4375,0.06249995921507434,0.49999995921507434
4598,47.895833333333336,1056104,1056103.125,0.49999995921507434,-0.37500004078492566
4599,47.90625,1056332,1056332.8125,-0.37500004078492566,0.43749995921507434
4600,47.916666666666664,1056563,1056562.5,0.43749995921507434,-0.06250004078492566
4601,47.927083333333336,1056792,1056792.1875,-0.06250004078492566,0.12499995921507434
4602,47.946875,1057229,1057228.59375,0.12499995921507434,-0.28125004078492566
4603,47.95729166666666,1057458,1057458.28125,-0.28125004078492566,-4.078492565895431e-08
4604,47.967708333333334,1057688,1057687.96875,-4.078492565895431e-08,-0.03125004078492566
4605,47.978125,1057918,1057917.65625,-0.03125004078492566,-0.37500004078492566
4606,47.98854166666666,1058147,1058147.34375,-0.37500004078492566,-0.03125004078492566
4607,47.998958333333334,1058377,1058377.03125,-0.03125004078492566,-4.078492565895431e-08
4608,48.0,1058400,1058400.0,-4.078492565895431e-08,-4.078492565895431e-08
4609,48.010416666666664,1058630,1058629.6875,-4.078492565895431e-08,-0.31250004078492566
4610,48.020833333333336,1058859,1058859.375,-0.31250004078492566,0.06249995921507434
4611,48.03125,1059089,1059089.0625,0.06249995921507434,0.12499995921507434
4612,48.041666666666664,1059319,1059318.75,0.12499995921507434,-0.12500004078492566
4613,48.052083333333336,1059548,1059548.4375,-0.12500004078492566,0.31249995921507434
4614,48.071875,1059985,1059984.84375,0.31249995921507434,0.15624995921507434
4615,48.08229166666666,1060215,1060214.53125,0.15624995921507434,-0.31250004078492566
4616,48.092708333333334,1060444,1060444.21875,-0.31250004078492566,-0.09375004078492566
4617,48.103125,1060674,1060673.90625,-0.09375004078492566,-0.18750004078492566
4618,48.11354166666666,1060903,1060903.59375,-0.18750004078492566,0.40624995921507434
4619,48.123958333333334,1061134,1061133.28125,0.40624995921507434,-0.31250004078492566
4620,48.125,1061156,1061156.25,-0.31250004078492566,-0.06250004078492566
4621,48.135416666666664,1061386,1061385.9375,-0.06250004078492566,-0.12500004078492566
4622,48.145833333333336,1061615,1061615.625,-0.12500004078492566,0.49999995921507434
4623,48.15625,1061846,1061845.3125,0.49999995921507434,-0.18750004078492566
4624,48.166666666666664,1062075,1062075.0,-0.18750004078492566,-0.18750004078492566
4625,48.177083333333336,1062304,1062304.6875,-0.18750004078492566,0.49999995921507434
4626,48.196875,1062742,1062741.09375,0.49999995921507434,-0.40625004078492566
4627,48.20729166666666,1062970,1062970.78125,-0.40625004078492566,0.37499995921507434
4628,48.217708333333334,1063201,1063200.46875,0.37499995921507434,-0.15625004078492566
4629,48.228125,1063430,1063430.15625,-0.15625004078492566,-4.078492565895431e-08
4630,48.23854166666666,1063660,1063659.84375,-4.078492565895431e-08,-0.15625004078492566
4631,48.248958333333334,1063889,1063889.53125,-0.15625004078492566,0.37499995921507434
4632,48.25,1063913,1063912.5,0.37499995921507434,-0.12500004078492566
4633,48.260416666666664,1064142,1064142.1875,-0.12500004078492566,0.06249995921507434
4634,48.270833333333336,1064372,1064371.875,0.06249995921507434,-0.06250004078492566
4635,48.28125,1064601,1064601.5625,-0.06250004078492566,0.49999995921507434
4636,48.291666666666664,1064832,1064831.25,0.49999995921507434,-0.25000004078492566
4637,48.302083333333336,1065061,1065060.9375,-0.25000004078492566,-0.31250004078492566
4638,48.321875,1065497,1065497.34375,-0.31250004078492566,0.03124995921507434
4639,48.33229166666666,1065727,1065727.03125,0.03124995921507434,0.06249995921507434
4640,48.342708333333334,1065957,1065956.71875,0.06249995921507434,-0.21875004078492566
4641,48.353125,1066186,1066186.40625,-0.21875004078492566,0.18749995921507434
4642,48.36354166666666,1066416,1066416.09375,0.18749995921507434,0.28124995921507434
4643,48.373958333333334,1066646,1066645.78125,0.28124995921507434,0.06249995921507434
4644,48.375,1066669,1066668.75,0.06249995921507434,-0.18750004078492566
4645,48.385416666666664,1066898,1066898.4375,-0.18750004078492566,0.24999995921507434
4646,48.395833333333336,1067128,1067128.125,0.24999995921507434,0.37499995921507434
4647,48.40625,1067358,1067357.8125,0.37499995921507434,0.18749995921507434
4648,48.416666666666664,1067588,1067587.5,0.18749995921507434,-0.31250004078492566
4649,48.427083333333336,1067817,1067817.1875,-0.31250004078492566,-0.12500004078492566
4650,48.446875,1068253,1068253.59375,-0.12500004078492566,0.46874995921507434
4651,48.45729166666666,1068484,1068483.28125,0.46874995921507434,-0.25000004078492566
4652,48.467708333333334,1068713,1068712.96875,-0.25000004078492566,-0.28125004078492566
4653,48.478125,1068942,1068942.65625,-0.28125004078492566,0.37499995921507434
4654,48.48854166666666,1069173,1069172.34375,0.37499995921507434,-0.28125004078492566
4655,48.498958333333334,1069402,1069402.03125,-0.28125004078492566,-0.25000004078492566
4656,48.5,1069425,1069425.0,-0.25000004078492566,-0.25000004078492566
4657,48.510416666666664,1069654,1069654.6875,-0.25000004078492566,0.43749995921507434
4658,48.520833333333336,1069885,1069884.375,0.43749995921507434,-0.18750004078492566
4659,48.53125,1070114,1070114.0625,-0.18750004078492566,-0.12500004078492566
4660,48.541666666666664,1070344,1070343.75,-0.12500004078492566,-0.37500004078492566
4661,48.552083333333336,1070573,1070573.4375,-0.37500004078492566,0.06249995921507434
4662,48.571875,1071010,1071009.84375,0.06249995921507434,-0.09375004078492566
4663,48.58229166666666,1071239,1071239.53125,-0.09375004078492566,0.43749995921507434
4664,48.592708333333334,1071470,1071469.21875,0.43749995921507434,-0.34375004078492566
4665,48.603125,1071699,1071698.90625,-0.34375004078492566,-0.43750004078492566
4666,48.61354166666666,1071928,1071928.59375,-0.43750004078492566,0.15624995921507434
4667,48.623958333333334,1072158,1072158.28125,0.15624995921507434,0.43749995921507434
4668,48.625,1072182,1072181.25,0.43749995921507434,-0.31250004078492566
4669,48.635416666666664,1072411,1072410.9375,-0.31250004078492566,-0.37500004078492566
4670,48.645833333333336,1072640,1072640.625,-0.37500004078492566,0.24999995921507434
4671,48.65625,1072871,1072870.3125,0.24999995921507434,-0.43750004078492566
4672,48.666666666666664,1073100,1073100.0,-0.43750004078492566,-0.43750004078492566
4673,48.677083333333336,1073329,1073329.6875,-0.43750004078492566,0.24999995921507434
4674,48.696875,1073766,1073766.09375,0.24999995921507434,0.34374995921507434
4675,48.70729166666666,1073996,1073995.78125,0.34374995921507434,0.12499995921507434
4676,48.717708333333334,1074226,1074225.46875,0.12499995921507434,-0.40625004078492566
4677,48.728125,1074455,1074455.15625,-0.40625004078492566,-0.25000004078492566
4678,48.73854166666666,1074685,1074684.84375,-0.25000004078492566,-0.40625004078492566
4679,48.748958333333334,1074914,1074914.53125,-0.40625004078492566,0.12499995921507434
4680,48.75,1074938,1074937.5,0.12499995921507434,-0.37500004078492566
4681,48.760416666666664,1075167,1075167.1875,-0.37500004078492566,-0.18750004078492566
4682,48.770833333333336,1075397,1075396.875,-0.18750004078492566,-0.31250004078492566
4683,48.78125,1075626,1075626.5625,-0.31250004078492566,0.24999995921507434
4684,48.791666666666664,1075856,1075856.25,0.24999995921507434,0.49999995921507434
4685,48.802083333333336,1076086,1076085.9375,0.49999995921507434,0.43749995921507434
4686,48.821875,1076523,1076522.34375,0.43749995921507434,-0.21875004078492566
4687,48.83229166666666,1076752,1076752.03125,-0.21875004078492566,-0.18750004078492566
4688,48.842708333333334,1076982,1076981.71875,-0.18750004078492566,-0.46875004078492566
4689,48.853125,1077211,1077211.40625,-0.46875004078492566,-0.06250004078492566
4690,48.86354166666666,1077441,1077441.09375,-0.06250004078492566,0.03124995921507434
4691,48.873958333333334,1077671,1077670.78125,0.03124995921507434,-0.18750004078492566
4692,48.875,1077694,1077693.75,-0.18750004078492566,-0.43750004078492566
4693,48.885416666666664,1077923,1077923.4375,-0.43750004078492566,-4.078492565895431e-08
4694,48.895833333333336,1078153,1078153.125,-4.078492565895431e-08,0.12499995921507434
4695,48.90625,1078383,1078382.8125,0.12499995921507434,-0.06250004078492566
4696,48.916666666666664,1078612,1078612.5,-0.06250004078492566,0.43749995921507434
4697,48.927083333333336,1078843,1078842.1875,0.43749995921507434,-0.37500004078492566
4698,48.946875,1079278,1079278.59375,-0.37500004078492566,0.21874995921507434
4699,48.95729166666666,1079508,1079508.28125,0.21874995921507434,0.49999995921507434
4700,48.967708333333334,1079738,1079737.96875,0.49999995921507434,0.46874995921507434
4701,48.978125,1079968,1079967.65625,0.46874995921507434,0.12499995921507434
4702,48.98854166666666,1080197,1080197.34375,0.12499995921507434,0.46874995921507434
4703,48.998958333333334,1080427,1080427.03125,0.46874995921507434,0.49999995921507434
4704,49.0,1080450,1080450.0,0.49999995921507434,0.49999995921507434
4705,49.010416666666664,1080680,1080679.6875,0.49999995921507434,0.18749995921507434
4706,49.020833333333336,1080910,1080909.375,0.18749995921507434,-0.43750004078492566
4707,49.03125,1081139,1081139.0625,-0.43750004078492566,-0.37500004078492566
4708,49.041666666666664,1081368,1081368.75,-0.37500004078492566,0.37499995921507434
4709,49.052083333333336,1081599,1081598.4375,0.37499995921507434,-0.18750004078492566
4710,49.071875,1082035,1082034.84375,-0.18750004078492566,-0.34375004078492566
4711,49.08229166666666,1082264,1082264.53125,-0.34375004078492566,0.18749995921507434
4712,49.092708333333334,1082494,1082494.21875,0.18749995921507434,0.40624995921507434
4713,49.103125,1082724,1082723.90625,0.40624995921507434,0.31249995921507434
4714,49.11354166666666,1082954,1082953.59375,0.31249995921507434,-0.09375004078492566
4715,49.123958333333334,1083183,1083183.28125,-0.09375004078492566,0.18749995921507434
4716,49.125,1083206,1083206.25,0.18749995921507434,0.43749995921507434
4717,49.135416666666664,1083436,1083435.9375,0.43749995921507434,0.37499995921507434
4718,49.145833333333336,1083666,1083665.625,0.37499995921507434,-4.078492565895431e-08
4719,49.15625,1083895,1083895.3125,-4.078492565895431e-08,0.31249995921507434
4720,49.166666666666664,1084125,1084125.0,0.31249995921507434,0.31249995921507434
4721,49.177083333333336,1084355,1084354.6875,0.31249995921507434,-4.078492565895431e-08
4722,49.196875,1084791,1084791.09375,-4.078492565895431e-08,0.09374995921507434
4723,49.20729166666666,1085021,1085020.78125,0.09374995921507434,-0.12500004078492566
4724,49.217708333333334,1085250,1085250.46875,-0.12500004078492566,0.34374995921507434
4725,49.228125,1085480,1085480.15625,0.34374995921507434,0.49999995921507434
4726,49.23854166666666,1085710,1085709.84375,0.49999995921507434,0.34374995921507434
4727,49.248958333333334,1085940,1085939.53125,0.34374995921507434,-0.12500004078492566
4728,49.25,1085962,1085962.5,-0.12500004078492566,0.37499995921507434
4729,49.260416666666664,1086193,1086192.1875,0.37499995921507434,-0.43750004078492566
4730,49.270833333333336,1086421,1086421.875,-0.43750004078492566,0.43749995921507434
4731,49.28125,1086652,1086651.5625,0.43749995921507434,-4.078492565895431e-08
4732,49.291666666666664,1086881,1086881.25,-4.078492565895431e-08,0.24999995921507434
4733,49.302083333333336,1087111,1087110.9375,0.24999995921507434,0.18749995921507434
4734,49.321875,1087548,1087547.34375,0.18749995921507434,-0.46875004078492566
4735,49.33229166666666,1087777,1087777.03125,-0.46875004078492566,-0.43750004078492566
4736,49.342708333333334,1088006,1088006.71875,-0.43750004078492566,0.28124995921507434
4737,49.353125,1088237,1088236.40625,0.28124995921507434,-0.31250004078492566
4738,49.36354166666666,1088466,1088466.09375,-0.31250004078492566,-0.21875004078492566
4739,49.373958333333334,1088696,1088695.78125,-0.21875004078492566,-0.43750004078492566
4740,49.375,1088718,1088718.75,-0.43750004078492566,0.31249995921507434
4741,49.385416666666664,1088949,1088948.4375,0.31249995921507434,-0.25000004078492566
4742,49.395833333333336,1089178,1089178.125,-0.25000004078492566,-0.12500004078492566
4743,49.40625,1089408,1089407.8125,-0.12500004078492566,-0.31250004078492566
4744,49.416666666666664,1089637,1089637.5,-0.31250004078492566,0.18749995921507434
4745,49.427083333333336,1089867,1089867.1875,0.18749995921507434,0.37499995921507434
4746,49.446875,1090304,1090303.59375,0.37499995921507434,-0.03125004078492566
4747,49.45729166666666,1090533,1090533.28125,-0.03125004078492566,0.24999995921507434
4748,49.467708333333334,1090763,1090762.96875,0.24999995921507434,0.21874995921507434
4749,49.478125,1090993,1090992.65625,0.21874995921507434,-0.12500004078492566
4750,49.48854166666666,1091222,1091222.34375,-0.12500004078492566,0.21874995921507434
4751,49.498958333333334,1091452,1091452.03125,0.21874995921507434,0.24999995921507434
4752,49.5,1091475,1091475.0,0.24999995921507434,0.24999995921507434
4753,49.510416666666664,1091705,1091704.6875,0.24999995921507434,-0.06250004078492566
4754,49.520833333333336,1091934,1091934.375,-0.06250004078492566,0.31249995921507434
4755,49.53125,1092164,1092164.0625,0.31249995921507434,0.37499995921507434
4756,49.541666666666664,1092394,1092393.75,0.37499995921507434,0.12499995921507434
4757,49.552083333333336,1092624,1092623.4375,0.12499995921507434,-0.43750004078492566
4758,49.571875,1093059,1093059.84375,-0.43750004078492566,0.40624995921507434
4759,49.58229166666666,1093290,1093289.53125,0.40624995921507434,-0.06250004078492566
4760,49.592708333333334,1093519,1093519.21875,-0.06250004078492566,0.15624995921507434
4761,49.603125,1093749,1093748.90625,0.15624995921507434,0.06249995921507434
4762,49.61354166666666,1093979,1093978.59375,0.06249995921507434,-0.34375004078492566
4763,49.623958333333334,1094208,1094208.28125,-0.34375004078492566,-0.06250004078492566
4764,49.625,1094231,1094231.25,-0.06250004078492566,0.18749995921507434
4765,49.635416666666664,1094461,1094460.9375,0.18749995921507434,0.12499995921507434
4766,49.645833333333336,1094691,1094690.625,0.12499995921507434,-0.25000004078492566
4767,49.65625,1094920,1094920.3125,-0.25000004078492566,0.06249995921507434
4768,49.666666666666664,1095150,1095150.0,0.06249995921507434,0.06249995921507434
4769,49.677083333333336,1095380,1095379.6875,0.06249995921507434,-0.25000004078492566
4770,49.696875,1095816,1095816.09375,-0.25000004078492566,-0.15625004078492566
4771,49.70729166666666,1096046,1096045.78125,-0.15625004078492566,-0.37500004078492566
4772,49.717708333333334,1096275,1096275.46875,-0.37500004078492566,0.09374995921507434
4773,49.728125,1096505,1096505.15625,0.09374995921507434,0.24999995921507434
4774,49.73854166666666,1096735,1096734.84375,0.24999995921507434,0.09374995921507434
4775,49.748958333333334,1096965,1096964.53125,0.09374995921507434,-0.37500004078492566
4776,49.75,1096987,1096987.5,-0.37500004078492566,0.12499995921507434
4777,49.760416666666664,1097217,1097217.1875,0.12499995921507434,0.31249995921507434
4778,49.770833333333336,1097447,1097446.875,0.31249995921507434,0.18749995921507434
4779,49.78125,1097677,1097676.5625,0.18749995921507434,-0.25000004078492566
4780,49.791666666666664,1097906,1097906.25,-0.25000004078492566,-4.078492565895431e-08
4781,49.802083333333336,1098136,1098135.9375,-4.078492565895431e-08,-0.06250004078492566
4782,49.821875,1098572,1098572.34375,-0.06250004078492566,0.28124995921507434
4783,49.83229166666666,1098802,1098802.03125,0.28124995921507434,0.31249995921507434
4784,49.842708333333334,1099032,1099031.71875,0.31249995921507434,0.03124995921507434
4785,49.853125,1099261,1099261.40625,0.03124995921507434,0.43749995921507434
4786,49.86354166666666,1099492,1099491.09375,0.43749995921507434,-0.46875004078492566
4787,49.873958333333334,1099720,1099720.78125,-0.46875004078492566,0.31249995921507434
4788,49.875,1099744,1099743.75,0.31249995921507434,0.06249995921507434
4789,49.885416666666664,1099973,1099973.4375,0.06249995921507434,0.49999995921507434
4790,49.895833333333336,1100204,1100203.125,0.49999995921507434,-0.37500004078492566
4791,49.90625,1100432,1100432.8125,-0.37500004078492566,0.43749995921507434
4792,49.916666666666664,1100663,1100662.5,0.43749995921507434,-0.06250004078492566
4793,49.927083333333336,1100892,1100892.1875,-0.06250004078492566,0.12499995921507434
4794,49.946875,1101329,1101328.59375,0.12499995921507434,-0.28125004078492566
4795,49.95729166666666,1101558,1101558.28125,-0.28125004078492566,-4.078492565895431e-08
4796,49.967708333333334,1101788,1101787.96875,-4.078492565895431e-08,-0.03125004078492566
4797,49.978125,1102018,1102017.65625,-0.03125004078492566,-0.37500004078492566
4798,49.98854166666666,1102247,1102247.34375,-0.37500004078492566,-0.03125004078492566
4799,49.998958333333334,1102477,1102477.03125,-0.03125004078492566,-4.078492565895431e-08
4800,50.0,1102500,1102500.0,-4.078492565895431e-08,-4.078492565895431e-08
4801,50.010416666666664,1102730,1102729.6875,-4.078492565895431e-08,-0.31250004078492566
4802,50.020833333333336,1102959,1102959.375,-0.31250004078492566,0.06249995921507434
4803,50.03125,1103189,1103189.0625,0.06249995921507434,0.12499995921507434
4804,50.041666666666664,1103419,1103418.75,0.12499995921507434,-0.12500004078492566
4805,50.052083333333336,1103648,1103648.4375,-0.12500004078492566,0.31249995921507434
4806,50.071875,1104085,1104084.84375,0.31249995921507434,0.15624995921507434
4807,50.08229166666666,1104315,1104314.53125,0.15624995921507434,-0.31250004078492566
4808,50.092708333333334,1104544,1104544.21875,-0.31250004078492566,-0.09375004078492566
4809,50.103125,1104774,1104773.90625,-0.09375004078492566,-0.18750004078492566
4810,50.11354166666666,1105003,1105003.59375,-0.18750004078492566,0.40624995921507434
4811,50.123958333333334,1105234,1105233.28125,0.40624995921507434,-0.31250004078492566
4812,50.125,1105256,1105256.25,-0.31250004078492566,-0.06250004078492566
4813,50.135416666666664,1105486,1105485.9375,-0.06250004078492566,-0.12500004078492566
4814,50.145833333333336,1105715,1105715.625,-0.12500004078492566,0.49999995921507434
4815,50.15625,1105946,1105945.3125,0.49999995921507434,-0.18750004078492566
4816,50.166666666666664,1106175,1106175.0,-0.18750004078492566,-0.18750004078492566
4817,50.177083333333336,1106404,1106404.6875,-0.18750004078492566,0.49999995921507434
4818,50.196875,1106842,1106841.09375,0.49999995921507434,-0.40625004078492566
4819,50.20729166666666,1107070,1107070.78125,-0.40625004078492566,0.37499995921507434
4820,50.217708333333334,1107301,1107300.46875,0.37499995921507434,-0.15625004078492566
4821,50.228125,1107530,1107530.15625,-0.15625004078492566,-4.078492565895431e-08
4822,50.23854166666666,1107760,1107759.84375,-4.078492565895431e-08,-0.15625004078492566
4823,50.248958333333334,1107989,1107989.53125,-0.15625004078492566,0.37499995921507434
4824,50.25,1108013,1108012.5,0.37499995921507434,-0.12500004078492566
4825,50.260416666666664,1108242,1108242.1875,-0.12500004078492566,0.06249995921507434
4826,50.270833333333336,1108472,1108471.875,0.06249995921507434,-0.06250004078492566
4827,50.28125,1108701,1108701.5625,-0.06250004078492566,0.49999995921507434
4828,50.291666666666664,1108932,1108931.25,0.49999995921507434,-0.25000004078492566
4829,50.302083333333336,1109161,1109160.9375,-0.25000004078492566,-0.31250004078492566
4830,50.321875,1109597,1109597.34375,-0.31250004078492566,0.03124995921507434
4831,50.33229166666666,1109827,1109827.03125,0.03124995921507434,0.06249995921507434
4832,50.342708333333334,1110057,1110056.71875,0.06249995921507434,-0.21875004078492566
4833,50.353125,1110286,1110286.40625,-0.21875004078492566,0.18749995921507434
4834,50.36354166666666,1110516,1110516.09375,0.18749995921507434,0.28124995921507434
4835,50.373958333333334,1110746,1110745.78125,0.28124995921507434,0.06249995921507434
4836,50.375,1110769,1110768.75,0.06249995921507434,-0.18750004078492566
4837,50.385416666666664,1110998,1110998.4375,-0.18750004078492566,0.24999995921507434
4838,50.395833333333336,1111228,1111228.125,0.24999995921507434,0.37499995921507434
4839,50.40625,1111458,1111457.8125,0.37499995921507434,0.18749995921507434
4840,50.416666666666664,1111688,1111687.5,0.18749995921507434,-0.31250004078492566
4841,50.427083333333336,1111917,1111917.1875,-0.31250004078492566,-0.12500004078492566
4842,50.446875,1112353,1112353.59375,-0.12500004078492566,0.46874995921507434
4843,50.45729166666666,1112584,1112583.28125,0.46874995921507434,-0.25000004078492566
4844,50.467708333333334,1112813,1112812.96875,-0.25000004078492566,-0.28125004078492566
4845,50.478125,1113042,1113042.65625,-0.28125004078492566,0.37499995921507434
4846,50.48854166666666,1113273,1113272.34375,0.37499995921507434,-0.28125004078492566
4847,50.498958333333334,1113502,1113502.03125,-0.28125004078492566,-0.25000004078492566
4848,50.5,1113525,1113525.0,-0.25000004078492566,-0.25000004078492566
4849,50.510416666666664,1113754,1113754.6875,-0.25000004078492566,0.43749995921507434
4850,50.520833333333336,1113985,1113984.375,0.43749995921507434,-0.18750004078492566
4851,50.53125,1114214,1114214.0625,-0.18750004078492566,-0.12500004078492566
4852,50.541666666666664,1114444,1114443.75,-0.12500004078492566,-0.37500004078492566
4853,50.552083333333336,1114673,1114673.4375,-0.37500004078492566,0.06249995921507434
4854,50.571875,1115110,1115109.84375,0.06249995921507434,-0.09375004078492566
4855,50.58229166666666,1115339,1115339.53125,-0.09375004078492566,0.43749995921507434
4856,50.592708333333334,1115570,1115569.21875,0.43749995921507434,-0.34375004078492566
4857,50.603125,1115799,1115798.90625,-0.34375004078492566,-0.43750004078492566
4858,50.61354166666666,1116028,1116028.59375,-0.43750004078492566,0.15624995921507434
4859,50.623958333333334,1116258,1116258.28125,0.15624995921507434,0.43749995921507434
4860,50.625,1116282,1116281.25,0.43749995921507434,-0.31250004078492566
4861,50.635416666666664,1116511,1116510.9375,-0.31250004078492566,-0.37500004078492566
4862,50.645833333333336,1116740,1116740.625,-0.37500004078492566,0.24999995921507434
4863,50.65625,1116971,1116970.3125,0.24999995921507434,-0.43750004078492566
4864,50.666666666666664,1117200,1117200.0,-0.43750004078492566,-0.43750004078492566
4865,50.677083333333336,1117429,1117429.6875,-0.43750004078492566,0.24999995921507434
4866,50.696875,1117866,1117866.09375,0.24999995921507434,0.34374995921507434
4867,50.70729166666666,1118096,1118095.78125,0.34374995921507434,0.12499995921507434
4868,50.717708333333334,1118326,1118325.46875,0.12499995921507434,-0.40625004078492566
4869,50.728125,1118555,1118555.15625,-0.40625004078492566,-0.25000004078492566
4870,50.73854166666666,1118785,1118784.84375,-0.25000004078492566,-0.40625004078492566
4871,50.748958333333334,1119014,1119014.53125,-0.40625004078492566,0.12499995921507434
4872,50.75,1119038,1119037.5,0.12499995921507434,-0.37500004078492566
4873,50.760416666666664,1119267,1119267.1875,-0.37500004078492566,-0.18750004078492566
4874,50.770833333333336,1119497,1119496.875,-0.18750004078492566,-0.31250004078492566
4875,50.78125,1119726,1119726.5625,-0.31250004078492566,0.24999995921507434
4876,50.791666666666664,1119956,1119956.25,0.24999995921507434,0.49999995921507434
4877,50.802083333333336,1120186,1120185.9375,0.49999995921507434,0.43749995921507434
4878,50.821875,1120623,1120622.34375,0.43749995921507434,-0.21875004078492566
4879,50.83229166666666,1120852,1120852.03125,-0.21875004078492566,-0.18750004078492566
4880,50.842708333333334,1121082,1121081.71875,-0.18750004078492566,-0.46875004078492566
4881,50.853125,1121311,1121311.40625,-0.46875004078492566,-0.06250004078492566
4882,50.86354166666666,1121541,1121541.09375,-0.06250004078492566,0.03124995921507434
4883,50.873958333333334,1121771,1121770.78125,0.03124995921507434,-0.18750004078492566
4884,50.875,1121794,1121793.75,-0.18750004078492566,-0.43750004078492566
4885,50.885416666666664,1122023,1122023.4375,-0.43750004078492566,-4.078492565895431e-08
4886,50.895833333333336,1122253,1122253.125,-4.078492565895431e-08,0.12499995921507434
4887,50.90625,1122483,1122482.8125,0.12499995921507434,-0.06250004078492566
4888,50.916666666666664,1122712,1122712.5,-0.06250004078492566,0.43749995921507434
4889,50.927083333333336,1122943,1122942.1875,0.43749995921507434,-0.37500004078492566
4890,50.946875,1123378,1123378.59375,-0.37500004078492566,0.21874995921507434
4891,50.95729166666666,1123608,1123608.28125,0.21874995921507434,0.49999995921507434
4892,50.967708333333334,1123838,1123837.96875,0.49999995921507434,0.46874995921507434
4893,50.978125,1124068,1124067.65625,0.46874995921507434,0.12499995921507434
4894,50.98854166666666,1124297,1124297.34375,0.12499995921507434,0.46874995921507434
4895,50.998958333333334,1124527,1124527.03125,0.46874995921507434,0.49999995921507434
4896,51.0,1124550,1124550.0,0.49999995921507434,0.49999995921507434
4897,51.010416666666664,1124780,1124779.6875,0.49999995921507434,0.18749995921507434
4898,51.020833333333336,1125010,1125009.375,0.18749995921507434,-0.43750004078492566
4899,51.03125,1125239,1125239.0625,-0.43750004078492566,-0.37500004078492566
4900,51.041666666666664,1125468,1125468.75,-0.37500004078492566,0.37499995921507434
4901,51.052083333333336,1125699,1125698.4375,0.37499995921507434,-0.18750004078492566
4902,51.071875,1126135,1126134.84375,-0.18750004078492566,-0.34375004078492566
4903,51.08229166666666,1126364,1126364.53125,-0.34375004078492566,0.18749995921507434
4904,51.092708333333334,1126594,1126594.21875,0.18749995921507434,0.40624995921507434
4905,51.103125,1126824,1126823.90625,0.40624995921507434,0.31249995921507434
4906,51.11354166666666,1127054,1127053.59375,0.31249995921507434,-0.09375004078492566
4907,51.123958333333334,1127283,1127283.28125,-0.09375004078492566,0.18749995921507434
4908,51.125,1127306,1127306.25,0.18749995921507434,0.43749995921507434
4909,51.135416666666664,1127536,1127535.9375,0.43749995921507434,0.37499995921507434
4910,51.145833333333336,1127766,1127765.625,0.37499995921507434,-4.078492565895431e-08
4911,51.15625,1127995,1127995.3125,-4.078492565895431e-08,0.31249995921507434
4912,51.166666666666664,1128225,1128225.0,0.31249995921507434,0.31249995921507434
4913,51.177083333333336,1128455,1128454.6875,0.31249995921507434,-4.078492565895431e-08
4914,51.196875,1128891,1128891.09375,-4.078492565895431e-08,0.09374995921507434
4915,51.20729166666666,1129121,1129120.78125,0.09374995921507434,-0.12500004078492566
4916,51.217708333333334,1129350,1129350.46875,-0.12500004078492566,0.34374995921507434
4917,51.228125,1129580,1129580.15625,0.34374995921507434,0.49999995921507434
4918,51.23854166666666,1129810,1129809.84375,0.49999995921507434,0.34374995921507434
4919,51.248958333333334,1130040,1130039.53125,0.34374995921507434,-0.12500004078492566
4920,51.25,1130062,1130062.5,-0.12500004078492566,0.37499995921507434
4921,51.260416666666664,1130293,1130292.1875,0.37499995921507434,-0.43750004078492566
4922,51.270833333333336,1130521,1130521.875,-0.43750004078492566,0.43749995921507434
4923,51.28125,1130752,1130751.5625,0.43749995921507434,-4.078492565895431e-08
4924,51.291666666666664,1130981,1130981.25,-4.078492565895431e-08,0.24999995921507434
4925,51.302083333333336,1131211,1131210.9375,0.24999995921507434,0.18749995921507434
4926,51.321875,1131648,1131647.34375,0.18749995921507434,-0.46875004078492566
4927,51.33229166666666,1131877,1131877.03125,-0.46875004078492566,-0.43750004078492566
4928,51.342708333333334,1132106,1132106.71875,-0.43750004078492566,0.28124995921507434
4929,51.353125,1132337,1132336.40625,0.28124995921507434,-0.31250004078492566
4930,51.36354166666666,1132566,1132566.09375,-0.31250004078492566,-0.21875004078492566
4931,51.373958333333334,1132796,1132795.78125,-0.21875004078492566,-0.43750004078492566
4932,51.375,1132818,1132818.75,-0.43750004078492566,0.31249995921507434
4933,51.385416666666664,1133049,1133048.4375,0.31249995921507434,-0.25000004078492566
4934,51.395833333333336,1133278,1133278.125,-0.25000004078492566,-0.12500004078492566
4935,51.40625,1133508,1133507.8125,-0.12500004078492566,-0.31250004078492566
4936,51.416666666666664,1133737,1133737.5,-0.31250004078492566,0.18749995921507434
4937,51.427083333333336,1133967,1133967.1875,0.18749995921507434,0.37499995921507434
4938,51.446875,1134404,1134403.59375,0.37499995921507434,-0.03125004078492566
4939,51.45729166666666,1134633,1134633.28125,-0.03125004078492566,0.24999995921507434
4940,51.467708333333334,1134863,1134862.96875,0.24999995921507434,0.21874995921507434
4941,51.478125,1135093,1135092.65625,0.21874995921507434,-0.12500004078492566
4942,51.48854166666666,1135322,1135322.34375,-0.12500004078492566,0.21874995921507434
4943,51.498958333333334,1135552,1135552.03125,0.21874995921507434,0.24999995921507434
4944,51.5,1135575,1135575.0,0.24999995921507434,0.24999995921507434
4945,51.510416666666664,1135805,1135804.6875,0.24999995921507434,-0.06250004078492566
4946,51.520833333333336,1136034,1136034.375,-0.06250004078492566,0.31249995921507434
4947,51.53125,1136264,1136264.0625,0.31249995921507434,0.37499995921507434
4948,51.541666666666664,1136494,1136493.75,0.37499995921507434,0.12499995921507434
4949,51.552083333333336,1136724,1136723.4375,0.12499995921507434,-0.43750004078492566
4950,51.571875,1137159,1137159.84375,-0.43750004078492566,0.40624995921507434
4951,51.58229166666666,1137390,1137389.53125,0.40624995921507434,-0.06250004078492566
4952,51.592708333333334,1137619,1137619.21875,-0.06250004078492566,0.15624995921507434
4953,51.603125,1137849,1137848.90625,0.15624995921507434,0.06249995921507434
4954,51.61354166666666,1138079,1138078.59375,0.06249995921507434,-0.34375004078492566
4955,51.623958333333334,1138308,1138308.28125,-0.34375004078492566,-0.06250004078492566
4956,51.625,1138331,1138331.25,-0.06250004078492566,0.18749995921507434
4957,51.635416666666664,1138561,1138560.9375,0.18749995921507434,0.12499995921507434
4958,51.645833333333336,1138791,1138790.625,0.12499995921507434,-0.25000004078492566
4959,51.65625,1139020,1139020.3125,-0.25000004078492566,0.06249995921507434
4960,51.666666666666664,1139250,1139250.0,0.06249995921507434,0.06249995921507434
4961,51.677083333333336,1139480,1139479.6875,0.06249995921507434,-0.25000004078492566
4962,51.696875,1139916,1139916.09375,-0.25000004078492566,-0.15625004078492566
4963,51.70729166666666,1140146,1140145.78125,-0.15625004078492566,-0.37500004078492566
4964,51.717708333333334,1140375,1140375.46875,-0.37500004078492566,0.09374995921507434
4965,51.728125,1140605,1140605.15625,0.09374995921507434,0.24999995921507434
4966,51.73854166666666,1140835,1140834.84375,0.24999995921507434,0.09374995921507434
4967,51.748958333333334,1141065,1141064.53125,0.09374995921507434,-0.37500004078492566
4968,51.75,1141087,1141087.5,-0.37500004078492566,0.12499995921507434
4969,51.760416666666664,1141317,1141317.1875,0.12499995921507434,0.31249995921507434
4970,51.770833333333336,1141547,1141546.875,0.31249995921507434,0.18749995921507434
4971,51.78125,1141777,1141776.5625,0.18749995921507434,-0.25000004078492566
4972,51.791666666666664,1142006,1142006.25,-0.25000004078492566,-4.078492565895431e-08
4973,51.802083333333336,1142236,1142235.9375,-4.078492565895431e-08,-0.06250004078492566
4974,51.821875,1142672,1142672.34375,-0.06250004078492566,0.28124995921507434
4975,51.83229166666666,1142902,1142902.03125,0.28124995921507434,0.31249995921507434
4976,51.842708333333334,1143132,1143131.71875,0.31249995921507434,0.03124995921507434
4977,51.853125,1143361,1143361.40625,0.03124995921507434,0.43749995921507434
4978,51.86354166666666,1143592,1143591.09375,0.43749995921507434,-0.46875004078492566
4979,51.873958333333334,1143820,1143820.78125,-0.46875004078492566,0.31249995921507434
4980,51.875,1143844,1143843.75,0.31249995921507434,0.06249995921507434
4981,51.885416666666664,1144073,1144073.4375,0.06249995921507434,0.49999995921507434
4982,51.895833333333336,1144304,1144303.125,0.49999995921507434,-0.37500004078492566
4983,51.90625,1144532,1144532.8125,-0.37500004078492566,0.43749995921507434
4984,51.916666666666664,1144763,1144762.5,0.43749995921507434,-0.06250004078492566
4985,51.927083333333336,1144992,1144992.1875,-0.06250004078492566,0.12499995921507434
4986,51.946875,1145429,1145428.59375,0.12499995921507434,-0.28125004078492566
4987,51.95729166666666,1145658,1145658.28125,-0.28125004078492566,-4.078492565895431e-08
4988,51.967708333333334,1145888,1145887.96875,-4.078492565895431e-08,-0.03125004078492566
4989,51.978125,1146118,1146117.65625,-0.03125004078492566,-0.37500004078492566
4990,51.98854166666666,1146347,1146347.34375,-0.37500004078492566,-0.03125004078492566
4991,51.998958333333334,1146577,1146577.03125,-0.03125004078492566,-4.078492565895431e-08
4992,52.0,1146600,1146600.0,-4.078492565895431e-08,-4.078492565895431e-08
4993,52.010416666666664,1146830,1146829.6875,-4.078492565895431e-08,-0.31250004078492566
4994,52.020833333333336,1147059,1147059.375,-0.31250004078492566,0.06249995921507434
4995,52.03125,1147289,1147289.0625,0.06249995921507434,0.12499995921507434
4996,52.041666666666664,1147519,1147518.75,0.12499995921507434,-0.12500004078492566
4997,52.052083333333336,1147748,1147748.4375,-0.12500004078492566,0.31249995921507434
4998,52.071875,1148185,1148184.84375,0.31249995921507434,0.15624995921507434
4999,52.08229166666666,1148415,1148414.53125,0.15624995921507434,-0.31250004078492566
5000,52.092708333333334,1148644,1148644.21875,-0.31250004078492566,-0.09375004078492566
5001,52.103125,1148874,1148873.90625,-0.09375004078492566,-0.18750004078492566
5002,52.11354166666666,1149103,1149103.59375,-0.18750004078492566,0.40624995921507434
5003,52.123958333333334,1149334,1149333.28125,0.40624995921507434,-0.31250004078492566
5004,52.125,1149356,1149356.25,-0.31250004078492566,-0.06250004078492566
5005,52.135416666666664,1149586,1149585.9375,-0.06250004078492566,-0.12500004078492566
5006,52.145833333333336,1149815,1149815.625,-0.12500004078492566,0.49999995921507434
5007,52.15625,1150046,1150045.3125,0.49999995921507434,-0.18750004078492566
5008,52.166666666666664,1150275,1150275.0,-0.18750004078492566,-0.18750004078492566
5009,52.177083333333336,1150504,1150504.6875,-0.18750004078492566,0.49999995921507434
5010,52.196875,1150942,1150941.09375,0.49999995921507434,-0.40625004078492566
5011,52.20729166666666,1151170,1151170.78125,-0.40625004078492566,0.37499995921507434
5012,52.217708333333334,1151401,1151400.46875,0.37499995921507434,-0.15625004078492566
5013,52.228125,1151630,1151630.15625,-0.15625004078492566,-4.078492565895431e-08
5014,52.23854166666666,1151860,1151859.84375,-4.078492565895431e-08,-0.15625004078492566
5015,52.248958333333334,1152089,1152089.53125,-0.15625004078492566,0.37499995921507434
5016,52.25,1152113,1152112.5,0.37499995921507434,-0.12500004078492566
5017,52.260416666666664,1152342,1152342.1875,-0.12500004078492566,0.06249995921507434
5018,52.270833333333336,1152572,1152571.875,0.06249995921507434,-0.06250004078492566
5019,52.28125,1152801,1152801.5625,-0.06250004078492566,0.49999995921507434
5020,52.291666666666664,1153032,1153031.25,0.49999995921507434,-0.25000004078492566
5021,52.302083333333336,1153261,1153260.9375,-0.25000004078492566,-0.31250004078492566
5022,52.321875,1153697,1153697.34375,-0.31250004078492566,0.03124995921507434
5023,52.33229166666666,1153927,1153927.03125,0.03124995921507434,0.06249995921507434
5024,52.342708333333334,1154157,1154156.71875,0.06249995921507434,-0.21875004078492566
5025,52.353125,1154386,1154386.40625,-0.21875004078492566,0.18749995921507434
5026,52.36354166666666,1154616,1154616.09375,0.18749995921507434,0.28124995921507434
5027,52.373958333333334,1154846,1154845.78125,0.28124995921507434,0.06249995921507434
5028,52.375,1154869,1154868.75,0.06249995921507434,-0.18750004078492566
5029,52.385416666666664,1155098,1155098.4375,-0.18750004078492566,0.24999995921507434
5030,52.395833333333336,1155328,1155328.125,0.24999995921507434,0.37499995921507434
5031,52.40625,1155558,1155557.8125,0.37499995921507434,0.18749995921507434
5032,52.416666666666664,1155788,1155787.5,0.18749995921507434,-0.31250004078492566
5033,52.427083333333336,1156017,1156017.1875,-0.31250004078492566,-0.12500004078492566
5034,52.446875,1156453,1156453.59375,-0.12500004078492566,0.46874995921507434
5035,52.45729166666666,1156684,1156683.28125,0.46874995921507434,-0.25000004078492566
5036,52.467708333333334,1156913,1156912.96875,-0.25000004078492566,-0.28125004078492566
5037,52.478125,1157142,1157142.65625,-0.28125004078492566,0.37499995921507434
5038,52.48854166666666,1157373,1157372.34375,0.37499995921507434,-0.28125004078492566
5039,52.498958333333334,1157602,1157602.03125,-0.28125004078492566,-0.25000004078492566
5040,52.5,1157625,1157625.0,-0.25000004078492566,-0.25000004078492566
5041,52.510416666666664,1157854,1157854.6875,-0.25000004078492566,0.43749995921507434
5042,52.520833333333336,1158085,1158084.375,0.43749995921507434,-0.18750004078492566
5043,52.53125,1158314,1158314.0625,-0.18750004078492566,-0.12500004078492566
5044,52.541666666666664,1158544,1158543.75,-0.12500004078492566,-0.37500004078492566
5045,52.552083333333336,1158773,1158773.4375,-0.37500004078492566,0.06249995921507434
5046,52.571875,1159210,1159209.84375,0.06249995921507434,-0.09375004078492566
5047,52.58229166666666,1159439,1159439.53125,-0.09375004078492566,0.43749995921507434
5048,52.592708333333334,1159670,1159669.21875,0.43749995921507434,-0.34375004078492566
5049,52.603125,1159899,1159898.90625,-0.34375004078492566,-0.43750004078492566
5050,52.61354166666666,1160128,1160128.59375,-0.43750004078492566,0.15624995921507434
5051,52.623958333333334,1160358,1160358.28125,0.15624995921507434,0.43749995921507434
5052,52.625,1160382,1160381.25,0.43749995921507434,-0.31250004078492566
5053,52.635416666666664,1160611,1160610.9375,-0.31250004078492566,-0.37500004078492566
5054,52.645833333333336,1160840,1160840.625,-0.37500004078492566,0.24999995921507434
5055,52.65625,1161071,1161070.3125,0.24999995921507434,-0.43750004078492566
5056,52.666666666666664,1161300,1161300.0,-0.43750004078492566,-0.43750004078492566
5057,52.677083333333336,1161529,1161529.6875,-0.43750004078492566,0.24999995921507434
5058,52.696875,1161966,1161966.09375,0.24999995921507434,0.34374995921507434
5059,52.70729166666666,1162196,1162195.78125,0.34374995921507434,0.12499995921507434
5060,52.717708333333334,1162426,1162425.46875,0.12499995921507434,-0.40625004078492566
5061,52.728125,1162655,1162655.15625,-0.40625004078492566,-0.25000004078492566
5062,52.73854166666666,1162885,1162884.84375,-0.25000004078492566,-0.40625004078492566
5063,52.748958333333334,1163114,1163114.53125,-0.40625004078492566,0.12499995921507434
5064,52.75,1163138,1163137.5,0.12499995921507434,-0.37500004078492566
5065,52.760416666666664,1163367,1163367.1875,-0.37500004078492566,-0.18750004078492566
5066,52.770833333333336,1163597,1163596.875,-0.18750004078492566,-0.31250004078492566
5067,52.78125,1163826,1163826.5625,-0.31250004078492566,0.24999995921507434
5068,52.791666666666664,1164056,1164056.25,0.24999995921507434,0.49999995921507434
5069,52.802083333333336,1164286,1164285.9375,0.49999995921507434,0.43749995921507434
5070,52.821875,1164723,1164722.34375,0.43749995921507434,-0.21875004078492566
5071,52.83229166666666,1164952,1164952.03125,-0.21875004078492566,-0.18750004078492566
5072,52.842708333333334,1165182,1165181.71875,-0.18750004078492566,-0.46875004078492566
5073,52.853125,1165411,1165411.40625,-0.46875004078492566,-0.06250004078492566
5074,52.86354166666666,1165641,1165641.09375,-0.06250004078492566,0.03124995921507434
5075,52.873958333333334,1165871,1165870.78125,0.03124995921507434,-0.18750004078492566
5076,52.875,1165894,1165893.75,-0.18750004078492566,-0.43750004078492566
5077,52.885416666666664,1166123,1166123.4375,-0.43750004078492566,-4.078492565895431e-08
5078,52.895833333333336,1166353,1166353.125,-4.078492565895431e-08,0.12499995921507434
5079,52.90625,1166583,1166582.8125,0.12499995921507434,-0.06250004078492566
5080,52.916666666666664,1166812,1166812.5,-0.06250004078492566,0.43749995921507434
5081,52.927083333333336,1167043,1167042.1875,0.43749995921507434,-0.37500004078492566
5082,52.946875,1167478,1167478.59375,-0.37500004078492566,0.21874995921507434
5083,52.95729166666666,1167708,1167708.28125,0.21874995921507434,0.49999995921507434
5084,52.967708333333334,1167938,1167937.96875,0.49999995921507434,0.46874995921507434
5085,52.978125,1168168,1168167.65625,0.46874995921507434,0.12499995921507434
5086,52.98854166666666,1168397,1168397.34375,0.12499995921507434,0.46874995921507434
5087,52.998958333333334,1168627,1168627.03125,0.46874995921507434,0.49999995921507434
5088,53.0,1168650,1168650.0,0.49999995921507434,0.49999995921507434
5089,53.010416666666664,1168880,1168879.6875,0.49999995921507434,0.18749995921507434
5090,53.020833333333336,1169110,1169109.375,0.18749995921507434,-0.43750004078492566
5091,53.03125,1169339,1169339.0625,-0.43750004078492566,-0.37500004078492566
5092,53.041666666666664,1169568,1169568.75,-0.37500004078492566,0.37499995921507434
5093,53.052083333333336,1169799,1169798.4375,0.37499995921507434,-0.18750004078492566
5094,53.071875,1170235,1170234.84375,-0.18750004078492566,-0.34375004078492566
5095,53.08229166666666,1170464,1170464.53125,-0.34375004078492566,0.18749995921507434
5096,53.092708333333334,1170694,1170694.21875,0.18749995921507434,0.40624995921507434
5097,53.103125,1170924,1170923.90625,0.40624995921507434,0.31249995921507434
5098,53.11354166666666,1171154,1171153.59375,0.31249995921507434,-0.09375004078492566
5099,53.123958333333334,1171383,1171383.28125,-0.09375004078492566,0.18749995921507434
5100,53.125,1171406,1171406.25,0.18749995921507434,0.43749995921507434
5101,53.135416666666664,1171636,1171635.9375,0.43749995921507434,0.37499995921507434
5102,53.145833333333336,1171866,1171865.625,0.37499995921507434,-4.078492565895431e-08
5103,53.15625,1172095,1172095.3125,-4.078492565895431e-08,0.31249995921507434
5104,53.166666666666664,1172325,1172325.0,0.31249995921507434,0.31249995921507434
5105,53.177083333333336,1172555,1172554.6875,0.31249995921507434,-4.078492565895431e-08
5106,53.196875,1172991,1172991.09375,-4.078492565895431e-08,0.09374995921507434
5107,53.20729166666666,1173221,1173220.78125,0.09374995921507434,-0.12500004078492566
5108,53.217708333333334,1173450,1173450.46875,-0.12500004078492566,0.34374995921507434
5109,53.228125,1173680,1173680.15625,0.34374995921507434,0.49999995921507434
5110,53.23854166666666,1173910,1173909.84375,0.49999995921507434,0.34374995921507434
5111,53.248958333333334,1174140,1174139.53125,0.34374995921507434,-0.12500004078492566
5112,53.25,1174162,1174162.5,-0.12500004078492566,0.37499995921507434
5113,53.260416666666664,1174393,1174392.1875,0.37499995921507434,-0.43750004078492566
5114,53.270833333333336,1174621,1174621.875,-0.43750004078492566,0.43749995921507434
5115,53.28125,1174852,1174851.5625,0.43749995921507434,-4.078492565895431e-08
5116,53.291666666666664,1175081,1175081.25,-4.078492565895431e-08,0.24999995921507434
5117,53.302083333333336,1175311,1175310.9375,0.24999995921507434,0.18749995921507434
5118,53.321875,1175748,1175747.34375,0.18749995921507434,-0.46875004078492566
5119,53.33229166666666,1175977,1175977.03125,-0.46875004078492566,-0.43750004078492566
5120,53.342708333333334,1176206,1176206.71875,-0.43750004078492566,0.28124995921507434
5121,53.353125,1176437,1176436.40625,0.28124995921507434,-0.31250004078492566
5122,53.36354166666666,1176666,1176666.09375,-0.31250004078492566,-0.21875004078492566
5123,53.373958333333334,1176896,1176895.78125,-0.21875004078492566,-0.43750004078492566
5124,53.375,1176918,1176918.75,-0.43750004078492566,0.31249995921507434
5125,53.385416666666664,1177149,1177148.4375,0.31249995921507434,-0.25000004078492566
5126,53.395833333333336,1177378,1177378.125,-0.25000004078492566,-0.12500004078492566
5127,53.40625,1177608,1177607.8125,-0.12500004078492566,-0.31250004078492566
5128,53.416666666666664,1177837,1177837.5,-0.31250004078492566,0.18749995921507434
5129,53.427083333333336,1178067,1178067.1875,0.18749995921507434,0.37499995921507434
5130,53.446875,1178504,1178503.59375,0.37499995921507434,-0.03125004078492566
5131,53.45729166666666,1178733,1178733.28125,-0.03125004078492566,0.24999995921507434
5132,53.467708333333334,1178963,1178962.96875,0.24999995921507434,0.21874995921507434
5133,53.478125,1179193,1179192.65625,0.21874995921507434,-0.12500004078492566
5134,53.48854166666666,1179422,1179422.34375,-0.12500004078492566,0.21874995921507434
5135,53.498958333333334,1179652,1179652.03125,0.21874995921507434,0.24999995921507434
5136,53.5,1179675,1179675.0,0.24999995921507434,0.24999995921507434
5137,53.510416666666664,1179905,1179904.6875,0.24999995921507434,-0.06250004078492566
5138,53.520833333333336,1180134,1180134.375,-0.06250004078492566,0.31249995921507434
5139,53.53125,1180364,1180364.0625,0.31249995921507434,0.37499995921507434
5140,53.541666666666664,1180594,1180593.75,0.37499995921507434,0.12499995921507434
5141,53.552083333333336,1180824,1180823.4375,0.12499995921507434,-0.43750004078492566
5142,53.571875,1181259,1181259.84375,-0.43750004078492566,0.40624995921507434
5143,53.58229166666666,1181490,1181489.53125,0.40624995921507434,-0.06250004078492566
5144,53.592708333333334,1181719,1181719.21875,-0.06250004078492566,0.15624995921507434
5145,53.603125,1181949,1181948.90625,0.15624995921507434,0.06249995921507434
5146,53.61354166666666,1182179,1182178.59375,0.06249995921507434,-0.34375004078492566
5147,53.623958333333334,1182408,1182408.28125,-0.34375004078492566,-0.06250004078492566
5148,53.625,1182431,1182431.25,-0.06250004078492566,0.18749995921507434
5149,53.635416666666664,1182661,1182660.9375,0.18749995921507434,0.12499995921507434
5150,53.645833333333336,1182891,1182890.625,0.12499995921507434,-0.25000004078492566
5151,53.65625,1183120,1183120.3125,-0.25000004078492566,0.06249995921507434
5152,53.666666666666664,1183350,1183350.0,0.06249995921507434,0.06249995921507434
5153,53.677083333333336,1183580,1183579.6875,0.06249995921507434,-0.25000004078492566
5154,53.696875,1184016,1184016.09375,-0.25000004078492566,-0.15625004078492566
5155,53.70729166666666,1184246,1184245.78125,-0.15625004078492566,-0.37500004078492566
5156,53.717708333333334,1184475,1184475.46875,-0.37500004078492566,0.09374995921507434
5157,53.728125,1184705,1184705.15625,0.09374995921507434,0.24999995921507434
5158,53.73854166666666,1184935,1184934.84375,0.24999995921507434,0.09374995921507434
5159,53.748958333333334,1185165,1185164.53125,0.09374995921507434,-0.37500004078492566
5160,53.75,1185187,1185187.5,-0.37500004078492566,0.12499995921507434
5161,53.760416666666664,1185417,1185417.1875,0.12499995921507434,0.31249995921507434
5162,53.770833333333336,1185647,1185646.875,0.31249995921507434,0.18749995921507434
5163,53.78125,1185877,1185876.5625,0.18749995921507434,-0.25000004078492566
5164,53.791666666666664,1186106,1186106.25,-0.25000004078492566,-4.078492565895431e-08
5165,53.802083333333336,1186336,1186335.9375,-4.078492565895431e-08,-0.06250004078492566
5166,53.821875,1186772,1186772.34375,-0.06250004078492566,0.28124995921507434
5167,53.83229166666666,1187002,1187002.03125,0.28124995921507434,0.31249995921507434
5168,53.842708333333334,1187232,1187231.71875,0.31249995921507434,0.03124995921507434
5169,53.853125,1187461,1187461.40625,0.03124995921507434,0.43749995921507434
5170,53.86354166666666,1187692,1187691.09375,0.43749995921507434,-0.46875004078492566
5171,53.873958333333334,1187920,1187920.78125,-0.46875004078492566,0.31249995921507434
5172,53.875,1187944,1187943.75,0.31249995921507434,0.06249995921507434
5173,53.885416666666664,1188173,1188173.4375,0.06249995921507434,0.49999995921507434
5174,53.895833333333336,1188404,1188403.125,0.49999995921507434,-0.37500004078492566
5175,53.90625,1188632,1188632.8125,-0.37500004078492566,0.43749995921507434
5176,53.916666666666664,1188863,1188862.5,0.43749995921507434,-0.06250004078492566
5177,53.927083333333336,1189092,1189092.1875,-0.06250004078492566,0.12499995921507434
5178,53.946875,1189529,1189528.59375,0.12499995921507434,-0.28125004078492566
5179,53.95729166666666,1189758,1189758.28125,-0.28125004078492566,-4.078492565895431e-08
5180,53.967708333333334,1189988,1189987.96875,-4.078492565895431e-08,-0.03125004078492566
5181,53.978125,1190218,1190217.65625,-0.03125004078492566,-0.37500004078492566
5182,53.98854166666666,1190447,1190447.34375,-0.37500004078492566,-0.03125004078492566
5183,53.998958333333334,1190677,1190677.03125,-0.03125004078492566,-4.078492565895431e-08
5184,54.0,1190700,1190700.0,-4.078492565895431e-08,-4.078492565895431e-08
5185,54.010416666666664,1190930,1190929.6875,-4.078492565895431e-08,-0.31250004078492566
5186,54.020833333333336,1191159,1191159.375,-0.31250004078492566,0.06249995921507434
5187,54.03125,1191389,1191389.0625,0.06249995921507434,0.12499995921507434
5188,54.041666666666664,1191619,1191618.75,0.12499995921507434,-0.12500004078492566
5189,54.052083333333336,1191848,1191848.4375,-0.12500004078492566,0.31249995921507434
5190,54.071875,1192285,1192284.84375,0.31249995921507434,0.15624995921507434
5191,54.08229166666666,1192515,1192514.53125,0.15624995921507434,-0.31250004078492566
5192,54.092708333333334,1192744,1192744.21875,-0.31250004078492566,-0.09375004078492566
5193,54.103125,1192974,1192973.90625,-0.09375004078492566,-0.18750004078492566
5194,54.11354166666666,1193203,1193203.59375,-0.18750004078492566,0.40624995921507434
5195,54.123958333333334,1193434,1193433.28125,0.40624995921507434,-0.31250004078492566
5196,54.125,1193456,1193456.25,-0.31250004078492566,-0.06250004078492566
5197,54.135416666666664,1193686,1193685.9375,-0.06250004078492566,-0.12500004078492566
5198,54.145833333333336,1193915,1193915.625,-0.12500004078492566,0.49999995921507434
5199,54.15625,1194146,1194145.3125,0.49999995921507434,-0.18750004078492566
5200,54.166666666666664,1194375,1194375.0,-0.18750004078492566,-0.18750004078492566
5201,54.177083333333336,1194604,1194604.6875,-0.18750004078492566,0.49999995921507434
5202,54.196875,1195042,1195041.09375,0.49999995921507434,-0.40625004078492566
5203,54.20729166666666,1195270,1195270.78125,-0.40625004078492566,0.37499995921507434
5204,54.217708333333334,1195501,1195500.46875,0.37499995921507434,-0.15625004078492566
5205,54.228125,1195730,1195730.15625,-0.15625004078492566,-4.078492565895431e-08
5206,54.23854166666666,1195960,1195959.84375,-4.078492565895431e-08,-0.15625004078492566
5207,54.248958333333334,1196189,1196189.53125,-0.15625004078492566,0.37499995921507434
5208,54.25,1196213,1196212.5,0.37499995921507434,-0.12500004078492566
5209,54.260416666666664,1196442,1196442.1875,-0.12500004078492566,0.06249995921507434
5210,54.270833333333336,1196672,1196671.875,0.06249995921507434,-0.06250004078492566
5211,54.28125,1196901,1196901.5625,-0.06250004078492566,0.49999995921507434
5212,54.291666666666664,1197132,1197131.25,0.49999995921507434,-0.25000004078492566
5213,54.302083333333336,1197361,1197360.9375,-0.25000004078492566,-0.31250004078492566
5214,54.321875,1197797,1197797.34375,-0.31250004078492566,0.03124995921507434
5215,54.33229166666666,1198027,1198027.03125,0.03124995921507434,0.06249995921507434
5216,54.342708333333334,1198257,1198256.71875,0.06249995921507434,-0.21875004078492566
5217,54.353125,1198486,1198486.40625,-0.21875004078492566,0.18749995921507434
5218,54.36354166666666,1198716,1198716.09375,0.18749995921507434,0.28124995921507434
5219,54.373958333333334,1198946,1198945.78125,0.28124995921507434,0.06249995921507434
5220,54.375,1198969,1198968.75,0.06249995921507434,-0.18750004078492566
5221,54.385416666666664,1199198,1199198.4375,-0.18750004078492566,0.24999995921507434
5222,54.395833333333336,1199428,1199428.125,0.24999995921507434,0.37499995921507434
5223,54.40625,1199658,1199657.8125,0.37499995921507434,0.18749995921507434
5224,54.416666666666664,1199888,1199887.5,0.18749995921507434,-0.31250004078492566
5225,54.427083333333336,1200117,1200117.1875,-0.31250004078492566,-0.12500004078492566
5226,54.446875,1200553,1200553.59375,-0.12500004078492566,0.46874995921507434
5227,54.45729166666666,1200784,1200783.28125,0.46874995921507434,-0.25000004078492566
5228,54.467708333333334,1201013,1201012.96875,-0.25000004078492566,-0.28125004078492566
5229,54.478125,1201242,1201242.65625,-0.28125004078492566,0.37499995921507434
5230,54.48854166666666,1201473,1201472.34375,0.37499995921507434,-0.28125004078492566
5231,54.498958333333334,1201702,1201702.03125,-0.28125004078492566,-0.25000004078492566
5232,54.5,1201725,1201725.0,-0.25000004078492566,-0.25000004078492566
5233,54.510416666666664,1201954,1201954.6875,-0.25000004078492566,0.43749995921507434
5234,54.520833333333336,1202185,1202184.375,0.43749995921507434,-0.18750004078492566
5235,54.53125,1202414,1202414.0625,-0.18750004078492566,-0.12500004078492566
5236,54.541666666666664,1202644,1202643.75,-0.12500004078492566,-0.37500004078492566
5237,54.552083333333336,1202873,1202873.4375,-0.37500004078492566,0.06249995921507434
5238,54.571875,1203310,1203309.84375,0.06249995921507434,-0.09375004078492566
5239,54.58229166666666,1203539,1203539.53125,-0.09375004078492566,0.43749995921507434
5240,54.592708333333334,1203770,1203769.21875,0.43749995921507434,-0.34375004078492566
5241,54.603125,1203999,1203998.90625,-0.34375004078492566,-0.43750004078492566
5242,54.61354166666666,1204228,1204228.59375,-0.43750004078492566,0.15624995921507434
5243,54.623958333333334,1204458,1204458.28125,0.15624995921507434,0.43749995921507434
5244,54.625,1204482,1204481.25,0.43749995921507434,-0.31250004078492566
5245,54.635416666666664,1204711,1204710.9375,-0.31250004078492566,-0.37500004078492566
5246,54.645833333333336,1204940,1204940.625,-0.37500004078492566,0.24999995921507434
5247,54.65625,1205171,1205170.3125,0.24999995921507434,-0.43750004078492566
5248,54.666666666666664,1205400,1205400.0,-0.43750004078492566,-0.43750004078492566
5249,54.677083333333336,1205629,1205629.6875,-0.43750004078492566,0.24999995921507434
5250,54.696875,1206066,1206066.09375,0.24999995921507434,0.34374995921507434
5251,54.70729166666666,1206296,1206295.78125,0.34374995921507434,0.12499995921507434
5252,54.717708333333334,1206526,1206525.46875,0.12499995921507434,-0.40625004078492566
5253,54.728125,1206755,1206755.15625,-0.40625004078492566,-0.25000004078492566
5254,54.73854166666666,1206985,1206984.84375,-0.25000004078492566,-0.40625004078492566
5255,54.748958333333334,1207214,1207214.53125,-0.40625004078492566,0.12499995921507434
5256,54.75,1207238,1207237.5,0.12499995921507434,-0.37500004078492566
5257,54.760416666666664,1207467,1207467.1875,-0.37500004078492566,-0.18750004078492566
5258,54.770833333333336,1207697,1207696.875,-0.18750004078492566,-0.31250004078492566
5259,54.78125,1207926,1207926.5625,-0.31250004078492566,0.24999995921507434
5260,54.791666666666664,1208156,1208156.25,0.24999995921507434,0.49999995921507434
5261,54.802083333333336,1208386,1208385.9375,0.49999995921507434,0.43749995921507434
5262,54.821875,1208823,1208822.34375,0.43749995921507434,-0.21875004078492566
5263,54.83229166666666,1209052,1209052.03125,-0.21875004078492566,-0.18750004078492566
5264,54.842708333333334,1209282,1209281.71875,-0.18750004078492566,-0.46875004078492566
5265,54.853125,1209511,1209511.40625,-0.46875004078492566,-0.06250004078492566
5266,54.86354166666666,1209741,1209741.09375,-0.06250004078492566,0.03124995921507434
5267,54.873958333333334,1209971,1209970.78125,0.03124995921507434,-0.18750004078492566
5268,54.875,1209994,1209993.75,-0.18750004078492566,-0.43750004078492566
5269,54.885416666666664,1210223,1210223.4375,-0.43750004078492566,-4.078492565895431e-08
5270,54.895833333333336,1210453,1210453.125,-4.078492565895431e-08,0.12499995921507434
5271,54.90625,1210683,1210682.8125,0.12499995921507434,-0.06250004078492566
5272,54.916666666666664,1210912,1210912.5,-0.06250004078492566,0.43749995921507434
5273,54.927083333333336,1211143,1211142.1875,0.43749995921507434,-0.37500004078492566
5274,54.946875,1211578,1211578.59375,-0.37500004078492566,0.21874995921507434
5275,54.95729166666666,1211808,1211808.28125,0.21874995921507434,0.49999995921507434
5276,54.967708333333334,1212038,1212037.96875,0.49999995921507434,0.46874995921507434
5277,54.978125,1212268,1212267.65625,0.46874995921507434,0.12499995921507434
5278,54.98854166666666,1212497,1212497.34375,0.12499995921507434,0.46874995921507434
5279,54.998958333333334,1212727,1212727.03125,0.46874995921507434,0.49999995921507434
5280,55.0,1212750,1212750.0,0.49999995921507434,0.49999995921507434
5281,55.010416666666664,1212980,1212979.6875,0.49999995921507434,0.18749995921507434
5282,55.020833333333336,1213210,1213209.375,0.18749995921507434,-0.43750004078492566
5283,55.03125,1213439,1213439.0625,-0.43750004078492566,-0.37500004078492566
5284,55.041666666666664,1213668,1213668.75,-0.37500004078492566,0.37499995921507434
5285,55.052083333333336,1213899,1213898.4375,0.37499995921507434,-0.18750004078492566
5286,55.071875,1214335,1214334.84375,-0.18750004078492566,-0.34375004078492566
5287,55.08229166666666,1214564,1214564.53125,-0.34375004078492566,0.18749995921507434
5288,55.092708333333334,1214794,1214794.21875,0.18749995921507434,0.40624995921507434
5289,55.103125,1215024,1215023.90625,0.40624995921507434,0.31249995921507434
5290,55.11354166666666,1215254,1215253.59375,0.31249995921507434,-0.09375004078492566
5291,55.123958333333334,1215483,1215483.28125,-0.09375004078492566,0.18749995921507434
5292,55.125,1215506,1215506.25,0.18749995921507434,0.43749995921507434
5293,55.135416666666664,1215736,1215735.9375,0.43749995921507434,0.37499995921507434
5294,55.145833333333336,1215966,1215965.625,0.37499995921507434,-4.078492565895431e-08
5295,55.15625,1216195,1216195.3125,-4.078492565895431e-08,0.31249995921507434
5296,55.166666666666664,1216425,1216425.0,0.31249995921507434,0.31249995921507434
5297,55.177083333333336,1216655,1216654.6875,0.31249995921507434,-4.078492565895431e-08
5298,55.196875,1217091,1217091.09375,-4.078492565895431e-08,0.09374995921507434
5299,55.20729166666666,1217321,1217320.78125,0.09374995921507434,-0.12500004078492566
5300,55.217708333333334,1217550,1217550.46875,-0.12500004078492566,0.34374995921507434
5301,55.228125,1217780,1217780.15625,0.34374995921507434,0.49999995921507434
5302,55.23854166666666,1218010,1218009.84375,0.49999995921507434,0.34374995921507434
5303,55.248958333333334,1218240,1218239.53125,0.34374995921507434,-0.12500004078492566
5304,55.25,1218262,1218262.5,-0.12500004078492566,0.37499995921507434
5305,55.260416666666664,1218493,1218492.1875,0.37499995921507434,-0.43750004078492566
5306,55.270833333333336,1218721,1218721.875,-0.43750004078492566,0.43749995921507434
5307,55.28125,1218952,1218951.5625,0.43749995921507434,-4.078492565895431e-08
5308,55.291666666666664,1219181,1219181.25,-4.078492565895431e-08,0.24999995921507434
5309,55.302083333333336,1219411,1219410.9375,0.24999995921507434,0.18749995921507434
5310,55.321875,1219848,1219847.34375,0.18749995921507434,-0.46875004078492566
5311,55.33229166666666,1220077,1220077.03125,-0.46875004078492566,-0.43750004078492566
5312,55.342708333333334,1220306,1220306.71875,-0.43750004078492566,0.28124995921507434
5313,55.353125,1220537,1220536.40625,0.28124995921507434,-0.31250004078492566
5314,55.36354166666666,1220766,1220766.09375,-0.31250004078492566,-0.21875004078492566
5315,55.373958333333334,1220996,1220995.78125,-0.21875004078492566,-0.43750004078492566
5316,55.375,1221018,1221018.75,-0.43750004078492566,0.31249995921507434
5317,55.385416666666664,1221249,1221248.4375,0.31249995921507434,-0.25000004078492566
5318,55.395833333333336,1221478,1221478.125,-0.25000004078492566,-0.12500004078492566
5319,55.40625,1221708,1221707.8125,-0.12500004078492566,-0.31250004078492566
5320,55.416666666666664,1221937,1221937.5,-0.31250004078492566,0.18749995921507434
5321,55.427083333333336,1222167,1222167.1875,0.18749995921507434,0.37499995921507434
5322,55.446875,1222604,1222603.59375,0.37499995921507434,-0.03125004078492566
5323,55.45729166666666,1222833,1222833.28125,-0.03125004078492566,0.24999995921507434
5324,55.467708333333334,1223063,1223062.96875,0.24999995921507434,0.21874995921507434
5325,55.478125,1223293,1223292.65625,0.21874995921507434,-0.12500004078492566
5326,55.48854166666666,1223522,1223522.34375,-0.12500004078492566,0.21874995921507434
5327,55.498958333333334,1223752,1223752.03125,0.21874995921507434,0.24999995921507434
5328,55.5,1223775,1223775.0,0.24999995921507434,0.24999995921507434
5329,55.510416666666664,1224005,1224004.6875,0.24999995921507434,-0.06250004078492566
5330,55.520833333333336,1224234,1224234.375,-0.06250004078492566,0.31249995921507434
5331,55.53125,1224464,1224464.0625,0.31249995921507434,0.37499995921507434
5332,55.541666666666664,1224694,1224693.75,0.37499995921507434,0.12499995921507434
5333,55.552083333333336,1224924,1224923.4375,0.12499995921507434,-0.43750004078492566
5334,55.571875,1225359,1225359.84375,-0.43750004078492566,0.40624995921507434
5335,55.58229166666666,1225590,1225589.53125,0.40624995921507434,-0.06250004078492566
5336,55.592708333333334,1225819,1225819.21875,-0.06250004078492566,0.15624995921507434
5337,55.603125,1226049,1226048.90625,0.15624995921507434,0.06249995921507434
5338,55.61354166666666,1226279,1226278.59375,0.06249995921507434,-0.34375004078492566
5339,55.623958333333334,1226508,1226508.28125,-0.34375004078492566,-0.06250004078492566
5340,55.625,1226531,1226531.25,-0.06250004078492566,0.18749995921507434
5341,55.635416666666664,1226761,1226760.9375,0.18749995921507434,0.12499995921507434
5342,55.645833333333336,1226991,1226990.625,0.12499995921507434,-0.25000004078492566
5343,55.65625,1227220,1227220.3125,-0.25000004078492566,0.06249995921507434
5344,55.666666666666664,1227450,1227450.0,0.06249995921507434,0.06249995921507434
5345,55.677083333333336,1227680,1227679.6875,0.06249995921507434,-0.25000004078492566
5346,55.696875,1228116,1228116.09375,-0.25000004078492566,-0.15625004078492566
5347,55.70729166666666,1228346,1228345.78125,-0.15625004078492566,-0.37500004078492566
5348,55.717708333333334,1228575,1228575.46875,-0.37500004078492566,0.09374995921507434
5349,55.728125,1228805,1228805.15625,0.09374995921507434,0.24999995921507434
5350,55.73854166666666,1229035,1229034.84375,0.24999995921507434,0.09374995921507434
5351,55.748958333333334,1229265,1229264.53125,0.09374995921507434,-0.37500004078492566
5352,55.75,1229287,1229287.5,-0.37500004078492566,0.12499995921507434
5353,55.760416666666664,1229517,1229517.1875,0.12499995921507434,0.31249995921507434
5354,55.770833333333336,1229747,1229746.875,0.31249995921507434,0.18749995921507434
5355,55.78125,1229977,1229976.5625,0.18749995921507434,-0.25000004078492566
5356,55.791666666666664,1230206,1230206.25,-0.25000004078492566,-4.078492565895431e-08
5357,55.802083333333336,1230436,1230435.9375,-4.078492565895431e-08,-0.06250004078492566
5358,55.821875,1230872,1230872.34375,-0.06250004078492566,0.28124995921507434
5359,55.83229166666666,1231102,1231102.03125,0.28124995921507434,0.31249995921507434
5360,55.842708333333334,1231332,1231331.71875,0.31249995921507434,0.03124995921507434
5361,55.853125,1231561,1231561.40625,0.03124995921507434,0.43749995921507434
5362,55.86354166666666,1231792,1231791.09375,0.43749995921507434,-0.46875004078492566
5363,55.873958333333334,1232020,1232020.78125,-0.46875004078492566,0.31249995921507434
5364,55.875,1232044,1232043.75,0.31249995921507434,0.06249995921507434
5365,55.885416666666664,1232273,1232273.4375,0.06249995921507434,0.49999995921507434
5366,55.895833333333336,1232504,1232503.125,0.49999995921507434,-0.37500004078492566
5367,55.90625,1232732,1232732.8125,-0.37500004078492566,0.43749995921507434
5368,55.916666666666664,1232963,1232962.5,0.43749995921507434,-0.06250004078492566
5369,55.927083333333336,1233192,1233192.1875,-0.06250004078492566,0.12499995921507434
5370,55.946875,1233629,1233628.59375,0.12499995921507434,-0.28125004078492566
5371,55.95729166666666,1233858,1233858.28125,-0.28125004078492566,-4.078492565895431e-08
5372,55.967708333333334,1234088,1234087.96875,-4.078492565895431e-08,-0.03125004078492566
5373,55.978125,1234318,1234317.65625,-0.03125004078492566,-0.37500004078492566
5374,55.98854166666666,1234547,1234547.34375,-0.37500004078492566,-0.03125004078492566
5375,55.998958333333334,1234777,1234777.03125,-0.03125004078492566,-4.078492565895431e-08
5376,56.0,1234800,1234800.0,-4.078492565895431e-08,-4.078492565895431e-08
5377,56.010416666666664,1235030,1235029.6875,-4.078492565895431e-08,-0.31250004078492566
5378,56.020833333333336,1235259,1235259.375,-0.31250004078492566,0.06249995921507434
5379,56.03125,1235489,1235489.0625,0.06249995921507434,0.12499995921507434
5380,56.041666666666664,1235719,1235718.75,0.12499995921507434,-0.12500004078492566
5381,56.052083333333336,1235948,1235948.4375,-0.12500004078492566,0.31249995921507434
5382,56.071875,1236385,1236384.84375,0.31249995921507434,0.15624995921507434
5383,56.08229166666666,1236615,1236614.53125,0.15624995921507434,-0.31250004078492566
5384,56.092708333333334,1236844,1236844.21875,-0.31250004078492566,-0.09375004078492566
5385,56.103125,1237074,1237073.90625,-0.09375004078492566,-0.18750004078492566
5386,56.11354166666666,1237303,1237303.59375,-0.18750004078492566,0.40624995921507434
5387,56.123958333333334,1237534,1237533.28125,0.40624995921507434,-0.31250004078492566
5388,56.125,1237556,1237556.25,-0.31250004078492566,-0.06250004078492566
5389,56.135416666666664,1237786,1237785.9375,-0.06250004078492566,-0.12500004078492566
5390,56.145833333333336,1238015,1238015.625,-0.12500004078492566,0.49999995921507434
5391,56.15625,1238246,1238245.3125,0.49999995921507434,-0.18750004078492566
5392,56.166666666666664,1238475,1238475.0,-0.18750004078492566,-0.18750004078492566
5393,56.177083333333336,1238704,1238704.6875,-0.18750004078492566,0.49999995921507434
5394,56.196875,1239142,1239141.09375,0.49999995921507434,-0.40625004078492566
5395,56.20729166666666,1239370,1239370.78125,-0.40625004078492566,0.37499995921507434
5396,56.217708333333334,1239601,1239600.46875,0.37499995921507434,-0.15625004078492566
5397,56.228125,1239830,1239830.15625,-0.15625004078492566,-4.078492565895431e-08
5398,56.23854166666666,1240060,1240059.84375,-4.078492565895431e-08,-0.15625004078492566
5399,56.248958333333334,1240289,1240289.53125,-0.15625004078492566,0.37499995921507434
5400,56.25,1240313,1240312.5,0.37499995921507434,-0.12500004078492566
5401,56.260416666666664,1240542,1240542.1875,-0.12500004078492566,0.06249995921507434
5402,56.270833333333336,1240772,1240771.875,0.06249995921507434,-0.06250004078492566
5403,56.28125,1241001,1241001.5625,-0.06250004078492566,0.49999995921507434
5404,56.291666666666664,1241232,1241231.25,0.49999995921507434,-0.25000004078492566
5405,56.302083333333336,1241461,1241460.9375,-0.25000004078492566,-0.31250004078492566
5406,56.321875,1241897,1241897.34375,-0.31250004078492566,0.03124995921507434
5407,56.33229166666666,1242127,1242127.03125,0.03124995921507434,0.06249995921507434
5408,56.342708333333334,1242357,1242356.71875,0.06249995921507434,-0.21875004078492566
5409,56.353125,1242586,1242586.40625,-0.21875004078492566,0.18749995921507434
5410,56.36354166666666,1242816,1242816.09375,0.18749995921507434,0.28124995921507434
5411,56.373958333333334,1243046,1243045.78125,0.28124995921507434,0.06249995921507434
5412,56.375,1243069,1243068.75,0.06249995921507434,-0.18750004078492566
5413,56.385416666666664,1243298,1243298.4375,-0.18750004078492566,0.24999995921507434
5414,56.395833333333336,1243528,1243528.125,0.24999995921507434,0.37499995921507434
5415,56.40625,1243758,1243757.8125,0.37499995921507434,0.18749995921507434
5416,56.416666666666664,1243988,1243987.5,0.18749995921507434,-0.31250004078492566
5417,56.427083333333336,1244217,1244217.1875,-0.31250004078492566,-0.12500004078492566
5418,56.446875,1244653,1244653.59375,-0.12500004078492566,0.46874995921507434
5419,56.45729166666666,1244884,1244883.28125,0.46874995921507434,-0.25000004078492566
5420,56.467708333333334,1245113,1245112.96875,-0.25000004078492566,-0.28125004078492566
5421,56.478125,1245342,1245342.65625,-0.28125004078492566,0.37499995921507434
5422,56.48854166666666,1245573,1245572.34375,0.37499995921507434,-0.28125004078492566
5423,56.498958333333334,1245802,1245802.03125,-0.28125004078492566,-0.25000004078492566
5424,56.5,1245825,1245825.0,-0.25000004078492566,-0.25000004078492566
5425,56.510416666666664,1246054,1246054.6875,-0.25000004078492566,0.43749995921507434
5426,56.520833333333336,1246285,1246284.375,0.43749995921507434,-0.18750004078492566
5427,56.53125,1246514,1246514.0625,-0.18750004078492566,-0.12500004078492566
5428,56.541666666666664,1246744,1246743.75,-0.12500004078492566,-0.37500004078492566
5429,56.552083333333336,1246973,1246973.4375,-0.37500004078492566,0.06249995921507434
5430,56.571875,1247410,1247409.84375,0.06249995921507434,-0.09375004078492566
5431,56.58229166666666,1247639,1247639.53125,-0.09375004078492566,0.43749995921507434
5432,56.592708333333334,1247870,1247869.21875,0.43749995921507434,-0.34375004078492566
5433,56.603125,1248099,1248098.90625,-0.34375004078492566,-0.43750004078492566
5434,56.61354166666666,1248328,1248328.59375,-0.43750004078492566,0.15624995921507434
5435,56.623958333333334,1248558,1248558.28125,0.15624995921507434,0.43749995921507434
5436,56.625,1248582,1248581.25,0.43749995921507434,-0.31250004078492566
5437,56.635416666666664,1248811,1248810.9375,-0.31250004078492566,-0.37500004078492566
5438,56.645833333333336,1249040,1249040.625,-0.37500004078492566,0.24999995921507434
5439,56.65625,1249271,1249270.3125,0.24999995921507434,-0.43750004078492566
5440,56.666666666666664,1249500,1249500.0,-0.43750004078492566,-0.43750004078492566
5441,56.677083333333336,1249729,1249729.6875,-0.43750004078492566,0.24999995921507434
5442,56.696875,1250166,1250166.09375,0.24999995921507434,0.34374995921507434
5443,56.70729166666666,1250396,1250395.78125,0.34374995921507434,0.12499995921507434
5444,56.717708333333334,1250626,1250625.46875,0.12499995921507434,-0.40625004078492566
5445,56.728125,1250855,1250855.15625,-0.40625004078492566,-0.25000004078492566
5446,56.73854166666666,1251085,1251084.84375,-0.25000004078492566,-0.40625004078492566
5447,56.748958333333334,1251314,1251314.53125,-0.40625004078492566,0.12499995921507434
5448,56.75,1251338,1251337.5,0.12499995921507434,-0.37500004078492566
5449,56.760416666666664,1251567,1251567.1875,-0.37500004078492566,-0.18750004078492566
5450,56.770833333333336,1251797,1251796.875,-0.18750004078492566,-0.31250004078492566
5451,56.78125,1252026,1252026.5625,-0.31250004078492566,0.24999995921507434
5452,56.791666666666664,1252256,1252256.25,0.24999995921507434,0.49999995921507434
5453,56.802083333333336,1252486,1252485.9375,0.49999995921507434,0.43749995921507434
5454,56.821875,1252923,1252922.34375,0.43749995921507434,-0.21875004078492566
5455,56.83229166666666,1253152,1253152.03125,-0.21875004078492566,-0.18750004078492566
5456,56.842708333333334,1253382,1253381.71875,-0.18750004078492566,-0.46875004078492566
5457,56.853125,1253611,1253611.40625,-0.46875004078492566,-0.06250004078492566
5458,56.86354166666666,1253841,1253841.09375,-0.06250004078492566,0.03124995921507434
5459,56.873958333333334,1254071,1254070.78125,0.03124995921507434,-0.18750004078492566
5460,56.875,1254094,1254093.75,-0.18750004078492566,-0.43750004078492566
5461,56.885416666666664,1254323,1254323.4375,-0.43750004078492566,-4.078492565895431e-08
5462,56.895833333333336,1254553,1254553.125,-4.078492565895431e-08,0.12499995921507434
5463,56.90625,1254783,1254782.8125,0.12499995921507434,-0.06250004078492566
5464,56.916666666666664,1255012,1255012.5,-0.06250004078492566,0.43749995921507434
5465,56.927083333333336,1255243,1255242.1875,0.43749995921507434,-0.37500004078492566
5466,56.946875,1255678,1255678.59375,-0.37500004078492566,0.21874995921507434
5467,56.95729166666666,1255908,1255908.28125,0.21874995921507434,0.49999995921507434
5468,56.967708333333334,1256138,1256137.96875,0.49999995921507434,0.46874995921507434
5469,56.978125,1256368,1256367.65625,0.46874995921507434,0.12499995921507434
5470,56.98854166666666,1256597,1256597.34375,0.12499995921507434,0.46874995921507434
5471,56.998958333333334,1256827,1256827.03125,0.46874995921507434,0.49999995921507434
5472,57.0,1256850,1256850.0,0.49999995921507434,0.49999995921507434
5473,57.010416666666664,1257080,1257079.6875,0.49999995921507434,0.18749995921507434
5474,57.020833333333336,1257310,1257309.375,0.18749995921507434,-0.43750004078492566
5475,57.03125,1257539,1257539.0625,-0.43750004078492566,-0.37500004078492566
5476,57.041666666666664,1257768,1257768.75,-0.37500004078492566,0.37499995921507434
5477,57.052083333333336,1257999,1257998.4375,0.37499995921507434,-0.18750004078492566
5478,57.071875,1258435,1258434.84375,-0.18750004078492566,-0.34375004078492566
5479,57.08229166666666,1258664,1258664.53125,-0.34375004078492566,0.18749995921507434
5480,57.092708333333334,1258894,1258894.21875,0.18749995921507434,0.40624995921507434
5481,57.103125,1259124,1259123.90625,0.40624995921507434,0.31249995921507434
5482,57.11354166666666,1259354,1259353.59375,0.31249995921507434,-0.09375004078492566
5483,57.123958333333334,1259583,1259583.28125,-0.09375004078492566,0.18749995921507434
5484,57.125,1259606,1259606.25,0.18749995921507434,0.43749995921507434
5485,57.135416666666664,1259836,1259835.9375,0.43749995921507434,0.37499995921507434
5486,57.145833333333336,1260066,1260065.625,0.37499995921507434,-4.078492565895431e-08
5487,57.15625,1260295,1260295.3125,-4.078492565895431e-08,0.31249995921507434
5488,57.166666666666664,1260525,1260525.0,0.31249995921507434,0.31249995921507434
5489,57.177083333333336,1260755,1260754.6875,0.31249995921507434,-4.078492565895431e-08
5490,57.196875,1261191,1261191.09375,-4.078492565895431e-08,0.09374995921507434
5491,57.20729166666666,1261421,1261420.78125,0.09374995921507434,-0.12500004078492566
5492,57.217708333333334,1261650,1261650.46875,-0.12500004078492566,0.34374995921507434
5493,57.228125,1261880,1261880.15625,0.34374995921507434,0.49999995921507434
5494,57.23854166666666,1262110,1262109.84375,0.49999995921507434,0.34374995921507434
5495,57.248958333333334,1262340,1262339.53125,0.34374995921507434,-0.12500004078492566
5496,57.25,1262362,1262362.5,-0.12500004078492566,0.37499995921507434
5497,57.260416666666664,1262593,1262592.1875,0.37499995921507434,-0.43750004078492566
5498,57.270833333333336,1262821,1262821.875,-0.43750004078492566,0.43749995921507434
5499,57.28125,1263052,1263051.5625,0.43749995921507434,-4.078492565895431e-08
5500,57.291666666666664,1263281,1263281.25,-4.078492565895431e-08,0.24999995921507434
5501,57.302083333333336,1263511,1263510.9375,0.24999995921507434,0.18749995921507434
5502,57.321875,1263948,1263947.34375,0.18749995921507434,-0.46875004078492566
5503,57.33229166666666,1264177,1264177.03125,-0.46875004078492566,-0.43750004078492566
5504,57.342708333333334,1264406,1264406.71875,-0.43750004078492566,0.28124995921507434
5505,57.353125,1264637,1264636.40625,0.28124995921507434,-0.31250004078492566
5506,57.36354166666666,1264866,1264866.09375,-0.31250004078492566,-0.21875004078492566
5507,57.373958333333334,1265096,1265095.78125,-0.21875004078492566,-0.43750004078492566
5508,57.375,1265118,1265118.75,-0.43750004078492566,0.31249995921507434
5509,57.385416666666664,1265349,1265348.4375,0.31249995921507434,-0.25000004078492566
5510,57.395833333333336,1265578,1265578.125,-0.25000004078492566,-0.12500004078492566
5511,57.40625,1265808,1265807.8125,-0.12500004078492566,-0.31250004078492566
5512,57.416666666666664,1266037,1266037.5,-0.31250004078492566,0.18749995921507434
5513,57.427083333333336,1266267,1266267.1875,0.18749995921507434,0.37499995921507434
5514,57.446875,1266704,1266703.59375,0.37499995921507434,-0.03125004078492566
5515,57.45729166666666,1266933,1266933.28125,-0.03125004078492566,0.24999995921507434
5516,57.467708333333334,1267163,1267162.96875,0.24999995921507434,0.21874995921507434
5517,57.478125,1267393,1267392.65625,0.21874995921507434,-0.12500004078492566
5518,57.48854166666666,1267622,1267622.34375,-0.12500004078492566,0.21874995921507434
5519,57.498958333333334,1267852,1267852.03125,0.21874995921507434,0.24999995921507434
5520,57.5,1267875,1267875.0,0.24999995921507434,0.24999995921507434
5521,57.510416666666664,1268105,1268104.6875,0.24999995921507434,-0.06250004078492566
5522,57.520833333333336,1268334,1268334.375,-0.06250004078492566,0.31249995921507434
5523,57.53125,1268564,1268564.0625,0.31249995921507434,0.37499995921507434
5524,57.541666666666664,1268794,1268793.75,0.37499995921507434,0.12499995921507434
5525,57.552083333333336,1269024,1269023.4375,0.12499995921507434,-0.43750004078492566
5526,57.571875,1269459,1269459.84375,-0.43750004078492566,0.40624995921507434
5527,57.58229166666666,1269690,1269689.53125,0.40624995921507434,-0.06250004078492566
5528,57.592708333333334,1269919,1269919.21875,-0.06250004078492566,0.15624995921507434
5529,57.603125,1270149,1270148.90625,0.15624995921507434,0.06249995921507434
5530,57.61354166666666,1270379,1270378.59375,0.06249995921507434,-0.34375004078492566
5531,57.623958333333334,1270608,1270608.28125,-0.34375004078492566,-0.06250004078492566
5532,57.625,1270631,1270631.25,-0.06250004078492566,0.18749995921507434
5533,57.635416666666664,1270861,1270860.9375,0.18749995921507434,0.12499995921507434
5534,57.645833333333336,1271091,1271090.625,0.12499995921507434,-0.25000004078492566
5535,57.65625,1271320,1271320.3125,-0.25000004078492566,0.06249995921507434
5536,57.666666666666664,1271550,1271550.0,0.06249995921507434,0.06249995921507434
5537,57.677083333333336,1271780,1271779.6875,0.06249995921507434,-0.25000004078492566
5538,57.696875,1272216,1272216.09375,-0.25000004078492566,-0.15625004078492566
5539,57.70729166666666,1272446,1272445.78125,-0.15625004078492566,-0.37500004078492566
5540,57.717708333333334,1272675,1272675.46875,-0.37500004078492566,0.09374995921507434
5541,57.728125,1272905,1272905.15625,0.09374995921507434,0.24999995921507434
5542,57.73854166666666,1273135,1273134.84375,0.24999995921507434,0.09374995921507434
5543,57.748958333333334,1273365,1273364.53125,0.09374995921507434,-0.37500004078492566
5544,57.75,1273387,1273387.5,-0.37500004078492566,0.12499995921507434
5545,57.760416666666664,1273617,1273617.1875,0.12499995921507434,0.31249995921507434
5546,57.770833333333336,1273847,1273846.875,0.31249995921507434,0.18749995921507434
5547,57.78125,1274077,1274076.5625,0.18749995921507434,-0.25000004078492566
5548,57.791666666666664,1274306,1274306.25,-0.25000004078492566,-4.078492565895431e-08
5549,57.802083333333336,1274536,1274535.9375,-4.078492565895431e-08,-0.06250004078492566
5550,57.821875,1274972,1274972.34375,-0.06250004078492566,0.28124995921507434
5551,57.83229166666666,1275202,1275202.03125,0.28124995921507434,0.31249995921507434
5552,57.842708333333334,1275432,1275431.71875,0.31249995921507434,0.03124995921507434
5553,57.853125,1275661,1275661.40625,0.03124995921507434,0.43749995921507434
5554,57.86354166666666,1275892,1275891.09375,0.43749995921507434,-0.46875004078492566
5555,57.873958333333334,1276120,1276120.78125,-0.46875004078492566,0.31249995921507434
5556,57.875,1276144,1276143.75,0.31249995921507434,0.06249995921507434
5557,57.885416666666664,1276373,1276373.4375,0.06249995921507434,0.49999995921507434
5558,57.895833333333336,1276604,1276603.125,0.49999995921507434,-0.37500004078492566
5559,57.90625,1276832,1276832.8125,-0.37500004078492566,0.43749995921507434
5560,57.916666666666664,1277063,1277062.5,0.43749995921507434,-0.06250004078492566
5561,57.927083333333336,1277292,1277292.1875,-0.06250004078492566,0.12499995921507434
5562,57.946875,1277729,1277728.59375,0.12499995921507434,-0.28125004078492566
5563,57.95729166666666,1277958,1277958.28125,-0.28125004078492566,-4.078492565895431e-08
5564,57.967708333333334,1278188,1278187.96875,-4.078492565895431e-08,-0.03125004078492566
5565,57.978125,1278418,1278417.65625,-0.03125004078492566,-0.37500004078492566
5566,57.98854166666666,1278647,1278647.34375,-0.37500004078492566,-0.03125004078492566
5567,57.998958333333334,1278877,1278877.03125,-0.03125004078492566,-4.078492565895431e-08
5568,58.0,1278900,1278900.0,-4.078492565895431e-08,-4.078492565895431e-08
5569,58.010416666666664,1279130,1279129.6875,-4.078492565895431e-08,-0.31250004078492566
5570,58.020833333333336,1279359,1279359.375,-0.31250004078492566,0.06249995921507434
5571,58.03125,1279589,1279589.0625,0.06249995921507434,0.12499995921507434
5572,58.041666666666664,1279819,1279818.75,0.12499995921507434,-0.12500004078492566
5573,58.052083333333336,1280048,1280048.4375,-0.12500004078492566,0.31249995921507434
5574,58.071875,1280485,1280484.84375,0.31249995921507434,0.15624995921507434
5575,58.08229166666666,1280715,1280714.53125,0.15624995921507434,-0.31250004078492566
5576,58.092708333333334,1280944,1280944.21875,-0.31250004078492566,-0.09375004078492566
5577,58.103125,1281174,1281173.90625,-0.09375004078492566,-0.18750004078492566
5578,58.11354166666666,1281403,1281403.59375,-0.18750004078492566,0.40624995921507434
5579,58.123958333333334,1281634,1281633.28125,0.40624995921507434,-0.31250004078492566
5580,58.125,1281656,1281656.25,-0.31250004078492566,-0.06250004078492566
5581,58.135416666666664,1281886,1281885.9375,-0.06250004078492566,-0.12500004078492566
5582,58.145833333333336,1282115,1282115.625,-0.12500004078492566,0.49999995921507434
5583,58.15625,1282346,1282345.3125,0.49999995921507434,-0.18750004078492566
5584,58.166666666666664,1282575,1282575.0,-0.18750004078492566,-0.18750004078492566
5585,58.177083333333336,1282804,1282804.6875,-0.18750004078492566,0.49999995921507434
5586,58.196875,1283242,1283241.09375,0.49999995921507434,-0.40625004078492566
5587,58.20729166666666,1283470,1283470.78125,-0.40625004078492566,0.37499995921507434
5588,58.217708333333334,1283701,1283700.46875,0.37499995921507434,-0.15625004078492566
5589,58.228125,1283930,1283930.15625,-0.15625004078492566,-4.078492565895431e-08
5590,58.23854166666666,1284160,1284159.84375,-4.078492565895431e-08,-0.15625004078492566
5591,58.248958333333334,1284389,1284389.53125,-0.15625004078492566,0.37499995921507434
5592,58.25,1284413,1284412.5,0.37499995921507434,-0.12500004078492566
5593,58.260416666666664,1284642,1284642.1875,-0.12500004078492566,0.06249995921507434
5594,58.270833333333336,1284872,1284871.875,0.06249995921507434,-0.06250004078492566
5595,58.28125,1285101,1285101.5625,-0.06250004078492566,0.49999995921507434
5596,58.291666666666664,1285332,1285331.25,0.49999995921507434,-0.25000004078492566
5597,58.302083333333336,1285561,1285560.9375,-0.25000004078492566,-0.31250004078492566
5598,58.321875,1285997,1285997.34375,-0.31250004078492566,0.03124995921507434
5599,58.33229166666666,1286227,1286227.03125,0.03124995921507434,0.06249995921507434
5600,58.342708333333334,1286457,1286456.71875,0.06249995921507434,-0.21875004078492566
5601,58.353125,1286686,1286686.40625,-0.21875004078492566,0.18749995921507434
5602,58.36354166666666,1286916,1286916.09375,0.18749995921507434,0.28124995921507434
5603,58.373958333333334,1287146,1287145.78125,0.28124995921507434,0.06249995921507434
5604,58.375,1287169,1287168.75,0.06249995921507434,-0.18750004078492566
5605,58.385416666666664,1287398,1287398.4375,-0.18750004078492566,0.24999995921507434
5606,58.395833333333336,1287628,1287628.125,0.24999995921507434,0.37499995921507434
5607,58.40625,1287858,1287857.8125,0.37499995921507434,0.18749995921507434
5608,58.416666666666664,1288088,1288087.5,0.18749995921507434,-0.31250004078492566
5609,58.427083333333336,1288317,1288317.1875,-0.31250004078492566,-0.12500004078492566
5610,58.446875,1288753,1288753.59375,-0.12500004078492566,0.46874995921507434
5611,58.45729166666666,1288984,1288983.28125,0.46874995921507434,-0.25000004078492566
5612,58.467708333333334,1289213,1289212.96875,-0.25000004078492566,-0.28125004078492566
5613,58.478125,1289442,1289442.65625,-0.28125004078492566,0.37499995921507434
5614,58.48854166666666,1289673,1289672.34375,0.37499995921507434,-0.28125004078492566
5615,58.498958333333334,1289902,1289902.03125,-0.28125004078492566,-0.25000004078492566
5616,58.5,1289925,1289925.0,-0.25000004078492566,-0.25000004078492566
5617,58.510416666666664,1290154,1290154.6875,-0.25000004078492566,0.43749995921507434
5618,58.520833333333336,1290385,1290384.375,0.43749995921507434,-0.18750004078492566
5619,58.53125,1290614,1290614.0625,-0.18750004078492566,-0.12500004078492566
5620,58.541666666666664,1290844,1290843.75,-0.12500004078492566,-0.37500004078492566
5621,58.552083333333336,1291073,1291073.4375,-0.37500004078492566,0.06249995921507434
5622,58.571875,1291510,1291509.84375,0.06249995921507434,-0.09375004078492566
5623,58.58229166666666,1291739,1291739.53125,-0.09375004078492566,0.43749995921507434
5624,58.592708333333334,1291970,1291969.21875,0.43749995921507434,-0.34375004078492566
5625,58.603125,1292199,1292198.90625,-0.34375004078492566,-0.43750004078492566
5626,58.61354166666666,1292428,1292428.59375,-0.43750004078492566,0.15624995921507434
5627,58.623958333333334,1292658,1292658.28125,0.15624995921507434,0.43749995921507434
5628,58.625,1292682,1292681.25,0.43749995921507434,-0.31250004078492566
5629,58.635416666666664,1292911,1292910.9375,-0.31250004078492566,-0.37500004078492566
5630,58.645833333333336,1293140,1293140.625,-0.37500004078492566,0.24999995921507434
5631,58.65625,1293371,1293370.3125,0.24999995921507434,-0.43750004078492566
5632,58.666666666666664,1293600,1293600.0,-0.43750004078492566,-0.43750004078492566
5633,58.677083333333336,1293829,1293829.6875,-0.43750004078492566,0.24999995921507434
5634,58.696875,1294266,1294266.09375,0.24999995921507434,0.34374995921507434
5635,58.70729166666666,1294496,1294495.78125,0.34374995921507434,0.12499995921507434
5636,58.717708333333334,1294726,1294725.46875,0.12499995921507434,-0.40625004078492566
5637,58.728125,1294955,1294955.15625,-0.40625004078492566,-0.25000004078492566
5638,58.73854166666666,1295185,1295184.84375,-0.25000004078492566,-0.40625004078492566
5639,58.748958333333334,1295414,1295414.53125,-0.40625004078492566,0.12499995921507434
5640,58.75,1295438,1295437.5,0.12499995921507434,-0.37500004078492566
5641,58.760416666666664,1295667,1295667.1875,-0.37500004078492566,-0.18750004078492566
5642,58.770833333333336,1295897,1295896.875,-0.18750004078492566,-0.31250004078492566
5643,58.78125,1296126,1296126.5625,-0.31250004078492566,0.24999995921507434
5644,58.791666666666664,1296356,1296356.25,0.24999995921507434,0.49999995921507434
5645,58.802083333333336,1296586,1296585.9375,0.49999995921507434,0.43749995921507434
5646,58.821875,1297023,1297022.34375,0.43749995921507434,-0.21875004078492566
5647,58.83229166666666,1297252,1297252.03125,-0.21875004078492566,-0.18750004078492566
5648,58.842708333333334,1297482,1297481.71875,-0.18750004078492566,-0.46875004078492566
5649,58.853125,1297711,1297711.40625,-0.46875004078492566,-0.06250004078492566
5650,58.86354166666666,1297941,1297941.09375,-0.06250004078492566,0.03124995921507434
5651,58.873958333333334,1298171,1298170.78125,0.03124995921507434,-0.18750004078492566
5652,58.875,1298194,1298193.75,-0.18750004078492566,-0.43750004078492566
5653,58.885416666666664,1298423,1298423.4375,-0.43750004078492566,-4.078492565895431e-08
5654,58.895833333333336,1298653,1298653.125,-4.078492565895431e-08,0.12499995921507434
5655,58.90625,1298883,1298882.8125,0.12499995921507434,-0.06250004078492566
5656,58.916666666666664,1299112,1299112.5,-0.06250004078492566,0.43749995921507434
5657,58.927083333333336,1299343,1299342.1875,0.43749995921507434,-0.37500004078492566
5658,58.946875,1299778,1299778.59375,-0.37500004078492566,0.21874995921507434
5659,58.95729166666666,1300008,1300008.28125,0.21874995921507434,0.49999995921507434
5660,58.967708333333334,1300238,1300237.96875,0.49999995921507434,0.46874995921507434
5661,58.978125,1300468,1300467.65625,0.46874995921507434,0.12499995921507434
5662,58.98854166666666,1300697,1300697.34375,0.12499995921507434,0.46874995921507434
5663,58.998958333333334,1300927,1300927.03125,0.46874995921507434,0.49999995921507434
5664,59.0,1300950,1300950.0,0.49999995921507434,0.49999995921507434
5665,59.010416666666664,1301180,1301179.6875,0.49999995921507434,0.18749995921507434
5666,59.020833333333336,1301410,1301409.375,0.18749995921507434,-0.43750004078492566
5667,59.03125,1301639,1301639.0625,-0.43750004078492566,-0.37500004078492566
5668,59.041666666666664,1301868,1301868.75,-0.37500004078492566,0.37499995921507434
5669,59.052083333333336,1302099,1302098.4375,0.37499995921507434,-0.18750004078492566
5670,59.071875,1302535,1302534.84375,-0.18750004078492566,-0.34375004078492566
5671,59.08229166666666,1302764,1302764.53125,-0.34375004078492566,0.18749995921507434
5672,59.092708333333334,1302994,1302994.21875,0.18749995921507434,0.40624995921507434
5673,59.103125,1303224,1303223.90625,0.40624995921507434,0.31249995921507434
5674,59.11354166666666,1303454,1303453.59375,0.31249995921507434,-0.09375004078492566
5675,59.123958333333334,1303683,1303683.28125,-0.09375004078492566,0.18749995921507434
5676,59.125,1303706,1303706.25,0.18749995921507434,0.43749995921507434
5677,59.135416666666664,1303936,1303935.9375,0.43749995921507434,0.37499995921507434
5678,59.145833333333336,1304166,1304165.625,0.37499995921507434,-4.078492565895431e-08
5679,59.15625,1304395,1304395.3125,-4.078492565895431e-08,0.31249995921507434
5680,59.166666666666664,1304625,1304625.0,0.31249995921507434,0.31249995921507434
5681,59.177083333333336,1304855,1304854.6875,0.31249995921507434,-4.078492565895431e-08
5682,59.196875,1305291,1305291.09375,-4.078492565895431e-08,0.09374995921507434
5683,59.20729166666666,1305521,1305520.78125,0.09374995921507434,-0.12500004078492566
5684,59.217708333333334,1305750,1305750.46875,-0.12500004078492566,0.34374995921507434
5685,59.228125,1305980,1305980.15625,0.34374995921507434,0.49999995921507434
5686,59.23854166666666,1306210,1306209.84375,0.49999995921507434,0.34374995921507434
5687,59.248958333333334,1306440,1306439.53125,0.34374995921507434,-0.12500004078492566
5688,59.25,1306462,1306462.5,-0.12500004078492566,0.37499995921507434
5689,59.260416666666664,1306693,1306692.1875,0.37499995921507434,-0.43750004078492566
5690,59.270833333333336,1306921,1306921.875,-0.43750004078492566,0.43749995921507434
5691,59.28125,1307152,1307151.5625,0.43749995921507434,-4.078492565895431e-08
5692,59.291666666666664,1307381,1307381.25,-4.078492565895431e-08,0.24999995921507434
5693,59.302083333333336,1307611,1307610.9375,0.24999995921507434,0.18749995921507434
5694,59.321875,1308048,1308047.34375,0.18749995921507434,-0.46875004078492566
5695,59.33229166666666,1308277,1308277.03125,-0.46875004078492566,-0.43750004078492566
5696,59.342708333333334,1308506,1308506.71875,-0.43750004078492566,0.28124995921507434
5697,59.353125,1308737,1308736.40625,0.28124995921507434,-0.31250004078492566
5698,59.36354166666666,1308966,1308966.09375,-0.31250004078492566,-0.21875004078492566
5699,59.373958333333334,1309196,1309195.78125,-0.21875004078492566,-0.43750004078492566
5700,59.375,1309218,1309218.75,-0.43750004078492566,0.31249995921507434
5701,59.385416666666664,1309449,1309448.4375,0.31249995921507434,-0.25000004078492566
5702,59.395833333333336,1309678,1309678.125,-0.25000004078492566,-0.12500004078492566
5703,59.40625,1309908,1309907.8125,-0.12500004078492566,-0.31250004078492566
5704,59.416666666666664,1310137,1310137.5,-0.31250004078492566,0.18749995921507434
5705,59.427083333333336,1310367,1310367.1875,0.18749995921507434,0.37499995921507434
5706,59.446875,1310804,1310803.59375,0.37499995921507434,-0.03125004078492566
5707,59.45729166666666,1311033,1311033.28125,-0.03125004078492566,0.24999995921507434
5708,59.467708333333334,1311263,1311262.96875,0.24999995921507434,0.21874995921507434
5709,59.478125,1311493,1311492.65625,0.21874995921507434,-0.12500004078492566
5710,59.48854166666666,1311722,1311722.34375,-0.12500004078492566,0.21874995921507434
5711,59.498958333333334,1311952,1311952.03125,0.21874995921507434,0.24999995921507434
5712,59.5,1311975,1311975.0,0.24999995921507434,0.24999995921507434
5713,59.510416666666664,1312205,1312204.6875,0.24999995921507434,-0.06250004078492566
5714,59.520833333333336,1312434,1312434.375,-0.06250004078492566,0.31249995921507434
5715,59.53125,1312664,1312664.0625,0.31249995921507434,0.37499995921507434
5716,59.541666666666664,1312894,1312893.75,0.37499995921507434,0.12499995921507434
5717,59.552083333333336,1313124,1313123.4375,0.12499995921507434,-0.43750004078492566
5718,59.571875,1313559,1313559.84375,-0.43750004078492566,0.40624995921507434
5719,59.58229166666666,1313790,1313789.53125,0.40624995921507434,-0.06250004078492566
5720,59.592708333333334,1314019,1314019.21875,-0.06250004078492566,0.15624995921507434
5721,59.603125,1314249,1314248.90625,0.15624995921507434,0.06249995921507434
5722,59.61354166666666,1314479,1314478.59375,0.06249995921507434,-0.34375004078492566
5723,59.623958333333334,1314708,1314708.28125,-0.34375004078492566,-0.06250004078492566
5724,59.625,1314731,1314731.25,-0.06250004078492566,0.18749995921507434
5725,59.635416666666664,1314961,1314960.9375,0.18749995921507434,0.12499995921507434
5726,59.645833333333336,1315191,1315190.625,0.12499995921507434,-0.25000004078492566
5727,59.65625,1315420,1315420.3125,-0.25000004078492566,0.06249995921507434
5728,59.666666666666664,1315650,1315650.0,0.06249995921507434,0.06249995921507434
5729,59.677083333333336,1315880,1315879.6875,0.06249995921507434,-0.25000004078492566
5730,59.696875,1316316,1316316.09375,-0.25000004078492566,-0.15625004078492566
5731,59.70729166666666,1316546,1316545.78125,-0.15625004078492566,-0.37500004078492566
5732,59.717708333333334,1316775,1316775.46875,-0.37500004078492566,0.09374995921507434
5733,59.728125,1317005,1317005.15625,0.09374995921507434,0.24999995921507434
5734,59.73854166666666,1317235,1317234.84375,0.24999995921507434,0.09374995921507434
5735,59.748958333333334,1317465,1317464.53125,0.09374995921507434,-0.37500004078492566
5736,59.75,1317487,1317487.5,-0.37500004078492566,0.12499995921507434
5737,59.760416666666664,1317717,1317717.1875,0.12499995921507434,0.31249995921507434
5738,59.770833333333336,1317947,1317946.875,0.31249995921507434,0.18749995921507434
5739,59.78125,1318177,1318176.5625,0.18749995921507434,-0.25000004078492566
5740,59.791666666666664,1318406,1318406.25,-0.25000004078492566,-4.078492565895431e-08
5741,59.802083333333336,1318636,1318635.9375,-4.078492565895431e-08,-0.06250004078492566
5742,59.821875,1319072,1319072.34375,-0.06250004078492566,0.28124995921507434
5743,59.83229166666666,1319302,1319302.03125,0.28124995921507434,0.31249995921507434
5744,59.842708333333334,1319532,1319531.71875,0.31249995921507434,0.03124995921507434
5745,59.853125,1319761,1319761.40625,0.03124995921507434,0.43749995921507434
5746,59.86354166666666,1319992,1319991.09375,0.43749995921507434,-0.46875004078492566
5747,59.873958333333334,1320220,1320220.78125,-0.46875004078492566,0.31249995921507434
5748,59.875,1320244,1320243.75,0.31249995921507434,0.06249995921507434
5749,59.885416666666664,1320473,1320473.4375,0.06249995921507434,0.49999995921507434
5750,59.895833333333336,1320704,1320703.125,0.49999995921507434,-0.37500004078492566
5751,59.90625,1320932,1320932.8125,-0.37500004078492566,0.43749995921507434
5752,59.916666666666664,1321163,1321162.5,0.43749995921507434,-0.06250004078492566
5753,59.927083333333336,1321392,1321392.1875,-0.06250004078492566,0.12499995921507434
5754,59.946875,1321829,1321828.59375,0.12499995921507434,-0.28125004078492566
5755,59.95729166666666,1322058,1322058.28125,-0.28125004078492566,-4.078492565895431e-08
5756,59.967708333333334,1322288,1322287.96875,-4.078492565895431e-08,-0.03125004078492566
5757,59.978125,1322518,1322517.65625,-0.03125004078492566,-0.37500004078492566
5758,59.98854166666666,1322747,1322747.34375,-0.37500004078492566,-0.03125004078492566
5759,59.998958333333334,1322977,1322977.03125,-0.03125004078492566,-4.078492565895431e-08
5760,60.0,1323000,1323000.0,-4.078492565895431e-08,-4.078492565895431e-08
5761,60.010416666666664,1323230,1323229.6875,-4.078492565895431e-08,-0.31250004078492566
5762,60.020833333333336,1323459,1323459.375,-0.31250004078492566,0.06249995921507434
5763,60.03125,1323689,1323689.0625,0.06249995921507434,0.12499995921507434
5764,60.041666666666664,1323919,1323918.75,0.12499995921507434,-0.12500004078492566
5765,60.052083333333336,1324148,1324148.4375,-0.12500004078492566,0.31249995921507434
5766,60.071875,1324585,1324584.84375,0.31249995921507434,0.15624995921507434
5767,60.08229166666666,1324815,1324814.53125,0.15624995921507434,-0.31250004078492566
5768,60.092708333333334,1325044,1325044.21875,-0.31250004078492566,-0.09375004078492566
5769,60.103125,1325274,1325273.90625,-0.09375004078492566,-0.18750004078492566
5770,60.11354166666666,1325503,1325503.59375,-0.18750004078492566,0.40624995921507434
5771,60.123958333333334,1325734,1325733.28125,0.40624995921507434,-0.31250004078492566
5772,60.125,1325756,1325756.25,-0.31250004078492566,-0.06250004078492566
5773,60.135416666666664,1325986,1325985.9375,-0.06250004078492566,-0.12500004078492566
5774,60.145833333333336,1326215,1326215.625,-0.12500004078492566,0.49999995921507434
5775,60.15625,1326446,1326445.3125,0.49999995921507434,-0.18750004078492566
5776,60.166666666666664,1326675,1326675.0,-0.18750004078492566,-0.18750004078492566
5777,60.177083333333336,1326904,1326904.6875,-0.18750004078492566,0.49999995921507434
5778,60.196875,1327342,1327341.09375,0.49999995921507434,-0.40625004078492566
5779,60.20729166666666,1327570,1327570.78125,-0.40625004078492566,0.37499995921507434
5780,60.217708333333334,1327801,1327800.46875,0.37499995921507434,-0.15625004078492566
5781,60.228125,1328030,1328030.15625,-0.15625004078492566,-4.078492565895431e-08
5782,60.23854166666666,1328260,1328259.84375,-4.078492565895431e-08,-0.15625004078492566
5783,60.248958333333334,1328489,1328489.53125,-0.15625004078492566,0.37499995921507434
5784,60.25,1328513,1328512.5,0.37499995921507434,-0.12500004078492566
5785,60.260416666666664,1328742,1328742.1875,-0.12500004078492566,0.06249995921507434
5786,60.270833333333336,1328972,1328971.875,0.06249995921507434,-0.06250004078492566
5787,60.28125,1329201,1329201.5625,-0.06250004078492566,0.49999995921507434
5788,60.291666666666664,1329432,1329431.25,0.49999995921507434,-0.25000004078492566
5789,60.302083333333336,1329661,1329660.9375,-0.25000004078492566,-0.31250004078492566
5790,60.321875,1330097,1330097.34375,-0.31250004078492566,0.03124995921507434
5791,60.33229166666666,1330327,1330327.03125,0.03124995921507434,0.06249995921507434
5792,60.342708333333334,1330557,1330556.71875,0.06249995921507434,-0.21875004078492566
5793,60.353125,1330786,1330786.40625,-0.21875004078492566,0.18749995921507434
5794,60.36354166666666,1331016,1331016.09375,0.18749995921507434,0.28124995921507434
5795,60.373958333333334,1331246,1331245.78125,0.28124995921507434,0.06249995921507434
5796,60.375,1331269,1331268.75,0.06249995921507434,-0.18750004078492566
5797,60.385416666666664,1331498,1331498.4375,-0.18750004078492566,0.24999995921507434
5798,60.395833333333336,1331728,1331728.125,0.24999995921507434,0.37499995921507434
5799,60.40625,1331958,1331957.8125,0.37499995921507434,0.18749995921507434
5800,60.416666666666664,1332188,1332187.5,0.18749995921507434,-0.31250004078492566
5801,60.427083333333336,1332417,1332417.1875,-0.31250004078492566,-0.12500004078492566
5802,60.446875,1332853,1332853.59375,-0.12500004078492566,0.46874995921507434
5803,60.45729166666666,1333084,1333083.28125,0.46874995921507434,-0.25000004078492566
5804,60.467708333333334,1333313,1333312.96875,-0.25000004078492566,-0.28125004078492566
5805,60.478125,1333542,1333542.65625,-0.28125004078492566,0.37499995921507434
5806,60.48854166666666,1333773,1333772.34375,0.37499995921507434,-0.28125004078492566
5807,60.498958333333334,1334002,1334002.03125,-0.28125004078492566,-0.25000004078492566
5808,60.5,1334025,1334025.0,-0.25000004078492566,-0.25000004078492566
5809,60.510416666666664,1334254,1334254.6875,-0.25000004078492566,0.43749995921507434
5810,60.520833333333336,1334485,1334484.375,0.43749995921507434,-0.18750004078492566
5811,60.53125,1334714,1334714.0625,-0.18750004078492566,-0.12500004078492566
5812,60.541666666666664,1334944,1334943.75,-0.12500004078492566,-0.37500004078492566
5813,60.552083333333336,1335173,1335173.4375,-0.37500004078492566,0.06249995921507434
5814,60.571875,1335610,1335609.84375,0.06249995921507434,-0.09375004078492566
5815,60.58229166666666,1335839,1335839.53125,-0.09375004078492566,0.43749995921507434
5816,60.592708333333334,1336070,1336069.21875,0.43749995921507434,-0.34375004078492566
5817,60.603125,1336299,1336298.90625,-0.34375004078492566,-0.43750004078492566
5818,60.61354166666666,1336528,1336528.59375,-0.43750004078492566,0.15624995921507434
5819,60.623958333333334,1336758,1336758.28125,0.15624995921507434,0.43749995921507434
5820,60.625,1336782,1336781.25,0.43749995921507434,-0.31250004078492566
5821,60.635416666666664,1337011,1337010.9375,-0.31250004078492566,-0.37500004078492566
5822,60.645833333333336,1337240,1337240.625,-0.37500004078492566,0.24999995921507434
5823,60.65625,1337471,1337470.3125,0.24999995921507434,-0.43750004078492566
5824,60.666666666666664,1337700,1337700.0,-0.43750004078492566,-0.43750004078492566
5825,60.677083333333336,1337929,1337929.6875,-0.43750004078492566,0.24999995921507434
5826,60.696875,1338366,1338366.09375,0.24999995921507434,0.34374995921507434
5827,60.70729166666666,1338596,1338595.78125,0.34374995921507434,0.12499995921507434
5828,60.717708333333334,1338826,1338825.46875,0.12499995921507434,-0.40625004078492566
5829,60.728125,1339055,1339055.15625,-0.40625004078492566,-0.25000004078492566
5830,60.73854166666666,1339285,1339284.84375,-0.25000004078492566,-0.40625004078492566
5831,60.748958333333334,1339514,1339514.53125,-0.40625004078492566,0.12499995921507434
5832,60.75,1339538,1339537.5,0.12499995921507434,-0.37500004078492566
5833,60.760416666666664,1339767,1339767.1875,-0.37500004078492566,-0.18750004078492566
5834,60.770833333333336,1339997,1339996.875,-0.18750004078492566,-0.31250004078492566
5835,60.78125,1340226,1340226.5625,-0.31250004078492566,0.24999995921507434
5836,60.791666666666664,1340456,1340456.25,0.24999995921507434,0.49999995921507434
5837,60.802083333333336,1340686,1340685.9375,0.49999995921507434,0.43749995921507434
5838,60.821875,1341123,1341122.34375,0.43749995921507434,-0.21875004078492566
5839,60.83229166666666,1341352,1341352.03125,-0.21875004078492566,-0.18750004078492566
5840,60.842708333333334,1341582,1341581.71875,-0.18750004078492566,-0.46875004078492566
5841,60.853125,1341811,1341811.40625,-0.46875004078492566,-0.06250004078492566
5842,60.86354166666666,1342041,1342041.09375,-0.06250004078492566,0.03124995921507434
5843,60.873958333333334,1342271,1342270.78125,0.03124995921507434,-0.18750004078492566
5844,60.875,1342294,1342293.75,-0.18750004078492566,-0.43750004078492566
5845,60.885416666666664,1342523,1342523.4375,-0.43750004078492566,-4.078492565895431e-08
5846,60.895833333333336,1342753,1342753.125,-4.078492565895431e-08,0.12499995921507434
5847,60.90625,1342983,1342982.8125,0.12499995921507434,-0.06250004078492566
5848,60.916666666666664,1343212,1343212.5,-0.06250004078492566,0.43749995921507434
5849,60.927083333333336,1343443,1343442.1875,0.43749995921507434,-0.37500004078492566
5850,60.946875,1343878,1343878.59375,-0.37500004078492566,0.21874995921507434
5851,60.95729166666666,1344108,1344108.28125,0.21874995921507434,0.49999995921507434
5852,60.967708333333334,1344338,1344337.96875,0.49999995921507434,0.46874995921507434
5853,60.978125,1344568,1344567.65625,0.46874995921507434,0.12499995921507434
5854,60.98854166666666,1344797,1344797.34375,0.12499995921507434,0.46874995921507434
5855,60.998958333333334,1345027,1345027.03125,0.46874995921507434,0.49999995921507434
5856,61.0,1345050,1345050.0,0.49999995921507434,0.49999995921507434
5857,61.010416666666664,1345280,1345279.6875,0.49999995921507434,0.18749995921507434
5858,61.020833333333336,1345510,1345509.375,0.18749995921507434,-0.43750004078492566
5859,61.03125,1345739,1345739.0625,-0.43750004078492566,-0.37500004078492566
5860,61.041666666666664,1345968,1345968.75,-0.37500004078492566,0.37499995921507434
5861,61.052083333333336,1346199,1346198.4375,0.37499995921507434,-0.18750004078492566
5862,61.071875,1346635,1346634.84375,-0.18750004078492566,-0.34375004078492566
5863,61.08229166666666,1346864,1346864.53125,-0.34375004078492566,0.18749995921507434
5864,61.092708333333334,1347094,1347094.21875,0.18749995921507434,0.40624995921507434
5865,61.103125,1347324,1347323.90625,0.40624995921507434,0.31249995921507434
5866,61.11354166666666,1347554,1347553.59375,0.31249995921507434,-0.09375004078492566
5867,61.123958333333334,1347783,1347783.28125,-0.09375004078492566,0.18749995921507434
5868,61.125,1347806,1347806.25,0.18749995921507434,0.43749995921507434
5869,61.135416666666664,1348036,1348035.9375,0.43749995921507434,0.37499995921507434
5870,61.145833333333336,1348266,1348265.625,0.37499995921507434,-4.078492565895431e-08
5871,61.15625,1348495,1348495.3125,-4.078492565895431e-08,0.31249995921507434
5872,61.166666666666664,1348725,1348725.0,0.31249995921507434,0.31249995921507434
5873,61.177083333333336,1348955,1348954.6875,0.31249995921507434,-4.078492565895431e-08
5874,61.196875,1349391,1349391.09375,-4.078492565895431e-08,0.09374995921507434
5875,61.20729166666666,1349621,1349620.78125,0.09374995921507434,-0.12500004078492566
5876,61.217708333333334,1349850,1349850.46875,-0.12500004078492566,0.34374995921507434
5877,61.228125,1350080,1350080.15625,0.34374995921507434,0.49999995921507434
5878,61.23854166666666,1350310,1350309.84375,0.49999995921507434,0.34374995921507434
5879,61.248958333333334,1350540,1350539.53125,0.34374995921507434,-0.12500004078492566
5880,61.25,1350562,1350562.5,-0.12500004078492566,0.37499995921507434
5881,61.260416666666664,1350793,1350792.1875,0.37499995921507434,-0.43750004078492566
5882,61.270833333333336,1351021,1351021.875,-0.43750004078492566,0.43749995921507434
5883,61.28125,1351252,1351251.5625,0.43749995921507434,-4.078492565895431e-08
5884,61.291666666666664,1351481,1351481.25,-4.078492565895431e-08,0.24999995921507434
5885,61.302083333333336,1351711,1351710.9375,0.24999995921507434,0.18749995921507434
5886,61.321875,1352148,1352147.34375,0.18749995921507434,-0.46875004078492566
5887,61.33229166666666,1352377,1352377.03125,-0.46875004078492566,-0.43750004078492566
5888,61.342708333333334,1352606,1352606.71875,-0.43750004078492566,0.28124995921507434
5889,61.353125,1352837,1352836.40625,0.28124995921507434,-0.31250004078492566
5890,61.36354166666666,1353066,1353066.09375,-0.31250004078492566,-0.21875004078492566
5891,61.373958333333334,1353296,1353295.78125,-0.21875004078492566,-0.43750004078492566
5892,61.375,1353318,1353318.75,-0.43750004078492566,0.31249995921507434
5893,61.385416666666664,1353549,1353548.4375,0.31249995921507434,-0.25000004078492566
5894,61.395833333333336,1353778,1353778.125,-0.25000004078492566,-0.12500004078492566
5895,61.40625,1354008,1354007.8125,-0.12500004078492566,-0.31250004078492566
5896,61.416666666666664,1354237,1354237.5,-0.31250004078492566,0.18749995921507434
5897,61.427083333333336,1354467,1354467.1875,0.18749995921507434,0.37499995921507434
5898,61.446875,1354904,1354903.59375,0.37499995921507434,-0.03125004078492566
5899,61.45729166666666,1355133,1355133.28125,-0.03125004078492566,0.24999995921507434
5900,61.467708333333334,1355363,1355362.96875,0.24999995921507434,0.21874995921507434
5901,61.478125,1355593,1355592.65625,0.21874995921507434,-0.12500004078492566
5902,61.48854166666666,1355822,1355822.34375,-0.12500004078492566,0.21874995921507434
5903,61.498958333333334,1356052,1356052.03125,0.21874995921507434,0.24999995921507434
5904,61.5,1356075,1356075.0,0.24999995921507434,0.24999995921507434
5905,61.510416666666664,1356305,1356304.6875,0.24999995921507434,-0.06250004078492566
5906,61.520833333333336,1356534,1356534.375,-0.06250004078492566,0.31249995921507434
5907,61.53125,1356764,1356764.0625,0.31249995921507434,0.37499995921507434
5908,61.541666666666664,1356994,1356993.75,0.37499995921507434,0.12499995921507434
5909,61.552083333333336,1357224,1357223.4375,0.12499995921507434,-0.43750004078492566
5910,61.571875,1357659,1357659.84375,-0.43750004078492566,0.40624995921507434
5911,61.58229166666666,1357890,1357889.53125,0.40624995921507434,-0.06250004078492566
5912,61.592708333333334,1358119,1358119.21875,-0.06250004078492566,0.15624995921507434
5913,61.603125,1358349,1358348.90625,0.15624995921507434,0.06249995921507434
5914,61.61354166666666,1358579,1358578.59375,0.06249995921507434,-0.34375004078492566
5915,61.623958333333334,1358808,1358808.28125,-0.34375004078492566,-0.06250004078492566
5916,61.625,1358831,1358831.25,-0.06250004078492566,0.18749995921507434
5917,61.635416666666664,1359061,1359060.9375,0.18749995921507434,0.12499995921507434
5918,61.645833333333336,1359291,1359290.625,0.12499995921507434,-0.25000004078492566
5919,61.65625,1359520,1359520.3125,-0.25000004078492566,0.06249995921507434
5920,61.666666666666664,1359750,1359750.0,0.06249995921507434,0.06249995921507434
5921,61.677083333333336,1359980,1359979.6875,0.06249995921507434,-0.25000004078492566
5922,61.696875,1360416,1360416.09375,-0.25000004078492566,-0.15625004078492566
5923,61.70729166666666,1360646,1360645.78125,-0.15625004078492566,-0.37500004078492566
5924,61.717708333333334,1360875,1360875.46875,-0.37500004078492566,0.09374995921507434
5925,61.728125,1361105,1361105.15625,0.09374995921507434,0.24999995921507434
5926,61.73854166666666,1361335,1361334.84375,0.24999995921507434,0.09374995921507434
5927,61.748958333333334,1361565,1361564.53125,0.09374995921507434,-0.37500004078492566
5928,61.75,1361587,1361587.5,-0.37500004078492566,0.12499995921507434
5929,61.760416666666664,1361817,1361817.1875,0.12499995921507434,0.31249995921507434
5930,61.770833333333336,1362047,1362046.875,0.31249995921507434,0.18749995921507434
5931,61.78125,1362277,1362276.5625,0.18749995921507434,-0.25000004078492566
5932,61.791666666666664,1362506,1362506.25,-0.25000004078492566,-4.078492565895431e-08
5933,61.802083333333336,1362736,1362735.9375,-4.078492565895431e-08,-0.06250004078492566
5934,61.821875,1363172,1363172.34375,-0.06250004078492566,0.28124995921507434
5935,61.83229166666666,1363402,1363402.03125,0.28124995921507434,0.31249995921507434
5936,61.842708333333334,1363632,1363631.71875,0.31249995921507434,0.03124995921507434
5937,61.853125,1363861,1363861.40625,0.03124995921507434,0.43749995921507434
5938,61.86354166666666,1364092,1364091.09375,0.43749995921507434,-0.46875004078492566
5939,61.873958333333334,1364320,1364320.78125,-0.46875004078492566,0.31249995921507434
5940,61.875,1364344,1364343.75,0.31249995921507434,0.06249995921507434
5941,61.885416666666664,1364573,1364573.4375,0.06249995921507434,0.49999995921507434
5942,61.895833333333336,1364804,1364803.125,0.49999995921507434,-0.37500004078492566
5943,61.90625,1365032,1365032.8125,-0.37500004078492566,0.43749995921507434
5944,61.916666666666664,1365263,1365262.5,0.43749995921507434,-0.06250004078492566
5945,61.927083333333336,1365492,1365492.1875,-0.06250004078492566,0.12499995921507434
5946,61.946875,1365929,1365928.59375,0.12499995921507434,-0.28125004078492566
5947,61.95729166666666,1366158,1366158.28125,-0.28125004078492566,-4.078492565895431e-08
5948,61.967708333333334,1366388,1366387.96875,-4.078492565895431e-08,-0.03125004078492566
5949,61.978125,1366618,1366617.65625,-0.03125004078492566,-0.37500004078492566
5950,61.98854166666666,1366847,1366847.34375,-0.37500004078492566,-0.03125004078492566
5951,61.998958333333334,1367077,1367077.03125,-0.03125004078492566,-4.078492565895431e-08
5952,62.0,1367100,1367100.0,-4.078492565895431e-08,-4.078492565895431e-08
5953,62.010416666666664,1367330,1367329.6875,-4.078492565895431e-08,-0.31250004078492566
5954,62.020833333333336,1367559,1367559.375,-0.31250004078492566,0.06249995921507434
5955,62.03125,1367789,1367789.0625,0.06249995921507434,0.12499995921507434
5956,62.041666666666664,1368019,1368018.75,0.12499995921507434,-0.12500004078492566
5957,62.052083333333336,1368248,1368248.4375,-0.12500004078492566,0.31249995921507434
5958,62.071875,1368685,1368684.84375,0.31249995921507434,0.15624995921507434
5959,62.08229166666666,1368915,1368914.53125,0.15624995921507434,-0.31250004078492566
5960,62.092708333333334,1369144,1369144.21875,-0.31250004078492566,-0.09375004078492566
5961,62.103125,1369374,1369373.90625,-0.09375004078492566,-0.18750004078492566
5962,62.11354166666666,1369603,1369603.59375,-0.18750004078492566,0.40624995921507434
5963,62.123958333333334,1369834,1369833.28125,0.40624995921507434,-0.31250004078492566
5964,62.125,1369856,1369856.25,-0.31250004078492566,-0.06250004078492566
5965,62.135416666666664,1370086,1370085.9375,-0.06250004078492566,-0.12500004078492566
5966,62.145833333333336,1370315,1370315.625,-0.12500004078492566,0.49999995921507434
5967,62.15625,1370546,1370545.3125,0.49999995921507434,-0.18750004078492566
5968,62.166666666666664,1370775,1370775.0,-0.18750004078492566,-0.18750004078492566
5969,62.177083333333336,1371004,1371004.6875,-0.18750004078492566,0.49999995921507434
5970,62.196875,1371442,1371441.09375,0.49999995921507434,-0.40625004078492566
5971,62.20729166666666,1371670,1371670.78125,-0.40625004078492566,0.37499995921507434
5972,62.217708333333334,1371901,1371900.46875,0.37499995921507434,-0.15625004078492566
5973,62.228125,1372130,1372130.15625,-0.15625004078492566,-4.078492565895431e-08
5974,62.23854166666666,1372360,1372359.84375,-4.078492565895431e-08,-0.15625004078492566
5975,62.248958333333334,1372589,1372589.53125,-0.15625004078492566,0.37499995921507434
5976,62.25,1372613,1372612.5,0.37499995921507434,-0.12500004078492566
5977,62.260416666666664,1372842,1372842.1875,-0.12500004078492566,0.06249995921507434
5978,62.270833333333336,1373072,1373071.875,0.06249995921507434,-0.06250004078492566
5979,62.28125,1373301,1373301.5625,-0.06250004078492566,0.49999995921507434
5980,62.291666666666664,1373532,1373531.25,0.49999995921507434,-0.25000004078492566
5981,62.302083333333336,1373761,1373760.9375,-0.25000004078492566,-0.31250004078492566
5982,62.321875,1374197,1374197.34375,-0.31250004078492566,0.03124995921507434
5983,62.33229166666666,1374427,1374427.03125,0.03124995921507434,0.06249995921507434
5984,62.342708333333334,1374657,1374656.71875,0.06249995921507434,-0.21875004078492566
5985,62.353125,1374886,1374886.40625,-0.21875004078492566,0.18749995921507434
5986,62.36354166666666,1375116,1375116.09375,0.18749995921507434,0.28124995921507434
5987,62.373958333333334,1375346,1375345.78125,0.28124995921507434,0.06249995921507434
5988,62.375,1375369,1375368.75,0.06249995921507434,-0.18750004078492566
5989,62.385416666666664,1375598,1375598.4375,-0.18750004078492566,0.24999995921507434
5990,62.395833333333336,1375828,1375828.125,0.24999995921507434,0.37499995921507434
5991,62.40625,1376058,1376057.8125,0.37499995921507434,0.18749995921507434
5992,62.416666666666664,1376288,1376287.5,0.18749995921507434,-0.31250004078492566
5993,62.427083333333336,1376517,1376517.1875,-0.31250004078492566,-0.12500004078492566
5994,62.446875,1376953,1376953.59375,-0.12500004078492566,0.46874995921507434
5995,62.45729166666666,1377184,1377183.28125,0.46874995921507434,-0.25000004078492566
5996,62.467708333333334,1377413,1377412.96875,-0.25000004078492566,-0.28125004078492566
5997,62.478125,1377642,1377642.65625,-0.28125004078492566,0.37499995921507434
5998,62.48854166666666,1377873,1377872.34375,0.37499995921507434,-0.28125004078492566
5999,62.498958333333334,1378102,1378102.03125,-0.28125004078492566,-0.25000004078492566
6000,62.5,1378125,1378125.0,-0.25000004078492566,-0.25000004078492566
6001,62.510416666666664,1378354,1378354.6875,-0.25000004078492566,0.43749995921507434
6002,62.520833333333336,1378585,1378584.375,0.43749995921507434,-0.18750004078492566
6003,62.53125,1378814,1378814.0625,-0.18750004078492566,-0.12500004078492566
6004,62.541666666666664,1379044,1379043.75,-0.12500004078492566,-0.37500004078492566
6005,62.552083333333336,1379273,1379273.4375,-0.37500004078492566,0.06249995921507434
6006,62.571875,1379710,1379709.84375,0.06249995921507434,-0.09375004078492566
6007,62.58229166666666,1379939,1379939.53125,-0.09375004078492566,0.43749995921507434
6008,62.592708333333334,1380170,1380169.21875,0.43749995921507434,-0.34375004078492566
6009,62.603125,1380399,1380398.90625,-0.34375004078492566,-0.43750004078492566
6010,62.61354166666666,1380628,1380628.59375,-0.43750004078492566,0.15624995921507434
6011,62.623958333333334,1380858,1380858.28125,0.15624995921507434,0.43749995921507434
6012,62.625,1380882,1380881.25,0.43749995921507434,-0.31250004078492566
6013,62.635416666666664,1381111,1381110.9375,-0.31250004078492566,-0.37500004078492566
6014,62.645833333333336,1381340,1381340.625,-0.37500004078492566,0.24999995921507434
6015,62.65625,1381571,1381570.3125,0.24999995921507434,-0.43750004078492566
6016,62.666666666666664,1381800,1381800.0,-0.43750004078492566,-0.43750004078492566
6017,62.677083333333336,1382029,1382029.6875,-0.43750004078492566,0.24999995921507434
6018,62.696875,1382466,1382466.09375,0.24999995921507434,0.34374995921507434
6019,62.70729166666666,1382696,1382695.78125,0.34374995921507434,0.12499995921507434
6020,62.717708333333334,1382926,1382925.46875,0.12499995921507434,-0.40625004078492566
6021,62.728125,1383155,1383155.15625,-0.40625004078492566,-0.25000004078492566
6022,62.73854166666666,1383385,1383384.84375,-0.25000004078492566,-0.40625004078492566
6023,62.748958333333334,1383614,1383614.53125,-0.40625004078492566,0.12499995921507434
6024,62.75,1383638,1383637.5,0.12499995921507434,-0.37500004078492566
6025,62.760416666666664,1383867,1383867.1875,-0.37500004078492566,-0.18750004078492566
6026,62.770833333333336,1384097,1384096.875,-0.18750004078492566,-0.31250004078492566
6027,62.78125,1384326,1384326.5625,-0.31250004078492566,0.24999995921507434
6028,62.791666666666664,1384556,1384556.25,0.24999995921507434,0.49999995921507434
6029,62.802083333333336,1384786,1384785.9375,0.49999995921507434,0.43749995921507434
6030,62.821875,1385223,1385222.34375,0.43749995921507434,-0.21875004078492566
6031,62.83229166666666,1385452,1385452.03125,-0.21875004078492566,-0.18750004078492566
6032,62.842708333333334,1385682,1385681.71875,-0.18750004078492566,-0.46875004078492566
6033,62.853125,1385911,1385911.40625,-0.46875004078492566,-0.06250004078492566
6034,62.86354166666666,1386141,1386141.09375,-0.06250004078492566,0.03124995921507434
6035,62.873958333333334,1386371,1386370.78125,0.03124995921507434,-0.18750004078492566
6036,62.875,1386394,1386393.75,-0.18750004078492566,-0.43750004078492566
6037,62.885416666666664,1386623,1386623.4375,-0.43750004078492566,-4.078492565895431e-08
6038,62.895833333333336,1386853,1386853.125,-4.078492565895431e-08,0.12499995921507434
6039,62.90625,1387083,1387082.8125,0.12499995921507434,-0.06250004078492566
6040,62.916666666666664,1387312,1387312.5,-0.06250004078492566,0.43749995921507434
6041,62.927083333333336,1387543,1387542.1875,0.43749995921507434,-0.37500004078492566
6042,62.946875,1387978,1387978.59375,-0.37500004078492566,0.21874995921507434
6043,62.95729166666666,1388208,1388208.28125,0.21874995921507434,0.49999995921507434
6044,62.967708333333334,1388438,1388437.96875,0.49999995921507434,0.46874995921507434
6045,62.978125,1388668,1388667.65625,0.46874995921507434,0.12499995921507434
6046,62.98854166666666,1388897,1388897.34375,0.12499995921507434,0.46874995921507434
6047,62.998958333333334,1389127,1389127.03125,0.46874995921507434,0.49999995921507434
6048,63.0,1389150,1389150.0,0.49999995921507434,0.49999995921507434
6049,63.010416666666664,1389380,1389379.6875,0.49999995921507434,0.18749995921507434
6050,63.020833333333336,1389610,1389609.375,0.18749995921507434,-0.43750004078492566
6051,63.03125,1389839,1389839.0625,-0.43750004078492566,-0.37500004078492566
6052,63.041666666666664,1390068,1390068.75,-0.37500004078492566,0.37499995921507434
6053,63.052083333333336,1390299,1390298.4375,0.37499995921507434,-0.18750004078492566
6054,63.071875,1390735,1390734.84375,-0.18750004078492566,-0.34375004078492566
6055,63.08229166666666,1390964,1390964.53125,-0.34375004078492566,0.18749995921507434
6056,63.092708333333334,1391194,1391194.21875,0.18749995921507434,0.40624995921507434
6057,63.103125,1391424,1391423.90625,0.40624995921507434,0.31249995921507434
6058,63.11354166666666,1391654,1391653.59375,0.31249995921507434,-0.09375004078492566
6059,63.123958333333334,1391883,1391883.28125,-0.09375004078492566,0.18749995921507434
6060,63.125,1391906,1391906.25,0.18749995921507434,0.43749995921507434
6061,63.135416666666664,1392136,1392135.9375,0.43749995921507434,0.37499995921507434
6062,63.145833333333336,1392366,1392365.625,0.37499995921507434,-4.078492565895431e-08
6063,63.15625,1392595,1392595.3125,-4.078492565895431e-08,0.31249995921507434
6064,63.166666666666664,1392825,1392825.0,0.31249995921507434,0.31249995921507434
6065,63.177083333333336,1393055,1393054.6875,0.31249995921507434,-4.078492565895431e-08
6066,63.196875,1393491,1393491.09375,-4.078492565895431e-08,0.09374995921507434
6067,63.20729166666666,1393721,1393720.78125,0.09374995921507434,-0.12500004078492566
6068,63.217708333333334,1393950,1393950.46875,-0.12500004078492566,0.34374995921507434
6069,63.228125,1394180,1394180.15625,0.34374995921507434,0.49999995921507434
6070,63.23854166666666,1394410,1394409.84375,0.49999995921507434,0.34374995921507434
6071,63.248958333333334,1394640,1394639.53125,0.34374995921507434,-0.12500004078492566
6072,63.25,1394662,1394662.5,-0.12500004078492566,0.37499995921507434
6073,63.260416666666664,1394893,1394892.1875,0.37499995921507434,-0.43750004078492566
6074,63.270833333333336,1395121,1395121.875,-0.43750004078492566,0.43749995921507434
6075,63.28125,1395352,1395351.5625,0.43749995921507434,-4.078492565895431e-08
6076,63.291666666666664,1395581,1395581.25,-4.078492565895431e-08,0.24999995921507434
6077,63.302083333333336,1395811,1395810.9375,0.24999995921507434,0.18749995921507434
6078,63.321875,1396248,1396247.34375,0.18749995921507434,-0.46875004078492566
6079,63.33229166666666,1396477,1396477.03125,-0.46875004078492566,-0.43750004078492566
6080,63.342708333333334,1396706,1396706.71875,-0.43750004078492566,0.28124995921507434
6081,63.353125,1396937,1396936.40625,0.28124995921507434,-0.31250004078492566
6082,63.36354166666666,1397166,1397166.09375,-0.31250004078492566,-0.21875004078492566
6083,63.373958333333334,1397396,1397395.78125,-0.21875004078492566,-0.43750004078492566
6084,63.375,1397418,1397418.75,-0.43750004078492566,0.31249995921507434
6085,63.385416666666664,1397649,1397648.4375,0.31249995921507434,-0.25000004078492566
6086,63.395833333333336,1397878,1397878.125,-0.25000004078492566,-0.12500004078492566
6087,63.40625,1398108,1398107.8125,-0.12500004078492566,-0.31250004078492566
6088,63.416666666666664,1398337,1398337.5,-0.31250004078492566,0.18749995921507434
6089,63.427083333333336,1398567,1398567.1875,0.18749995921507434,0.37499995921507434
6090,63.446875,1399004,1399003.59375,0.37499995921507434,-0.03125004078492566
6091,63.45729166666666,1399233,1399233.28125,-0.03125004078492566,0.24999995921507434
6092,63.467708333333334,1399463,1399462.96875,0.24999995921507434,0.21874995921507434
6093,63.478125,1399693,1399692.65625,0.21874995921507434,-0.12500004078492566
6094,63.48854166666666,1399922,1399922.34375,-0.12500004078492566,0.21874995921507434
6095,63.498958333333334,1400152,1400152.03125,0.21874995921507434,0.24999995921507434
6096,63.5,1400175,1400175.0,0.24999995921507434,0.24999995921507434
6097,63.510416666666664,1400405,1400404.6875,0.24999995921507434,-0.06250004078492566
6098,63.520833333333336,1400634,1400634.375,-0.06250004078492566,0.31249995921507434
6099,63.53125,1400864,1400864.0625,0.31249995921507434,0.37499995921507434
6100,63.541666666666664,1401094,1401093.75,0.37499995921507434,0.12499995921507434
6101,63.552083333333336,1401324,1401323.4375,0.12499995921507434,-0.43750004078492566
6102,63.571875,1401759,1401759.84375,-0.43750004078492566,0.40624995921507434
6103,63.58229166666666,1401990,1401989.53125,0.40624995921507434,-0.06250004078492566
6104,63.592708333333334,1402219,1402219.21875,-0.06250004078492566,0.15624995921507434
6105,63.603125,1402449,1402448.90625,0.15624995921507434,0.06249995921507434
6106,63.61354166666666,1402679,1402678.59375,0.06249995921507434,-0.34375004078492566
6107,63.623958333333334,1402908,1402908.28125,-0.34375004078492566,-0.06250004078492566
6108,63.625,1402931,1402931.25,-0.06250004078492566,0.18749995921507434
6109,63.635416666666664,1403161,1403160.9375,0.18749995921507434,0.12499995921507434
6110,63.645833333333336,1403391,1403390.625,0.12499995921507434,-0.25000004078492566
6111,63.65625,1403620,1403620.3125,-0.25000004078492566,0.06249995921507434
6112,63.666666666666664,1403850,1403850.0,0.06249995921507434,0.06249995921507434
6113,63.677083333333336,1404080,1404079.6875,0.06249995921507434,-0.25000004078492566
6114,63.696875,1404516,1404516.09375,-0.25000004078492566,-0.15625004078492566
6115,63.70729166666666,1404746,1404745.78125,-0.15625004078492566,-0.37500004078492566
6116,63.717708333333334,1404975,1404975.46875,-0.37500004078492566,0.09374995921507434
6117,63.728125,1405205,1405205.15625,0.09374995921507434,0.24999995921507434
6118,63.73854166666666,1405435,1405434.84375,0.24999995921507434,0.09374995921507434
6119,63.748958333333334,1405665,1405664.53125,0.09374995921507434,-0.37500004078492566
6120,63.75,1405687,1405687.5,-0.37500004078492566,0.12499995921507434
6121,63.760416666666664,1405917,1405917.1875,0.12499995921507434,0.31249995921507434
6122,63.770833333333336,1406147,1406146.875,0.31249995921507434,0.18749995921507434
6123,63.78125,1406377,1406376.5625,0.18749995921507434,-0.25000004078492566
6124,63.791666666666664,1406606,1406606.25,-0.25000004078492566,-4.078492565895431e-08
6125,63.802083333333336,1406836,1406835.9375,-4.078492565895431e-08,-0.06250004078492566
6126,63.821875,1407272,1407272.34375,-0.06250004078492566,0.28124995921507434
6127,63.83229166666666,1407502,1407502.03125,0.28124995921507434,0.31249995921507434
6128,63.842708333333334,1407732,1407731.71875,0.31249995921507434,0.03124995921507434
6129,63.853125,1407961,1407961.40625,0.03124995921507434,0.43749995921507434
6130,63.86354166666666,1408192,1408191.09375,0.43749995921507434,-0.46875004078492566
6131,63.873958333333334,1408420,1408420.78125,-0.46875004078492566,0.31249995921507434
6132,63.875,1408444,1408443.75,0.31249995921507434,0.06249995921507434
6133,63.885416666666664,1408673,1408673.4375,0.06249995921507434,0.49999995921507434
6134,63.895833333333336,1408904,1408903.125,0.49999995921507434,-0.37500004078492566
6135,63.90625,1409132,1409132.8125,-0.37500004078492566,0.43749995921507434
6136,63.916666666666664,1409363,1409362.5,0.43749995921507434,-0.06250004078492566
6137,63.927083333333336,1409592,1409592.1875,-0.06250004078492566,0.12499995921507434
6138,63.946875,1410029,1410028.59375,0.12499995921507434,-0.28125004078492566
6139,63.95729166666666,1410258,1410258.28125,-0.28125004078492566,-4.078492565895431e-08
6140,63.967708333333334,1410488,1410487.96875,-4.078492565895431e-08,-0.03125004078492566
6141,63.978125,1410718,1410717.65625,-0.03125004078492566,-0.37500004078492566
6142,63.98854166666666,1410947,1410947.34375,-0.37500004078492566,-0.03125004078492566
6143,63.998958333333334,1411177,1411177.03125,-0.03125004078492566,-4.078492565895431e-08
6144,64.0,1411200,1411200.0,-4.078492565895431e-08,-4.078492565895431e-08
6145,64.01041666666667,1411430,1411429.6875,-4.078492565895431e-08,-0.31250004078492566
6146,64.02083333333333,1411659,1411659.375,-0.31250004078492566,0.06249995921507434
6147,64.03125,1411889,1411889.0625,0.06249995921507434,0.12499995921507434
6148,64.04166666666667,1412119,1412118.75,0.12499995921507434,-0.12500004078492566
6149,64.05208333333333,1412348,1412348.4375,-0.12500004078492566,0.31249995921507434
6150,64.071875,1412785,1412784.8437500002,0.31249995921507434,0.15624995944790498
6151,64.08229166666668,1413015,1413014.5312500002,0.15624995944790498,-0.31250004031926437
6152,64.09270833333333,1413244,1413244.21875,-0.31250004031926437,-0.09375004031926437
6153,64.103125,1413474,1413473.9062500002,-0.09375004031926437,-0.18750004008643373
6154,64.11354166666668,1413703,1413703.5937500002,-0.18750004008643373,0.4062499601463969
6155,64.12395833333333,1413934,1413933.28125,0.4062499601463969,-0.3125000398536031
6156,64.125,1413956,1413956.25,-0.3125000398536031,-0.06250003985360308
6157,64.13541666666667,1414186,1414185.9375,-0.06250003985360308,-0.12500003985360308
6158,64.14583333333333,1414415,1414415.625,-0.12500003985360308,0.4999999601463969
6159,64.15625,1414646,1414645.3125,0.4999999601463969,-0.18750003985360308
6160,64.16666666666667,1414875,1414875.0,-0.18750003985360308,-0.18750003985360308
6161,64.17708333333333,1415104,1415104.6875,-0.18750003985360308,0.4999999601463969
6162,64.196875,1415542,1415541.0937500002,0.4999999601463969,-0.40625003962077244
6163,64.20729166666668,1415770,1415770.7812500002,-0.40625003962077244,0.3749999606120582
6164,64.21770833333333,1416001,1416000.46875,0.3749999606120582,-0.1562500393879418
6165,64.228125,1416230,1416230.1562500002,-0.1562500393879418,-3.915511115337722e-08
6166,64.23854166666668,1416460,1416459.8437500002,-3.915511115337722e-08,-0.1562500389222805
6167,64.24895833333333,1416689,1416689.53125,-0.1562500389222805,0.3749999610777195
6168,64.25,1416713,1416712.5,0.3749999610777195,-0.1250000389222805
6169,64.26041666666667,1416942,1416942.1875,-0.1250000389222805,0.06249996107771949
6170,64.27083333333333,1417172,1417171.875,0.06249996107771949,-0.06250003892228051
6171,64.28125,1417401,1417401.5625,-0.06250003892228051,0.4999999610777195
6172,64.29166666666667,1417632,1417631.25,0.4999999610777195,-0.2500000389222805
6173,64.30208333333333,1417861,1417860.9375,-0.2500000389222805,-0.3125000389222805
6174,64.321875,1418297,1418297.3437500002,-0.3125000389222805,0.031249961310550134
6175,64.33229166666668,1418527,1418527.0312500002,0.031249961310550134,0.06249996154338078
6176,64.34270833333333,1418757,1418756.71875,0.06249996154338078,-0.21875003845661922
6177,64.353125,1418986,1418986.4062500002,-0.21875003845661922,0.18749996177621142
6178,64.36354166666668,1419216,1419216.0937500002,0.18749996177621142,0.28124996200904206
6179,64.37395833333333,1419446,1419445.78125,0.28124996200904206,0.062499962009042065
6180,64.375,1419469,1419468.75,0.062499962009042065,-0.18750003799095794
6181,64.38541666666667,1419698,1419698.4375,-0.18750003799095794,0.24999996200904206
6182,64.39583333333333,1419928,1419928.125,0.24999996200904206,0.37499996200904206
6183,64.40625,1420158,1420157.8125,0.37499996200904206,0.18749996200904206
6184,64.41666666666667,1420388,1420387.5,0.18749996200904206,-0.31250003799095794
6185,64.42708333333333,1420617,1420617.1875,-0.31250003799095794,-0.12500003799095794
6186,64.446875,1421053,1421053.5937500002,-0.12500003799095794,0.4687499622418727
6187,64.45729166666668,1421284,1421283.2812500002,0.4687499622418727,-0.25000003752529665
6188,64.46770833333333,1421513,1421512.96875,-0.25000003752529665,-0.28125003752529665
6189,64.478125,1421742,1421742.6562500002,-0.28125003752529665,0.374999962707534
6190,64.48854166666668,1421973,1421972.3437500002,0.374999962707534,-0.28125003705963536
6191,64.49895833333333,1422202,1422202.03125,-0.28125003705963536,-0.25000003705963536
6192,64.5,1422225,1422225.0,-0.25000003705963536,-0.25000003705963536
6193,64.51041666666667,1422454,1422454.6875,-0.25000003705963536,0.43749996294036464
6194,64.52083333333333,1422685,1422684.375,0.43749996294036464,-0.18750003705963536
6195,64.53125,1422914,1422914.0625,-0.18750003705963536,-0.12500003705963536
6196,64.54166666666667,1423144,1423143.75,-0.12500003705963536,-0.37500003705963536
6197,64.55208333333333,1423373,1423373.4375,-0.37500003705963536,0.06249996294036464
6198,64.571875,1423810,1423809.8437500002,0.06249996294036464,-0.09375003682680472
6199,64.58229166666668,1424039,1424039.5312500002,-0.09375003682680472,0.4374999634060259
6200,64.59270833333333,1424270,1424269.21875,0.4374999634060259,-0.3437500365939741
6201,64.603125,1424499,1424498.9062500002,-0.3437500365939741,-0.43750003636114343
6202,64.61354166666668,1424728,1424728.5937500002,-0.43750003636114343,0.15624996387168721
6203,64.62395833333333,1424958,1424958.28125,0.15624996387168721,0.4374999638716872
6204,64.625,1424982,1424981.25,0.4374999638716872,-0.3125000361283128
6205,64.63541666666667,1425211,1425210.9375,-0.3125000361283128,-0.3750000361283128
6206,64.64583333333333,1425440,1425440.625,-0.3750000361283128,0.24999996387168721
6207,64.65625,1425671,1425670.3125,0.24999996387168721,-0.4375000361283128
6208,64.66666666666667,1425900,1425900.0,-0.4375000361283128,-0.4375000361283128
6209,64.67708333333333,1426129,1426129.6875,-0.4375000361283128,0.24999996387168721
6210,64.696875,1426566,1426566.0937500002,0.24999996387168721,0.34374996410451786
6211,64.70729166666668,1426796,1426795.7812500002,0.34374996410451786,0.1249999643373485
6212,64.71770833333333,1427026,1427025.46875,0.1249999643373485,-0.4062500356626515
6213,64.728125,1427255,1427255.1562500002,-0.4062500356626515,-0.25000003542982085
6214,64.73854166666668,1427485,1427484.8437500002,-0.25000003542982085,-0.4062500351969902
6215,64.74895833333333,1427714,1427714.53125,-0.4062500351969902,0.12499996480300979
6216,64.75,1427738,1427737.5,0.12499996480300979,-0.3750000351969902
6217,64.76041666666667,1427967,1427967.1875,-0.3750000351969902,-0.1875000351969902
6218,64.77083333333333,1428197,1428196.875,-0.1875000351969902,-0.3125000351969902
6219,64.78125,1428426,1428426.5625,-0.3125000351969902,0.2499999648030098
6220,64.79166666666667,1428656,1428656.25,0.2499999648030098,0.4999999648030098
6221,64.80208333333333,1428886,1428885.9375,0.4999999648030098,0.4374999648030098
6222,64.821875,1429323,1429322.3437500002,0.4374999648030098,-0.21875003496415957
6223,64.83229166666668,1429552,1429552.0312500002,-0.21875003496415957,-0.18750003473132892
6224,64.84270833333333,1429782,1429781.71875,-0.18750003473132892,-0.4687500347313289
6225,64.853125,1430011,1430011.4062500002,-0.4687500347313289,-0.06250003449849828
6226,64.86354166666668,1430241,1430241.0937500002,-0.06250003449849828,0.031249965734332363
6227,64.87395833333333,1430471,1430470.78125,0.031249965734332363,-0.18750003426566764
6228,64.875,1430494,1430493.75,-0.18750003426566764,-0.43750003426566764
6229,64.88541666666667,1430723,1430723.4375,-0.43750003426566764,-3.426566763664596e-08
6230,64.89583333333333,1430953,1430953.125,-3.426566763664596e-08,0.12499996573433236
6231,64.90625,1431183,1431182.8125,0.12499996573433236,-0.06250003426566764
6232,64.91666666666667,1431412,1431412.5,-0.06250003426566764,0.43749996573433236
6233,64.92708333333333,1431643,1431642.1875,0.43749996573433236,-0.37500003426566764
6234,64.946875,1432078,1432078.5937500002,-0.37500003426566764,0.218749965967163
6235,64.95729166666668,1432308,1432308.2812500002,0.218749965967163,0.49999996619999365
6236,64.96770833333333,1432538,1432537.96875,0.49999996619999365,0.46874996619999365
6237,64.978125,1432768,1432767.6562500002,0.46874996619999365,0.1249999664328243
6238,64.98854166666668,1432997,1432997.3437500002,0.1249999664328243,0.46874996666565494
6239,64.99895833333333,1433227,1433227.03125,0.46874996666565494,0.49999996666565494
6240,65.0,1433250,1433250.0,0.49999996666565494,0.49999996666565494
6241,65.01041666666667,1433480,1433479.6875,0.49999996666565494,0.18749996666565494
6242,65.02083333333333,1433710,1433709.375,0.18749996666565494,-0.43750003333434506
6243,65.03125,1433939,1433939.0625,-0.43750003333434506,-0.37500003333434506
6244,65.04166666666667,1434168,1434168.75,-0.37500003333434506,0.37499996666565494
6245,65.05208333333333,1434399,1434398.4375,0.37499996666565494,-0.18750003333434506
6246,65.071875,1434835,1434834.8437500002,-0.18750003333434506,-0.3437500331015144
6247,65.08229166666668,1435064,1435064.5312500002,-0.3437500331015144,0.18749996713131623
6248,65.09270833333333,1435294,1435294.21875,0.18749996713131623,0.4062499671313162
6249,65.103125,1435524,1435523.9062500002,0.4062499671313162,0.31249996736414687
6250,65.11354166666668,1435754,1435753.5937500002,0.31249996736414687,-0.09375003240302249
6251,65.12395833333333,1435983,1435983.28125,-0.09375003240302249,0.1874999675969775
6252,65.125,1436006,1436006.25,0.1874999675969775,0.4374999675969775
6253,65.13541666666667,1436236,1436235.9375,0.4374999675969775,0.3749999675969775
6254,65.14583333333333,1436466,1436465.625,0.3749999675969775,-3.2403022487415e-08
6255,65.15625,1436695,1436695.3125,-3.2403022487415e-08,0.3124999675969775
6256,65.16666666666667,1436925,1436925.0,0.3124999675969775,0.3124999675969775
6257,65.17708333333333,1437155,1437154.6875,0.3124999675969775,-3.2403022487415e-08
6258,65.196875,1437591,1437591.0937500002,-3.2403022487415e-08,0.09374996782980816
6259,65.20729166666668,1437821,1437820.7812500002,0.09374996782980816,-0.1250000319373612
6260,65.21770833333333,1438050,1438050.46875,-0.1250000319373612,0.3437499680626388
6261,65.228125,1438280,1438280.1562500002,0.3437499680626388,0.49999996829546944
6262,65.23854166666668,1438510,1438509.8437500002,0.49999996829546944,0.3437499685283001
6263,65.24895833333333,1438740,1438739.53125,0.3437499685283001,-0.1250000314716999
6264,65.25,1438762,1438762.5,-0.1250000314716999,0.3749999685283001
6265,65.26041666666667,1438993,1438992.1875,0.3749999685283001,-0.4375000314716999
6266,65.27083333333333,1439221,1439221.875,-0.4375000314716999,0.4374999685283001
6267,65.28125,1439452,1439451.5625,0.4374999685283001,-3.147169991279952e-08
6268,65.29166666666667,1439681,1439681.25,-3.147169991279952e-08,0.2499999685283001
6269,65.30208333333333,1439911,1439910.9375,0.2499999685283001,0.1874999685283001
6270,65.321875,1440348,1440347.3437500002,0.1874999685283001,-0.46875003123886927
6271,65.33229166666668,1440577,1440577.0312500002,-0.46875003123886927,-0.4375000310060386
6272,65.34270833333333,1440806,1440806.71875,-0.4375000310060386,0.2812499689939614
6273,65.353125,1441037,1441036.4062500002,0.2812499689939614,-0.312500030773208
6274,65.36354166666668,1441266,1441266.0937500002,-0.312500030773208,-0.21875003054037734
6275,65.37395833333333,1441496,1441495.78125,-0.21875003054037734,-0.43750003054037734
6276,65.375,1441518,1441518.75,-0.43750003054037734,0.31249996945962266
6277,65.38541666666667,1441749,1441748.4375,0.31249996945962266,-0.25000003054037734
6278,65.39583333333333,1441978,1441978.125,-0.25000003054037734,-0.12500003054037734
6279,65.40625,1442208,1442207.8125,-0.12500003054037734,-0.31250003054037734
6280,65.41666666666667,1442437,1442437.5,-0.31250003054037734,0.18749996945962266
6281,65.42708333333333,1442667,1442667.1875,0.18749996945962266,0.37499996945962266
6282,65.446875,1443104,1443103.5937500002,0.37499996945962266,-0.031250030307546695
6283,65.45729166666668,1443333,1443333.2812500002,-0.031250030307546695,0.24999996992528395
6284,65.46770833333333,1443563,1443562.96875,0.24999996992528395,0.21874996992528395
6285,65.478125,1443793,1443792.6562500002,0.21874996992528395,-0.1250000298418854
6286,65.48854166666668,1444022,1444022.3437500002,-0.1250000298418854,0.21874997039094524
6287,65.49895833333333,1444252,1444252.03125,0.21874997039094524,0.24999997039094524
6288,65.5,1444275,1444275.0,0.24999997039094524,0.24999997039094524
6289,65.51041666666667,1444505,1444504.6875,0.24999997039094524,-0.06250002960905476
6290,65.52083333333333,1444734,1444734.375,-0.06250002960905476,0.31249997039094524
6291,65.53125,1444964,1444964.0625,0.31249997039094524,0.37499997039094524
6292,65.54166666666667,1445194,1445193.75,0.37499997039094524,0.12499997039094524
6293,65.55208333333333,1445424,1445423.4375,0.12499997039094524,-0.43750002960905476
6294,65.571875,1445859,1445859.8437500002,-0.43750002960905476,0.4062499706237759
6295,65.58229166666668,1446090,1446089.5312500002,0.4062499706237759,-0.06250002914339348
6296,65.59270833333333,1446319,1446319.21875,-0.06250002914339348,0.15624997085660652
6297,65.603125,1446549,1446548.9062500002,0.15624997085660652,0.06249997108943717
6298,65.61354166666668,1446779,1446778.5937500002,0.06249997108943717,-0.3437500286777322
6299,65.62395833333333,1447008,1447008.28125,-0.3437500286777322,-0.06250002867773219
6300,65.625,1447031,1447031.25,-0.06250002867773219,0.1874999713222678
6301,65.63541666666667,1447261,1447260.9375,0.1874999713222678,0.12499997132226781
6302,65.64583333333333,1447491,1447490.625,0.12499997132226781,-0.2500000286777322
6303,65.65625,1447720,1447720.3125,-0.2500000286777322,0.06249997132226781
6304,65.66666666666667,1447950,1447950.0,0.06249997132226781,0.06249997132226781
6305,65.67708333333333,1448180,1448179.6875,0.06249997132226781,-0.2500000286777322
6306,65.696875,1448616,1448616.0937500002,-0.2500000286777322,-0.15625002844490155
6307,65.70729166666668,1448846,1448845.7812500002,-0.15625002844490155,-0.3750000282120709
6308,65.71770833333333,1449075,1449075.46875,-0.3750000282120709,0.0937499717879291
6309,65.728125,1449305,1449305.1562500002,0.0937499717879291,0.24999997202075974
6310,65.73854166666668,1449535,1449534.8437500002,0.24999997202075974,0.09374997225359039
6311,65.74895833333333,1449765,1449764.53125,0.09374997225359039,-0.3750000277464096
6312,65.75,1449787,1449787.5,-0.3750000277464096,0.12499997225359039
6313,65.76041666666667,1450017,1450017.1875,0.12499997225359039,0.3124999722535904
6314,65.77083333333333,1450247,1450246.875,0.3124999722535904,0.18749997225359039
6315,65.78125,1450477,1450476.5625,0.18749997225359039,-0.2500000277464096
6316,65.79166666666667,1450706,1450706.25,-0.2500000277464096,-2.7746409614337608e-08
6317,65.80208333333333,1450936,1450935.9375,-2.7746409614337608e-08,-0.06250002774640961
6318,65.821875,1451372,1451372.3437500002,-0.06250002774640961,0.28124997248642103
6319,65.83229166666668,1451602,1451602.0312500002,0.28124997248642103,0.3124999727192517
6320,65.84270833333333,1451832,1451831.71875,0.3124999727192517,0.031249972719251673
6321,65.853125,1452061,1452061.4062500002,0.031249972719251673,0.4374999729520823
6322,65.86354166666668,1452292,1452291.0937500002,0.4374999729520823,-0.46875002681508704
6323,65.87395833333333,1452520,1452520.78125,-0.46875002681508704,0.31249997318491296
6324,65.875,1452544,1452543.75,0.31249997318491296,0.06249997318491296
6325,65.88541666666667,1452773,1452773.4375,0.06249997318491296,0.49999997318491296
6326,65.89583333333333,1453004,1453003.125,0.49999997318491296,-0.37500002681508704
6327,65.90625,1453232,1453232.8125,-0.37500002681508704,0.43749997318491296
6328,65.91666666666667,1453463,1453462.5,0.43749997318491296,-0.06250002681508704
6329,65.92708333333333,1453692,1453692.1875,-0.06250002681508704,0.12499997318491296
6330,65.946875,1454129,1454128.5937500002,0.12499997318491296,-0.2812500265822564
6331,65.95729166666668,1454358,1454358.2812500002,-0.2812500265822564,-2.634942575241439e-08
6332,65.96770833333333,1454588,1454587.96875,-2.634942575241439e-08,-0.03125002634942575
6333,65.978125,1454818,1454817.6562500002,-0.03125002634942575,-0.3750000261165951
6334,65.98854166666668,1455047,1455047.3437500002,-0.3750000261165951,-0.031250025883764465
6335,65.99895833333333,1455277,1455277.03125,-0.031250025883764465,-2.588376446510665e-08
6336,66.0,1455300,1455300.0,-2.588376446510665e-08,-2.588376446510665e-08
6337,66.01041666666667,1455530,1455529.6875,-2.588376446510665e-08,-0.31250002588376447
6338,66.02083333333333,1455759,1455759.375,-0.31250002588376447,0.062499974116235535
6339,66.03125,1455989,1455989.0625,0.062499974116235535,0.12499997411623553
6340,66.04166666666667,1456219,1456218.75,0.12499997411623553,-0.12500002588376447
6341,66.05208333333333,1456448,1456448.4375,-0.12500002588376447,0.31249997411623553
6342,66.071875,1456885,1456884.8437500002,0.31249997411623553,0.15624997434906618
6343,66.08229166666668,1457115,1457114.5312500002,0.15624997434906618,-0.3125000254181032
6344,66.09270833333333,1457344,1457344.21875,-0.3125000254181032,-0.09375002541810318
6345,66.103125,1457574,1457573.9062500002,-0.09375002541810318,-0.18750002518527253
6346,66.11354166666668,1457803,1457803.5937500002,-0.18750002518527253,0.4062499750475581
6347,66.12395833333333,1458034,1458033.28125,0.4062499750475581,-0.3125000249524419
6348,66.125,1458056,1458056.25,-0.3125000249524419,-0.06250002495244189
6349,66.13541666666667,1458286,1458285.9375,-0.06250002495244189,-0.1250000249524419
6350,66.14583333333333,1458515,1458515.625,-0.1250000249524419,0.4999999750475581
6351,66.15625,1458746,1458745.3125,0.4999999750475581,-0.1875000249524419
6352,66.16666666666667,1458975,1458975.0,-0.1875000249524419,-0.1875000249524419
6353,66.17708333333333,1459204,1459204.6875,-0.1875000249524419,0.4999999750475581
6354,66.196875,1459642,1459641.0937500002,0.4999999750475581,-0.40625002471961125
6355,66.20729166666668,1459870,1459870.7812500002,-0.40625002471961125,0.3749999755132194
6356,66.21770833333333,1460101,1460100.46875,0.3749999755132194,-0.1562500244867806
6357,66.228125,1460330,1460330.1562500002,-0.1562500244867806,-2.4253949959529564e-08
6358,66.23854166666668,1460560,1460559.8437500002,-2.4253949959529564e-08,-0.15625002402111932
6359,66.24895833333333,1460789,1460789.53125,-0.15625002402111932,0.3749999759788807
6360,66.25,1460813,1460812.5,0.3749999759788807,-0.12500002402111932
6361,66.26041666666667,1461042,1461042.1875,-0.12500002402111932,0.062499975978880684
6362,66.27083333333333,1461272,1461271.875,0.062499975978880684,-0.06250002402111932
6363,66.28125,1461501,1461501.5625,-0.06250002402111932,0.4999999759788807
6364,66.29166666666667,1461732,1461731.25,0.4999999759788807,-0.2500000240211193
6365,66.30208333333333,1461961,1461960.9375,-0.2500000240211193,-0.3125000240211193
6366,66.321875,1462397,1462397.3437500002,-0.3125000240211193,0.031249976211711328
6367,66.33229166666668,1462627,1462627.0312500002,0.031249976211711328,0.06249997644454197
6368,66.34270833333333,1462857,1462856.71875,0.06249997644454197,-0.21875002355545803
6369,66.353125,1463086,1463086.4062500002,-0.21875002355545803,0.18749997667737262
6370,66.36354166666668,1463316,1463316.0937500002,0.18749997667737262,0.28124997691020326
6371,66.37395833333333,1463546,1463545.78125,0.28124997691020326,0.06249997691020326
6372,66.375,1463569,1463568.75,0.06249997691020326,-0.18750002308979674
6373,66.38541666666667,1463798,1463798.4375,-0.18750002308979674,0.24999997691020326
6374,66.39583333333333,1464028,1464028.125,0.24999997691020326,0.37499997691020326
6375,66.40625,1464258,1464257.8125,0.37499997691020326,0.18749997691020326
6376,66.41666666666667,1464488,1464487.5,0.18749997691020326,-0.31250002308979674
6377,66.42708333333333,1464717,1464717.1875,-0.31250002308979674,-0.12500002308979674
6378,66.446875,1465153,1465153.5937500002,-0.12500002308979674,0.4687499771430339
6379,66.45729166666668,1465384,1465383.2812500002,0.4687499771430339,-0.25000002262413545
6380,66.46770833333333,1465613,1465612.96875,-0.25000002262413545,-0.28125002262413545
6381,66.478125,1465842,1465842.6562500002,-0.28125002262413545,0.3749999776086952
6382,66.48854166666668,1466073,1466072.3437500002,0.3749999776086952,-0.28125002215847417
6383,66.49895833333333,1466302,1466302.03125,-0.28125002215847417,-0.25000002215847417
6384,66.5,1466325,1466325.0,-0.25000002215847417,-0.25000002215847417
6385,66.51041666666667,1466554,1466554.6875,-0.25000002215847417,0.43749997784152583
6386,66.52083333333333,1466785,1466784.375,0.43749997784152583,-0.18750002215847417
6387,66.53125,1467014,1467014.0625,-0.18750002215847417,-0.12500002215847417
6388,66.54166666666667,1467244,1467243.75,-0.12500002215847417,-0.37500002215847417
6389,66.55208333333333,1467473,1467473.4375,-0.37500002215847417,0.06249997784152583
6390,66.571875,1467910,1467909.8437500002,0.06249997784152583,-0.09375002192564352
6391,66.58229166666668,1468139,1468139.5312500002,-0.09375002192564352,0.4374999783071871
6392,66.59270833333333,1468370,1468369.21875,0.4374999783071871,-0.3437500216928129
6393,66.603125,1468599,1468598.9062500002,-0.3437500216928129,-0.43750002145998224
6394,66.61354166666668,1468828,1468828.5937500002,-0.43750002145998224,0.1562499787728484
6395,66.62395833333333,1469058,1469058.28125,0.1562499787728484,0.4374999787728484
6396,66.625,1469082,1469081.25,0.4374999787728484,-0.3125000212271516
6397,66.63541666666667,1469311,1469310.9375,-0.3125000212271516,-0.3750000212271516
6398,66.64583333333333,1469540,1469540.625,-0.3750000212271516,0.2499999787728484
6399,66.65625,1469771,1469770.3125,0.2499999787728484,-0.4375000212271516
6400,66.66666666666667,1470000,1470000.0,-0.4375000212271516,-0.4375000212271516
6401,66.67708333333333,1470229,1470229.6875,-0.4375000212271516,0.2499999787728484
6402,66.696875,1470666,1470666.0937500002,0.2499999787728484,0.34374997900567905
6403,66.70729166666668,1470896,1470895.7812500002,0.34374997900567905,0.1249999792385097
6404,66.71770833333333,1471126,1471125.46875,0.1249999792385097,-0.4062500207614903
6405,66.728125,1471355,1471355.1562500002,-0.4062500207614903,-0.25000002052865966
6406,66.73854166666668,1471585,1471584.8437500002,-0.25000002052865966,-0.406250020295829
6407,66.74895833333333,1471814,1471814.53125,-0.406250020295829,0.12499997970417098
6408,66.75,1471838,1471837.5,0.12499997970417098,-0.375000020295829
6409,66.76041666666667,1472067,1472067.1875,-0.375000020295829,-0.18750002029582902
6410,66.77083333333333,1472297,1472296.875,-0.18750002029582902,-0.312500020295829
6411,66.78125,1472526,1472526.5625,-0.312500020295829,0.24999997970417098
6412,66.79166666666667,1472756,1472756.25,0.24999997970417098,0.499999979704171
6413,66.80208333333333,1472986,1472985.9375,0.499999979704171,0.437499979704171
6414,66.821875,1473423,1473422.3437500002,0.437499979704171,-0.21875002006299837
6415,66.83229166666668,1473652,1473652.0312500002,-0.21875002006299837,-0.18750001983016773
6416,66.84270833333333,1473882,1473881.71875,-0.18750001983016773,-0.46875001983016773
6417,66.853125,1474111,1474111.4062500002,-0.46875001983016773,-0.06250001959733709
6418,66.86354166666668,1474341,1474341.0937500002,-0.06250001959733709,0.031249980635493557
6419,66.87395833333333,1474571,1474570.78125,0.031249980635493557,-0.18750001936450644
6420,66.875,1474594,1474593.75,-0.18750001936450644,-0.43750001936450644
6421,66.88541666666667,1474823,1474823.4375,-0.43750001936450644,-1.93645064427983e-08
6422,66.89583333333333,1475053,1475053.125,-1.93645064427983e-08,0.12499998063549356
6423,66.90625,1475283,1475282.8125,0.12499998063549356,-0.06250001936450644
6424,66.91666666666667,1475512,1475512.5,-0.06250001936450644,0.43749998063549356
6425,66.92708333333333,1475743,1475742.1875,0.43749998063549356,-0.37500001936450644
6426,66.946875,1476178,1476178.5937500002,-0.37500001936450644,0.2187499808683242
6427,66.95729166666668,1476408,1476408.2812500002,0.2187499808683242,0.49999998110115484
6428,66.96770833333333,1476638,1476637.96875,0.49999998110115484,0.46874998110115484
6429,66.978125,1476868,1476867.6562500002,0.46874998110115484,0.12499998133398549
6430,66.98854166666668,1477097,1477097.3437500002,0.12499998133398549,0.46874998156681613
6431,66.99895833333333,1477327,1477327.03125,0.46874998156681613,0.49999998156681613
6432,67.0,1477350,1477350.0,0.49999998156681613,0.49999998156681613
6433,67.01041666666667,1477580,1477579.6875,0.49999998156681613,0.18749998156681613
6434,67.02083333333333,1477810,1477809.375,0.18749998156681613,-0.43750001843318387
6435,67.03125,1478039,1478039.0625,-0.43750001843318387,-0.37500001843318387
6436,67.04166666666667,1478268,1478268.75,-0.37500001843318387,0.37499998156681613
6437,67.05208333333333,1478499,1478498.4375,0.37499998156681613,-0.18750001843318387
6438,67.071875,1478935,1478934.8437500002,-0.18750001843318387,-0.3437500182003532
6439,67.08229166666668,1479164,1479164.5312500002,-0.3437500182003532,0.18749998203247742
6440,67.09270833333333,1479394,1479394.21875,0.18749998203247742,0.4062499820324774
6441,67.103125,1479624,1479623.9062500002,0.4062499820324774,0.31249998226530806
6442,67.11354166666668,1479854,1479853.5937500002,0.31249998226530806,-0.0937500175018613
6443,67.12395833333333,1480083,1480083.28125,-0.0937500175018613,0.1874999824981387
6444,67.125,1480106,1480106.25,0.1874999824981387,0.4374999824981387
6445,67.13541666666667,1480336,1480335.9375,0.4374999824981387,0.3749999824981387
6446,67.14583333333333,1480566,1480565.625,0.3749999824981387,-1.7501861293567345e-08
6447,67.15625,1480795,1480795.3125,-1.7501861293567345e-08,0.3124999824981387
6448,67.16666666666667,1481025,1481025.0,0.3124999824981387,0.3124999824981387
6449,67.17708333333333,1481255,1481254.6875,0.3124999824981387,-1.7501861293567345e-08
6450,67.196875,1481691,1481691.0937500002,-1.7501861293567345e-08,0.09374998273096935
6451,67.20729166666668,1481921,1481920.7812500002,0.09374998273096935,-0.1250000170362
6452,67.21770833333333,1482150,1482150.46875,-0.1250000170362,0.3437499829638
6453,67.228125,1482380,1482380.1562500002,0.3437499829638,0.49999998319663064
6454,67.23854166666668,1482610,1482609.8437500002,0.49999998319663064,0.3437499834294613
6455,67.24895833333333,1482840,1482839.53125,0.3437499834294613,-0.12500001657053872
6456,67.25,1482862,1482862.5,-0.12500001657053872,0.3749999834294613
6457,67.26041666666667,1483093,1483092.1875,0.3749999834294613,-0.4375000165705387
6458,67.27083333333333,1483321,1483321.875,-0.4375000165705387,0.4374999834294613
6459,67.28125,1483552,1483551.5625,0.4374999834294613,-1.6570538718951866e-08
6460,67.29166666666667,1483781,1483781.25,-1.6570538718951866e-08,0.24999998342946128
6461,67.30208333333333,1484011,1484010.9375,0.24999998342946128,0.18749998342946128
6462,67.321875,1484448,1484447.3437500002,0.18749998342946128,-0.4687500163377081
6463,67.33229166666668,1484677,1484677.0312500002,-0.4687500163377081,-0.43750001610487743
6464,67.34270833333333,1484906,1484906.71875,-0.43750001610487743,0.28124998389512257
6465,67.353125,1485137,1485136.4062500002,0.28124998389512257,-0.3125000158720468
6466,67.36354166666668,1485366,1485366.0937500002,-0.3125000158720468,-0.21875001563921614
6467,67.37395833333333,1485596,1485595.78125,-0.21875001563921614,-0.43750001563921614
6468,67.375,1485618,1485618.75,-0.43750001563921614,0.31249998436078386
6469,67.38541666666667,1485849,1485848.4375,0.31249998436078386,-0.25000001563921614
6470,67.39583333333333,1486078,1486078.125,-0.25000001563921614,-0.12500001563921614
6471,67.40625,1486308,1486307.8125,-0.12500001563921614,-0.31250001563921614
6472,67.41666666666667,1486537,1486537.5,-0.31250001563921614,0.18749998436078386
6473,67.42708333333333,1486767,1486767.1875,0.18749998436078386,0.37499998436078386
6474,67.446875,1487204,1487203.5937500002,0.37499998436078386,-0.0312500154063855
6475,67.45729166666668,1487433,1487433.2812500002,-0.0312500154063855,0.24999998482644514
6476,67.46770833333333,1487663,1487662.96875,0.24999998482644514,0.21874998482644514
6477,67.478125,1487893,1487892.6562500002,0.21874998482644514,-0.1250000149407242
6478,67.48854166666668,1488122,1488122.3437500002,-0.1250000149407242,0.21874998529210643
6479,67.49895833333333,1488352,1488352.03125,0.21874998529210643,0.24999998529210643
6480,67.5,1488375,1488375.0,0.24999998529210643,0.24999998529210643
6481,67.51041666666667,1488605,1488604.6875,0.24999998529210643,-0.06250001470789357
6482,67.52083333333333,1488834,1488834.375,-0.06250001470789357,0.31249998529210643
6483,67.53125,1489064,1489064.0625,0.31249998529210643,0.37499998529210643
6484,67.54166666666667,1489294,1489293.75,0.37499998529210643,0.12499998529210643
6485,67.55208333333333,1489524,1489523.4375,0.12499998529210643,-0.43750001470789357
6486,67.571875,1489959,1489959.8437500002,-0.43750001470789357,0.4062499855249371
6487,67.58229166666668,1490190,1490189.5312500002,0.4062499855249371,-0.06250001424223228
6488,67.59270833333333,1490419,1490419.21875,-0.06250001424223228,0.15624998575776772
6489,67.603125,1490649,1490648.9062500002,0.15624998575776772,0.06249998599059836
6490,67.61354166666668,1490879,1490878.5937500002,0.06249998599059836,-0.343750013776571
6491,67.62395833333333,1491108,1491108.28125,-0.343750013776571,-0.062500013776571
6492,67.625,1491131,1491131.25,-0.062500013776571,0.187499986223429
6493,67.63541666666667,1491361,1491360.9375,0.187499986223429,0.124999986223429
6494,67.64583333333333,1491591,1491590.625,0.124999986223429,-0.250000013776571
6495,67.65625,1491820,1491820.3125,-0.250000013776571,0.062499986223429005
6496,67.66666666666667,1492050,1492050.0,0.062499986223429005,0.062499986223429005
6497,67.67708333333333,1492280,1492279.6875,0.062499986223429005,-0.250000013776571
6498,67.696875,1492716,1492716.0937500002,-0.250000013776571,-0.15625001354374035
6499,67.70729166666668,1492946,1492945.7812500002,-0.15625001354374035,-0.3750000133109097
6500,67.71770833333333,1493175,1493175.46875,-0.3750000133109097,0.09374998668909029
6501,67.728125,1493405,1493405.1562500002,0.09374998668909029,0.24999998692192094
6502,67.73854166666668,1493635,1493634.8437500002,0.24999998692192094,0.09374998715475158
6503,67.74895833333333,1493865,1493864.53125,0.09374998715475158,-0.3750000128452484
6504,67.75,1493887,1493887.5,-0.3750000128452484,0.12499998715475158
6505,67.76041666666667,1494117,1494117.1875,0.12499998715475158,0.3124999871547516
6506,67.77083333333333,1494347,1494346.875,0.3124999871547516,0.18749998715475158
6507,67.78125,1494577,1494576.5625,0.18749998715475158,-0.2500000128452484
6508,67.79166666666667,1494806,1494806.25,-0.2500000128452484,-1.2845248420489952e-08
6509,67.80208333333333,1495036,1495035.9375,-1.2845248420489952e-08,-0.06250001284524842
6510,67.821875,1495472,1495472.3437500002,-0.06250001284524842,0.2812499873875822
6511,67.83229166666668,1495702,1495702.0312500002,0.2812499873875822,0.31249998762041287
6512,67.84270833333333,1495932,1495931.71875,0.31249998762041287,0.031249987620412867
6513,67.853125,1496161,1496161.4062500002,0.031249987620412867,0.4374999878532435
6514,67.86354166666668,1496392,1496391.0937500002,0.4374999878532435,-0.46875001191392585
6515,67.87395833333333,1496620,1496620.78125,-0.46875001191392585,0.31249998808607415
6516,67.875,1496644,1496643.75,0.31249998808607415,0.062499988086074154
6517,67.88541666666667,1496873,1496873.4375,0.062499988086074154,0.49999998808607415
6518,67.89583333333333,1497104,1497103.125,0.49999998808607415,-0.37500001191392585
6519,67.90625,1497332,1497332.8125,-0.37500001191392585,0.43749998808607415
6520,67.91666666666667,1497563,1497562.5,0.43749998808607415,-0.06250001191392585
6521,67.92708333333333,1497792,1497792.1875,-0.06250001191392585,0.12499998808607415
6522,67.946875,1498229,1498228.5937500002,0.12499998808607415,-0.2812500116810952
6523,67.95729166666668,1498458,1498458.2812500002,-0.2812500116810952,-1.1448264558566734e-08
6524,67.96770833333333,1498688,1498687.96875,-1.1448264558566734e-08,-0.03125001144826456
6525,67.978125,1498918,1498917.6562500002,-0.03125001144826456,-0.3750000112154339
6526,67.98854166666668,1499147,1499147.3437500002,-0.3750000112154339,-0.03125001098260327
6527,67.99895833333333,1499377,1499377.03125,-0.03125001098260327,-1.0982603271258995e-08
6528,68.0,1499400,1499400.0,-1.0982603271258995e-08,-1.0982603271258995e-08
6529,68.01041666666667,1499630,1499629.6875,-1.0982603271258995e-08,-0.31250001098260327
6530,68.02083333333333,1499859,1499859.375,-0.31250001098260327,0.06249998901739673
6531,68.03125,1500089,1500089.0625,0.06249998901739673,0.12499998901739673
6532,68.04166666666667,1500319,1500318.75,0.12499998901739673,-0.12500001098260327
6533,68.05208333333333,1500548,1500548.4375,-0.12500001098260327,0.31249998901739673
6534,68.071875,1500985,1500984.8437500002,0.31249998901739673,0.15624998925022737
6535,68.08229166666668,1501215,1501214.5312500002,0.15624998925022737,-0.312500010516942
6536,68.09270833333333,1501444,1501444.21875,-0.312500010516942,-0.09375001051694198
6537,68.103125,1501674,1501673.9062500002,-0.09375001051694198,-0.18750001028411134
6538,68.11354166666668,1501903,1501903.5937500002,-0.18750001028411134,0.4062499899487193
6539,68.12395833333333,1502134,1502133.28125,0.4062499899487193,-0.3125000100512807
6540,68.125,1502156,1502156.25,-0.3125000100512807,-0.0625000100512807
6541,68.13541666666667,1502386,1502385.9375,-0.0625000100512807,-0.1250000100512807
6542,68.14583333333333,1502615,1502615.625,-0.1250000100512807,0.4999999899487193
6543,68.15625,1502846,1502845.3125,0.4999999899487193,-0.1875000100512807
6544,68.16666666666667,1503075,1503075.0,-0.1875000100512807,-0.1875000100512807
6545,68.17708333333333,1503304,1503304.6875,-0.1875000100512807,0.4999999899487193
6546,68.196875,1503742,1503741.0937500002,0.4999999899487193,-0.40625000981845005
6547,68.20729166666668,1503970,1503970.7812500002,-0.40625000981845005,0.3749999904143806
6548,68.21770833333333,1504201,1504200.46875,0.3749999904143806,-0.1562500095856194
6549,68.228125,1504430,1504430.1562500002,-0.1562500095856194,-9.352788765681908e-09
6550,68.23854166666668,1504660,1504659.8437500002,-9.352788765681908e-09,-0.15625000911995812
6551,68.24895833333333,1504889,1504889.53125,-0.15625000911995812,0.3749999908800419
6552,68.25,1504913,1504912.5,0.3749999908800419,-0.12500000911995812
6553,68.26041666666667,1505142,1505142.1875,-0.12500000911995812,0.06249999088004188
6554,68.27083333333333,1505372,1505371.875,0.06249999088004188,-0.06250000911995812
6555,68.28125,1505601,1505601.5625,-0.06250000911995812,0.4999999908800419
6556,68.29166666666667,1505832,1505831.25,0.4999999908800419,-0.2500000091199581
6557,68.30208333333333,1506061,1506060.9375,-0.2500000091199581,-0.3125000091199581
6558,68.321875,1506497,1506497.3437500002,-0.3125000091199581,0.03124999111287252
6559,68.33229166666668,1506727,1506727.0312500002,0.03124999111287252,0.062499991345703165
6560,68.34270833333333,1506957,1506956.71875,0.062499991345703165,-0.21875000865429683
6561,68.353125,1507186,1507186.4062500002,-0.21875000865429683,0.1874999915785338
6562,68.36354166666668,1507416,1507416.0937500002,0.1874999915785338,0.28124999181136445
6563,68.37395833333333,1507646,1507645.78125,0.28124999181136445,0.06249999181136445
6564,68.375,1507669,1507668.75,0.06249999181136445,-0.18750000818863555
6565,68.38541666666667,1507898,1507898.4375,-0.18750000818863555,0.24999999181136445
6566,68.39583333333333,1508128,1508128.125,0.24999999181136445,0.37499999181136445
6567,68.40625,1508358,1508357.8125,0.37499999181136445,0.18749999181136445
6568,68.41666666666667,1508588,1508587.5,0.18749999181136445,-0.31250000818863555
6569,68.42708333333333,1508817,1508817.1875,-0.31250000818863555,-0.12500000818863555
6570,68.446875,1509253,1509253.5937500002,-0.12500000818863555,0.4687499920441951
6571,68.45729166666668,1509484,1509483.2812500002,0.4687499920441951,-0.25000000772297426
6572,68.46770833333333,1509713,1509712.96875,-0.25000000772297426,-0.28125000772297426
6573,68.478125,1509942,1509942.6562500002,-0.28125000772297426,0.3749999925098564
6574,68.48854166666668,1510173,1510172.3437500002,0.3749999925098564,-0.281250007257313
6575,68.49895833333333,1510402,1510402.03125,-0.281250007257313,-0.250000007257313
6576,68.5,1510425,1510425.0,-0.250000007257313,-0.250000007257313
6577,68.51041666666667,1510654,1510654.6875,-0.250000007257313,0.437499992742687
6578,68.52083333333333,1510885,1510884.375,0.437499992742687,-0.18750000725731297
6579,68.53125,1511114,1511114.0625,-0.18750000725731297,-0.12500000725731297
6580,68.54166666666667,1511344,1511343.75,-0.12500000725731297,-0.375000007257313
6581,68.55208333333333,1511573,1511573.4375,-0.375000007257313,0.06249999274268703
6582,68.571875,1512010,1512009.8437500002,0.06249999274268703,-0.09375000702448233
6583,68.58229166666668,1512239,1512239.5312500002,-0.09375000702448233,0.4374999932083483
6584,68.59270833333333,1512470,1512469.21875,0.4374999932083483,-0.3437500067916517
6585,68.603125,1512699,1512698.9062500002,-0.3437500067916517,-0.43750000655882104
6586,68.61354166666668,1512928,1512928.5937500002,-0.43750000655882104,0.1562499936740096
6587,68.62395833333333,1513158,1513158.28125,0.1562499936740096,0.4374999936740096
6588,68.625,1513182,1513181.25,0.4374999936740096,-0.3125000063259904
6589,68.63541666666667,1513411,1513410.9375,-0.3125000063259904,-0.3750000063259904
6590,68.64583333333333,1513640,1513640.625,-0.3750000063259904,0.2499999936740096
6591,68.65625,1513871,1513870.3125,0.2499999936740096,-0.4375000063259904
6592,68.66666666666667,1514100,1514100.0,-0.4375000063259904,-0.4375000063259904
6593,68.67708333333333,1514329,1514329.6875,-0.4375000063259904,0.2499999936740096
6594,68.696875,1514766,1514766.0937500002,0.2499999936740096,0.34374999390684025
6595,68.70729166666668,1514996,1514995.7812500002,0.34374999390684025,0.12499999413967089
6596,68.71770833333333,1515226,1515225.46875,0.12499999413967089,-0.4062500058603291
6597,68.728125,1515455,1515455.1562500002,-0.4062500058603291,-0.25000000562749847
6598,68.73854166666668,1515685,1515684.8437500002,-0.25000000562749847,-0.4062500053946678
6599,68.74895833333333,1515914,1515914.53125,-0.4062500053946678,0.12499999460533218
6600,68.75,1515938,1515937.5,0.12499999460533218,-0.3750000053946678
6601,68.76041666666667,1516167,1516167.1875,-0.3750000053946678,-0.18750000539466782
6602,68.77083333333333,1516397,1516396.875,-0.18750000539466782,-0.3125000053946678
6603,68.78125,1516626,1516626.5625,-0.3125000053946678,0.24999999460533218
6604,68.79166666666667,1516856,1516856.25,0.24999999460533218,0.4999999946053322
6605,68.80208333333333,1517086,1517085.9375,0.4999999946053322,0.4374999946053322
6606,68.821875,1517523,1517522.3437500002,0.4374999946053322,-0.21875000516183718
6607,68.83229166666668,1517752,1517752.0312500002,-0.21875000516183718,-0.18750000492900654
6608,68.84270833333333,1517982,1517981.71875,-0.18750000492900654,-0.46875000492900654
6609,68.853125,1518211,1518211.4062500002,-0.46875000492900654,-0.06250000469617589
6610,68.86354166666668,1518441,1518441.0937500002,-0.06250000469617589,0.03124999553665475
6611,68.87395833333333,1518671,1518670.78125,0.03124999553665475,-0.18750000446334525
6612,68.875,1518694,1518693.75,-0.18750000446334525,-0.43750000446334525
6613,68.88541666666667,1518923,1518923.4375,-0.43750000446334525,-4.463345248950645e-09
6614,68.89583333333333,1519153,1519153.125,-4.463345248950645e-09,0.12499999553665475
6615,68.90625,1519383,1519382.8125,0.12499999553665475,-0.06250000446334525
6616,68.91666666666667,1519612,1519612.5,-0.06250000446334525,0.43749999553665475
6617,68.92708333333333,1519843,1519842.1875,0.43749999553665475,-0.37500000446334525
6618,68.946875,1520278,1520278.5937500002,-0.37500000446334525,0.2187499957694854
6619,68.95729166666668,1520508,1520508.2812500002,0.2187499957694854,0.49999999600231604
6620,68.96770833333333,1520738,1520737.96875,0.49999999600231604,0.46874999600231604
6621,68.978125,1520968,1520967.6562500002,0.46874999600231604,0.12499999623514668
6622,68.98854166666668,1521197,1521197.3437500002,0.12499999623514668,0.4687499964679773
6623,68.99895833333333,1521427,1521427.03125,0.4687499964679773,0.4999999964679773
6624,69.0,1521450,1521450.0,0.4999999964679773,0.4999999964679773
6625,69.01041666666667,1521680,1521679.6875,0.4999999964679773,0.18749999646797733
6626,69.02083333333333,1521910,1521909.375,0.18749999646797733,-0.4375000035320227
6627,69.03125,1522139,1522139.0625,-0.4375000035320227,-0.3750000035320227
6628,69.04166666666667,1522368,1522368.75,-0.3750000035320227,0.3749999964679773
6629,69.05208333333333,1522599,1522598.4375,0.3749999964679773,-0.18750000353202267
6630,69.071875,1523035,1523034.8437500002,-0.18750000353202267,-0.34375000329919203
6631,69.08229166666668,1523264,1523264.5312500002,-0.34375000329919203,0.1874999969336386
6632,69.09270833333333,1523494,1523494.21875,0.1874999969336386,0.4062499969336386
6633,69.103125,1523724,1523723.9062500002,0.4062499969336386,0.31249999716646926
6634,69.11354166666668,1523954,1523953.5937500002,0.31249999716646926,-0.0937500026007001
6635,69.12395833333333,1524183,1524183.28125,-0.0937500026007001,0.1874999973992999
6636,69.125,1524206,1524206.25,0.1874999973992999,0.4374999973992999
6637,69.13541666666667,1524436,1524435.9375,0.4374999973992999,0.3749999973992999
6638,69.14583333333333,1524666,1524665.625,0.3749999973992999,-2.6007000997196883e-09
6639,69.15625,1524895,1524895.3125,-2.6007000997196883e-09,0.3124999973992999
6640,69.16666666666667,1525125,1525125.0,0.3124999973992999,0.3124999973992999
6641,69.17708333333333,1525355,1525354.6875,0.3124999973992999,-2.6007000997196883e-09
6642,69.196875,1525791,1525791.0937500002,-2.6007000997196883e-09,0.09374999763213054
6643,69.20729166666668,1526021,1526020.7812500002,0.09374999763213054,-0.1250000021350388
6644,69.21770833333333,1526250,1526250.46875,-0.1250000021350388,0.3437499978649612
6645,69.228125,1526480,1526480.1562500002,0.3437499978649612,0.49999999809779183
6646,69.23854166666668,1526710,1526709.8437500002,0.49999999809779183,0.3437499983306225
6647,69.24895833333333,1526940,1526939.53125,0.3437499983306225,-0.12500000166937753
6648,69.25,1526962,1526962.5,-0.12500000166937753,0.3749999983306225
6649,69.26041666666667,1527193,1527192.1875,0.3749999983306225,-0.4375000016693775
6650,69.27083333333333,1527421,1527421.875,-0.4375000016693775,0.4374999983306225
6651,69.28125,1527652,1527651.5625,0.4374999983306225,-1.6693775251042098e-09
6652,69.29166666666667,1527881,1527881.25,-1.6693775251042098e-09,0.24999999833062247
6653,69.30208333333333,1528111,1528110.9375,0.24999999833062247,0.18749999833062247
6654,69.321875,1528548,1528547.3437500002,0.18749999833062247,-0.4687500014365469
6655,69.33229166666668,1528777,1528777.0312500002,-0.4687500014365469,-0.43750000120371624
6656,69.34270833333333,1529006,1529006.71875,-0.43750000120371624,0.28124999879628376
6657,69.353125,1529237,1529236.4062500002,0.28124999879628376,-0.3125000009708856
6658,69.36354166666668,1529466,1529466.0937500002,-0.3125000009708856,-0.21875000073805495
6659,69.37395833333333,1529696,1529695.78125,-0.21875000073805495,-0.43750000073805495
6660,69.375,1529718,1529718.75,-0.43750000073805495,0.31249999926194505
6661,69.38541666666667,1529949,1529948.4375,0.31249999926194505,-0.25000000073805495
6662,69.39583333333333,1530178,1530178.125,-0.25000000073805495,-0.12500000073805495
6663,69.40625,1530408,1530407.8125,-0.12500000073805495,-0.31250000073805495
6664,69.41666666666667,1530637,1530637.5,-0.31250000073805495,0.18749999926194505
6665,69.42708333333333,1530867,1530867.1875,0.18749999926194505,0.37499999926194505
6666,69.446875,1531304,1531303.5937500002,0.37499999926194505,-0.03125000050522431
6667,69.45729166666668,1531533,1531533.2812500002,-0.03125000050522431,0.24999999972760634
6668,69.46770833333333,1531763,1531762.96875,0.24999999972760634,0.21874999972760634
6669,69.478125,1531993,1531992.6562500002,0.21874999972760634,-0.12500000003956302
6670,69.48854166666668,1532222,1532222.3437500002,-0.12500000003956302,0.21875000019326762
6671,69.49895833333333,1532452,1532452.03125,0.21875000019326762,0.2500000001932676
6672,69.5,1532475,1532475.0,0.2500000001932676,0.2500000001932676
6673,69.51041666666667,1532705,1532704.6875,0.2500000001932676,-0.062499999806732376
6674,69.52083333333333,1532934,1532934.375,-0.062499999806732376,0.3125000001932676
6675,69.53125,1533164,1533164.0625,0.3125000001932676,0.3750000001932676
6676,69.54166666666667,1533394,1533393.75,0.3750000001932676,0.12500000019326762
6677,69.55208333333333,1533624,1533623.4375,0.12500000019326762,-0.4374999998067324
6678,69.571875,1534059,1534059.8437500002,-0.4374999998067324,0.40625000042609827
6679,69.58229166666668,1534290,1534289.5312500002,0.40625000042609827,-0.06249999934107109
6680,69.59270833333333,1534519,1534519.21875,-0.06249999934107109,0.1562500006589289
6681,69.603125,1534749,1534748.9062500002,0.1562500006589289,0.06250000089175956
6682,69.61354166666668,1534979,1534978.5937500002,0.06250000089175956,-0.3437499988754098
6683,69.62395833333333,1535208,1535208.28125,-0.3437499988754098,-0.0624999988754098
6684,69.625,1535231,1535231.25,-0.0624999988754098,0.1875000011245902
6685,69.63541666666667,1535461,1535460.9375,0.1875000011245902,0.1250000011245902
6686,69.64583333333333,1535691,1535690.625,0.1250000011245902,-0.2499999988754098
6687,69.65625,1535920,1535920.3125,-0.2499999988754098,0.0625000011245902
6688,69.66666666666667,1536150,1536150.0,0.0625000011245902,0.0625000011245902
6689,69.67708333333333,1536380,1536379.6875,0.0625000011245902,-0.2499999988754098
6690,69.696875,1536816,1536816.0937500002,-0.2499999988754098,-0.15624999864257916
6691,69.70729166666668,1537046,1537045.7812500002,-0.15624999864257916,-0.3749999984097485
6692,69.71770833333333,1537275,1537275.46875,-0.3749999984097485,0.09375000159025149
6693,69.728125,1537505,1537505.1562500002,0.09375000159025149,0.25000000182308213
6694,69.73854166666668,1537735,1537734.8437500002,0.25000000182308213,0.09375000205591277
6695,69.74895833333333,1537965,1537964.53125,0.09375000205591277,-0.3749999979440872
6696,69.75,1537987,1537987.5,-0.3749999979440872,0.12500000205591277
6697,69.76041666666667,1538217,1538217.1875,0.12500000205591277,0.3125000020559128
6698,69.77083333333333,1538447,1538446.875,0.3125000020559128,0.18750000205591277
6699,69.78125,1538677,1538676.5625,0.18750000205591277,-0.24999999794408723
6700,69.79166666666667,1538906,1538906.25,-0.24999999794408723,2.0559127733577043e-09
6701,69.80208333333333,1539136,1539135.9375,2.0559127733577043e-09,-0.06249999794408723
6702,69.821875,1539572,1539572.3437500002,-0.06249999794408723,0.2812500022887434
6703,69.83229166666668,1539802,1539802.0312500002,0.2812500022887434,0.31250000252157406
6704,69.84270833333333,1540032,1540031.71875,0.31250000252157406,0.03125000252157406
6705,69.853125,1540261,1540261.4062500002,0.03125000252157406,0.4375000027544047
6706,69.86354166666668,1540492,1540491.0937500002,0.4375000027544047,-0.46874999701276465
6707,69.87395833333333,1540720,1540720.78125,-0.46874999701276465,0.31250000298723535
6708,69.875,1540744,1540743.75,0.31250000298723535,0.06250000298723535
6709,69.88541666666667,1540974,1540973.4375,0.06250000298723535,-0.49999999701276465
6710,69.89583333333333,1541203,1541203.125,-0.49999999701276465,-0.37499999701276465
6711,69.90625,1541432,1541432.8125,-0.37499999701276465,0.43750000298723535
6712,69.91666666666667,1541663,1541662.5,0.43750000298723535,-0.06249999701276465
6713,69.92708333333333,1541892,1541892.1875,-0.06249999701276465,0.12500000298723535
6714,69.946875,1542329,1542328.5937500002,0.12500000298723535,-0.281249996779934
6715,69.95729166666668,1542558,1542558.2812500002,-0.281249996779934,3.452896635280922e-09
6716,69.96770833333333,1542788,1542787.96875,3.452896635280922e-09,-0.031249996547103365
6717,69.978125,1543018,1543017.6562500002,-0.031249996547103365,-0.3749999963142727
6718,69.98854166666668,1543247,1543247.3437500002,-0.3749999963142727,-0.031249996081442077
6719,69.99895833333333,1543477,1543477.03125,-0.031249996081442077,3.918557922588661e-09
6720,70.0,1543500,1543500.0,3.918557922588661e-09,3.918557922588661e-09
6721,70.01041666666667,1543730,1543729.6875,3.918557922588661e-09,-0.3124999960814421
6722,70.02083333333333,1543959,1543959.375,-0.3124999960814421,0.06250000391855792
6723,70.03125,1544189,1544189.0625,0.06250000391855792,0.12500000391855792
6724,70.04166666666667,1544419,1544418.75,0.12500000391855792,-0.12499999608144208
6725,70.05208333333333,1544648,1544648.4375,-0.12499999608144208,0.3125000039185579
6726,70.071875,1545085,1545084.8437500002,0.3125000039185579,0.15625000415138857
6727,70.08229166666668,1545315,1545314.5312500002,0.15625000415138857,-0.3124999956157808
6728,70.09270833333333,1545544,1545544.21875,-0.3124999956157808,-0.09374999561578079
6729,70.103125,1545774,1545773.9062500002,-0.09374999561578079,-0.18749999538295015
6730,70.11354166666668,1546003,1546003.5937500002,-0.18749999538295015,0.4062500048498805
6731,70.12395833333333,1546234,1546233.28125,0.4062500048498805,-0.3124999951501195
6732,70.125,1546256,1546256.25,-0.3124999951501195,-0.0624999951501195
6733,70.13541666666667,1546486,1546485.9375,-0.0624999951501195,-0.1249999951501195
6734,70.14583333333333,1546716,1546715.625,-0.1249999951501195,-0.4999999951501195
6735,70.15625,1546945,1546945.3125,-0.4999999951501195,-0.1874999951501195
6736,70.16666666666667,1547175,1547175.0,-0.1874999951501195,-0.1874999951501195
6737,70.17708333333333,1547405,1547404.6875,-0.1874999951501195,-0.4999999951501195
6738,70.196875,1547841,1547841.0937500002,-0.4999999951501195,-0.40624999491728886
6739,70.20729166666668,1548070,1548070.7812500002,-0.40624999491728886,0.3750000053155418
6740,70.21770833333333,1548301,1548300.46875,0.3750000053155418,-0.15624999468445822
6741,70.228125,1548530,1548530.1562500002,-0.15624999468445822,5.548372428165749e-09
6742,70.23854166666668,1548760,1548759.8437500002,5.548372428165749e-09,-0.15624999421879693
6743,70.24895833333333,1548989,1548989.53125,-0.15624999421879693,0.37500000578120307
6744,70.25,1549013,1549012.5,0.37500000578120307,-0.12499999421879693
6745,70.26041666666667,1549242,1549242.1875,-0.12499999421879693,0.06250000578120307
6746,70.27083333333333,1549472,1549471.875,0.06250000578120307,-0.06249999421879693
6747,70.28125,1549702,1549701.5625,-0.06249999421879693,-0.49999999421879693
6748,70.29166666666667,1549931,1549931.25,-0.49999999421879693,-0.24999999421879693
6749,70.30208333333333,1550161,1550160.9375,-0.24999999421879693,-0.31249999421879693
6750,70.321875,1550597,1550597.3437500002,-0.31249999421879693,0.031250006014033715
6751,70.33229166666668,1550827,1550827.0312500002,0.031250006014033715,0.06250000624686436
6752,70.34270833333333,1551057,1551056.71875,0.06250000624686436,-0.21874999375313564
6753,70.353125,1551286,1551286.4062500002,-0.21874999375313564,0.187500006479695
6754,70.36354166666668,1551516,1551516.0937500002,0.187500006479695,0.28125000671252565
6755,70.37395833333333,1551746,1551745.78125,0.28125000671252565,0.06250000671252565
6756,70.375,1551769,1551768.75,0.06250000671252565,-0.18749999328747435
6757,70.38541666666667,1551998,1551998.4375,-0.18749999328747435,0.25000000671252565
6758,70.39583333333333,1552228,1552228.125,0.25000000671252565,0.37500000671252565
6759,70.40625,1552458,1552457.8125,0.37500000671252565,0.18750000671252565
6760,70.41666666666667,1552688,1552687.5,0.18750000671252565,-0.31249999328747435
6761,70.42708333333333,1552917,1552917.1875,-0.31249999328747435,-0.12499999328747435
6762,70.446875,1553353,1553353.5937500002,-0.12499999328747435,0.4687500069453563
6763,70.45729166666668,1553584,1553583.2812500002,0.4687500069453563,-0.24999999282181307
6764,70.46770833333333,1553813,1553812.96875,-0.24999999282181307,-0.28124999282181307
6765,70.478125,1554042,1554042.6562500002,-0.28124999282181307,0.3750000074110176
6766,70.48854166666668,1554273,1554272.3437500002,0.3750000074110176,-0.2812499923561518
6767,70.49895833333333,1554502,1554502.03125,-0.2812499923561518,-0.24999999235615178
6768,70.5,1554525,1554525.0,-0.24999999235615178,-0.24999999235615178
6769,70.51041666666667,1554754,1554754.6875,-0.24999999235615178,0.4375000076438482
6770,70.52083333333333,1554985,1554984.375,0.4375000076438482,-0.18749999235615178
6771,70.53125,1555214,1555214.0625,-0.18749999235615178,-0.12499999235615178
6772,70.54166666666667,1555444,1555443.75,-0.12499999235615178,-0.3749999923561518
6773,70.55208333333333,1555673,1555673.4375,-0.3749999923561518,0.06250000764384822
6774,70.571875,1556110,1556109.8437500002,0.06250000764384822,-0.09374999212332114
6775,70.58229166666668,1556339,1556339.5312500002,-0.09374999212332114,0.4375000081095095
6776,70.59270833333333,1556570,1556569.21875,0.4375000081095095,-0.3437499918904905
6777,70.603125,1556799,1556798.9062500002,-0.3437499918904905,-0.43749999165765985
6778,70.61354166666668,1557028,1557028.5937500002,-0.43749999165765985,0.1562500085751708
6779,70.62395833333333,1557258,1557258.28125,0.1562500085751708,0.4375000085751708
6780,70.625,1557282,1557281.25,0.4375000085751708,-0.3124999914248292
6781,70.63541666666667,1557511,1557510.9375,-0.3124999914248292,-0.3749999914248292
6782,70.64583333333333,1557740,1557740.625,-0.3749999914248292,0.2500000085751708
6783,70.65625,1557971,1557970.3125,0.2500000085751708,-0.4374999914248292
6784,70.66666666666667,1558200,1558200.0,-0.4374999914248292,-0.4374999914248292
6785,70.67708333333333,1558429,1558429.6875,-0.4374999914248292,0.2500000085751708
6786,70.696875,1558866,1558866.0937500002,0.2500000085751708,0.34375000880800144
6787,70.70729166666668,1559096,1559095.7812500002,0.34375000880800144,0.12500000904083208
6788,70.71770833333333,1559326,1559325.46875,0.12500000904083208,-0.4062499909591679
6789,70.728125,1559555,1559555.1562500002,-0.4062499909591679,-0.24999999072633727
6790,70.73854166666668,1559785,1559784.8437500002,-0.24999999072633727,-0.40624999049350663
6791,70.74895833333333,1560014,1560014.53125,-0.40624999049350663,0.12500000950649337
6792,70.75,1560038,1560037.5,0.12500000950649337,-0.37499999049350663
6793,70.76041666666667,1560267,1560267.1875,-0.37499999049350663,-0.18749999049350663
6794,70.77083333333333,1560497,1560496.875,-0.18749999049350663,-0.31249999049350663
6795,70.78125,1560726,1560726.5625,-0.31249999049350663,0.25000000950649337
6796,70.79166666666667,1560957,1560956.25,0.25000000950649337,-0.49999999049350663
6797,70.80208333333333,1561185,1561185.9375,-0.49999999049350663,0.43750000950649337
6798,70.821875,1561623,1561622.3437500002,0.43750000950649337,-0.21874999026067599
6799,70.83229166666668,1561852,1561852.0312500002,-0.21874999026067599,-0.18749999002784534
6800,70.84270833333333,1562082,1562081.71875,-0.18749999002784534,-0.46874999002784534
6801,70.853125,1562311,1562311.4062500002,-0.46874999002784534,-0.0624999897950147
6802,70.86354166666668,1562541,1562541.0937500002,-0.0624999897950147,0.031250010437815945
6803,70.87395833333333,1562771,1562770.78125,0.031250010437815945,-0.18749998956218406
6804,70.875,1562794,1562793.75,-0.18749998956218406,-0.43749998956218406
6805,70.88541666666667,1563023,1563023.4375,-0.43749998956218406,1.0437815944897011e-08
6806,70.89583333333333,1563253,1563253.125,1.0437815944897011e-08,0.12500001043781594
6807,70.90625,1563483,1563482.8125,0.12500001043781594,-0.062499989562184055
6808,70.91666666666667,1563712,1563712.5,-0.062499989562184055,0.43750001043781594
6809,70.92708333333333,1563943,1563942.1875,0.43750001043781594,-0.37499998956218406
6810,70.946875,1564378,1564378.5937500002,-0.37499998956218406,0.2187500106706466
6811,70.95729166666668,1564609,1564608.2812500002,0.2187500106706466,-0.49999998909652277
6812,70.96770833333333,1564837,1564837.96875,-0.49999998909652277,0.46875001090347723
6813,70.978125,1565068,1565067.6562500002,0.46875001090347723,0.12500001113630788
6814,70.98854166666668,1565297,1565297.3437500002,0.12500001113630788,0.4687500113691385
6815,70.99895833333333,1565528,1565527.03125,0.4687500113691385,-0.4999999886308615
6816,71.0,1565550,1565550.0,-0.4999999886308615,-0.4999999886308615
6817,71.01041666666667,1565779,1565779.6875,-0.4999999886308615,0.18750001136913852
6818,71.02083333333333,1566010,1566009.375,0.18750001136913852,-0.4374999886308615
6819,71.03125,1566239,1566239.0625,-0.4374999886308615,-0.3749999886308615
6820,71.04166666666667,1566468,1566468.75,-0.3749999886308615,0.3750000113691385
6821,71.05208333333333,1566699,1566698.4375,0.3750000113691385,-0.18749998863086148
6822,71.071875,1567135,1567134.8437500002,-0.18749998863086148,-0.34374998839803084
6823,71.08229166666668,1567364,1567364.5312500002,-0.34374998839803084,0.1875000118347998
6824,71.09270833333333,1567594,1567594.21875,0.1875000118347998,0.4062500118347998
6825,71.103125,1567824,1567823.9062500002,0.4062500118347998,0.31250001206763045
6826,71.11354166666668,1568054,1568053.5937500002,0.31250001206763045,-0.0937499876995389
6827,71.12395833333333,1568283,1568283.28125,-0.0937499876995389,0.1875000123004611
6828,71.125,1568306,1568306.25,0.1875000123004611,0.4375000123004611
6829,71.13541666666667,1568536,1568535.9375,0.4375000123004611,0.3750000123004611
6830,71.14583333333333,1568766,1568765.625,0.3750000123004611,1.2300461094127968e-08
6831,71.15625,1568995,1568995.3125,1.2300461094127968e-08,0.3125000123004611
6832,71.16666666666667,1569225,1569225.0,0.3125000123004611,0.3125000123004611
6833,71.17708333333333,1569455,1569454.6875,0.3125000123004611,1.2300461094127968e-08
6834,71.196875,1569891,1569891.0937500002,1.2300461094127968e-08,0.09375001253329174
6835,71.20729166666668,1570121,1570120.7812500002,0.09375001253329174,-0.12499998723387762
6836,71.21770833333333,1570350,1570350.46875,-0.12499998723387762,0.3437500127661224
6837,71.228125,1570581,1570580.1562500002,0.3437500127661224,-0.499999987001047
6838,71.23854166666668,1570809,1570809.8437500002,-0.499999987001047,0.34375001323178367
6839,71.24895833333333,1571040,1571039.53125,0.34375001323178367,-0.12499998676821633
6840,71.25,1571062,1571062.5,-0.12499998676821633,0.37500001323178367
6841,71.26041666666667,1571293,1571292.1875,0.37500001323178367,-0.43749998676821633
6842,71.27083333333333,1571521,1571521.875,-0.43749998676821633,0.43750001323178367
6843,71.28125,1571752,1571751.5625,0.43750001323178367,1.3231783668743446e-08
6844,71.29166666666667,1571981,1571981.25,1.3231783668743446e-08,0.25000001323178367
6845,71.30208333333333,1572211,1572210.9375,0.25000001323178367,0.18750001323178367
6846,71.321875,1572648,1572647.3437500002,0.18750001323178367,-0.4687499865353857
6847,71.33229166666668,1572877,1572877.0312500002,-0.4687499865353857,-0.43749998630255504
6848,71.34270833333333,1573106,1573106.71875,-0.43749998630255504,0.28125001369744496
6849,71.353125,1573337,1573336.4062500002,0.28125001369744496,-0.3124999860697244
6850,71.36354166666668,1573566,1573566.0937500002,-0.3124999860697244,-0.21874998583689376
6851,71.37395833333333,1573796,1573795.78125,-0.21874998583689376,-0.43749998583689376
6852,71.375,1573818,1573818.75,-0.43749998583689376,0.31250001416310624
6853,71.38541666666667,1574049,1574048.4375,0.31250001416310624,-0.24999998583689376
6854,71.39583333333333,1574278,1574278.125,-0.24999998583689376,-0.12499998583689376
6855,71.40625,1574508,1574507.8125,-0.12499998583689376,-0.31249998583689376
6856,71.41666666666667,1574737,1574737.5,-0.31249998583689376,0.18750001416310624
6857,71.42708333333333,1574967,1574967.1875,0.18750001416310624,0.37500001416310624
6858,71.446875,1575404,1575403.5937500002,0.37500001416310624,-0.031249985604063113
6859,71.45729166666668,1575633,1575633.2812500002,-0.031249985604063113,0.25000001462876753
6860,71.46770833333333,1575863,1575862.96875,0.25000001462876753,0.21875001462876753
6861,71.478125,1576093,1576092.6562500002,0.21875001462876753,-0.12499998513840183
6862,71.48854166666668,1576322,1576322.3437500002,-0.12499998513840183,0.21875001509442882
6863,71.49895833333333,1576552,1576552.03125,0.21875001509442882,0.2500000150944288
6864,71.5,1576575,1576575.0,0.2500000150944288,0.2500000150944288
6865,71.51041666666667,1576805,1576804.6875,0.2500000150944288,-0.06249998490557118
6866,71.52083333333333,1577034,1577034.375,-0.06249998490557118,0.3125000150944288
6867,71.53125,1577264,1577264.0625,0.3125000150944288,0.3750000150944288
6868,71.54166666666667,1577494,1577493.75,0.3750000150944288,0.12500001509442882
6869,71.55208333333333,1577724,1577723.4375,0.12500001509442882,-0.4374999849055712
6870,71.571875,1578159,1578159.8437500002,-0.4374999849055712,0.40625001532725946
6871,71.58229166666668,1578390,1578389.5312500002,0.40625001532725946,-0.062499984439909895
6872,71.59270833333333,1578619,1578619.21875,-0.062499984439909895,0.1562500155600901
6873,71.603125,1578849,1578848.9062500002,0.1562500155600901,0.06250001579292075
6874,71.61354166666668,1579079,1579078.5937500002,0.06250001579292075,-0.3437499839742486
6875,71.62395833333333,1579308,1579308.28125,-0.3437499839742486,-0.06249998397424861
6876,71.625,1579331,1579331.25,-0.06249998397424861,0.1875000160257514
6877,71.63541666666667,1579561,1579560.9375,0.1875000160257514,0.1250000160257514
6878,71.64583333333333,1579791,1579790.625,0.1250000160257514,-0.2499999839742486
6879,71.65625,1580020,1580020.3125,-0.2499999839742486,0.06250001602575139
6880,71.66666666666667,1580250,1580250.0,0.06250001602575139,0.06250001602575139
6881,71.67708333333333,1580480,1580479.6875,0.06250001602575139,-0.2499999839742486
6882,71.696875,1580916,1580916.0937500002,-0.2499999839742486,-0.15624998374141796
6883,71.70729166666668,1581146,1581145.7812500002,-0.15624998374141796,-0.3749999835085873
6884,71.71770833333333,1581375,1581375.46875,-0.3749999835085873,0.09375001649141268
6885,71.728125,1581605,1581605.1562500002,0.09375001649141268,0.2500000167242433
6886,71.73854166666668,1581835,1581834.8437500002,0.2500000167242433,0.09375001695707397
6887,71.74895833333333,1582065,1582064.53125,0.09375001695707397,-0.37499998304292603
6888,71.75,1582087,1582087.5,-0.37499998304292603,0.12500001695707397
6889,71.76041666666667,1582317,1582317.1875,0.12500001695707397,0.31250001695707397
6890,71.77083333333333,1582547,1582546.875,0.31250001695707397,0.18750001695707397
6891,71.78125,1582777,1582776.5625,0.18750001695707397,-0.24999998304292603
6892,71.79166666666667,1583006,1583006.25,-0.24999998304292603,1.695707396720536e-08
6893,71.80208333333333,1583236,1583235.9375,1.695707396720536e-08,-0.06249998304292603
6894,71.821875,1583672,1583672.3437500002,-0.06249998304292603,0.2812500171899046
6895,71.83229166666668,1583902,1583902.0312500002,0.2812500171899046,0.31250001742273525
6896,71.84270833333333,1584132,1584131.71875,0.31250001742273525,0.031250017422735255
6897,71.853125,1584361,1584361.4062500002,0.031250017422735255,0.4375000176555659
6898,71.86354166666668,1584592,1584591.0937500002,0.4375000176555659,-0.46874998211160346
6899,71.87395833333333,1584820,1584820.78125,-0.46874998211160346,0.31250001788839654
6900,71.875,1584844,1584843.75,0.31250001788839654,0.06250001788839654
6901,71.88541666666667,1585074,1585073.4375,0.06250001788839654,-0.49999998211160346
6902,71.89583333333333,1585303,1585303.125,-0.49999998211160346,-0.37499998211160346
6903,71.90625,1585532,1585532.8125,-0.37499998211160346,0.43750001788839654
6904,71.91666666666667,1585763,1585762.5,0.43750001788839654,-0.06249998211160346
6905,71.92708333333333,1585992,1585992.1875,-0.06249998211160346,0.12500001788839654
6906,71.946875,1586429,1586428.5937500002,0.12500001788839654,-0.2812499818787728
6907,71.95729166666668,1586658,1586658.2812500002,-0.2812499818787728,1.8354057829128578e-08
6908,71.96770833333333,1586888,1586887.96875,1.8354057829128578e-08,-0.03124998164594217
6909,71.978125,1587118,1587117.6562500002,-0.03124998164594217,-0.3749999814131115
6910,71.98854166666668,1587347,1587347.3437500002,-0.3749999814131115,-0.031249981180280884
6911,71.99895833333333,1587577,1587577.03125,-0.031249981180280884,1.8819719116436318e-08
6912,72.0,1587600,1587600.0,1.8819719116436318e-08,1.8819719116436318e-08
6913,72.01041666666667,1587830,1587829.6875,1.8819719116436318e-08,-0.3124999811802809
6914,72.02083333333333,1588059,1588059.375,-0.3124999811802809,0.06250001881971912
6915,72.03125,1588289,1588289.0625,0.06250001881971912,0.12500001881971912
6916,72.04166666666667,1588519,1588518.75,0.12500001881971912,-0.12499998118028088
6917,72.05208333333333,1588748,1588748.4375,-0.12499998118028088,0.3125000188197191
6918,72.071875,1589185,1589184.8437500002,0.3125000188197191,0.15625001905254976
6919,72.08229166666668,1589415,1589414.5312500002,0.15625001905254976,-0.3124999807146196
6920,72.09270833333333,1589644,1589644.21875,-0.3124999807146196,-0.0937499807146196
6921,72.103125,1589874,1589873.9062500002,-0.0937499807146196,-0.18749998048178895
6922,72.11354166666668,1590103,1590103.5937500002,-0.18749998048178895,0.4062500197510417
6923,72.12395833333333,1590334,1590333.28125,0.4062500197510417,-0.3124999802489583
6924,72.125,1590356,1590356.25,-0.3124999802489583,-0.06249998024895831
6925,72.13541666666667,1590586,1590585.9375,-0.06249998024895831,-0.12499998024895831
6926,72.14583333333333,1590816,1590815.625,-0.12499998024895831,-0.4999999802489583
6927,72.15625,1591045,1591045.3125,-0.4999999802489583,-0.1874999802489583
6928,72.16666666666667,1591275,1591275.0,-0.1874999802489583,-0.1874999802489583
6929,72.17708333333333,1591505,1591504.6875,-0.1874999802489583,-0.4999999802489583
6930,72.196875,1591941,1591941.0937500002,-0.4999999802489583,-0.40624998001612767
6931,72.20729166666668,1592170,1592170.7812500002,-0.40624998001612767,0.375000020216703
6932,72.21770833333333,1592401,1592400.46875,0.375000020216703,-0.15624997978329702
6933,72.228125,1592630,1592630.1562500002,-0.15624997978329702,2.0449533622013405e-08
6934,72.23854166666668,1592860,1592859.8437500002,2.0449533622013405e-08,-0.15624997931763573
6935,72.24895833333333,1593089,1593089.53125,-0.15624997931763573,0.37500002068236427
6936,72.25,1593113,1593112.5,0.37500002068236427,-0.12499997931763573
6937,72.26041666666667,1593342,1593342.1875,-0.12499997931763573,0.06250002068236427
6938,72.27083333333333,1593572,1593571.875,0.06250002068236427,-0.062499979317635734
6939,72.28125,1593802,1593801.5625,-0.062499979317635734,-0.49999997931763573
6940,72.29166666666667,1594031,1594031.25,-0.49999997931763573,-0.24999997931763573
6941,72.30208333333333,1594261,1594260.9375,-0.24999997931763573,-0.31249997931763573
6942,72.321875,1594697,1594697.3437500002,-0.31249997931763573,0.03125002091519491
6943,72.33229166666668,1594927,1594927.0312500002,0.03125002091519491,0.06250002114802555
6944,72.34270833333333,1595157,1595156.71875,0.06250002114802555,-0.21874997885197445
6945,72.353125,1595386,1595386.4062500002,-0.21874997885197445,0.1875000213808562
6946,72.36354166666668,1595616,1595616.0937500002,0.1875000213808562,0.28125002161368684
6947,72.37395833333333,1595846,1595845.78125,0.28125002161368684,0.06250002161368684
6948,72.375,1595869,1595868.75,0.06250002161368684,-0.18749997838631316
6949,72.38541666666667,1596098,1596098.4375,-0.18749997838631316,0.25000002161368684
6950,72.39583333333333,1596328,1596328.125,0.25000002161368684,0.37500002161368684
6951,72.40625,1596558,1596557.8125,0.37500002161368684,0.18750002161368684
6952,72.41666666666667,1596788,1596787.5,0.18750002161368684,-0.31249997838631316
6953,72.42708333333333,1597017,1597017.1875,-0.31249997838631316,-0.12499997838631316
6954,72.446875,1597453,1597453.5937500002,-0.12499997838631316,0.4687500218465175
6955,72.45729166666668,1597684,1597683.2812500002,0.4687500218465175,-0.24999997792065187
6956,72.46770833333333,1597913,1597912.96875,-0.24999997792065187,-0.2812499779206519
6957,72.478125,1598142,1598142.6562500002,-0.2812499779206519,0.37500002231217877
6958,72.48854166666668,1598373,1598372.3437500002,0.37500002231217877,-0.2812499774549906
6959,72.49895833333333,1598602,1598602.03125,-0.2812499774549906,-0.24999997745499059
6960,72.5,1598625,1598625.0,-0.24999997745499059,-0.24999997745499059
6961,72.51041666666667,1598854,1598854.6875,-0.24999997745499059,0.4375000225450094
6962,72.52083333333333,1599085,1599084.375,0.4375000225450094,-0.18749997745499059
6963,72.53125,1599314,1599314.0625,-0.18749997745499059,-0.12499997745499059
6964,72.54166666666667,1599544,1599543.75,-0.12499997745499059,-0.3749999774549906
6965,72.55208333333333,1599773,1599773.4375,-0.3749999774549906,0.06250002254500941
6966,72.571875,1600210,1600209.8437500002,0.06250002254500941,-0.09374997722215994
6967,72.58229166666668,1600439,1600439.5312500002,-0.09374997722215994,0.4375000230106707
6968,72.59270833333333,1600670,1600669.21875,0.4375000230106707,-0.3437499769893293
6969,72.603125,1600899,1600898.9062500002,-0.3437499769893293,-0.43749997675649865
6970,72.61354166666668,1601128,1601128.5937500002,-0.43749997675649865,0.156250023476332
6971,72.62395833333333,1601358,1601358.28125,0.156250023476332,0.437500023476332
6972,72.625,1601382,1601381.25,0.437500023476332,-0.312499976523668
6973,72.63541666666667,1601611,1601610.9375,-0.312499976523668,-0.374999976523668
6974,72.64583333333333,1601840,1601840.625,-0.374999976523668,0.250000023476332
6975,72.65625,1602071,1602070.3125,0.250000023476332,-0.437499976523668
6976,72.66666666666667,1602300,1602300.0,-0.437499976523668,-0.437499976523668
6977,72.67708333333333,1602529,1602529.6875,-0.437499976523668,0.250000023476332
6978,72.696875,1602966,1602966.0937500002,0.250000023476332,0.34375002370916263
6979,72.70729166666668,1603196,1603195.7812500002,0.34375002370916263,0.12500002394199328
6980,72.71770833333333,1603426,1603425.46875,0.12500002394199328,-0.4062499760580067
6981,72.728125,1603655,1603655.1562500002,-0.4062499760580067,-0.24999997582517608
6982,72.73854166666668,1603885,1603884.8437500002,-0.24999997582517608,-0.40624997559234544
6983,72.74895833333333,1604114,1604114.53125,-0.40624997559234544,0.12500002440765456
6984,72.75,1604138,1604137.5,0.12500002440765456,-0.37499997559234544
6985,72.76041666666667,1604367,1604367.1875,-0.37499997559234544,-0.18749997559234544
6986,72.77083333333333,1604597,1604596.875,-0.18749997559234544,-0.31249997559234544
6987,72.78125,1604826,1604826.5625,-0.31249997559234544,0.25000002440765456
6988,72.79166666666667,1605057,1605056.25,0.25000002440765456,-0.49999997559234544
6989,72.80208333333333,1605285,1605285.9375,-0.49999997559234544,0.43750002440765456
6990,72.821875,1605723,1605722.3437500002,0.43750002440765456,-0.2187499753595148
6991,72.83229166666668,1605952,1605952.0312500002,-0.2187499753595148,-0.18749997512668415
6992,72.84270833333333,1606182,1606181.71875,-0.18749997512668415,-0.46874997512668415
6993,72.853125,1606411,1606411.4062500002,-0.46874997512668415,-0.062499974893853505
6994,72.86354166666668,1606641,1606641.0937500002,-0.062499974893853505,0.03125002533897714
6995,72.87395833333333,1606871,1606870.78125,0.03125002533897714,-0.18749997466102286
6996,72.875,1606894,1606893.75,-0.18749997466102286,-0.43749997466102286
6997,72.88541666666667,1607123,1607123.4375,-0.43749997466102286,2.5338977138744667e-08
6998,72.89583333333333,1607353,1607353.125,2.5338977138744667e-08,0.12500002533897714
6999,72.90625,1607583,1607582.8125,0.12500002533897714,-0.06249997466102286
7000,72.91666666666667,1607812,1607812.5,-0.06249997466102286,0.43750002533897714
7001,72.92708333333333,1608043,1608042.1875,0.43750002533897714,-0.37499997466102286
7002,72.946875,1608478,1608478.5937500002,-0.37499997466102286,0.21875002557180778
7003,72.95729166666668,1608709,1608708.2812500002,0.21875002557180778,-0.4999999741953616
7004,72.96770833333333,1608937,1608937.96875,-0.4999999741953616,0.4687500258046384
7005,72.978125,1609168,1609167.6562500002,0.4687500258046384,0.12500002603746907
7006,72.98854166666668,1609397,1609397.3437500002,0.12500002603746907,0.4687500262702997
7007,72.99895833333333,1609628,1609627.03125,0.4687500262702997,-0.4999999737297003
7008,73.0,1609650,1609650.0,-0.4999999737297003,-0.4999999737297003
7009,73.01041666666667,1609879,1609879.6875,-0.4999999737297003,0.1875000262702997
7010,73.02083333333333,1610110,1610109.375,0.1875000262702997,-0.4374999737297003
7011,73.03125,1610339,1610339.0625,-0.4374999737297003,-0.3749999737297003
7012,73.04166666666667,1610568,1610568.75,-0.3749999737297003,0.3750000262702997
7013,73.05208333333333,1610799,1610798.4375,0.3750000262702997,-0.1874999737297003
7014,73.071875,1611235,1611234.8437500002,-0.1874999737297003,-0.34374997349686964
7015,73.08229166666668,1611464,1611464.5312500002,-0.34374997349686964,0.187500026735961
7016,73.09270833333333,1611694,1611694.21875,0.187500026735961,0.406250026735961
7017,73.103125,1611924,1611923.9062500002,0.406250026735961,0.31250002696879164
7018,73.11354166666668,1612154,1612153.5937500002,0.31250002696879164,-0.09374997279837771
7019,73.12395833333333,1612383,1612383.28125,-0.09374997279837771,0.1875000272016223
7020,73.125,1612406,1612406.25,0.1875000272016223,0.4375000272016223
7021,73.13541666666667,1612636,1612635.9375,0.4375000272016223,0.3750000272016223
7022,73.14583333333333,1612866,1612865.625,0.3750000272016223,2.7201622287975624e-08
7023,73.15625,1613095,1613095.3125,2.7201622287975624e-08,0.3125000272016223
7024,73.16666666666667,1613325,1613325.0,0.3125000272016223,0.3125000272016223
7025,73.17708333333333,1613555,1613554.6875,0.3125000272016223,2.7201622287975624e-08
7026,73.196875,1613991,1613991.0937500002,2.7201622287975624e-08,0.09375002743445293
7027,73.20729166666668,1614221,1614220.7812500002,0.09375002743445293,-0.12499997233271642
7028,73.21770833333333,1614450,1614450.46875,-0.12499997233271642,0.3437500276672836
7029,73.228125,1614681,1614680.1562500002,0.3437500276672836,-0.4999999720998858
7030,73.23854166666668,1614909,1614909.8437500002,-0.4999999720998858,0.34375002813294486
7031,73.24895833333333,1615140,1615139.53125,0.34375002813294486,-0.12499997186705514
7032,73.25,1615162,1615162.5,-0.12499997186705514,0.37500002813294486
7033,73.26041666666667,1615393,1615392.1875,0.37500002813294486,-0.43749997186705514
7034,73.27083333333333,1615621,1615621.875,-0.43749997186705514,0.43750002813294486
7035,73.28125,1615852,1615851.5625,0.43750002813294486,2.8132944862591103e-08
7036,73.29166666666667,1616081,1616081.25,2.8132944862591103e-08,0.25000002813294486
7037,73.30208333333333,1616311,1616310.9375,0.25000002813294486,0.18750002813294486
7038,73.321875,1616748,1616747.3437500002,0.18750002813294486,-0.4687499716342245
7039,73.33229166666668,1616977,1616977.0312500002,-0.4687499716342245,-0.43749997140139385
7040,73.34270833333333,1617206,1617206.71875,-0.43749997140139385,0.28125002859860615
7041,73.353125,1617437,1617436.4062500002,0.28125002859860615,-0.3124999711685632
7042,73.36354166666668,1617666,1617666.0937500002,-0.3124999711685632,-0.21874997093573256
7043,73.37395833333333,1617896,1617895.78125,-0.21874997093573256,-0.43749997093573256
7044,73.375,1617918,1617918.75,-0.43749997093573256,0.31250002906426744
7045,73.38541666666667,1618149,1618148.4375,0.31250002906426744,-0.24999997093573256
7046,73.39583333333333,1618378,1618378.125,-0.24999997093573256,-0.12499997093573256
7047,73.40625,1618608,1618607.8125,-0.12499997093573256,-0.31249997093573256
7048,73.41666666666667,1618837,1618837.5,-0.31249997093573256,0.18750002906426744
7049,73.42708333333333,1619067,1619067.1875,0.18750002906426744,0.37500002906426744
7050,73.446875,1619504,1619503.5937500002,0.37500002906426744,-0.03124997070290192
7051,73.45729166666668,1619733,1619733.2812500002,-0.03124997070290192,0.2500000295299287
7052,73.46770833333333,1619963,1619962.96875,0.2500000295299287,0.21875002952992872
7053,73.478125,1620193,1620192.6562500002,0.21875002952992872,-0.12499997023724063
7054,73.48854166666668,1620422,1620422.3437500002,-0.12499997023724063,0.21875002999559
7055,73.49895833333333,1620652,1620652.03125,0.21875002999559,0.25000002999559
7056,73.5,1620675,1620675.0,0.25000002999559,0.25000002999559
7057,73.51041666666667,1620905,1620904.6875,0.25000002999559,-0.06249997000440999
7058,73.52083333333333,1621134,1621134.375,-0.06249997000440999,0.31250002999559
7059,73.53125,1621364,1621364.0625,0.31250002999559,0.37500002999559
7060,73.54166666666667,1621594,1621593.75,0.37500002999559,0.12500002999559
7061,73.55208333333333,1621824,1621823.4375,0.12500002999559,-0.43749997000441
7062,73.571875,1622259,1622259.8437500002,-0.43749997000441,0.40625003022842066
7063,73.58229166666668,1622490,1622489.5312500002,0.40625003022842066,-0.0624999695387487
7064,73.59270833333333,1622719,1622719.21875,-0.0624999695387487,0.1562500304612513
7065,73.603125,1622949,1622948.9062500002,0.1562500304612513,0.06250003069408194
7066,73.61354166666668,1623179,1623178.5937500002,0.06250003069408194,-0.3437499690730874
7067,73.62395833333333,1623408,1623408.28125,-0.3437499690730874,-0.062499969073087414
7068,73.625,1623431,1623431.25,-0.062499969073087414,0.1875000309269126
7069,73.63541666666667,1623661,1623660.9375,0.1875000309269126,0.1250000309269126
7070,73.64583333333333,1623891,1623890.625,0.1250000309269126,-0.2499999690730874
7071,73.65625,1624120,1624120.3125,-0.2499999690730874,0.06250003092691259
7072,73.66666666666667,1624350,1624350.0,0.06250003092691259,0.06250003092691259
7073,73.67708333333333,1624580,1624579.6875,0.06250003092691259,-0.2499999690730874
7074,73.696875,1625016,1625016.0937500002,-0.2499999690730874,-0.15624996884025677
7075,73.70729166666668,1625246,1625245.7812500002,-0.15624996884025677,-0.3749999686074261
7076,73.71770833333333,1625475,1625475.46875,-0.3749999686074261,0.09375003139257387
7077,73.728125,1625705,1625705.1562500002,0.09375003139257387,0.2500000316254045
7078,73.73854166666668,1625935,1625934.8437500002,0.2500000316254045,0.09375003185823516
7079,73.74895833333333,1626165,1626164.53125,0.09375003185823516,-0.37499996814176484
7080,73.75,1626187,1626187.5,-0.37499996814176484,0.12500003185823516
7081,73.76041666666667,1626417,1626417.1875,0.12500003185823516,0.31250003185823516
7082,73.77083333333333,1626647,1626646.875,0.31250003185823516,0.18750003185823516
7083,73.78125,1626877,1626876.5625,0.18750003185823516,-0.24999996814176484
7084,73.79166666666667,1627106,1627106.25,-0.24999996814176484,3.185823516105302e-08
7085,73.80208333333333,1627336,1627335.9375,3.185823516105302e-08,-0.06249996814176484
7086,73.821875,1627772,1627772.3437500002,-0.06249996814176484,0.2812500320910658
7087,73.83229166666668,1628002,1628002.0312500002,0.2812500320910658,0.31250003232389645
7088,73.84270833333333,1628232,1628231.71875,0.31250003232389645,0.03125003232389645
7089,73.853125,1628461,1628461.4062500002,0.03125003232389645,0.4375000325567271
7090,73.86354166666668,1628692,1628691.0937500002,0.4375000325567271,-0.46874996721044226
7091,73.87395833333333,1628920,1628920.78125,-0.46874996721044226,0.31250003278955774
7092,73.875,1628944,1628943.75,0.31250003278955774,0.06250003278955774
7093,73.88541666666667,1629174,1629173.4375,0.06250003278955774,-0.49999996721044226
7094,73.89583333333333,1629403,1629403.125,-0.49999996721044226,-0.37499996721044226
7095,73.90625,1629632,1629632.8125,-0.37499996721044226,0.43750003278955774
7096,73.91666666666667,1629863,1629862.5,0.43750003278955774,-0.062499967210442264
7097,73.92708333333333,1630092,1630092.1875,-0.062499967210442264,0.12500003278955774
7098,73.946875,1630529,1630528.5937500002,0.12500003278955774,-0.2812499669776116
7099,73.95729166666668,1630758,1630758.2812500002,-0.2812499669776116,3.3255219022976235e-08
7100,73.96770833333333,1630988,1630987.96875,3.3255219022976235e-08,-0.031249966744780977
7101,73.978125,1631218,1631217.6562500002,-0.031249966744780977,-0.37499996651195033
7102,73.98854166666668,1631447,1631447.3437500002,-0.37499996651195033,-0.03124996627911969
7103,73.99895833333333,1631677,1631677.03125,-0.03124996627911969,3.3720880310283974e-08
7104,74.0,1631700,1631700.0,3.3720880310283974e-08,3.3720880310283974e-08
7105,74.01041666666667,1631930,1631929.6875,3.3720880310283974e-08,-0.3124999662791197
7106,74.02083333333333,1632159,1632159.375,-0.3124999662791197,0.06250003372088031
7107,74.03125,1632389,1632389.0625,0.06250003372088031,0.1250000337208803
7108,74.04166666666667,1632619,1632618.75,0.1250000337208803,-0.12499996627911969
7109,74.05208333333333,1632848,1632848.4375,-0.12499996627911969,0.3125000337208803
7110,74.071875,1633285,1633284.8437500002,0.3125000337208803,0.15625003395371095
7111,74.08229166666668,1633515,1633514.5312500002,0.15625003395371095,-0.3124999658134584
7112,74.09270833333333,1633744,1633744.21875,-0.3124999658134584,-0.0937499658134584
7113,74.103125,1633974,1633973.9062500002,-0.0937499658134584,-0.18749996558062776
7114,74.11354166666668,1634203,1634203.5937500002,-0.18749996558062776,0.4062500346522029
7115,74.12395833333333,1634434,1634433.28125,0.4062500346522029,-0.3124999653477971
7116,74.125,1634456,1634456.25,-0.3124999653477971,-0.062499965347797115
7117,74.13541666666667,1634686,1634685.9375,-0.062499965347797115,-0.12499996534779712
7118,74.14583333333333,1634916,1634915.625,-0.12499996534779712,-0.4999999653477971
7119,74.15625,1635145,1635145.3125,-0.4999999653477971,-0.18749996534779712
7120,74.16666666666667,1635375,1635375.0,-0.18749996534779712,-0.18749996534779712
7121,74.17708333333333,1635605,1635604.6875,-0.18749996534779712,-0.4999999653477971
7122,74.196875,1636041,1636041.0937500002,-0.4999999653477971,-0.40624996511496647
7123,74.20729166666668,1636270,1636270.7812500002,-0.40624996511496647,0.37500003511786417
7124,74.21770833333333,1636501,1636500.46875,0.37500003511786417,-0.15624996488213583
7125,74.228125,1636730,1636730.1562500002,-0.15624996488213583,3.535069481586106e-08
7126,74.23854166666668,1636960,1636959.8437500002,3.535069481586106e-08,-0.15624996441647454
7127,74.24895833333333,1637189,1637189.53125,-0.15624996441647454,0.37500003558352546
7128,74.25,1637213,1637212.5,0.37500003558352546,-0.12499996441647454
7129,74.26041666666667,1637442,1637442.1875,-0.12499996441647454,0.06250003558352546
7130,74.27083333333333,1637672,1637671.875,0.06250003558352546,-0.06249996441647454
7131,74.28125,1637902,1637901.5625,-0.06249996441647454,-0.49999996441647454
7132,74.29166666666667,1638131,1638131.25,-0.49999996441647454,-0.24999996441647454
7133,74.30208333333333,1638361,1638360.9375,-0.24999996441647454,-0.31249996441647454
7134,74.321875,1638797,1638797.3437500002,-0.31249996441647454,0.0312500358163561
7135,74.33229166666668,1639027,1639027.0312500002,0.0312500358163561,0.06250003604918675
7136,74.34270833333333,1639257,1639256.71875,0.06250003604918675,-0.21874996395081325
7137,74.353125,1639486,1639486.4062500002,-0.21874996395081325,0.1875000362820174
7138,74.36354166666668,1639716,1639716.0937500002,0.1875000362820174,0.28125003651484803
7139,74.37395833333333,1639946,1639945.78125,0.28125003651484803,0.06250003651484803
7140,74.375,1639969,1639968.75,0.06250003651484803,-0.18749996348515197
7141,74.38541666666667,1640198,1640198.4375,-0.18749996348515197,0.25000003651484803
7142,74.39583333333333,1640428,1640428.125,0.25000003651484803,0.37500003651484803
7143,74.40625,1640658,1640657.8125,0.37500003651484803,0.18750003651484803
7144,74.41666666666667,1640888,1640887.5,0.18750003651484803,-0.31249996348515197
7145,74.42708333333333,1641117,1641117.1875,-0.31249996348515197,-0.12499996348515197
7146,74.446875,1641553,1641553.5937500002,-0.12499996348515197,0.4687500367476787
7147,74.45729166666668,1641784,1641783.2812500002,0.4687500367476787,-0.24999996301949068
7148,74.46770833333333,1642013,1642012.96875,-0.24999996301949068,-0.2812499630194907
7149,74.478125,1642242,1642242.6562500002,-0.2812499630194907,0.37500003721333997
7150,74.48854166666668,1642473,1642472.3437500002,0.37500003721333997,-0.2812499625538294
7151,74.49895833333333,1642702,1642702.03125,-0.2812499625538294,-0.2499999625538294
7152,74.5,1642725,1642725.0,-0.2499999625538294,-0.2499999625538294
7153,74.51041666666667,1642954,1642954.6875,-0.2499999625538294,0.4375000374461706
7154,74.52083333333333,1643185,1643184.375,0.4375000374461706,-0.1874999625538294
7155,74.53125,1643414,1643414.0625,-0.1874999625538294,-0.12499996255382939
7156,74.54166666666667,1643644,1643643.75,-0.12499996255382939,-0.3749999625538294
7157,74.55208333333333,1643873,1643873.4375,-0.3749999625538294,0.06250003744617061
7158,74.571875,1644310,1644309.8437500002,0.06250003744617061,-0.09374996232099875
7159,74.58229166666668,1644539,1644539.5312500002,-0.09374996232099875,0.4375000379118319
7160,74.59270833333333,1644770,1644769.21875,0.4375000379118319,-0.3437499620881681
7161,74.603125,1644999,1644998.9062500002,-0.3437499620881681,-0.43749996185533746
7162,74.61354166666668,1645228,1645228.5937500002,-0.43749996185533746,0.15625003837749318
7163,74.62395833333333,1645458,1645458.28125,0.15625003837749318,0.4375000383774932
7164,74.625,1645482,1645481.25,0.4375000383774932,-0.3124999616225068
7165,74.63541666666667,1645711,1645710.9375,-0.3124999616225068,-0.3749999616225068
7166,74.64583333333333,1645940,1645940.625,-0.3749999616225068,0.2500000383774932
7167,74.65625,1646171,1646170.3125,0.2500000383774932,-0.4374999616225068
7168,74.66666666666667,1646400,1646400.0,-0.4374999616225068,-0.4374999616225068
7169,74.67708333333333,1646629,1646629.6875,-0.4374999616225068,0.2500000383774932
7170,74.696875,1647066,1647066.0937500002,0.2500000383774932,0.3437500386103238
7171,74.70729166666668,1647296,1647295.7812500002,0.3437500386103238,0.12500003884315447
7172,74.71770833333333,1647526,1647525.46875,0.12500003884315447,-0.40624996115684553
7173,74.728125,1647755,1647755.1562500002,-0.40624996115684553,-0.24999996092401489
7174,74.73854166666668,1647985,1647984.8437500002,-0.24999996092401489,-0.40624996069118424
7175,74.74895833333333,1648214,1648214.53125,-0.40624996069118424,0.12500003930881576
7176,74.75,1648238,1648237.5,0.12500003930881576,-0.37499996069118424
7177,74.76041666666667,1648467,1648467.1875,-0.37499996069118424,-0.18749996069118424
7178,74.77083333333333,1648697,1648696.875,-0.18749996069118424,-0.31249996069118424
7179,74.78125,1648926,1648926.5625,-0.31249996069118424,0.25000003930881576
7180,74.79166666666667,1649157,1649156.25,0.25000003930881576,-0.49999996069118424
7181,74.80208333333333,1649385,1649385.9375,-0.49999996069118424,0.43750003930881576
7182,74.821875,1649823,1649822.3437500002,0.43750003930881576,-0.2187499604583536
7183,74.83229166666668,1650052,1650052.0312500002,-0.2187499604583536,-0.18749996022552295
7184,74.84270833333333,1650282,1650281.71875,-0.18749996022552295,-0.46874996022552295
7185,74.853125,1650511,1650511.4062500002,-0.46874996022552295,-0.06249995999269231
7186,74.86354166666668,1650741,1650741.0937500002,-0.06249995999269231,0.03125004024013833
7187,74.87395833333333,1650971,1650970.78125,0.03125004024013833,-0.18749995975986167
7188,74.875,1650994,1650993.75,-0.18749995975986167,-0.43749995975986167
7189,74.88541666666667,1651223,1651223.4375,-0.43749995975986167,4.0240138332592323e-08
7190,74.89583333333333,1651453,1651453.125,4.0240138332592323e-08,0.12500004024013833
7191,74.90625,1651683,1651682.8125,0.12500004024013833,-0.06249995975986167
7192,74.91666666666667,1651912,1651912.5,-0.06249995975986167,0.43750004024013833
7193,74.92708333333333,1652143,1652142.1875,0.43750004024013833,-0.37499995975986167
7194,74.946875,1652578,1652578.5937500002,-0.37499995975986167,0.21875004047296898
7195,74.95729166666668,1652809,1652808.2812500002,0.21875004047296898,-0.4999999592942004
7196,74.96770833333333,1653037,1653037.96875,-0.4999999592942004,0.4687500407057996
7197,74.978125,1653268,1653267.6562500002,0.4687500407057996,0.12500004093863026
7198,74.98854166666668,1653497,1653497.3437500002,0.12500004093863026,0.4687500411714609
7199,74.99895833333333,1653728,1653727.03125,0.4687500411714609,-0.4999999588285391
7200,75.0,1653750,1653750.0,-0.4999999588285391,-0.4999999588285391
7201,75.01041666666667,1653979,1653979.6875,-0.4999999588285391,0.1875000411714609
7202,75.02083333333333,1654210,1654209.375,0.1875000411714609,-0.4374999588285391
7203,75.03125,1654439,1654439.0625,-0.4374999588285391,-0.3749999588285391
7204,75.04166666666667,1654668,1654668.75,-0.3749999588285391,0.3750000411714609
7205,75.05208333333333,1654899,1654898.4375,0.3750000411714609,-0.1874999588285391
7206,75.071875,1655335,1655334.8437500002,-0.1874999588285391,-0.34374995859570845
7207,75.08229166666668,1655564,1655564.5312500002,-0.34374995859570845,0.1875000416371222
7208,75.09270833333333,1655794,1655794.21875,0.1875000416371222,0.4062500416371222
7209,75.103125,1656024,1656023.9062500002,0.4062500416371222,0.31250004186995284
7210,75.11354166666668,1656254,1656253.5937500002,0.31250004186995284,-0.09374995789721652
7211,75.12395833333333,1656483,1656483.28125,-0.09374995789721652,0.18750004210278348
7212,75.125,1656506,1656506.25,0.18750004210278348,0.4375000421027835
7213,75.13541666666667,1656736,1656735.9375,0.4375000421027835,0.3750000421027835
7214,75.14583333333333,1656966,1656965.625,0.3750000421027835,4.210278348182328e-08
7215,75.15625,1657195,1657195.3125,4.210278348182328e-08,0.3125000421027835
7216,75.16666666666667,1657425,1657425.0,0.3125000421027835,0.3125000421027835
7217,75.17708333333333,1657655,1657654.6875,0.3125000421027835,4.210278348182328e-08
7218,75.196875,1658091,1658091.0937500002,4.210278348182328e-08,0.09375004233561413
7219,75.20729166666668,1658321,1658320.7812500002,0.09375004233561413,-0.12499995743155523
7220,75.21770833333333,1658550,1658550.46875,-0.12499995743155523,0.34375004256844477
7221,75.228125,1658781,1658780.1562500002,0.34375004256844477,-0.4999999571987246
7222,75.23854166666668,1659009,1659009.8437500002,-0.4999999571987246,0.34375004303410606
7223,75.24895833333333,1659240,1659239.53125,0.34375004303410606,-0.12499995696589394
7224,75.25,1659262,1659262.5,-0.12499995696589394,0.37500004303410606
7225,75.26041666666667,1659493,1659492.1875,0.37500004303410606,-0.43749995696589394
7226,75.27083333333333,1659721,1659721.875,-0.43749995696589394,0.43750004303410606
7227,75.28125,1659952,1659951.5625,0.43750004303410606,4.303410605643876e-08
7228,75.29166666666667,1660181,1660181.25,4.303410605643876e-08,0.25000004303410606
7229,75.30208333333333,1660411,1660410.9375,0.25000004303410606,0.18750004303410606
7230,75.321875,1660848,1660847.3437500002,0.18750004303410606,-0.4687499567330633
7231,75.33229166666668,1661077,1661077.0312500002,-0.4687499567330633,-0.43749995650023266
7232,75.34270833333333,1661306,1661306.71875,-0.43749995650023266,0.28125004349976734
7233,75.353125,1661537,1661536.4062500002,0.28125004349976734,-0.312499956267402
7234,75.36354166666668,1661766,1661766.0937500002,-0.312499956267402,-0.21874995603457137
7235,75.37395833333333,1661996,1661995.78125,-0.21874995603457137,-0.43749995603457137
7236,75.375,1662018,1662018.75,-0.43749995603457137,0.31250004396542863
7237,75.38541666666667,1662249,1662248.4375,0.31250004396542863,-0.24999995603457137
7238,75.39583333333333,1662478,1662478.125,-0.24999995603457137,-0.12499995603457137
7239,75.40625,1662708,1662707.8125,-0.12499995603457137,-0.31249995603457137
7240,75.41666666666667,1662937,1662937.5,-0.31249995603457137,0.18750004396542863
7241,75.42708333333333,1663167,1663167.1875,0.18750004396542863,0.37500004396542863
7242,75.446875,1663604,1663603.5937500002,0.37500004396542863,-0.031249955801740725
7243,75.45729166666668,1663833,1663833.2812500002,-0.031249955801740725,0.2500000444310899
7244,75.46770833333333,1664063,1664062.96875,0.2500000444310899,0.21875004443108992
7245,75.478125,1664293,1664292.6562500002,0.21875004443108992,-0.12499995533607944
7246,75.48854166666668,1664522,1664522.3437500002,-0.12499995533607944,0.2187500448967512
7247,75.49895833333333,1664752,1664752.03125,0.2187500448967512,0.2500000448967512
7248,75.5,1664775,1664775.0,0.2500000448967512,0.2500000448967512
7249,75.51041666666667,1665005,1665004.6875,0.2500000448967512,-0.062499955103248794
7250,75.52083333333333,1665234,1665234.375,-0.062499955103248794,0.3125000448967512
7251,75.53125,1665464,1665464.0625,0.3125000448967512,0.3750000448967512
7252,75.54166666666667,1665694,1665693.75,0.3750000448967512,0.1250000448967512
7253,75.55208333333333,1665924,1665923.4375,0.1250000448967512,-0.4374999551032488
7254,75.571875,1666359,1666359.8437500002,-0.4374999551032488,0.40625004512958185
7255,75.58229166666668,1666590,1666589.5312500002,0.40625004512958185,-0.06249995463758751
7256,75.59270833333333,1666819,1666819.21875,-0.06249995463758751,0.1562500453624125
7257,75.603125,1667049,1667048.9062500002,0.1562500453624125,0.06250004559524314
7258,75.61354166666668,1667279,1667278.5937500002,0.06250004559524314,-0.3437499541719262
7259,75.62395833333333,1667508,1667508.28125,-0.3437499541719262,-0.06249995417192622
7260,75.625,1667531,1667531.25,-0.06249995417192622,0.18750004582807378
7261,75.63541666666667,1667761,1667760.9375,0.18750004582807378,0.12500004582807378
7262,75.64583333333333,1667991,1667990.625,0.12500004582807378,-0.24999995417192622
7263,75.65625,1668220,1668220.3125,-0.24999995417192622,0.06250004582807378
7264,75.66666666666667,1668450,1668450.0,0.06250004582807378,0.06250004582807378
7265,75.67708333333333,1668680,1668679.6875,0.06250004582807378,-0.24999995417192622
7266,75.696875,1669116,1669116.0937500002,-0.24999995417192622,-0.15624995393909558
7267,75.70729166666668,1669346,1669345.7812500002,-0.15624995393909558,-0.37499995370626493
7268,75.71770833333333,1669575,1669575.46875,-0.37499995370626493,0.09375004629373507
7269,75.728125,1669805,1669805.1562500002,0.09375004629373507,0.2500000465265657
7270,75.73854166666668,1670035,1670034.8437500002,0.2500000465265657,0.09375004675939635
7271,75.74895833333333,1670265,1670264.53125,0.09375004675939635,-0.37499995324060365
7272,75.75,1670287,1670287.5,-0.37499995324060365,0.12500004675939635
7273,75.76041666666667,1670517,1670517.1875,0.12500004675939635,0.31250004675939635
7274,75.77083333333333,1670747,1670746.875,0.31250004675939635,0.18750004675939635
7275,75.78125,1670977,1670976.5625,0.18750004675939635,-0.24999995324060365
7276,75.79166666666667,1671206,1671206.25,-0.24999995324060365,4.675939635490067e-08
7277,75.80208333333333,1671436,1671435.9375,4.675939635490067e-08,-0.062499953240603645
7278,75.821875,1671872,1671872.3437500002,-0.062499953240603645,0.281250046992227
7279,75.83229166666668,1672102,1672102.0312500002,0.281250046992227,0.31250004722505764
7280,75.84270833333333,1672332,1672331.71875,0.31250004722505764,0.03125004722505764
7281,75.853125,1672561,1672561.4062500002,0.03125004722505764,0.4375000474578883
7282,75.86354166666668,1672792,1672791.0937500002,0.4375000474578883,-0.46874995230928107
7283,75.87395833333333,1673020,1673020.78125,-0.46874995230928107,0.31250004769071893
7284,75.875,1673044,1673043.75,0.31250004769071893,0.06250004769071893
7285,75.88541666666667,1673274,1673273.4375,0.06250004769071893,-0.49999995230928107
7286,75.89583333333333,1673503,1673503.125,-0.49999995230928107,-0.37499995230928107
7287,75.90625,1673732,1673732.8125,-0.37499995230928107,0.43750004769071893
7288,75.91666666666667,1673963,1673962.5,0.43750004769071893,-0.06249995230928107
7289,75.92708333333333,1674192,1674192.1875,-0.06249995230928107,0.12500004769071893
7290,75.946875,1674629,1674628.5937500002,0.12500004769071893,-0.2812499520764504
7291,75.95729166666668,1674858,1674858.2812500002,-0.2812499520764504,4.815638021682389e-08
7292,75.96770833333333,1675088,1675087.96875,4.815638021682389e-08,-0.031249951843619783
7293,75.978125,1675318,1675317.6562500002,-0.031249951843619783,-0.37499995161078914
7294,75.98854166666668,1675547,1675547.3437500002,-0.37499995161078914,-0.031249951377958496
7295,75.99895833333333,1675777,1675777.03125,-0.031249951377958496,4.862204150413163e-08
7296,76.0,1675800,1675800.0,4.862204150413163e-08,4.862204150413163e-08
7297,76.01041666666667,1676030,1676029.6875,4.862204150413163e-08,-0.3124999513779585
7298,76.02083333333333,1676259,1676259.375,-0.3124999513779585,0.0625000486220415
7299,76.03125,1676489,1676489.0625,0.0625000486220415,0.1250000486220415
7300,76.04166666666667,1676719,1676718.75,0.1250000486220415,-0.1249999513779585
7301,76.05208333333333,1676948,1676948.4375,-0.1249999513779585,0.3125000486220415
7302,76.071875,1677385,1677384.8437500002,0.3125000486220415,0.15625004885487215
7303,76.08229166666668,1677615,1677614.5312500002,0.15625004885487215,-0.3124999509122972
7304,76.09270833333333,1677844,1677844.21875,-0.3124999509122972,-0.09374995091229721
7305,76.103125,1678074,1678073.9062500002,-0.09374995091229721,-0.18749995067946656
7306,76.11354166666668,1678303,1678303.5937500002,-0.18749995067946656,0.4062500495533641
7307,76.12395833333333,1678534,1678533.28125,0.4062500495533641,-0.3124999504466359
7308,76.125,1678556,1678556.25,-0.3124999504466359,-0.06249995044663592
7309,76.13541666666667,1678786,1678785.9375,-0.06249995044663592,-0.12499995044663592
7310,76.14583333333333,1679016,1679015.625,-0.12499995044663592,-0.4999999504466359
7311,76.15625,1679245,1679245.3125,-0.4999999504466359,-0.18749995044663592
7312,76.16666666666667,1679475,1679475.0,-0.18749995044663592,-0.18749995044663592
7313,76.17708333333333,1679705,1679704.6875,-0.18749995044663592,-0.4999999504466359
7314,76.196875,1680141,1680141.0937500002,-0.4999999504466359,-0.4062499502138053
7315,76.20729166666668,1680370,1680370.7812500002,-0.4062499502138053,0.37500005001902537
7316,76.21770833333333,1680601,1680600.46875,0.37500005001902537,-0.15624994998097463
7317,76.228125,1680830,1680830.1562500002,-0.15624994998097463,5.025185600970872e-08
7318,76.23854166666668,1681060,1681059.8437500002,5.025185600970872e-08,-0.15624994951531335
7319,76.24895833333333,1681289,1681289.53125,-0.15624994951531335,0.37500005048468665
7320,76.25,1681313,1681312.5,0.37500005048468665,-0.12499994951531335
7321,76.26041666666667,1681542,1681542.1875,-0.12499994951531335,0.06250005048468665
7322,76.27083333333333,1681772,1681771.875,0.06250005048468665,-0.06249994951531335
7323,76.28125,1682002,1682001.5625,-0.06249994951531335,-0.49999994951531335
7324,76.29166666666667,1682231,1682231.25,-0.49999994951531335,-0.24999994951531335
7325,76.30208333333333,1682461,1682460.9375,-0.24999994951531335,-0.31249994951531335
7326,76.321875,1682897,1682897.3437500002,-0.31249994951531335,0.0312500507175173
7327,76.33229166666668,1683127,1683127.0312500002,0.0312500507175173,0.06250005095034794
7328,76.34270833333333,1683357,1683356.71875,0.06250005095034794,-0.21874994904965206
7329,76.353125,1683586,1683586.4062500002,-0.21874994904965206,0.18750005118317858
7330,76.36354166666668,1683816,1683816.0937500002,0.18750005118317858,0.28125005141600923
7331,76.37395833333333,1684046,1684045.78125,0.28125005141600923,0.06250005141600923
7332,76.375,1684069,1684068.75,0.06250005141600923,-0.18749994858399077
7333,76.38541666666667,1684298,1684298.4375,-0.18749994858399077,0.25000005141600923
7334,76.39583333333333,1684528,1684528.125,0.25000005141600923,0.37500005141600923
7335,76.40625,1684758,1684757.8125,0.37500005141600923,0.18750005141600923
7336,76.41666666666667,1684988,1684987.5,0.18750005141600923,-0.31249994858399077
7337,76.42708333333333,1685217,1685217.1875,-0.31249994858399077,-0.12499994858399077
7338,76.446875,1685653,1685653.5937500002,-0.12499994858399077,0.46875005164883987
7339,76.45729166666668,1685884,1685883.2812500002,0.46875005164883987,-0.24999994811832948
7340,76.46770833333333,1686113,1686112.96875,-0.24999994811832948,-0.2812499481183295
7341,76.478125,1686342,1686342.6562500002,-0.2812499481183295,0.37500005211450116
7342,76.48854166666668,1686573,1686572.3437500002,0.37500005211450116,-0.2812499476526682
7343,76.49895833333333,1686802,1686802.03125,-0.2812499476526682,-0.2499999476526682
7344,76.5,1686825,1686825.0,-0.2499999476526682,-0.2499999476526682
7345,76.51041666666667,1687054,1687054.6875,-0.2499999476526682,0.4375000523473318
7346,76.52083333333333,1687285,1687284.375,0.4375000523473318,-0.1874999476526682
7347,76.53125,1687514,1687514.0625,-0.1874999476526682,-0.1249999476526682
7348,76.54166666666667,1687744,1687743.75,-0.1249999476526682,-0.3749999476526682
7349,76.55208333333333,1687973,1687973.4375,-0.3749999476526682,0.0625000523473318
7350,76.571875,1688410,1688409.8437500002,0.0625000523473318,-0.09374994741983755
7351,76.58229166666668,1688639,1688639.5312500002,-0.09374994741983755,0.4375000528129931
7352,76.59270833333333,1688870,1688869.21875,0.4375000528129931,-0.3437499471870069
7353,76.603125,1689099,1689098.9062500002,-0.3437499471870069,-0.43749994695417627
7354,76.61354166666668,1689328,1689328.5937500002,-0.43749994695417627,0.15625005327865438
7355,76.62395833333333,1689558,1689558.28125,0.15625005327865438,0.4375000532786544
7356,76.625,1689582,1689581.25,0.4375000532786544,-0.3124999467213456
7357,76.63541666666667,1689811,1689810.9375,-0.3124999467213456,-0.3749999467213456
7358,76.64583333333333,1690040,1690040.625,-0.3749999467213456,0.2500000532786544
7359,76.65625,1690271,1690270.3125,0.2500000532786544,-0.4374999467213456
7360,76.66666666666667,1690500,1690500.0,-0.4374999467213456,-0.4374999467213456
7361,76.67708333333333,1690729,1690729.6875,-0.4374999467213456,0.2500000532786544
7362,76.696875,1691166,1691166.0937500002,0.2500000532786544,0.343750053511485
7363,76.70729166666668,1691396,1691395.7812500002,0.343750053511485,0.12500005374431566
7364,76.71770833333333,1691626,1691625.46875,0.12500005374431566,-0.40624994625568434
7365,76.728125,1691855,1691855.1562500002,-0.40624994625568434,-0.2499999460228537
7366,76.73854166666668,1692085,1692084.8437500002,-0.2499999460228537,-0.40624994579002305
7367,76.74895833333333,1692314,1692314.53125,-0.40624994579002305,0.12500005420997695
7368,76.75,1692338,1692337.5,0.12500005420997695,-0.37499994579002305
7369,76.76041666666667,1692567,1692567.1875,-0.37499994579002305,-0.18749994579002305
7370,76.77083333333333,1692797,1692796.875,-0.18749994579002305,-0.31249994579002305
7371,76.78125,1693026,1693026.5625,-0.31249994579002305,0.25000005420997695
7372,76.79166666666667,1693257,1693256.25,0.25000005420997695,-0.49999994579002305
7373,76.80208333333333,1693485,1693485.9375,-0.49999994579002305,0.43750005420997695
7374,76.821875,1693923,1693922.3437500002,0.43750005420997695,-0.2187499455571924
7375,76.83229166666668,1694152,1694152.0312500002,-0.2187499455571924,-0.18749994532436176
7376,76.84270833333333,1694382,1694381.71875,-0.18749994532436176,-0.46874994532436176
7377,76.853125,1694611,1694611.4062500002,-0.46874994532436176,-0.06249994509153112
7378,76.86354166666668,1694841,1694841.0937500002,-0.06249994509153112,0.031250055141299526
7379,76.87395833333333,1695071,1695070.78125,0.031250055141299526,-0.18749994485870047
7380,76.875,1695094,1695093.75,-0.18749994485870047,-0.4374999448587005
7381,76.88541666666667,1695323,1695323.4375,-0.4374999448587005,5.514129952643998e-08
7382,76.89583333333333,1695553,1695553.125,5.514129952643998e-08,0.12500005514129953
7383,76.90625,1695783,1695782.8125,0.12500005514129953,-0.062499944858700474
7384,76.91666666666667,1696012,1696012.5,-0.062499944858700474,0.4375000551412995
7385,76.92708333333333,1696243,1696242.1875,0.4375000551412995,-0.3749999448587005
7386,76.946875,1696678,1696678.5937500002,-0.3749999448587005,0.21875005537413017
7387,76.95729166666668,1696909,1696908.2812500002,0.21875005537413017,-0.4999999443930392
7388,76.96770833333333,1697137,1697137.96875,-0.4999999443930392,0.4687500556069608
7389,76.978125,1697368,1697367.6562500002,0.4687500556069608,0.12500005583979146
7390,76.98854166666668,1697597,1697597.3437500002,0.12500005583979146,0.4687500560726221
7391,76.99895833333333,1697828,1697827.03125,0.4687500560726221,-0.4999999439273779
7392,77.0,1697850,1697850.0,-0.4999999439273779,-0.4999999439273779
7393,77.01041666666667,1698079,1698079.6875,-0.4999999439273779,0.1875000560726221
7394,77.02083333333333,1698310,1698309.375,0.1875000560726221,-0.4374999439273779
7395,77.03125,1698539,1698539.0625,-0.4374999439273779,-0.3749999439273779
7396,77.04166666666667,1698768,1698768.75,-0.3749999439273779,0.3750000560726221
7397,77.05208333333333,1698999,1698998.4375,0.3750000560726221,-0.1874999439273779
7398,77.071875,1699435,1699434.8437500002,-0.1874999439273779,-0.34374994369454726
7399,77.08229166666668,1699664,1699664.5312500002,-0.34374994369454726,0.1875000565382834
7400,77.09270833333333,1699894,1699894.21875,0.1875000565382834,0.4062500565382834
7401,77.103125,1700124,1700123.9062500002,0.4062500565382834,0.31250005677111403
7402,77.11354166666668,1700354,1700353.5937500002,0.31250005677111403,-0.09374994299605532
7403,77.12395833333333,1700583,1700583.28125,-0.09374994299605532,0.18750005700394468
7404,77.125,1700606,1700606.25,0.18750005700394468,0.4375000570039447
7405,77.13541666666667,1700836,1700835.9375,0.4375000570039447,0.3750000570039447
7406,77.14583333333333,1701066,1701065.625,0.3750000570039447,5.700394467567094e-08
7407,77.15625,1701295,1701295.3125,5.700394467567094e-08,0.3125000570039447
7408,77.16666666666667,1701525,1701525.0,0.3125000570039447,0.3125000570039447
7409,77.17708333333333,1701755,1701754.6875,0.3125000570039447,5.700394467567094e-08
7410,77.196875,1702191,1702191.0937500002,5.700394467567094e-08,0.09375005723677532
7411,77.20729166666668,1702421,1702420.7812500002,0.09375005723677532,-0.12499994253039404
7412,77.21770833333333,1702650,1702650.46875,-0.12499994253039404,0.34375005746960596
7413,77.228125,1702881,1702880.1562500002,0.34375005746960596,-0.4999999422975634
7414,77.23854166666668,1703109,1703109.8437500002,-0.4999999422975634,0.34375005793526725
7415,77.24895833333333,1703340,1703339.53125,0.34375005793526725,-0.12499994206473275
7416,77.25,1703362,1703362.5,-0.12499994206473275,0.37500005793526725
7417,77.26041666666667,1703593,1703592.1875,0.37500005793526725,-0.43749994206473275
7418,77.27083333333333,1703821,1703821.875,-0.43749994206473275,0.43750005793526725
7419,77.28125,1704052,1704051.5625,0.43750005793526725,5.7935267250286415e-08
7420,77.29166666666667,1704281,1704281.25,5.7935267250286415e-08,0.25000005793526725
7421,77.30208333333333,1704511,1704510.9375,0.25000005793526725,0.18750005793526725
7422,77.321875,1704948,1704947.3437500002,0.18750005793526725,-0.4687499418319021
7423,77.33229166666668,1705177,1705177.0312500002,-0.4687499418319021,-0.43749994159907146
7424,77.34270833333333,1705406,1705406.71875,-0.43749994159907146,0.28125005840092854
7425,77.353125,1705637,1705636.4062500002,0.28125005840092854,-0.3124999413662408
7426,77.36354166666668,1705866,1705866.0937500002,-0.3124999413662408,-0.21874994113341018
7427,77.37395833333333,1706096,1706095.78125,-0.21874994113341018,-0.4374999411334102
7428,77.375,1706118,1706118.75,-0.4374999411334102,0.3125000588665898
7429,77.38541666666667,1706349,1706348.4375,0.3125000588665898,-0.24999994113341018
7430,77.39583333333333,1706578,1706578.125,-0.24999994113341018,-0.12499994113341018
7431,77.40625,1706808,1706807.8125,-0.12499994113341018,-0.3124999411334102
7432,77.41666666666667,1707037,1707037.5,-0.3124999411334102,0.18750005886658982
7433,77.42708333333333,1707267,1707267.1875,0.18750005886658982,0.3750000588665898
7434,77.446875,1707704,1707703.5937500002,0.3750000588665898,-0.03124994090057953
7435,77.45729166666668,1707933,1707933.2812500002,-0.03124994090057953,0.2500000593322511
7436,77.46770833333333,1708163,1708162.96875,0.2500000593322511,0.2187500593322511
7437,77.478125,1708393,1708392.6562500002,0.2187500593322511,-0.12499994043491824
7438,77.48854166666668,1708622,1708622.3437500002,-0.12499994043491824,0.2187500597979124
7439,77.49895833333333,1708852,1708852.03125,0.2187500597979124,0.2500000597979124
7440,77.5,1708875,1708875.0,0.2500000597979124,0.2500000597979124
7441,77.51041666666667,1709105,1709104.6875,0.2500000597979124,-0.0624999402020876
7442,77.52083333333333,1709334,1709334.375,-0.0624999402020876,0.3125000597979124
7443,77.53125,1709564,1709564.0625,0.3125000597979124,0.3750000597979124
7444,77.54166666666667,1709794,1709793.75,0.3750000597979124,0.1250000597979124
7445,77.55208333333333,1710024,1710023.4375,0.1250000597979124,-0.4374999402020876
7446,77.571875,1710459,1710459.8437500002,-0.4374999402020876,0.40625006003074304
7447,77.58229166666668,1710690,1710689.5312500002,0.40625006003074304,-0.06249993973642631
7448,77.59270833333333,1710919,1710919.21875,-0.06249993973642631,0.1562500602635737
7449,77.603125,1711149,1711148.9062500002,0.1562500602635737,0.06250006049640433
7450,77.61354166666668,1711379,1711378.5937500002,0.06250006049640433,-0.343749939270765
7451,77.62395833333333,1711608,1711608.28125,-0.343749939270765,-0.062499939270765026
7452,77.625,1711631,1711631.25,-0.062499939270765026,0.18750006072923497
7453,77.63541666666667,1711861,1711860.9375,0.18750006072923497,0.12500006072923497
7454,77.64583333333333,1712091,1712090.625,0.12500006072923497,-0.24999993927076503
7455,77.65625,1712320,1712320.3125,-0.24999993927076503,0.06250006072923497
7456,77.66666666666667,1712550,1712550.0,0.06250006072923497,0.06250006072923497
7457,77.67708333333333,1712780,1712779.6875,0.06250006072923497,-0.24999993927076503
7458,77.696875,1713216,1713216.0937500002,-0.24999993927076503,-0.15624993903793438
7459,77.70729166666668,1713446,1713445.7812500002,-0.15624993903793438,-0.37499993880510374
7460,77.71770833333333,1713675,1713675.46875,-0.37499993880510374,0.09375006119489626
7461,77.728125,1713905,1713905.1562500002,0.09375006119489626,0.2500000614277269
7462,77.73854166666668,1714135,1714134.8437500002,0.2500000614277269,0.09375006166055755
7463,77.74895833333333,1714365,1714364.53125,0.09375006166055755,-0.37499993833944245
7464,77.75,1714387,1714387.5,-0.37499993833944245,0.12500006166055755
7465,77.76041666666667,1714617,1714617.1875,0.12500006166055755,0.31250006166055755
7466,77.77083333333333,1714847,1714846.875,0.31250006166055755,0.18750006166055755
7467,77.78125,1715077,1715076.5625,0.18750006166055755,-0.24999993833944245
7468,77.79166666666667,1715306,1715306.25,-0.24999993833944245,6.166055754874833e-08
7469,77.80208333333333,1715536,1715535.9375,6.166055754874833e-08,-0.06249993833944245
7470,77.821875,1715972,1715972.3437500002,-0.06249993833944245,0.2812500618933882
7471,77.83229166666668,1716202,1716202.0312500002,0.2812500618933882,0.31250006212621884
7472,77.84270833333333,1716432,1716431.71875,0.31250006212621884,0.031250062126218836
7473,77.853125,1716661,1716661.4062500002,0.031250062126218836,0.4375000623590495
7474,77.86354166666668,1716892,1716891.0937500002,0.4375000623590495,-0.4687499374081199
7475,77.87395833333333,1717120,1717120.78125,-0.4687499374081199,0.3125000625918801
7476,77.875,1717144,1717143.75,0.3125000625918801,0.06250006259188012
7477,77.88541666666667,1717374,1717373.4375,0.06250006259188012,-0.4999999374081199
7478,77.89583333333333,1717603,1717603.125,-0.4999999374081199,-0.3749999374081199
7479,77.90625,1717832,1717832.8125,-0.3749999374081199,0.4375000625918801
7480,77.91666666666667,1718063,1718062.5,0.4375000625918801,-0.06249993740811988
7481,77.92708333333333,1718292,1718292.1875,-0.06249993740811988,0.12500006259188012
7482,77.946875,1718729,1718728.5937500002,0.12500006259188012,-0.28124993717528923
7483,77.95729166666668,1718958,1718958.2812500002,-0.28124993717528923,6.305754141067155e-08
7484,77.96770833333333,1719188,1719187.96875,6.305754141067155e-08,-0.03124993694245859
7485,77.978125,1719418,1719417.6562500002,-0.03124993694245859,-0.37499993670962795
7486,77.98854166666668,1719647,1719647.3437500002,-0.37499993670962795,-0.031249936476797302
7487,77.99895833333333,1719877,1719877.03125,-0.031249936476797302,6.352320269797929e-08
7488,78.0,1719900,1719900.0,6.352320269797929e-08,6.352320269797929e-08
7489,78.01041666666667,1720130,1720129.6875,6.352320269797929e-08,-0.3124999364767973
7490,78.02083333333333,1720359,1720359.375,-0.3124999364767973,0.0625000635232027
7491,78.03125,1720589,1720589.0625,0.0625000635232027,0.1250000635232027
7492,78.04166666666667,1720819,1720818.75,0.1250000635232027,-0.1249999364767973
7493,78.05208333333333,1721048,1721048.4375,-0.1249999364767973,0.3125000635232027
7494,78.071875,1721485,1721484.8437500002,0.3125000635232027,0.15625006375603334
7495,78.08229166666668,1721715,1721714.5312500002,0.15625006375603334,-0.312499936011136
7496,78.09270833333333,1721944,1721944.21875,-0.312499936011136,-0.09374993601113601
7497,78.103125,1722174,1722173.9062500002,-0.09374993601113601,-0.18749993577830537
7498,78.11354166666668,1722403,1722403.5937500002,-0.18749993577830537,0.4062500644545253
7499,78.12395833333333,1722634,1722633.28125,0.4062500644545253,-0.3124999355454747
7500,78.125,1722656,1722656.25,-0.3124999355454747,-0.06249993554547473
7501,78.13541666666667,1722886,1722885.9375,-0.06249993554547473,-0.12499993554547473
7502,78.14583333333333,1723116,1723115.625,-0.12499993554547473,-0.4999999355454747
7503,78.15625,1723345,1723345.3125,-0.4999999355454747,-0.18749993554547473
7504,78.16666666666667,1723575,1723575.0,-0.18749993554547473,-0.18749993554547473
7505,78.17708333333333,1723805,1723804.6875,-0.18749993554547473,-0.4999999355454747
7506,78.196875,1724241,1724241.0937500002,-0.4999999355454747,-0.4062499353126441
7507,78.20729166666668,1724470,1724470.7812500002,-0.4062499353126441,0.37500006492018656
7508,78.21770833333333,1724701,1724700.46875,0.37500006492018656,-0.15624993507981344
7509,78.228125,1724930,1724930.1562500002,-0.15624993507981344,6.515301720355637e-08
7510,78.23854166666668,1725160,1725159.8437500002,6.515301720355637e-08,-0.15624993461415215
7511,78.24895833333333,1725389,1725389.53125,-0.15624993461415215,0.37500006538584785
7512,78.25,1725413,1725412.5,0.37500006538584785,-0.12499993461415215
7513,78.26041666666667,1725642,1725642.1875,-0.12499993461415215,0.06250006538584785
7514,78.27083333333333,1725872,1725871.875,0.06250006538584785,-0.06249993461415215
7515,78.28125,1726102,1726101.5625,-0.06249993461415215,-0.49999993461415215
7516,78.29166666666667,1726331,1726331.25,-0.49999993461415215,-0.24999993461415215
7517,78.30208333333333,1726561,1726560.9375,-0.24999993461415215,-0.31249993461415215
7518,78.321875,1726997,1726997.3437500002,-0.31249993461415215,0.03125006561867849
7519,78.33229166666668,1727227,1727227.0312500002,0.03125006561867849,0.06250006585150913
7520,78.34270833333333,1727457,1727456.71875,0.06250006585150913,-0.21874993414849087
7521,78.353125,1727686,1727686.4062500002,-0.21874993414849087,0.18750006608433978
7522,78.36354166666668,1727916,1727916.0937500002,0.18750006608433978,0.2812500663171704
7523,78.37395833333333,1728146,1728145.78125,0.2812500663171704,0.06250006631717042
7524,78.375,1728169,1728168.75,0.06250006631717042,-0.18749993368282958
7525,78.38541666666667,1728398,1728398.4375,-0.18749993368282958,0.2500000663171704
7526,78.39583333333333,1728628,1728628.125,0.2500000663171704,0.3750000663171704
7527,78.40625,1728858,1728857.8125,0.3750000663171704,0.18750006631717042
7528,78.41666666666667,1729088,1729087.5,0.18750006631717042,-0.3124999336828296
7529,78.42708333333333,1729317,1729317.1875,-0.3124999336828296,-0.12499993368282958
7530,78.446875,1729753,1729753.5937500002,-0.12499993368282958,0.46875006655000107
7531,78.45729166666668,1729984,1729983.2812500002,0.46875006655000107,-0.2499999332171683
7532,78.46770833333333,1730213,1730212.96875,-0.2499999332171683,-0.2812499332171683
7533,78.478125,1730442,1730442.6562500002,-0.2812499332171683,0.37500006701566235
7534,78.48854166666668,1730673,1730672.3437500002,0.37500006701566235,-0.281249932751507
7535,78.49895833333333,1730902,1730902.03125,-0.281249932751507,-0.249999932751507
7536,78.5,1730925,1730925.0,-0.249999932751507,-0.249999932751507
7537,78.51041666666667,1731154,1731154.6875,-0.249999932751507,0.437500067248493
7538,78.52083333333333,1731385,1731384.375,0.437500067248493,-0.187499932751507
7539,78.53125,1731614,1731614.0625,-0.187499932751507,-0.124999932751507
7540,78.54166666666667,1731844,1731843.75,-0.124999932751507,-0.374999932751507
7541,78.55208333333333,1732073,1732073.4375,-0.374999932751507,0.062500067248493
7542,78.571875,1732510,1732509.8437500002,0.062500067248493,-0.09374993251867636
7543,78.58229166666668,1732739,1732739.5312500002,-0.09374993251867636,0.4375000677141543
7544,78.59270833333333,1732970,1732969.21875,0.4375000677141543,-0.3437499322858457
7545,78.603125,1733199,1733198.9062500002,-0.3437499322858457,-0.4374999320530151
7546,78.61354166666668,1733428,1733428.5937500002,-0.4374999320530151,0.15625006817981557
7547,78.62395833333333,1733658,1733658.28125,0.15625006817981557,0.43750006817981557
7548,78.625,1733682,1733681.25,0.43750006817981557,-0.31249993182018443
7549,78.63541666666667,1733911,1733910.9375,-0.31249993182018443,-0.37499993182018443
7550,78.64583333333333,1734140,1734140.625,-0.37499993182018443,0.25000006817981557
7551,78.65625,1734371,1734370.3125,0.25000006817981557,-0.43749993182018443
7552,78.66666666666667,1734600,1734600.0,-0.43749993182018443,-0.43749993182018443
7553,78.67708333333333,1734829,1734829.6875,-0.43749993182018443,0.25000006817981557
7554,78.696875,1735266,1735266.0937500002,0.25000006817981557,0.3437500684126462
7555,78.70729166666668,1735496,1735495.7812500002,0.3437500684126462,0.12500006864547686
7556,78.71770833333333,1735726,1735725.46875,0.12500006864547686,-0.40624993135452314
7557,78.728125,1735955,1735955.1562500002,-0.40624993135452314,-0.2499999311216925
7558,78.73854166666668,1736185,1736184.8437500002,-0.2499999311216925,-0.40624993088886185
7559,78.74895833333333,1736414,1736414.53125,-0.40624993088886185,0.12500006911113815
7560,78.75,1736438,1736437.5,0.12500006911113815,-0.37499993088886185
7561,78.76041666666667,1736667,1736667.1875,-0.37499993088886185,-0.18749993088886185
7562,78.77083333333333,1736897,1736896.875,-0.18749993088886185,-0.31249993088886185
7563,78.78125,1737126,1737126.5625,-0.31249993088886185,0.25000006911113815
7564,78.79166666666667,1737357,1737356.25,0.25000006911113815,-0.49999993088886185
7565,78.80208333333333,1737585,1737585.9375,-0.49999993088886185,0.43750006911113815
7566,78.821875,1738023,1738022.3437500002,0.43750006911113815,-0.2187499306560312
7567,78.83229166666668,1738252,1738252.0312500002,-0.2187499306560312,-0.18749993042320057
7568,78.84270833333333,1738482,1738481.71875,-0.18749993042320057,-0.46874993042320057
7569,78.853125,1738711,1738711.4062500002,-0.46874993042320057,-0.06249993019036992
7570,78.86354166666668,1738941,1738941.0937500002,-0.06249993019036992,0.03125007004246072
7571,78.87395833333333,1739171,1739170.78125,0.03125007004246072,-0.18749992995753928
7572,78.875,1739194,1739193.75,-0.18749992995753928,-0.4374999299575393
7573,78.88541666666667,1739423,1739423.4375,-0.4374999299575393,7.004246072028764e-08
7574,78.89583333333333,1739653,1739653.125,7.004246072028764e-08,0.12500007004246072
7575,78.90625,1739883,1739882.8125,0.12500007004246072,-0.06249992995753928
7576,78.91666666666667,1740112,1740112.5,-0.06249992995753928,0.4375000700424607
7577,78.92708333333333,1740343,1740342.1875,0.4375000700424607,-0.3749999299575393
7578,78.946875,1740778,1740778.5937500002,-0.3749999299575393,0.21875007027529136
7579,78.95729166666668,1741009,1741008.2812500002,0.21875007027529136,-0.499999929491878
7580,78.96770833333333,1741237,1741237.96875,-0.499999929491878,0.468750070508122
7581,78.978125,1741468,1741467.6562500002,0.468750070508122,0.12500007074095265
7582,78.98854166666668,1741697,1741697.3437500002,0.12500007074095265,0.4687500709737833
7583,78.99895833333333,1741928,1741927.03125,0.4687500709737833,-0.4999999290262167
7584,79.0,1741950,1741950.0,-0.4999999290262167,-0.4999999290262167
7585,79.01041666666667,1742179,1742179.6875,-0.4999999290262167,0.1875000709737833
7586,79.02083333333333,1742410,1742409.375,0.1875000709737833,-0.4374999290262167
7587,79.03125,1742639,1742639.0625,-0.4374999290262167,-0.3749999290262167
7588,79.04166666666667,1742868,1742868.75,-0.3749999290262167,0.3750000709737833
7589,79.05208333333333,1743099,1743098.4375,0.3750000709737833,-0.1874999290262167
7590,79.071875,1743535,1743534.8437500002,-0.1874999290262167,-0.34374992879338606
7591,79.08229166666668,1743764,1743764.5312500002,-0.34374992879338606,0.18750007143944458
7592,79.09270833333333,1743994,1743994.21875,0.18750007143944458,0.4062500714394446
7593,79.103125,1744224,1744223.9062500002,0.4062500714394446,0.3125000716722752
7594,79.11354166666668,1744454,1744453.5937500002,0.3125000716722752,-0.09374992809489413
7595,79.12395833333333,1744683,1744683.28125,-0.09374992809489413,0.18750007190510587
7596,79.125,1744706,1744706.25,0.18750007190510587,0.43750007190510587
7597,79.13541666666667,1744936,1744935.9375,0.43750007190510587,0.37500007190510587
7598,79.14583333333333,1745166,1745165.625,0.37500007190510587,7.190510586951859e-08
7599,79.15625,1745395,1745395.3125,7.190510586951859e-08,0.31250007190510587
7600,79.16666666666667,1745625,1745625.0,0.31250007190510587,0.31250007190510587
7601,79.17708333333333,1745855,1745854.6875,0.31250007190510587,7.190510586951859e-08
7602,79.196875,1746291,1746291.0937500002,7.190510586951859e-08,0.09375007213793651
7603,79.20729166666668,1746521,1746520.7812500002,0.09375007213793651,-0.12499992762923284
7604,79.21770833333333,1746750,1746750.46875,-0.12499992762923284,0.34375007237076716
7605,79.228125,1746981,1746980.1562500002,0.34375007237076716,-0.4999999273964022
7606,79.23854166666668,1747209,1747209.8437500002,-0.4999999273964022,0.34375007283642844
7607,79.24895833333333,1747440,1747439.53125,0.34375007283642844,-0.12499992716357156
7608,79.25,1747462,1747462.5,-0.12499992716357156,0.37500007283642844
7609,79.26041666666667,1747693,1747692.1875,0.37500007283642844,-0.43749992716357156
7610,79.27083333333333,1747921,1747921.875,-0.43749992716357156,0.43750007283642844
7611,79.28125,1748152,1748151.5625,0.43750007283642844,7.283642844413407e-08
7612,79.29166666666667,1748381,1748381.25,7.283642844413407e-08,0.25000007283642844
7613,79.30208333333333,1748611,1748610.9375,0.25000007283642844,0.18750007283642844
7614,79.321875,1749048,1749047.3437500002,0.18750007283642844,-0.4687499269307409
7615,79.33229166666668,1749277,1749277.0312500002,-0.4687499269307409,-0.43749992669791027
7616,79.34270833333333,1749506,1749506.71875,-0.43749992669791027,0.28125007330208973
7617,79.353125,1749737,1749736.4062500002,0.28125007330208973,-0.3124999264650796
7618,79.36354166666668,1749966,1749966.0937500002,-0.3124999264650796,-0.21874992623224898
7619,79.37395833333333,1750196,1750195.78125,-0.21874992623224898,-0.437499926232249
7620,79.375,1750218,1750218.75,-0.437499926232249,0.312500073767751
7621,79.38541666666667,1750449,1750448.4375,0.312500073767751,-0.24999992623224898
7622,79.39583333333333,1750678,1750678.125,-0.24999992623224898,-0.12499992623224898
7623,79.40625,1750908,1750907.8125,-0.12499992623224898,-0.312499926232249
7624,79.41666666666667,1751137,1751137.5,-0.312499926232249,0.18750007376775102
7625,79.42708333333333,1751367,1751367.1875,0.18750007376775102,0.375000073767751
7626,79.446875,1751804,1751803.5937500002,0.375000073767751,-0.031249925999418338
7627,79.45729166666668,1752033,1752033.2812500002,-0.031249925999418338,0.2500000742334123
7628,79.46770833333333,1752263,1752262.96875,0.2500000742334123,0.2187500742334123
7629,79.478125,1752493,1752492.6562500002,0.2187500742334123,-0.12499992553375705
7630,79.48854166666668,1752722,1752722.3437500002,-0.12499992553375705,0.2187500746990736
7631,79.49895833333333,1752952,1752952.03125,0.2187500746990736,0.2500000746990736
7632,79.5,1752975,1752975.0,0.2500000746990736,0.2500000746990736
7633,79.51041666666667,1753205,1753204.6875,0.2500000746990736,-0.06249992530092641
7634,79.52083333333333,1753434,1753434.375,-0.06249992530092641,0.3125000746990736
7635,79.53125,1753664,1753664.0625,0.3125000746990736,0.3750000746990736
7636,79.54166666666667,1753894,1753893.75,0.3750000746990736,0.1250000746990736
7637,79.55208333333333,1754124,1754123.4375,0.1250000746990736,-0.4374999253009264
7638,79.571875,1754559,1754559.8437500002,-0.4374999253009264,0.40625007493190424
7639,79.58229166666668,1754790,1754789.5312500002,0.40625007493190424,-0.06249992483526512
7640,79.59270833333333,1755019,1755019.21875,-0.06249992483526512,0.15625007516473488
7641,79.603125,1755249,1755248.9062500002,0.15625007516473488,0.06250007539756552
7642,79.61354166666668,1755479,1755478.5937500002,0.06250007539756552,-0.34374992436960383
7643,79.62395833333333,1755708,1755708.28125,-0.34374992436960383,-0.06249992436960383
7644,79.625,1755731,1755731.25,-0.06249992436960383,0.18750007563039617
7645,79.63541666666667,1755961,1755960.9375,0.18750007563039617,0.12500007563039617
7646,79.64583333333333,1756191,1756190.625,0.12500007563039617,-0.24999992436960383
7647,79.65625,1756420,1756420.3125,-0.24999992436960383,0.06250007563039617
7648,79.66666666666667,1756650,1756650.0,0.06250007563039617,0.06250007563039617
7649,79.67708333333333,1756880,1756879.6875,0.06250007563039617,-0.24999992436960383
7650,79.696875,1757316,1757316.0937500002,-0.24999992436960383,-0.1562499241367732
7651,79.70729166666668,1757546,1757545.7812500002,-0.1562499241367732,-0.37499992390394254
7652,79.71770833333333,1757775,1757775.46875,-0.37499992390394254,0.09375007609605746
7653,79.728125,1758005,1758005.1562500002,0.09375007609605746,0.2500000763288881
7654,79.73854166666668,1758235,1758234.8437500002,0.2500000763288881,0.09375007656171874
7655,79.74895833333333,1758465,1758464.53125,0.09375007656171874,-0.37499992343828126
7656,79.75,1758487,1758487.5,-0.37499992343828126,0.12500007656171874
7657,79.76041666666667,1758717,1758717.1875,0.12500007656171874,0.31250007656171874
7658,79.77083333333333,1758947,1758946.875,0.31250007656171874,0.18750007656171874
7659,79.78125,1759177,1759176.5625,0.18750007656171874,-0.24999992343828126
7660,79.79166666666667,1759406,1759406.25,-0.24999992343828126,7.656171874259599e-08
7661,79.80208333333333,1759636,1759635.9375,7.656171874259599e-08,-0.06249992343828126
7662,79.821875,1760072,1760072.3437500002,-0.06249992343828126,0.2812500767945494
7663,79.83229166666668,1760302,1760302.0312500002,0.2812500767945494,0.31250007702738003
7664,79.84270833333333,1760532,1760531.71875,0.31250007702738003,0.03125007702738003
7665,79.853125,1760761,1760761.4062500002,0.03125007702738003,0.4375000772602107
7666,79.86354166666668,1760992,1760991.0937500002,0.4375000772602107,-0.4687499225069587
7667,79.87395833333333,1761220,1761220.78125,-0.4687499225069587,0.3125000774930413
7668,79.875,1761244,1761243.75,0.3125000774930413,0.06250007749304132
7669,79.88541666666667,1761474,1761473.4375,0.06250007749304132,-0.4999999225069587
7670,79.89583333333333,1761703,1761703.125,-0.4999999225069587,-0.3749999225069587
7671,79.90625,1761932,1761932.8125,-0.3749999225069587,0.4375000774930413
7672,79.91666666666667,1762163,1762162.5,0.4375000774930413,-0.06249992250695868
7673,79.92708333333333,1762392,1762392.1875,-0.06249992250695868,0.12500007749304132
7674,79.946875,1762829,1762828.5937500002,0.12500007749304132,-0.28124992227412804
7675,79.95729166666668,1763058,1763058.2812500002,-0.28124992227412804,7.79587026045192e-08
7676,79.96770833333333,1763288,1763287.96875,7.79587026045192e-08,-0.031249922041297395
7677,79.978125,1763518,1763517.6562500002,-0.031249922041297395,-0.37499992180846675
7678,79.98854166666668,1763747,1763747.3437500002,-0.37499992180846675,-0.031249921575636108
7679,79.99895833333333,1763977,1763977.03125,-0.031249921575636108,7.842436389182694e-08
7680,80.0,1764000,1764000.0,7.842436389182694e-08,7.842436389182694e-08
7681,80.01041666666667,1764230,1764229.6875,7.842436389182694e-08,-0.3124999215756361
7682,80.02083333333333,1764459,1764459.375,-0.3124999215756361,0.06250007842436389
7683,80.03125,1764689,1764689.0625,0.06250007842436389,0.1250000784243639
7684,80.04166666666667,1764919,1764918.75,0.1250000784243639,-0.12499992157563611
7685,80.05208333333333,1765148,1765148.4375,-0.12499992157563611,0.3125000784243639
7686,80.071875,1765585,1765584.8437500002,0.3125000784243639,0.15625007865719454
7687,80.08229166666668,1765815,1765814.5312500002,0.15625007865719454,-0.3124999211099748
7688,80.09270833333333,1766044,1766044.21875,-0.3124999211099748,-0.09374992110997482
7689,80.103125,1766274,1766273.9062500002,-0.09374992110997482,-0.18749992087714418
7690,80.11354166666668,1766503,1766503.5937500002,-0.18749992087714418,0.40625007935568647
7691,80.12395833333333,1766734,1766733.28125,0.40625007935568647,-0.31249992064431353
7692,80.125,1766756,1766756.25,-0.31249992064431353,-0.062499920644313534
7693,80.13541666666667,1766986,1766985.9375,-0.062499920644313534,-0.12499992064431353
7694,80.14583333333333,1767216,1767215.625,-0.12499992064431353,-0.49999992064431353
7695,80.15625,1767445,1767445.3125,-0.49999992064431353,-0.18749992064431353
7696,80.16666666666667,1767675,1767675.0,-0.18749992064431353,-0.18749992064431353
7697,80.17708333333333,1767905,1767904.6875,-0.18749992064431353,-0.49999992064431353
7698,80.196875,1768341,1768341.0937500002,-0.49999992064431353,-0.4062499204114829
7699,80.20729166666668,1768570,1768570.7812500002,-0.4062499204114829,0.37500007982134775
7700,80.21770833333333,1768801,1768800.46875,0.37500007982134775,-0.15624992017865225
7701,80.228125,1769030,1769030.1562500002,-0.15624992017865225,8.005417839740403e-08
7702,80.23854166666668,1769260,1769259.8437500002,8.005417839740403e-08,-0.15624991971299096
7703,80.24895833333333,1769489,1769489.53125,-0.15624991971299096,0.37500008028700904
7704,80.25,1769513,1769512.5,0.37500008028700904,-0.12499991971299096
7705,80.26041666666667,1769742,1769742.1875,-0.12499991971299096,0.06250008028700904
7706,80.27083333333333,1769972,1769971.875,0.06250008028700904,-0.06249991971299096
7707,80.28125,1770202,1770201.5625,-0.06249991971299096,-0.49999991971299096
7708,80.29166666666667,1770431,1770431.25,-0.49999991971299096,-0.24999991971299096
7709,80.30208333333333,1770661,1770660.9375,-0.24999991971299096,-0.31249991971299096
7710,80.321875,1771097,1771097.3437500002,-0.31249991971299096,0.031250080519839685
7711,80.33229166666668,1771327,1771327.0312500002,0.031250080519839685,0.06250008075267033
7712,80.34270833333333,1771557,1771556.71875,0.06250008075267033,-0.21874991924732967
7713,80.353125,1771786,1771786.4062500002,-0.21874991924732967,0.18750008098550097
7714,80.36354166666668,1772016,1772016.0937500002,0.18750008098550097,0.2812500812183316
7715,80.37395833333333,1772246,1772245.78125,0.2812500812183316,0.06250008121833162
7716,80.375,1772269,1772268.75,0.06250008121833162,-0.18749991878166838
7717,80.38541666666667,1772498,1772498.4375,-0.18749991878166838,0.2500000812183316
7718,80.39583333333333,1772728,1772728.125,0.2500000812183316,0.3750000812183316
7719,80.40625,1772958,1772957.8125,0.3750000812183316,0.18750008121833162
7720,80.41666666666667,1773188,1773187.5,0.18750008121833162,-0.3124999187816684
7721,80.42708333333333,1773417,1773417.1875,-0.3124999187816684,-0.12499991878166838
7722,80.446875,1773853,1773853.5937500002,-0.12499991878166838,0.46875008145116226
7723,80.45729166666668,1774084,1774083.2812500002,0.46875008145116226,-0.2499999183160071
7724,80.46770833333333,1774313,1774312.96875,-0.2499999183160071,-0.2812499183160071
7725,80.478125,1774542,1774542.6562500002,-0.2812499183160071,0.37500008191682355
7726,80.48854166666668,1774773,1774772.3437500002,0.37500008191682355,-0.2812499178503458
7727,80.49895833333333,1775002,1775002.03125,-0.2812499178503458,-0.2499999178503458
7728,80.5,1775025,1775025.0,-0.2499999178503458,-0.2499999178503458
7729,80.51041666666667,1775254,1775254.6875,-0.2499999178503458,0.4375000821496542
7730,80.52083333333333,1775485,1775484.375,0.4375000821496542,-0.1874999178503458
7731,80.53125,1775714,1775714.0625,-0.1874999178503458,-0.12499991785034581
7732,80.54166666666667,1775944,1775943.75,-0.12499991785034581,-0.3749999178503458
7733,80.55208333333333,1776173,1776173.4375,-0.3749999178503458,0.06250008214965419
7734,80.571875,1776610,1776609.8437500002,0.06250008214965419,-0.09374991761751517
7735,80.58229166666668,1776839,1776839.5312500002,-0.09374991761751517,0.4375000826153155
7736,80.59270833333333,1777070,1777069.21875,0.4375000826153155,-0.3437499173846845
7737,80.603125,1777299,1777298.9062500002,-0.3437499173846845,-0.4374999171518539
7738,80.61354166666668,1777528,1777528.5937500002,-0.4374999171518539,0.15625008308097676
7739,80.62395833333333,1777758,1777758.28125,0.15625008308097676,0.43750008308097676
7740,80.625,1777782,1777781.25,0.43750008308097676,-0.31249991691902324
7741,80.63541666666667,1778011,1778010.9375,-0.31249991691902324,-0.37499991691902324
7742,80.64583333333333,1778240,1778240.625,-0.37499991691902324,0.25000008308097676
7743,80.65625,1778471,1778470.3125,0.25000008308097676,-0.43749991691902324
7744,80.66666666666667,1778700,1778700.0,-0.43749991691902324,-0.43749991691902324
7745,80.67708333333333,1778929,1778929.6875,-0.43749991691902324,0.25000008308097676
7746,80.696875,1779366,1779366.0937500002,0.25000008308097676,0.3437500833138074
7747,80.70729166666668,1779596,1779595.7812500002,0.3437500833138074,0.12500008354663805
7748,80.71770833333333,1779826,1779825.46875,0.12500008354663805,-0.40624991645336195
7749,80.728125,1780055,1780055.1562500002,-0.40624991645336195,-0.2499999162205313
7750,80.73854166666668,1780285,1780284.8437500002,-0.2499999162205313,-0.40624991598770066
7751,80.74895833333333,1780514,1780514.53125,-0.40624991598770066,0.12500008401229934
7752,80.75,1780538,1780537.5,0.12500008401229934,-0.37499991598770066
7753,80.76041666666667,1780767,1780767.1875,-0.37499991598770066,-0.18749991598770066
7754,80.77083333333333,1780997,1780996.875,-0.18749991598770066,-0.31249991598770066
7755,80.78125,1781226,1781226.5625,-0.31249991598770066,0.25000008401229934
7756,80.79166666666667,1781457,1781456.25,0.25000008401229934,-0.49999991598770066
7757,80.80208333333333,1781685,1781685.9375,-0.49999991598770066,0.43750008401229934
7758,80.821875,1782123,1782122.3437500002,0.43750008401229934,-0.21874991575487002
7759,80.83229166666668,1782352,1782352.0312500002,-0.21874991575487002,-0.18749991552203937
7760,80.84270833333333,1782582,1782581.71875,-0.18749991552203937,-0.4687499155220394
7761,80.853125,1782811,1782811.4062500002,-0.4687499155220394,-0.06249991528920873
7762,80.86354166666668,1783041,1783041.0937500002,-0.06249991528920873,0.031250084943621914
7763,80.87395833333333,1783271,1783270.78125,0.031250084943621914,-0.18749991505637809
7764,80.875,1783294,1783293.75,-0.18749991505637809,-0.4374999150563781
7765,80.88541666666667,1783523,1783523.4375,-0.4374999150563781,8.494362191413529e-08
7766,80.89583333333333,1783753,1783753.125,8.494362191413529e-08,0.12500008494362191
7767,80.90625,1783983,1783982.8125,0.12500008494362191,-0.062499915056378086
7768,80.91666666666667,1784212,1784212.5,-0.062499915056378086,0.4375000849436219
7769,80.92708333333333,1784443,1784442.1875,0.4375000849436219,-0.3749999150563781
7770,80.946875,1784878,1784878.5937500002,-0.3749999150563781,0.21875008517645256
7771,80.95729166666668,1785109,1785108.2812500002,0.21875008517645256,-0.4999999145907168
7772,80.96770833333333,1785337,1785337.96875,-0.4999999145907168,0.4687500854092832
7773,80.978125,1785568,1785567.6562500002,0.4687500854092832,0.12500008564211385
7774,80.98854166666668,1785797,1785797.3437500002,0.12500008564211385,0.4687500858749445
7775,80.99895833333333,1786028,1786027.03125,0.4687500858749445,-0.4999999141250555
7776,81.0,1786050,1786050.0,-0.4999999141250555,-0.4999999141250555
7777,81.01041666666667,1786279,1786279.6875,-0.4999999141250555,0.1875000858749445
7778,81.02083333333333,1786510,1786509.375,0.1875000858749445,-0.4374999141250555
7779,81.03125,1786739,1786739.0625,-0.4374999141250555,-0.3749999141250555
7780,81.04166666666667,1786968,1786968.75,-0.3749999141250555,0.3750000858749445
7781,81.05208333333333,1787199,1787198.4375,0.3750000858749445,-0.1874999141250555
7782,81.071875,1787635,1787634.8437500002,-0.1874999141250555,-0.34374991389222487
7783,81.08229166666668,1787864,1787864.5312500002,-0.34374991389222487,0.18750008634060578
7784,81.09270833333333,1788094,1788094.21875,0.18750008634060578,0.4062500863406058
7785,81.103125,1788324,1788323.9062500002,0.4062500863406058,0.3125000865734364
7786,81.11354166666668,1788554,1788553.5937500002,0.3125000865734364,-0.09374991319373294
7787,81.12395833333333,1788783,1788783.28125,-0.09374991319373294,0.18750008680626706
7788,81.125,1788806,1788806.25,0.18750008680626706,0.43750008680626706
7789,81.13541666666667,1789036,1789035.9375,0.43750008680626706,0.37500008680626706
7790,81.14583333333333,1789266,1789265.625,0.37500008680626706,8.680626706336625e-08
7791,81.15625,1789495,1789495.3125,8.680626706336625e-08,0.31250008680626706
7792,81.16666666666667,1789725,1789725.0,0.31250008680626706,0.31250008680626706
7793,81.17708333333333,1789955,1789954.6875,0.31250008680626706,8.680626706336625e-08
7794,81.196875,1790391,1790391.0937500002,8.680626706336625e-08,0.09375008703909771
7795,81.20729166666668,1790621,1790620.7812500002,0.09375008703909771,-0.12499991272807165
7796,81.21770833333333,1790850,1790850.46875,-0.12499991272807165,0.34375008727192835
7797,81.228125,1791081,1791080.1562500002,0.34375008727192835,-0.499999912495241
7798,81.23854166666668,1791309,1791309.8437500002,-0.499999912495241,0.34375008773758964
7799,81.24895833333333,1791540,1791539.53125,0.34375008773758964,-0.12499991226241036
7800,81.25,1791562,1791562.5,-0.12499991226241036,0.37500008773758964
7801,81.26041666666667,1791793,1791792.1875,0.37500008773758964,-0.43749991226241036
7802,81.27083333333333,1792021,1792021.875,-0.43749991226241036,0.43750008773758964
7803,81.28125,1792252,1792251.5625,0.43750008773758964,8.773758963798173e-08
7804,81.29166666666667,1792481,1792481.25,8.773758963798173e-08,0.25000008773758964
7805,81.30208333333333,1792711,1792710.9375,0.25000008773758964,0.18750008773758964
7806,81.321875,1793148,1793147.3437500002,0.18750008773758964,-0.4687499120295797
7807,81.33229166666668,1793377,1793377.0312500002,-0.4687499120295797,-0.4374999117967491
7808,81.34270833333333,1793606,1793606.71875,-0.4374999117967491,0.2812500882032509
7809,81.353125,1793837,1793836.4062500002,0.2812500882032509,-0.31249991156391843
7810,81.36354166666668,1794066,1794066.0937500002,-0.31249991156391843,-0.2187499113310878
7811,81.37395833333333,1794296,1794295.78125,-0.2187499113310878,-0.4374999113310878
7812,81.375,1794318,1794318.75,-0.4374999113310878,0.3125000886689122
7813,81.38541666666667,1794549,1794548.4375,0.3125000886689122,-0.2499999113310878
7814,81.39583333333333,1794778,1794778.125,-0.2499999113310878,-0.12499991133108779
7815,81.40625,1795008,1795007.8125,-0.12499991133108779,-0.3124999113310878
7816,81.41666666666667,1795237,1795237.5,-0.3124999113310878,0.1875000886689122
7817,81.42708333333333,1795467,1795467.1875,0.1875000886689122,0.3750000886689122
7818,81.446875,1795904,1795903.5937500002,0.3750000886689122,-0.031249911098257144
7819,81.45729166666668,1796133,1796133.2812500002,-0.031249911098257144,0.2500000891345735
7820,81.46770833333333,1796363,1796362.96875,0.2500000891345735,0.2187500891345735
7821,81.478125,1796593,1796592.6562500002,0.2187500891345735,-0.12499991063259586
7822,81.48854166666668,1796822,1796822.3437500002,-0.12499991063259586,0.2187500896002348
7823,81.49895833333333,1797052,1797052.03125,0.2187500896002348,0.2500000896002348
7824,81.5,1797075,1797075.0,0.2500000896002348,0.2500000896002348
7825,81.51041666666667,1797305,1797304.6875,0.2500000896002348,-0.06249991039976521
7826,81.52083333333333,1797534,1797534.375,-0.06249991039976521,0.3125000896002348
7827,81.53125,1797764,1797764.0625,0.3125000896002348,0.3750000896002348
7828,81.54166666666667,1797994,1797993.75,0.3750000896002348,0.1250000896002348
7829,81.55208333333333,1798224,1798223.4375,0.1250000896002348,-0.4374999103997652
7830,81.571875,1798659,1798659.8437500002,-0.4374999103997652,0.40625008983306543
7831,81.58229166666668,1798890,1798889.5312500002,0.40625008983306543,-0.062499909934103925
7832,81.59270833333333,1799119,1799119.21875,-0.062499909934103925,0.15625009006589607
7833,81.603125,1799349,1799348.9062500002,0.15625009006589607,0.06250009029872672
7834,81.61354166666668,1799579,1799578.5937500002,0.06250009029872672,-0.34374990946844264
7835,81.62395833333333,1799808,1799808.28125,-0.34374990946844264,-0.06249990946844264
7836,81.625,1799831,1799831.25,-0.06249990946844264,0.18750009053155736
7837,81.63541666666667,1800061,1800060.9375,0.18750009053155736,0.12500009053155736
7838,81.64583333333333,1800291,1800290.625,0.12500009053155736,-0.24999990946844264
7839,81.65625,1800520,1800520.3125,-0.24999990946844264,0.06250009053155736
7840,81.66666666666667,1800750,1800750.0,0.06250009053155736,0.06250009053155736
7841,81.67708333333333,1800980,1800979.6875,0.06250009053155736,-0.24999990946844264
7842,81.696875,1801416,1801416.0937500002,-0.24999990946844264,-0.156249909235612
7843,81.70729166666668,1801646,1801645.7812500002,-0.156249909235612,-0.37499990900278135
7844,81.71770833333333,1801875,1801875.46875,-0.37499990900278135,0.09375009099721865
7845,81.728125,1802105,1802105.1562500002,0.09375009099721865,0.2500000912300493
7846,81.73854166666668,1802335,1802334.8437500002,0.2500000912300493,0.09375009146287994
7847,81.74895833333333,1802565,1802564.53125,0.09375009146287994,-0.37499990853712006
7848,81.75,1802587,1802587.5,-0.37499990853712006,0.12500009146287994
7849,81.76041666666667,1802817,1802817.1875,0.12500009146287994,0.31250009146287994
7850,81.77083333333333,1803047,1803046.875,0.31250009146287994,0.18750009146287994
7851,81.78125,1803277,1803276.5625,0.18750009146287994,-0.24999990853712006
7852,81.79166666666667,1803506,1803506.25,-0.24999990853712006,9.146287993644364e-08
7853,81.80208333333333,1803736,1803735.9375,9.146287993644364e-08,-0.062499908537120064
7854,81.821875,1804172,1804172.3437500002,-0.062499908537120064,0.2812500916957106
7855,81.83229166666668,1804402,1804402.0312500002,0.2812500916957106,0.3125000919285412
7856,81.84270833333333,1804632,1804631.71875,0.3125000919285412,0.031250091928541224
7857,81.853125,1804861,1804861.4062500002,0.031250091928541224,0.43750009216137187
7858,81.86354166666668,1805092,1805091.0937500002,0.43750009216137187,-0.4687499076057975
7859,81.87395833333333,1805320,1805320.78125,-0.4687499076057975,0.3125000923942025
7860,81.875,1805344,1805343.75,0.3125000923942025,0.06250009239420251
7861,81.88541666666667,1805574,1805573.4375,0.06250009239420251,-0.4999999076057975
7862,81.89583333333333,1805803,1805803.125,-0.4999999076057975,-0.3749999076057975
7863,81.90625,1806032,1806032.8125,-0.3749999076057975,0.4375000923942025
7864,81.91666666666667,1806263,1806262.5,0.4375000923942025,-0.06249990760579749
7865,81.92708333333333,1806492,1806492.1875,-0.06249990760579749,0.1250000923942025
7866,81.946875,1806929,1806928.5937500002,0.1250000923942025,-0.28124990737296685
7867,81.95729166666668,1807158,1807158.2812500002,-0.28124990737296685,9.285986379836686e-08
7868,81.96770833333333,1807388,1807387.96875,9.285986379836686e-08,-0.0312499071401362
7869,81.978125,1807618,1807617.6562500002,-0.0312499071401362,-0.37499990690730556
7870,81.98854166666668,1807847,1807847.3437500002,-0.37499990690730556,-0.031249906674474914
7871,81.99895833333333,1808077,1808077.03125,-0.031249906674474914,9.33255250856746e-08
7872,82.0,1808100,1808100.0,9.33255250856746e-08,9.33255250856746e-08
7873,82.01041666666667,1808330,1808329.6875,9.33255250856746e-08,-0.3124999066744749
7874,82.02083333333333,1808559,1808559.375,-0.3124999066744749,0.06250009332552509
7875,82.03125,1808789,1808789.0625,0.06250009332552509,0.12500009332552509
7876,82.04166666666667,1809019,1809018.75,0.12500009332552509,-0.12499990667447491
7877,82.05208333333333,1809248,1809248.4375,-0.12499990667447491,0.3125000933255251
7878,82.071875,1809685,1809684.8437500002,0.3125000933255251,0.15625009355835573
7879,82.08229166666668,1809915,1809914.5312500002,0.15625009355835573,-0.3124999062088136
7880,82.09270833333333,1810144,1810144.21875,-0.3124999062088136,-0.09374990620881363
7881,82.103125,1810374,1810373.9062500002,-0.09374990620881363,-0.18749990597598298
7882,82.11354166666668,1810603,1810603.5937500002,-0.18749990597598298,0.40625009425684766
7883,82.12395833333333,1810834,1810833.28125,0.40625009425684766,-0.31249990574315234
7884,82.125,1810856,1810856.25,-0.31249990574315234,-0.06249990574315234
7885,82.13541666666667,1811086,1811085.9375,-0.06249990574315234,-0.12499990574315234
7886,82.14583333333333,1811316,1811315.625,-0.12499990574315234,-0.49999990574315234
7887,82.15625,1811545,1811545.3125,-0.49999990574315234,-0.18749990574315234
7888,82.16666666666667,1811775,1811775.0,-0.18749990574315234,-0.18749990574315234
7889,82.17708333333333,1812005,1812004.6875,-0.18749990574315234,-0.49999990574315234
7890,82.196875,1812441,1812441.0937500002,-0.49999990574315234,-0.4062499055103217
7891,82.20729166666668,1812670,1812670.7812500002,-0.4062499055103217,0.37500009472250895
7892,82.21770833333333,1812901,1812900.46875,0.37500009472250895,-0.15624990527749105
7893,82.228125,1813130,1813130.1562500002,-0.15624990527749105,9.495533959125169e-08
7894,82.23854166666668,1813360,1813359.8437500002,9.495533959125169e-08,-0.15624990481182977
7895,82.24895833333333,1813589,1813589.53125,-0.15624990481182977,0.37500009518817023
7896,82.25,1813613,1813612.5,0.37500009518817023,-0.12499990481182977
7897,82.26041666666667,1813842,1813842.1875,-0.12499990481182977,0.06250009518817023
7898,82.27083333333333,1814072,1814071.875,0.06250009518817023,-0.062499904811829765
7899,82.28125,1814302,1814301.5625,-0.062499904811829765,-0.49999990481182977
7900,82.29166666666667,1814531,1814531.25,-0.49999990481182977,-0.24999990481182977
7901,82.30208333333333,1814761,1814760.9375,-0.24999990481182977,-0.31249990481182977
7902,82.321875,1815197,1815197.3437500002,-0.31249990481182977,0.03125009542100088
7903,82.33229166666668,1815427,1815427.0312500002,0.03125009542100088,0.06250009565383152
7904,82.34270833333333,1815657,1815656.71875,0.06250009565383152,-0.21874990434616848
7905,82.353125,1815886,1815886.4062500002,-0.21874990434616848,0.18750009588666217
7906,82.36354166666668,1816116,1816116.0937500002,0.18750009588666217,0.2812500961194928
7907,82.37395833333333,1816346,1816345.78125,0.2812500961194928,0.06250009611949281
7908,82.375,1816369,1816368.75,0.06250009611949281,-0.1874999038805072
7909,82.38541666666667,1816598,1816598.4375,-0.1874999038805072,0.2500000961194928
7910,82.39583333333333,1816828,1816828.125,0.2500000961194928,0.3750000961194928
7911,82.40625,1817058,1817057.8125,0.3750000961194928,0.1875000961194928
7912,82.41666666666667,1817288,1817287.5,0.1875000961194928,-0.3124999038805072
7913,82.42708333333333,1817517,1817517.1875,-0.3124999038805072,-0.12499990388050719
7914,82.446875,1817953,1817953.5937500002,-0.12499990388050719,0.46875009635232345
7915,82.45729166666668,1818184,1818183.2812500002,0.46875009635232345,-0.2499999034148459
7916,82.46770833333333,1818413,1818412.96875,-0.2499999034148459,-0.2812499034148459
7917,82.478125,1818642,1818642.6562500002,-0.2812499034148459,0.37500009681798474
7918,82.48854166666668,1818873,1818872.3437500002,0.37500009681798474,-0.2812499029491846
7919,82.49895833333333,1819102,1819102.03125,-0.2812499029491846,-0.24999990294918462
7920,82.5,1819125,1819125.0,-0.24999990294918462,-0.24999990294918462
7921,82.51041666666667,1819354,1819354.6875,-0.24999990294918462,0.4375000970508154
7922,82.52083333333333,1819585,1819584.375,0.4375000970508154,-0.18749990294918462
7923,82.53125,1819814,1819814.0625,-0.18749990294918462,-0.12499990294918462
7924,82.54166666666667,1820044,1820043.75,-0.12499990294918462,-0.3749999029491846
7925,82.55208333333333,1820273,1820273.4375,-0.3749999029491846,0.06250009705081538
7926,82.571875,1820710,1820709.8437500002,0.06250009705081538,-0.09374990271635397
7927,82.58229166666668,1820939,1820939.5312500002,-0.09374990271635397,0.43750009751647667
7928,82.59270833333333,1821170,1821169.21875,0.43750009751647667,-0.34374990248352333
7929,82.603125,1821399,1821398.9062500002,-0.34374990248352333,-0.4374999022506927
7930,82.61354166666668,1821628,1821628.5937500002,-0.4374999022506927,0.15625009798213796
7931,82.62395833333333,1821858,1821858.28125,0.15625009798213796,0.43750009798213796
7932,82.625,1821882,1821881.25,0.43750009798213796,-0.31249990201786204
7933,82.63541666666667,1822111,1822110.9375,-0.31249990201786204,-0.37499990201786204
7934,82.64583333333333,1822340,1822340.625,-0.37499990201786204,0.25000009798213796
7935,82.65625,1822571,1822570.3125,0.25000009798213796,-0.43749990201786204
7936,82.66666666666667,1822800,1822800.0,-0.43749990201786204,-0.43749990201786204
7937,82.67708333333333,1823029,1823029.6875,-0.43749990201786204,0.25000009798213796
7938,82.696875,1823466,1823466.0937500002,0.25000009798213796,0.3437500982149686
7939,82.70729166666668,1823696,1823695.7812500002,0.3437500982149686,0.12500009844779925
7940,82.71770833333333,1823926,1823925.46875,0.12500009844779925,-0.40624990155220075
7941,82.728125,1824155,1824155.1562500002,-0.40624990155220075,-0.2499999013193701
7942,82.73854166666668,1824385,1824384.8437500002,-0.2499999013193701,-0.40624990108653947
7943,82.74895833333333,1824614,1824614.53125,-0.40624990108653947,0.12500009891346053
7944,82.75,1824638,1824637.5,0.12500009891346053,-0.37499990108653947
7945,82.76041666666667,1824867,1824867.1875,-0.37499990108653947,-0.18749990108653947
7946,82.77083333333333,1825097,1825096.875,-0.18749990108653947,-0.31249990108653947
7947,82.78125,1825326,1825326.5625,-0.31249990108653947,0.25000009891346053
7948,82.79166666666667,1825557,1825556.25,0.25000009891346053,-0.49999990108653947
7949,82.80208333333333,1825785,1825785.9375,-0.49999990108653947,0.43750009891346053
7950,82.821875,1826223,1826222.3437500002,0.43750009891346053,-0.21874990085370882
7951,82.83229166666668,1826452,1826452.0312500002,-0.21874990085370882,-0.18749990062087818
7952,82.84270833333333,1826682,1826681.71875,-0.18749990062087818,-0.4687499006208782
7953,82.853125,1826911,1826911.4062500002,-0.4687499006208782,-0.062499900388047536
7954,82.86354166666668,1827141,1827141.0937500002,-0.062499900388047536,0.03125009984478311
7955,82.87395833333333,1827371,1827370.78125,0.03125009984478311,-0.1874999001552169
7956,82.875,1827394,1827393.75,-0.1874999001552169,-0.4374999001552169
7957,82.88541666666667,1827623,1827623.4375,-0.4374999001552169,9.984478310798295e-08
7958,82.89583333333333,1827853,1827853.125,9.984478310798295e-08,0.1250000998447831
7959,82.90625,1828083,1828082.8125,0.1250000998447831,-0.06249990015521689
7960,82.91666666666667,1828312,1828312.5,-0.06249990015521689,0.4375000998447831
7961,82.92708333333333,1828543,1828542.1875,0.4375000998447831,-0.3749999001552169
7962,82.946875,1828978,1828978.5937500002,-0.3749999001552169,0.21875010007761375
7963,82.95729166666668,1829209,1829208.2812500002,0.21875010007761375,-0.4999998996895556
7964,82.96770833333333,1829437,1829437.96875,-0.4999998996895556,0.4687501003104444
7965,82.978125,1829668,1829667.6562500002,0.4687501003104444,0.12500010054327504
7966,82.98854166666668,1829897,1829897.3437500002,0.12500010054327504,0.4687501007761057
7967,82.99895833333333,1830128,1830127.03125,0.4687501007761057,-0.4999998992238943
7968,83.0,1830150,1830150.0,-0.4999998992238943,-0.4999998992238943
7969,83.01041666666667,1830379,1830379.6875,-0.4999998992238943,0.18750010077610568
7970,83.02083333333333,1830610,1830609.375,0.18750010077610568,-0.4374998992238943
7971,83.03125,1830839,1830839.0625,-0.4374998992238943,-0.3749998992238943
7972,83.04166666666667,1831068,1831068.75,-0.3749998992238943,0.3750001007761057
7973,83.05208333333333,1831299,1831298.4375,0.3750001007761057,-0.18749989922389432
7974,83.071875,1831735,1831734.8437500002,-0.18749989922389432,-0.3437498989910637
7975,83.08229166666668,1831964,1831964.5312500002,-0.3437498989910637,0.18750010124176697
7976,83.09270833333333,1832194,1832194.21875,0.18750010124176697,0.40625010124176697
7977,83.103125,1832424,1832423.9062500002,0.40625010124176697,0.3125001014745976
7978,83.11354166666668,1832654,1832653.5937500002,0.3125001014745976,-0.09374989829257174
7979,83.12395833333333,1832883,1832883.28125,-0.09374989829257174,0.18750010170742826
7980,83.125,1832906,1832906.25,0.18750010170742826,0.43750010170742826
7981,83.13541666666667,1833136,1833135.9375,0.43750010170742826,0.37500010170742826
7982,83.14583333333333,1833366,1833365.625,0.37500010170742826,1.017074282572139e-07
7983,83.15625,1833595,1833595.3125,1.017074282572139e-07,0.31250010170742826
7984,83.16666666666667,1833825,1833825.0,0.31250010170742826,0.31250010170742826
7985,83.17708333333333,1834055,1834054.6875,0.31250010170742826,1.017074282572139e-07
7986,83.196875,1834491,1834491.0937500002,1.017074282572139e-07,0.0937501019402589
7987,83.20729166666668,1834721,1834720.7812500002,0.0937501019402589,-0.12499989782691046
7988,83.21770833333333,1834950,1834950.46875,-0.12499989782691046,0.34375010217308954
7989,83.228125,1835181,1835180.1562500002,0.34375010217308954,-0.4999998975940798
7990,83.23854166666668,1835409,1835409.8437500002,-0.4999998975940798,0.34375010263875083
7991,83.24895833333333,1835640,1835639.53125,0.34375010263875083,-0.12499989736124917
7992,83.25,1835662,1835662.5,-0.12499989736124917,0.37500010263875083
7993,83.26041666666667,1835893,1835892.1875,0.37500010263875083,-0.43749989736124917
7994,83.27083333333333,1836121,1836121.875,-0.43749989736124917,0.43750010263875083
7995,83.28125,1836352,1836351.5625,0.43750010263875083,1.0263875083182938e-07
7996,83.29166666666667,1836581,1836581.25,1.0263875083182938e-07,0.25000010263875083
7997,83.30208333333333,1836811,1836810.9375,0.25000010263875083,0.18750010263875083
7998,83.321875,1837248,1837247.3437500002,0.18750010263875083,-0.4687498971284185
7999,83.33229166666668,1837477,1837477.0312500002,-0.4687498971284185,-0.4374998968955879
8000,83.34270833333333,1837706,1837706.71875,-0.4374998968955879,0.2812501031044121
8001,83.353125,1837937,1837936.4062500002,0.2812501031044121,-0.31249989666275724
8002,83.36354166666668,1838166,1838166.0937500002,-0.31249989666275724,-0.2187498964299266
8003,83.37395833333333,1838396,1838395.78125,-0.2187498964299266,-0.4374998964299266
8004,83.375,1838418,1838418.75,-0.4374998964299266,0.3125001035700734
8005,83.38541666666667,1838649,1838648.4375,0.3125001035700734,-0.2499998964299266
8006,83.39583333333333,1838878,1838878.125,-0.2499998964299266,-0.1249998964299266
8007,83.40625,1839108,1839107.8125,-0.1249998964299266,-0.3124998964299266
8008,83.41666666666667,1839337,1839337.5,-0.3124998964299266,0.1875001035700734
8009,83.42708333333333,1839567,1839567.1875,0.1875001035700734,0.3750001035700734
8010,83.446875,1840004,1840003.5937500002,0.3750001035700734,-0.03124989619709595
8011,83.45729166666668,1840233,1840233.2812500002,-0.03124989619709595,0.2500001040357347
8012,83.46770833333333,1840463,1840462.96875,0.2500001040357347,0.2187501040357347
8013,83.478125,1840693,1840692.6562500002,0.2187501040357347,-0.12499989573143466
8014,83.48854166666668,1840922,1840922.3437500002,-0.12499989573143466,0.21875010450139598
8015,83.49895833333333,1841152,1841152.03125,0.21875010450139598,0.250000104501396
8016,83.5,1841175,1841175.0,0.250000104501396,0.250000104501396
8017,83.51041666666667,1841405,1841404.6875,0.250000104501396,-0.06249989549860402
8018,83.52083333333333,1841634,1841634.375,-0.06249989549860402,0.312500104501396
8019,83.53125,1841864,1841864.0625,0.312500104501396,0.375000104501396
8020,83.54166666666667,1842094,1842093.75,0.375000104501396,0.12500010450139598
8021,83.55208333333333,1842324,1842323.4375,0.12500010450139598,-0.437499895498604
8022,83.571875,1842759,1842759.8437500002,-0.437499895498604,0.4062501047342266
8023,83.58229166666668,1842990,1842989.5312500002,0.4062501047342266,-0.06249989503294273
8024,83.59270833333333,1843219,1843219.21875,-0.06249989503294273,0.15625010496705727
8025,83.603125,1843449,1843448.9062500002,0.15625010496705727,0.06250010519988791
8026,83.61354166666668,1843679,1843678.5937500002,0.06250010519988791,-0.34374989456728144
8027,83.62395833333333,1843908,1843908.28125,-0.34374989456728144,-0.062499894567281444
8028,83.625,1843931,1843931.25,-0.062499894567281444,0.18750010543271856
8029,83.63541666666667,1844161,1844160.9375,0.18750010543271856,0.12500010543271856
8030,83.64583333333333,1844391,1844390.625,0.12500010543271856,-0.24999989456728144
8031,83.65625,1844620,1844620.3125,-0.24999989456728144,0.06250010543271856
8032,83.66666666666667,1844850,1844850.0,0.06250010543271856,0.06250010543271856
8033,83.67708333333333,1845080,1845079.6875,0.06250010543271856,-0.24999989456728144
8034,83.696875,1845516,1845516.0937500002,-0.24999989456728144,-0.1562498943344508
8035,83.70729166666668,1845746,1845745.7812500002,-0.1562498943344508,-0.37499989410162016
8036,83.71770833333333,1845975,1845975.46875,-0.37499989410162016,0.09375010589837984
8037,83.728125,1846205,1846205.1562500002,0.09375010589837984,0.2500001061312105
8038,83.73854166666668,1846435,1846434.8437500002,0.2500001061312105,0.09375010636404113
8039,83.74895833333333,1846665,1846664.53125,0.09375010636404113,-0.37499989363595887
8040,83.75,1846687,1846687.5,-0.37499989363595887,0.12500010636404113
8041,83.76041666666667,1846917,1846917.1875,0.12500010636404113,0.31250010636404113
8042,83.77083333333333,1847147,1847146.875,0.31250010636404113,0.18750010636404113
8043,83.78125,1847377,1847376.5625,0.18750010636404113,-0.24999989363595887
8044,83.79166666666667,1847606,1847606.25,-0.24999989363595887,1.063640411302913e-07
8045,83.80208333333333,1847836,1847835.9375,1.063640411302913e-07,-0.06249989363595887
8046,83.821875,1848272,1848272.3437500002,-0.06249989363595887,0.2812501065968718
8047,83.83229166666668,1848502,1848502.0312500002,0.2812501065968718,0.3125001068297024
8048,83.84270833333333,1848732,1848731.71875,0.3125001068297024,0.03125010682970242
8049,83.853125,1848961,1848961.4062500002,0.03125010682970242,0.43750010706253306
8050,83.86354166666668,1849192,1849191.0937500002,0.43750010706253306,-0.4687498927046363
8051,83.87395833333333,1849420,1849420.78125,-0.4687498927046363,0.3125001072953637
8052,83.875,1849444,1849443.75,0.3125001072953637,0.0625001072953637
8053,83.88541666666667,1849674,1849673.4375,0.0625001072953637,-0.4999998927046363
8054,83.89583333333333,1849903,1849903.125,-0.4999998927046363,-0.3749998927046363
8055,83.90625,1850132,1850132.8125,-0.3749998927046363,0.4375001072953637
8056,83.91666666666667,1850363,1850362.5,0.4375001072953637,-0.062499892704636295
8057,83.92708333333333,1850592,1850592.1875,-0.062499892704636295,0.1250001072953637
8058,83.946875,1851029,1851028.5937500002,0.1250001072953637,-0.28124989247180565
8059,83.95729166666668,1851258,1851258.2812500002,-0.28124989247180565,1.0776102499221452e-07
8060,83.96770833333333,1851488,1851487.96875,1.0776102499221452e-07,-0.031249892238975008
8061,83.978125,1851718,1851717.6562500002,-0.031249892238975008,-0.37499989200614436
8062,83.98854166666668,1851947,1851947.3437500002,-0.37499989200614436,-0.03124989177331372
8063,83.99895833333333,1852177,1852177.03125,-0.03124989177331372,1.0822668627952226e-07
8064,84.0,1852200,1852200.0,1.0822668627952226e-07,1.0822668627952226e-07
8065,84.01041666666667,1852430,1852429.6875,1.0822668627952226e-07,-0.3124998917733137
8066,84.02083333333333,1852659,1852659.375,-0.3124998917733137,0.06250010822668628
8067,84.03125,1852889,1852889.0625,0.06250010822668628,0.12500010822668628
8068,84.04166666666667,1853119,1853118.75,0.12500010822668628,-0.12499989177331372
8069,84.05208333333333,1853348,1853348.4375,-0.12499989177331372,0.3125001082266863
8070,84.071875,1853785,1853784.8437500002,0.3125001082266863,0.15625010845951692
8071,84.08229166666668,1854015,1854014.5312500002,0.15625010845951692,-0.31249989130765243
8072,84.09270833333333,1854244,1854244.21875,-0.31249989130765243,-0.09374989130765243
8073,84.103125,1854474,1854473.9062500002,-0.09374989130765243,-0.1874998910748218
8074,84.11354166666668,1854703,1854703.5937500002,-0.1874998910748218,0.40625010915800885
8075,84.12395833333333,1854934,1854933.28125,0.40625010915800885,-0.31249989084199115
8076,84.125,1854956,1854956.25,-0.31249989084199115,-0.062499890841991146
8077,84.13541666666667,1855186,1855185.9375,-0.062499890841991146,-0.12499989084199115
8078,84.14583333333333,1855416,1855415.625,-0.12499989084199115,-0.49999989084199115
8079,84.15625,1855645,1855645.3125,-0.49999989084199115,-0.18749989084199115
8080,84.16666666666667,1855875,1855875.0,-0.18749989084199115,-0.18749989084199115
8081,84.17708333333333,1856105,1856104.6875,-0.18749989084199115,-0.49999989084199115
8082,84.196875,1856541,1856541.0937500002,-0.49999989084199115,-0.4062498906091605
8083,84.20729166666668,1856770,1856770.7812500002,-0.4062498906091605,0.37500010962367014
8084,84.21770833333333,1857001,1857000.46875,0.37500010962367014,-0.15624989037632986
8085,84.228125,1857230,1857230.1562500002,-0.15624989037632986,1.0985650078509934e-07
8086,84.23854166666668,1857460,1857459.8437500002,1.0985650078509934e-07,-0.15624988991066857
8087,84.24895833333333,1857689,1857689.53125,-0.15624988991066857,0.37500011008933143
8088,84.25,1857713,1857712.5,0.37500011008933143,-0.12499988991066857
8089,84.26041666666667,1857942,1857942.1875,-0.12499988991066857,0.06250011008933143
8090,84.27083333333333,1858172,1858171.875,0.06250011008933143,-0.06249988991066857
8091,84.28125,1858402,1858401.5625,-0.06249988991066857,-0.49999988991066857
8092,84.29166666666667,1858631,1858631.25,-0.49999988991066857,-0.24999988991066857
8093,84.30208333333333,1858861,1858860.9375,-0.24999988991066857,-0.31249988991066857
8094,84.321875,1859297,1859297.3437500002,-0.31249988991066857,0.03125011032216207
8095,84.33229166666668,1859527,1859527.0312500002,0.03125011032216207,0.06250011055499272
8096,84.34270833333333,1859757,1859756.71875,0.06250011055499272,-0.21874988944500728
8097,84.353125,1859986,1859986.4062500002,-0.21874988944500728,0.18750011078782336
8098,84.36354166666668,1860216,1860216.0937500002,0.18750011078782336,0.281250111020654
8099,84.37395833333333,1860446,1860445.78125,0.281250111020654,0.062500111020654
8100,84.375,1860469,1860468.75,0.062500111020654,-0.187499888979346
8101,84.38541666666667,1860698,1860698.4375,-0.187499888979346,0.250000111020654
8102,84.39583333333333,1860928,1860928.125,0.250000111020654,0.375000111020654
8103,84.40625,1861158,1861157.8125,0.375000111020654,0.187500111020654
8104,84.41666666666667,1861388,1861387.5,0.187500111020654,-0.312499888979346
8105,84.42708333333333,1861617,1861617.1875,-0.312499888979346,-0.124999888979346
8106,84.446875,1862053,1862053.5937500002,-0.124999888979346,0.46875011125348465
8107,84.45729166666668,1862284,1862283.2812500002,0.46875011125348465,-0.2499998885136847
8108,84.46770833333333,1862513,1862512.96875,-0.2499998885136847,-0.2812498885136847
8109,84.478125,1862742,1862742.6562500002,-0.2812498885136847,0.37500011171914593
8110,84.48854166666668,1862973,1862972.3437500002,0.37500011171914593,-0.2812498880480234
8111,84.49895833333333,1863202,1863202.03125,-0.2812498880480234,-0.24999988804802342
8112,84.5,1863225,1863225.0,-0.24999988804802342,-0.24999988804802342
8113,84.51041666666667,1863454,1863454.6875,-0.24999988804802342,0.4375001119519766
8114,84.52083333333333,1863685,1863684.375,0.4375001119519766,-0.18749988804802342
8115,84.53125,1863914,1863914.0625,-0.18749988804802342,-0.12499988804802342
8116,84.54166666666667,1864144,1864143.75,-0.12499988804802342,-0.3749998880480234
8117,84.55208333333333,1864373,1864373.4375,-0.3749998880480234,0.06250011195197658
8118,84.571875,1864810,1864809.8437500002,0.06250011195197658,-0.09374988781519278
8119,84.58229166666668,1865039,1865039.5312500002,-0.09374988781519278,0.43750011241763787
8120,84.59270833333333,1865270,1865269.21875,0.43750011241763787,-0.34374988758236213
8121,84.603125,1865499,1865498.9062500002,-0.34374988758236213,-0.4374998873495315
8122,84.61354166666668,1865728,1865728.5937500002,-0.4374998873495315,0.15625011288329915
8123,84.62395833333333,1865958,1865958.28125,0.15625011288329915,0.43750011288329915
8124,84.625,1865982,1865981.25,0.43750011288329915,-0.31249988711670085
8125,84.63541666666667,1866211,1866210.9375,-0.31249988711670085,-0.37499988711670085
8126,84.64583333333333,1866440,1866440.625,-0.37499988711670085,0.25000011288329915
8127,84.65625,1866671,1866670.3125,0.25000011288329915,-0.43749988711670085
8128,84.66666666666667,1866900,1866900.0,-0.43749988711670085,-0.43749988711670085
8129,84.67708333333333,1867129,1867129.6875,-0.43749988711670085,0.25000011288329915
8130,84.696875,1867566,1867566.0937500002,0.25000011288329915,0.3437501131161298
8131,84.70729166666668,1867796,1867795.7812500002,0.3437501131161298,0.12500011334896044
8132,84.71770833333333,1868026,1868025.46875,0.12500011334896044,-0.40624988665103956
8133,84.728125,1868255,1868255.1562500002,-0.40624988665103956,-0.24999988641820892
8134,84.73854166666668,1868485,1868484.8437500002,-0.24999988641820892,-0.4062498861853783
8135,84.74895833333333,1868714,1868714.53125,-0.4062498861853783,0.12500011381462173
8136,84.75,1868738,1868737.5,0.12500011381462173,-0.3749998861853783
8137,84.76041666666667,1868967,1868967.1875,-0.3749998861853783,-0.18749988618537827
8138,84.77083333333333,1869197,1869196.875,-0.18749988618537827,-0.3124998861853783
8139,84.78125,1869426,1869426.5625,-0.3124998861853783,0.2500001138146217
8140,84.79166666666667,1869657,1869656.25,0.2500001138146217,-0.4999998861853783
8141,84.80208333333333,1869885,1869885.9375,-0.4999998861853783,0.4375001138146217
8142,84.821875,1870323,1870322.3437500002,0.4375001138146217,-0.21874988595254763
8143,84.83229166666668,1870552,1870552.0312500002,-0.21874988595254763,-0.18749988571971699
8144,84.84270833333333,1870782,1870781.71875,-0.18749988571971699,-0.468749885719717
8145,84.853125,1871011,1871011.4062500002,-0.468749885719717,-0.06249988548688634
8146,84.86354166666668,1871241,1871241.0937500002,-0.06249988548688634,0.0312501147459443
8147,84.87395833333333,1871471,1871470.78125,0.0312501147459443,-0.1874998852540557
8148,84.875,1871494,1871493.75,-0.1874998852540557,-0.4374998852540557
8149,84.88541666666667,1871723,1871723.4375,-0.4374998852540557,1.147459443018306e-07
8150,84.89583333333333,1871953,1871953.125,1.147459443018306e-07,0.1250001147459443
8151,84.90625,1872183,1872182.8125,0.1250001147459443,-0.0624998852540557
8152,84.91666666666667,1872412,1872412.5,-0.0624998852540557,0.4375001147459443
8153,84.92708333333333,1872643,1872642.1875,0.4375001147459443,-0.3749998852540557
8154,84.946875,1873078,1873078.5937500002,-0.3749998852540557,0.21875011497877495
8155,84.95729166666668,1873309,1873308.2812500002,0.21875011497877495,-0.4999998847883944
8156,84.96770833333333,1873537,1873537.96875,-0.4999998847883944,0.4687501152116056
8157,84.978125,1873768,1873767.6562500002,0.4687501152116056,0.12500011544443623
8158,84.98854166666668,1873997,1873997.3437500002,0.12500011544443623,0.4687501156772669
8159,84.99895833333333,1874228,1874227.03125,0.4687501156772669,-0.4999998843227331
8160,85.0,1874250,1874250.0,-0.4999998843227331,-0.4999998843227331
8161,85.01041666666667,1874479,1874479.6875,-0.4999998843227331,0.18750011567726688
8162,85.02083333333333,1874710,1874709.375,0.18750011567726688,-0.4374998843227331
8163,85.03125,1874939,1874939.0625,-0.4374998843227331,-0.3749998843227331
8164,85.04166666666667,1875168,1875168.75,-0.3749998843227331,0.3750001156772669
8165,85.05208333333333,1875399,1875398.4375,0.3750001156772669,-0.18749988432273312
8166,85.071875,1875835,1875834.8437500002,-0.18749988432273312,-0.3437498840899025
8167,85.08229166666668,1876064,1876064.5312500002,-0.3437498840899025,0.18750011614292816
8168,85.09270833333333,1876294,1876294.21875,0.18750011614292816,0.40625011614292816
8169,85.103125,1876524,1876523.9062500002,0.40625011614292816,0.3125001163757588
8170,85.11354166666668,1876754,1876753.5937500002,0.3125001163757588,-0.09374988339141055
8171,85.12395833333333,1876983,1876983.28125,-0.09374988339141055,0.18750011660858945
8172,85.125,1877006,1877006.25,0.18750011660858945,0.43750011660858945
8173,85.13541666666667,1877236,1877235.9375,0.43750011660858945,0.37500011660858945
8174,85.14583333333333,1877466,1877465.625,0.37500011660858945,1.1660858945106156e-07
8175,85.15625,1877695,1877695.3125,1.1660858945106156e-07,0.31250011660858945
8176,85.16666666666667,1877925,1877925.0,0.31250011660858945,0.31250011660858945
8177,85.17708333333333,1878155,1878154.6875,0.31250011660858945,1.1660858945106156e-07
8178,85.196875,1878591,1878591.0937500002,1.1660858945106156e-07,0.0937501168414201
8179,85.20729166666668,1878821,1878820.7812500002,0.0937501168414201,-0.12499988292574926
8180,85.21770833333333,1879050,1879050.46875,-0.12499988292574926,0.34375011707425074
8181,85.228125,1879281,1879280.1562500002,0.34375011707425074,-0.4999998826929186
8182,85.23854166666668,1879509,1879509.8437500002,-0.4999998826929186,0.343750117539912
8183,85.24895833333333,1879740,1879739.53125,0.343750117539912,-0.12499988246008797
8184,85.25,1879762,1879762.5,-0.12499988246008797,0.375000117539912
8185,85.26041666666667,1879993,1879992.1875,0.375000117539912,-0.437499882460088
8186,85.27083333333333,1880221,1880221.875,-0.437499882460088,0.437500117539912
8187,85.28125,1880452,1880451.5625,0.437500117539912,1.1753991202567704e-07
8188,85.29166666666667,1880681,1880681.25,1.1753991202567704e-07,0.250000117539912
8189,85.30208333333333,1880911,1880910.9375,0.250000117539912,0.18750011753991203
8190,85.321875,1881348,1881347.3437500002,0.18750011753991203,-0.46874988222725733
8191,85.33229166666668,1881577,1881577.0312500002,-0.46874988222725733,-0.4374998819944267
8192,85.34270833333333,1881806,1881806.71875,-0.4374998819944267,0.2812501180055733
8193,85.353125,1882037,1882036.4062500002,0.2812501180055733,-0.31249988176159604
8194,85.36354166666668,1882266,1882266.0937500002,-0.31249988176159604,-0.2187498815287654
8195,85.37395833333333,1882496,1882495.78125,-0.2187498815287654,-0.4374998815287654
8196,85.375,1882518,1882518.75,-0.4374998815287654,0.3125001184712346
8197,85.38541666666667,1882749,1882748.4375,0.3125001184712346,-0.2499998815287654
8198,85.39583333333333,1882978,1882978.125,-0.2499998815287654,-0.1249998815287654
8199,85.40625,1883208,1883207.8125,-0.1249998815287654,-0.3124998815287654
8200,85.41666666666667,1883437,1883437.5,-0.3124998815287654,0.1875001184712346
8201,85.42708333333333,1883667,1883667.1875,0.1875001184712346,0.3750001184712346
8202,85.446875,1884104,1884103.5937500002,0.3750001184712346,-0.031249881295934756
8203,85.45729166666668,1884333,1884333.2812500002,-0.031249881295934756,0.2500001189368959
8204,85.46770833333333,1884563,1884562.96875,0.2500001189368959,0.2187501189368959
8205,85.478125,1884793,1884792.6562500002,0.2187501189368959,-0.12499988083027347
8206,85.48854166666668,1885022,1885022.3437500002,-0.12499988083027347,0.21875011940255717
8207,85.49895833333333,1885252,1885252.03125,0.21875011940255717,0.2500001194025572
8208,85.5,1885275,1885275.0,0.2500001194025572,0.2500001194025572
8209,85.51041666666667,1885505,1885504.6875,0.2500001194025572,-0.062499880597442825
8210,85.52083333333333,1885734,1885734.375,-0.062499880597442825,0.3125001194025572
8211,85.53125,1885964,1885964.0625,0.3125001194025572,0.3750001194025572
8212,85.54166666666667,1886194,1886193.75,0.3750001194025572,0.12500011940255717
8213,85.55208333333333,1886424,1886423.4375,0.12500011940255717,-0.4374998805974428
8214,85.571875,1886859,1886859.8437500002,-0.4374998805974428,0.4062501196353878
8215,85.58229166666668,1887090,1887089.5312500002,0.4062501196353878,-0.06249988013178154
8216,85.59270833333333,1887319,1887319.21875,-0.06249988013178154,0.15625011986821846
8217,85.603125,1887549,1887548.9062500002,0.15625011986821846,0.0625001201010491
8218,85.61354166666668,1887779,1887778.5937500002,0.0625001201010491,-0.34374987966612025
8219,85.62395833333333,1888008,1888008.28125,-0.34374987966612025,-0.06249987966612025
8220,85.625,1888031,1888031.25,-0.06249987966612025,0.18750012033387975
8221,85.63541666666667,1888261,1888260.9375,0.18750012033387975,0.12500012033387975
8222,85.64583333333333,1888491,1888490.625,0.12500012033387975,-0.24999987966612025
8223,85.65625,1888720,1888720.3125,-0.24999987966612025,0.06250012033387975
8224,85.66666666666667,1888950,1888950.0,0.06250012033387975,0.06250012033387975
8225,85.67708333333333,1889180,1889179.6875,0.06250012033387975,-0.24999987966612025
8226,85.696875,1889616,1889616.0937500002,-0.24999987966612025,-0.1562498794332896
8227,85.70729166666668,1889846,1889845.7812500002,-0.1562498794332896,-0.37499987920045896
8228,85.71770833333333,1890075,1890075.46875,-0.37499987920045896,0.09375012079954104
8229,85.728125,1890305,1890305.1562500002,0.09375012079954104,0.2500001210323717
8230,85.73854166666668,1890535,1890534.8437500002,0.2500001210323717,0.09375012126520232
8231,85.74895833333333,1890765,1890764.53125,0.09375012126520232,-0.3749998787347977
8232,85.75,1890787,1890787.5,-0.3749998787347977,0.12500012126520232
8233,85.76041666666667,1891017,1891017.1875,0.12500012126520232,0.3125001212652023
8234,85.77083333333333,1891247,1891246.875,0.3125001212652023,0.18750012126520232
8235,85.78125,1891477,1891476.5625,0.18750012126520232,-0.24999987873479768
8236,85.79166666666667,1891706,1891706.25,-0.24999987873479768,1.2126520232413895e-07
8237,85.80208333333333,1891936,1891935.9375,1.2126520232413895e-07,-0.062499878734797676
8238,85.821875,1892372,1892372.3437500002,-0.062499878734797676,0.28125012149803297
8239,85.83229166666668,1892602,1892602.0312500002,0.28125012149803297,0.3125001217308636
8240,85.84270833333333,1892832,1892831.71875,0.3125001217308636,0.03125012173086361
8241,85.853125,1893061,1893061.4062500002,0.03125012173086361,0.43750012196369426
8242,85.86354166666668,1893292,1893291.0937500002,0.43750012196369426,-0.4687498778034751
8243,85.87395833333333,1893520,1893520.78125,-0.4687498778034751,0.3125001221965249
8244,85.875,1893544,1893543.75,0.3125001221965249,0.0625001221965249
8245,85.88541666666667,1893774,1893773.4375,0.0625001221965249,-0.4999998778034751
8246,85.89583333333333,1894003,1894003.125,-0.4999998778034751,-0.3749998778034751
8247,85.90625,1894232,1894232.8125,-0.3749998778034751,0.4375001221965249
8248,85.91666666666667,1894463,1894462.5,0.4375001221965249,-0.0624998778034751
8249,85.92708333333333,1894692,1894692.1875,-0.0624998778034751,0.1250001221965249
8250,85.946875,1895129,1895128.5937500002,0.1250001221965249,-0.28124987757064446
8251,85.95729166666668,1895358,1895358.2812500002,-0.28124987757064446,1.2266218618606217e-07
8252,85.96770833333333,1895588,1895587.96875,1.2266218618606217e-07,-0.031249877337813814
8253,85.978125,1895818,1895817.6562500002,-0.031249877337813814,-0.37499987710498317
8254,85.98854166666668,1896047,1896047.3437500002,-0.37499987710498317,-0.031249876872152527
8255,85.99895833333333,1896277,1896277.03125,-0.031249876872152527,1.231278474733699e-07
8256,86.0,1896300,1896300.0,1.231278474733699e-07,1.231278474733699e-07
8257,86.01041666666667,1896530,1896529.6875,1.231278474733699e-07,-0.3124998768721525
8258,86.02083333333333,1896759,1896759.375,-0.3124998768721525,0.06250012312784747
8259,86.03125,1896989,1896989.0625,0.06250012312784747,0.12500012312784747
8260,86.04166666666667,1897219,1897218.75,0.12500012312784747,-0.12499987687215253
8261,86.05208333333333,1897448,1897448.4375,-0.12499987687215253,0.3125001231278475
8262,86.071875,1897885,1897884.8437500002,0.3125001231278475,0.15625012336067812
8263,86.08229166666668,1898115,1898114.5312500002,0.15625012336067812,-0.31249987640649124
8264,86.09270833333333,1898344,1898344.21875,-0.31249987640649124,-0.09374987640649124
8265,86.103125,1898574,1898573.9062500002,-0.09374987640649124,-0.1874998761736606
8266,86.11354166666668,1898803,1898803.5937500002,-0.1874998761736606,0.40625012405917005
8267,86.12395833333333,1899034,1899033.28125,0.40625012405917005,-0.31249987594082995
8268,86.125,1899056,1899056.25,-0.31249987594082995,-0.06249987594082995
8269,86.13541666666667,1899286,1899285.9375,-0.06249987594082995,-0.12499987594082995
8270,86.14583333333333,1899516,1899515.625,-0.12499987594082995,-0.49999987594082995
8271,86.15625,1899745,1899745.3125,-0.49999987594082995,-0.18749987594082995
8272,86.16666666666667,1899975,1899975.0,-0.18749987594082995,-0.18749987594082995
8273,86.17708333333333,1900205,1900204.6875,-0.18749987594082995,-0.49999987594082995
8274,86.196875,1900641,1900641.0937500002,-0.49999987594082995,-0.4062498757079993
8275,86.20729166666668,1900870,1900870.7812500002,-0.4062498757079993,0.37500012452483134
8276,86.21770833333333,1901101,1901100.46875,0.37500012452483134,-0.15624987547516866
8277,86.228125,1901330,1901330.1562500002,-0.15624987547516866,1.24757661978947e-07
8278,86.23854166666668,1901560,1901559.8437500002,1.24757661978947e-07,-0.15624987500950738
8279,86.24895833333333,1901789,1901789.53125,-0.15624987500950738,0.3750001249904926
8280,86.25,1901813,1901812.5,0.3750001249904926,-0.12499987500950738
8281,86.26041666666667,1902042,1902042.1875,-0.12499987500950738,0.06250012499049262
8282,86.27083333333333,1902272,1902271.875,0.06250012499049262,-0.06249987500950738
8283,86.28125,1902502,1902501.5625,-0.06249987500950738,-0.4999998750095074
8284,86.29166666666667,1902731,1902731.25,-0.4999998750095074,-0.24999987500950738
8285,86.30208333333333,1902961,1902960.9375,-0.24999987500950738,-0.3124998750095074
8286,86.321875,1903397,1903397.3437500002,-0.3124998750095074,0.031250125223323266
8287,86.33229166666668,1903627,1903627.0312500002,0.031250125223323266,0.06250012545615391
8288,86.34270833333333,1903857,1903856.71875,0.06250012545615391,-0.2187498745438461
8289,86.353125,1904086,1904086.4062500002,-0.2187498745438461,0.18750012568898455
8290,86.36354166666668,1904316,1904316.0937500002,0.18750012568898455,0.2812501259218152
8291,86.37395833333333,1904546,1904545.78125,0.2812501259218152,0.0625001259218152
8292,86.375,1904569,1904568.75,0.0625001259218152,-0.1874998740781848
8293,86.38541666666667,1904798,1904798.4375,-0.1874998740781848,0.2500001259218152
8294,86.39583333333333,1905028,1905028.125,0.2500001259218152,0.3750001259218152
8295,86.40625,1905258,1905257.8125,0.3750001259218152,0.1875001259218152
8296,86.41666666666667,1905488,1905487.5,0.1875001259218152,-0.3124998740781848
8297,86.42708333333333,1905717,1905717.1875,-0.3124998740781848,-0.1249998740781848
8298,86.446875,1906153,1906153.5937500002,-0.1249998740781848,0.46875012615464584
8299,86.45729166666668,1906384,1906383.2812500002,0.46875012615464584,-0.24999987361252352
8300,86.46770833333333,1906613,1906612.96875,-0.24999987361252352,-0.2812498736125235
8301,86.478125,1906842,1906842.6562500002,-0.2812498736125235,0.37500012662030713
8302,86.48854166666668,1907073,1907072.3437500002,0.37500012662030713,-0.28124987314686223
8303,86.49895833333333,1907302,1907302.03125,-0.28124987314686223,-0.24999987314686223
8304,86.5,1907325,1907325.0,-0.24999987314686223,-0.24999987314686223
8305,86.51041666666667,1907554,1907554.6875,-0.24999987314686223,0.43750012685313777
8306,86.52083333333333,1907785,1907784.375,0.43750012685313777,-0.18749987314686223
8307,86.53125,1908014,1908014.0625,-0.18749987314686223,-0.12499987314686223
8308,86.54166666666667,1908244,1908243.75,-0.12499987314686223,-0.37499987314686223
8309,86.55208333333333,1908473,1908473.4375,-0.37499987314686223,0.06250012685313777
8310,86.571875,1908910,1908909.8437500002,0.06250012685313777,-0.09374987291403158
8311,86.58229166666668,1909139,1909139.5312500002,-0.09374987291403158,0.43750012731879906
8312,86.59270833333333,1909370,1909369.21875,0.43750012731879906,-0.34374987268120094
8313,86.603125,1909599,1909598.9062500002,-0.34374987268120094,-0.4374998724483703
8314,86.61354166666668,1909828,1909828.5937500002,-0.4374998724483703,0.15625012778446035
8315,86.62395833333333,1910058,1910058.28125,0.15625012778446035,0.43750012778446035
8316,86.625,1910082,1910081.25,0.43750012778446035,-0.31249987221553965
8317,86.63541666666667,1910311,1910310.9375,-0.31249987221553965,-0.37499987221553965
8318,86.64583333333333,1910540,1910540.625,-0.37499987221553965,0.25000012778446035
8319,86.65625,1910771,1910770.3125,0.25000012778446035,-0.43749987221553965
8320,86.66666666666667,1911000,1911000.0,-0.43749987221553965,-0.43749987221553965
8321,86.67708333333333,1911229,1911229.6875,-0.43749987221553965,0.25000012778446035
8322,86.696875,1911666,1911666.0937500002,0.25000012778446035,0.343750128017291
8323,86.70729166666668,1911896,1911895.7812500002,0.343750128017291,0.12500012825012163
8324,86.71770833333333,1912126,1912125.46875,0.12500012825012163,-0.40624987174987837
8325,86.728125,1912355,1912355.1562500002,-0.40624987174987837,-0.24999987151704772
8326,86.73854166666668,1912585,1912584.8437500002,-0.24999987151704772,-0.4062498712842171
8327,86.74895833333333,1912814,1912814.53125,-0.4062498712842171,0.12500012871578292
8328,86.75,1912838,1912837.5,0.12500012871578292,-0.3749998712842171
8329,86.76041666666667,1913067,1913067.1875,-0.3749998712842171,-0.18749987128421708
8330,86.77083333333333,1913297,1913296.875,-0.18749987128421708,-0.3124998712842171
8331,86.78125,1913526,1913526.5625,-0.3124998712842171,0.2500001287157829
8332,86.79166666666667,1913757,1913756.25,0.2500001287157829,-0.4999998712842171
8333,86.80208333333333,1913985,1913985.9375,-0.4999998712842171,0.4375001287157829
8334,86.821875,1914423,1914422.3437500002,0.4375001287157829,-0.21874987105138644
8335,86.83229166666668,1914652,1914652.0312500002,-0.21874987105138644,-0.1874998708185558
8336,86.84270833333333,1914882,1914881.71875,-0.1874998708185558,-0.4687498708185558
8337,86.853125,1915111,1915111.4062500002,-0.4687498708185558,-0.06249987058572515
8338,86.86354166666668,1915341,1915341.0937500002,-0.06249987058572515,0.031250129647105496
8339,86.87395833333333,1915571,1915570.78125,0.031250129647105496,-0.1874998703528945
8340,86.875,1915594,1915593.75,-0.1874998703528945,-0.4374998703528945
8341,86.88541666666667,1915823,1915823.4375,-0.4374998703528945,1.2964710549567826e-07
8342,86.89583333333333,1916053,1916053.125,1.2964710549567826e-07,0.1250001296471055
8343,86.90625,1916283,1916282.8125,0.1250001296471055,-0.062499870352894504
8344,86.91666666666667,1916512,1916512.5,-0.062499870352894504,0.4375001296471055
8345,86.92708333333333,1916743,1916742.1875,0.4375001296471055,-0.3749998703528945
8346,86.946875,1917178,1917178.5937500002,-0.3749998703528945,0.21875012987993614
8347,86.95729166666668,1917409,1917408.2812500002,0.21875012987993614,-0.4999998698872332
8348,86.96770833333333,1917637,1917637.96875,-0.4999998698872332,0.4687501301127668
8349,86.978125,1917868,1917867.6562500002,0.4687501301127668,0.12500013034559743
8350,86.98854166666668,1918097,1918097.3437500002,0.12500013034559743,0.46875013057842807
8351,86.99895833333333,1918328,1918327.03125,0.46875013057842807,-0.49999986942157193
8352,87.0,1918350,1918350.0,-0.49999986942157193,-0.49999986942157193
8353,87.01041666666667,1918579,1918579.6875,-0.49999986942157193,0.18750013057842807
8354,87.02083333333333,1918810,1918809.375,0.18750013057842807,-0.43749986942157193
8355,87.03125,1919039,1919039.0625,-0.43749986942157193,-0.37499986942157193
8356,87.04166666666667,1919268,1919268.75,-0.37499986942157193,0.37500013057842807
8357,87.05208333333333,1919499,1919498.4375,0.37500013057842807,-0.18749986942157193
8358,87.071875,1919935,1919934.8437500002,-0.18749986942157193,-0.3437498691887413
8359,87.08229166666668,1920164,1920164.5312500002,-0.3437498691887413,0.18750013104408936
8360,87.09270833333333,1920394,1920394.21875,0.18750013104408936,0.40625013104408936
8361,87.103125,1920624,1920623.9062500002,0.40625013104408936,0.31250013127692
8362,87.11354166666668,1920854,1920853.5937500002,0.31250013127692,-0.09374986849024936
8363,87.12395833333333,1921083,1921083.28125,-0.09374986849024936,0.18750013150975064
8364,87.125,1921106,1921106.25,0.18750013150975064,0.43750013150975064
8365,87.13541666666667,1921336,1921335.9375,0.43750013150975064,0.37500013150975064
8366,87.14583333333333,1921566,1921565.625,0.37500013150975064,1.3150975064490922e-07
8367,87.15625,1921795,1921795.3125,1.3150975064490922e-07,0.31250013150975064
8368,87.16666666666667,1922025,1922025.0,0.31250013150975064,0.31250013150975064
8369,87.17708333333333,1922255,1922254.6875,0.31250013150975064,1.3150975064490922e-07
8370,87.196875,1922691,1922691.0937500002,1.3150975064490922e-07,0.09375013174258129
8371,87.20729166666668,1922921,1922920.7812500002,0.09375013174258129,-0.12499986802458807
8372,87.21770833333333,1923150,1923150.46875,-0.12499986802458807,0.34375013197541193
8373,87.228125,1923381,1923380.1562500002,0.34375013197541193,-0.4999998677917574
8374,87.23854166666668,1923609,1923609.8437500002,-0.4999998677917574,0.3437501324410732
8375,87.24895833333333,1923840,1923839.53125,0.3437501324410732,-0.12499986755892678
8376,87.25,1923862,1923862.5,-0.12499986755892678,0.3750001324410732
8377,87.26041666666667,1924093,1924092.1875,0.3750001324410732,-0.4374998675589268
8378,87.27083333333333,1924321,1924321.875,-0.4374998675589268,0.4375001324410732
8379,87.28125,1924552,1924551.5625,0.4375001324410732,1.324410732195247e-07
8380,87.29166666666667,1924781,1924781.25,1.324410732195247e-07,0.2500001324410732
8381,87.30208333333333,1925011,1925010.9375,0.2500001324410732,0.18750013244107322
8382,87.321875,1925448,1925447.3437500002,0.18750013244107322,-0.46874986732609614
8383,87.33229166666668,1925677,1925677.0312500002,-0.46874986732609614,-0.4374998670932655
8384,87.34270833333333,1925906,1925906.71875,-0.4374998670932655,0.2812501329067345
8385,87.353125,1926137,1926136.4062500002,0.2812501329067345,-0.31249986686043485
8386,87.36354166666668,1926366,1926366.0937500002,-0.31249986686043485,-0.2187498666276042
8387,87.37395833333333,1926596,1926595.78125,-0.2187498666276042,-0.4374998666276042
8388,87.375,1926618,1926618.75,-0.4374998666276042,0.3125001333723958
8389,87.38541666666667,1926849,1926848.4375,0.3125001333723958,-0.2499998666276042
8390,87.39583333333333,1927078,1927078.125,-0.2499998666276042,-0.1249998666276042
8391,87.40625,1927308,1927307.8125,-0.1249998666276042,-0.3124998666276042
8392,87.41666666666667,1927537,1927537.5,-0.3124998666276042,0.1875001333723958
8393,87.42708333333333,1927767,1927767.1875,0.1875001333723958,0.3750001333723958
8394,87.446875,1928204,1928203.5937500002,0.3750001333723958,-0.031249866394773562
8395,87.45729166666668,1928433,1928433.2812500002,-0.031249866394773562,0.2500001338380571
8396,87.46770833333333,1928663,1928662.96875,0.2500001338380571,0.21875013383805708
8397,87.478125,1928893,1928892.6562500002,0.21875013383805708,-0.12499986592911227
8398,87.48854166666668,1929122,1929122.3437500002,-0.12499986592911227,0.21875013430371837
8399,87.49895833333333,1929352,1929352.03125,0.21875013430371837,0.25000013430371837
8400,87.5,1929375,1929375.0,0.25000013430371837,0.25000013430371837
8401,87.51041666666667,1929605,1929604.6875,0.25000013430371837,-0.06249986569628163
8402,87.52083333333333,1929834,1929834.375,-0.06249986569628163,0.31250013430371837
8403,87.53125,1930064,1930064.0625,0.31250013430371837,0.37500013430371837
8404,87.54166666666667,1930294,1930293.75,0.37500013430371837,0.12500013430371837
8405,87.55208333333333,1930524,1930523.4375,0.12500013430371837,-0.43749986569628163
8406,87.571875,1930959,1930959.8437500002,-0.43749986569628163,0.406250134536549
8407,87.58229166666668,1931190,1931189.5312500002,0.406250134536549,-0.062499865230620344
8408,87.59270833333333,1931419,1931419.21875,-0.062499865230620344,0.15625013476937966
8409,87.603125,1931649,1931648.9062500002,0.15625013476937966,0.0625001350022103
8410,87.61354166666668,1931879,1931878.5937500002,0.0625001350022103,-0.34374986476495906
8411,87.62395833333333,1932108,1932108.28125,-0.34374986476495906,-0.06249986476495906
8412,87.625,1932131,1932131.25,-0.06249986476495906,0.18750013523504094
8413,87.63541666666667,1932361,1932360.9375,0.18750013523504094,0.12500013523504094
8414,87.64583333333333,1932591,1932590.625,0.12500013523504094,-0.24999986476495906
8415,87.65625,1932820,1932820.3125,-0.24999986476495906,0.06250013523504094
8416,87.66666666666667,1933050,1933050.0,0.06250013523504094,0.06250013523504094
8417,87.67708333333333,1933280,1933279.6875,0.06250013523504094,-0.24999986476495906
8418,87.696875,1933716,1933716.0937500002,-0.24999986476495906,-0.1562498645321284
8419,87.70729166666668,1933946,1933945.7812500002,-0.1562498645321284,-0.37499986429929777
8420,87.71770833333333,1934175,1934175.46875,-0.37499986429929777,0.09375013570070223
8421,87.728125,1934405,1934405.1562500002,0.09375013570070223,0.2500001359335329
8422,87.73854166666668,1934635,1934634.8437500002,0.2500001359335329,0.09375013616636352
8423,87.74895833333333,1934865,1934864.53125,0.09375013616636352,-0.3749998638336365
8424,87.75,1934887,1934887.5,-0.3749998638336365,0.12500013616636352
8425,87.76041666666667,1935117,1935117.1875,0.12500013616636352,0.3125001361663635
8426,87.77083333333333,1935347,1935346.875,0.3125001361663635,0.18750013616636352
8427,87.78125,1935577,1935576.5625,0.18750013616636352,-0.24999986383363648
8428,87.79166666666667,1935806,1935806.25,-0.24999986383363648,1.361663635179866e-07
8429,87.80208333333333,1936036,1936035.9375,1.361663635179866e-07,-0.06249986383363648
8430,87.821875,1936472,1936472.3437500002,-0.06249986383363648,0.28125013639919416
8431,87.83229166666668,1936702,1936702.0312500002,0.28125013639919416,0.3125001366320248
8432,87.84270833333333,1936932,1936931.71875,0.3125001366320248,0.031250136632024805
8433,87.853125,1937161,1937161.4062500002,0.031250136632024805,0.43750013686485545
8434,87.86354166666668,1937392,1937391.0937500002,0.43750013686485545,-0.4687498629023139
8435,87.87395833333333,1937620,1937620.78125,-0.4687498629023139,0.3125001370976861
8436,87.875,1937644,1937643.75,0.3125001370976861,0.06250013709768609
8437,87.88541666666667,1937874,1937873.4375,0.06250013709768609,-0.4999998629023139
8438,87.89583333333333,1938103,1938103.125,-0.4999998629023139,-0.3749998629023139
8439,87.90625,1938332,1938332.8125,-0.3749998629023139,0.4375001370976861
8440,87.91666666666667,1938563,1938562.5,0.4375001370976861,-0.06249986290231391
8441,87.92708333333333,1938792,1938792.1875,-0.06249986290231391,0.1250001370976861
8442,87.946875,1939229,1939228.5937500002,0.1250001370976861,-0.28124986266948326
8443,87.95729166666668,1939458,1939458.2812500002,-0.28124986266948326,1.3756334737990983e-07
8444,87.96770833333333,1939688,1939687.96875,1.3756334737990983e-07,-0.03124986243665262
8445,87.978125,1939918,1939917.6562500002,-0.03124986243665262,-0.374999862203822
8446,87.98854166666668,1940147,1940147.3437500002,-0.374999862203822,-0.031249861970991333
8447,87.99895833333333,1940377,1940377.03125,-0.031249861970991333,1.3802900866721757e-07
8448,88.0,1940400,1940400.0,1.3802900866721757e-07,1.3802900866721757e-07
8449,88.01041666666667,1940630,1940629.6875,1.3802900866721757e-07,-0.31249986197099133
8450,88.02083333333333,1940859,1940859.375,-0.31249986197099133,0.06250013802900867
8451,88.03125,1941089,1941089.0625,0.06250013802900867,0.12500013802900867
8452,88.04166666666667,1941319,1941318.75,0.12500013802900867,-0.12499986197099133
8453,88.05208333333333,1941548,1941548.4375,-0.12499986197099133,0.31250013802900867
8454,88.071875,1941985,1941984.8437500002,0.31250013802900867,0.1562501382618393
8455,88.08229166666668,1942215,1942214.5312500002,0.1562501382618393,-0.31249986150533005
8456,88.09270833333333,1942444,1942444.21875,-0.31249986150533005,-0.09374986150533005
8457,88.103125,1942674,1942673.9062500002,-0.09374986150533005,-0.1874998612724994
8458,88.11354166666668,1942903,1942903.5937500002,-0.1874998612724994,0.40625013896033124
8459,88.12395833333333,1943134,1943133.28125,0.40625013896033124,-0.31249986103966876
8460,88.125,1943156,1943156.25,-0.31249986103966876,-0.06249986103966876
8461,88.13541666666667,1943386,1943385.9375,-0.06249986103966876,-0.12499986103966876
8462,88.14583333333333,1943616,1943615.625,-0.12499986103966876,-0.49999986103966876
8463,88.15625,1943845,1943845.3125,-0.49999986103966876,-0.18749986103966876
8464,88.16666666666667,1944075,1944075.0,-0.18749986103966876,-0.18749986103966876
8465,88.17708333333333,1944305,1944304.6875,-0.18749986103966876,-0.49999986103966876
8466,88.196875,1944741,1944741.0937500002,-0.49999986103966876,-0.4062498608068381
8467,88.20729166666668,1944970,1944970.7812500002,-0.4062498608068381,0.37500013942599253
8468,88.21770833333333,1945201,1945200.46875,0.37500013942599253,-0.15624986057400747
8469,88.228125,1945430,1945430.1562500002,-0.15624986057400747,1.3965882317279465e-07
8470,88.23854166666668,1945660,1945659.8437500002,1.3965882317279465e-07,-0.15624986010834618
8471,88.24895833333333,1945889,1945889.53125,-0.15624986010834618,0.3750001398916538
8472,88.25,1945913,1945912.5,0.3750001398916538,-0.12499986010834618
8473,88.26041666666667,1946142,1946142.1875,-0.12499986010834618,0.06250013989165382
8474,88.27083333333333,1946372,1946371.875,0.06250013989165382,-0.062499860108346184
8475,88.28125,1946602,1946601.5625,-0.062499860108346184,-0.4999998601083462
8476,88.29166666666667,1946831,1946831.25,-0.4999998601083462,-0.24999986010834618
8477,88.30208333333333,1947061,1947060.9375,-0.24999986010834618,-0.3124998601083462
8478,88.321875,1947497,1947497.3437500002,-0.3124998601083462,0.03125014012448446
8479,88.33229166666668,1947727,1947727.0312500002,0.03125014012448446,0.0625001403573151
8480,88.34270833333333,1947957,1947956.71875,0.0625001403573151,-0.2187498596426849
8481,88.353125,1948186,1948186.4062500002,-0.2187498596426849,0.18750014059014575
8482,88.36354166666668,1948416,1948416.0937500002,0.18750014059014575,0.2812501408229764
8483,88.37395833333333,1948646,1948645.78125,0.2812501408229764,0.06250014082297639
8484,88.375,1948669,1948668.75,0.06250014082297639,-0.1874998591770236
8485,88.38541666666667,1948898,1948898.4375,-0.1874998591770236,0.2500001408229764
8486,88.39583333333333,1949128,1949128.125,0.2500001408229764,0.3750001408229764
8487,88.40625,1949358,1949357.8125,0.3750001408229764,0.1875001408229764
8488,88.41666666666667,1949588,1949587.5,0.1875001408229764,-0.3124998591770236
8489,88.42708333333333,1949817,1949817.1875,-0.3124998591770236,-0.12499985917702361
8490,88.446875,1950253,1950253.5937500002,-0.12499985917702361,0.46875014105580703
8491,88.45729166666668,1950484,1950483.2812500002,0.46875014105580703,-0.24999985871136232
8492,88.46770833333333,1950713,1950712.96875,-0.24999985871136232,-0.2812498587113623
8493,88.478125,1950942,1950942.6562500002,-0.2812498587113623,0.3750001415214683
8494,88.48854166666668,1951173,1951172.3437500002,0.3750001415214683,-0.28124985824570103
8495,88.49895833333333,1951402,1951402.03125,-0.28124985824570103,-0.24999985824570103
8496,88.5,1951425,1951425.0,-0.24999985824570103,-0.24999985824570103
8497,88.51041666666667,1951654,1951654.6875,-0.24999985824570103,0.43750014175429897
8498,88.52083333333333,1951885,1951884.375,0.43750014175429897,-0.18749985824570103
8499,88.53125,1952114,1952114.0625,-0.18749985824570103,-0.12499985824570103
8500,88.54166666666667,1952344,1952343.75,-0.12499985824570103,-0.37499985824570103
8501,88.55208333333333,1952573,1952573.4375,-0.37499985824570103,0.06250014175429897
8502,88.571875,1953010,1953009.8437500002,0.06250014175429897,-0.09374985801287039
8503,88.58229166666668,1953239,1953239.5312500002,-0.09374985801287039,0.43750014221996025
8504,88.59270833333333,1953470,1953469.21875,0.43750014221996025,-0.34374985778003975
8505,88.603125,1953699,1953698.9062500002,-0.34374985778003975,-0.4374998575472091
8506,88.61354166666668,1953928,1953928.5937500002,-0.4374998575472091,0.15625014268562154
8507,88.62395833333333,1954158,1954158.28125,0.15625014268562154,0.43750014268562154
8508,88.625,1954182,1954181.25,0.43750014268562154,-0.31249985731437846
8509,88.63541666666667,1954411,1954410.9375,-0.31249985731437846,-0.37499985731437846
8510,88.64583333333333,1954640,1954640.625,-0.37499985731437846,0.25000014268562154
8511,88.65625,1954871,1954870.3125,0.25000014268562154,-0.43749985731437846
8512,88.66666666666667,1955100,1955100.0,-0.43749985731437846,-0.43749985731437846
8513,88.67708333333333,1955329,1955329.6875,-0.43749985731437846,0.25000014268562154
8514,88.696875,1955766,1955766.0937500002,0.25000014268562154,0.3437501429184522
8515,88.70729166666668,1955996,1955995.7812500002,0.3437501429184522,0.12500014315128283
8516,88.71770833333333,1956226,1956225.46875,0.12500014315128283,-0.4062498568487172
8517,88.728125,1956455,1956455.1562500002,-0.4062498568487172,-0.24999985661588653
8518,88.73854166666668,1956685,1956684.8437500002,-0.24999985661588653,-0.4062498563830559
8519,88.74895833333333,1956914,1956914.53125,-0.4062498563830559,0.12500014361694411
8520,88.75,1956938,1956937.5,0.12500014361694411,-0.3749998563830559
8521,88.76041666666667,1957167,1957167.1875,-0.3749998563830559,-0.18749985638305589
8522,88.77083333333333,1957397,1957396.875,-0.18749985638305589,-0.3124998563830559
8523,88.78125,1957626,1957626.5625,-0.3124998563830559,0.2500001436169441
8524,88.79166666666667,1957857,1957856.25,0.2500001436169441,-0.4999998563830559
8525,88.80208333333333,1958085,1958085.9375,-0.4999998563830559,0.4375001436169441
8526,88.821875,1958523,1958522.3437500002,0.4375001436169441,-0.21874985615022524
8527,88.83229166666668,1958752,1958752.0312500002,-0.21874985615022524,-0.1874998559173946
8528,88.84270833333333,1958982,1958981.71875,-0.1874998559173946,-0.4687498559173946
8529,88.853125,1959211,1959211.4062500002,-0.4687498559173946,-0.062499855684563954
8530,88.86354166666668,1959441,1959441.0937500002,-0.062499855684563954,0.03125014454826669
8531,88.87395833333333,1959671,1959670.78125,0.03125014454826669,-0.1874998554517333
8532,88.875,1959694,1959693.75,-0.1874998554517333,-0.4374998554517333
8533,88.88541666666667,1959923,1959923.4375,-0.4374998554517333,1.4454826668952592e-07
8534,88.89583333333333,1960153,1960153.125,1.4454826668952592e-07,0.1250001445482667
8535,88.90625,1960383,1960382.8125,0.1250001445482667,-0.06249985545173331
8536,88.91666666666667,1960612,1960612.5,-0.06249985545173331,0.4375001445482667
8537,88.92708333333333,1960843,1960842.1875,0.4375001445482667,-0.3749998554517333
8538,88.946875,1961278,1961278.5937500002,-0.3749998554517333,0.21875014478109733
8539,88.95729166666668,1961509,1961508.2812500002,0.21875014478109733,-0.499999854986072
8540,88.96770833333333,1961737,1961737.96875,-0.499999854986072,0.468750145013928
8541,88.978125,1961968,1961967.6562500002,0.468750145013928,0.12500014524675862
8542,88.98854166666668,1962197,1962197.3437500002,0.12500014524675862,0.46875014547958926
8543,88.99895833333333,1962428,1962427.03125,0.46875014547958926,-0.49999985452041074
8544,89.0,1962450,1962450.0,-0.49999985452041074,-0.49999985452041074
8545,89.01041666666667,1962679,1962679.6875,-0.49999985452041074,0.18750014547958926
8546,89.02083333333333,1962910,1962909.375,0.18750014547958926,-0.43749985452041074
8547,89.03125,1963139,1963139.0625,-0.43749985452041074,-0.37499985452041074
8548,89.04166666666667,1963368,1963368.75,-0.37499985452041074,0.37500014547958926
8549,89.05208333333333,1963599,1963598.4375,0.37500014547958926,-0.18749985452041074
8550,89.071875,1964035,1964034.8437500002,-0.18749985452041074,-0.3437498542875801
8551,89.08229166666668,1964264,1964264.5312500002,-0.3437498542875801,0.18750014594525055
8552,89.09270833333333,1964494,1964494.21875,0.18750014594525055,0.40625014594525055
8553,89.103125,1964724,1964723.9062500002,0.40625014594525055,0.3125001461780812
8554,89.11354166666668,1964954,1964953.5937500002,0.3125001461780812,-0.09374985358908816
8555,89.12395833333333,1965183,1965183.28125,-0.09374985358908816,0.18750014641091184
8556,89.125,1965206,1965206.25,0.18750014641091184,0.43750014641091184
8557,89.13541666666667,1965436,1965435.9375,0.43750014641091184,0.37500014641091184
8558,89.14583333333333,1965666,1965665.625,0.37500014641091184,1.4641091183875687e-07
8559,89.15625,1965895,1965895.3125,1.4641091183875687e-07,0.31250014641091184
8560,89.16666666666667,1966125,1966125.0,0.31250014641091184,0.31250014641091184
8561,89.17708333333333,1966355,1966354.6875,0.31250014641091184,1.4641091183875687e-07
8562,89.196875,1966791,1966791.0937500002,1.4641091183875687e-07,0.09375014664374248
8563,89.20729166666668,1967021,1967020.7812500002,0.09375014664374248,-0.12499985312342687
8564,89.21770833333333,1967250,1967250.46875,-0.12499985312342687,0.3437501468765731
8565,89.228125,1967481,1967480.1562500002,0.3437501468765731,-0.49999985289059623
8566,89.23854166666668,1967709,1967709.8437500002,-0.49999985289059623,0.3437501473422344
8567,89.24895833333333,1967940,1967939.53125,0.3437501473422344,-0.12499985265776559
8568,89.25,1967962,1967962.5,-0.12499985265776559,0.3750001473422344
8569,89.26041666666667,1968193,1968192.1875,0.3750001473422344,-0.4374998526577656
8570,89.27083333333333,1968421,1968421.875,-0.4374998526577656,0.4375001473422344
8571,89.28125,1968652,1968651.5625,0.4375001473422344,1.4734223441337235e-07
8572,89.29166666666667,1968881,1968881.25,1.4734223441337235e-07,0.2500001473422344
8573,89.30208333333333,1969111,1969110.9375,0.2500001473422344,0.1875001473422344
8574,89.321875,1969548,1969547.3437500002,0.1875001473422344,-0.46874985242493494
8575,89.33229166666668,1969777,1969777.0312500002,-0.46874985242493494,-0.4374998521921043
8576,89.34270833333333,1970006,1970006.71875,-0.4374998521921043,0.2812501478078957
8577,89.353125,1970237,1970236.4062500002,0.2812501478078957,-0.31249985195927366
8578,89.36354166666668,1970466,1970466.0937500002,-0.31249985195927366,-0.218749851726443
8579,89.37395833333333,1970696,1970695.78125,-0.218749851726443,-0.437499851726443
8580,89.375,1970718,1970718.75,-0.437499851726443,0.312500148273557
8581,89.38541666666667,1970949,1970948.4375,0.312500148273557,-0.249999851726443
8582,89.39583333333333,1971178,1971178.125,-0.249999851726443,-0.12499985172644301
8583,89.40625,1971408,1971407.8125,-0.12499985172644301,-0.312499851726443
8584,89.41666666666667,1971637,1971637.5,-0.312499851726443,0.187500148273557
8585,89.42708333333333,1971867,1971867.1875,0.187500148273557,0.375000148273557
8586,89.446875,1972304,1972303.5937500002,0.375000148273557,-0.03124985149361237
8587,89.45729166666668,1972533,1972533.2812500002,-0.03124985149361237,0.2500001487392183
8588,89.46770833333333,1972763,1972762.96875,0.2500001487392183,0.21875014873921828
8589,89.478125,1972993,1972992.6562500002,0.21875014873921828,-0.12499985102795108
8590,89.48854166666668,1973222,1973222.3437500002,-0.12499985102795108,0.21875014920487956
8591,89.49895833333333,1973452,1973452.03125,0.21875014920487956,0.25000014920487956
8592,89.5,1973475,1973475.0,0.25000014920487956,0.25000014920487956
8593,89.51041666666667,1973705,1973704.6875,0.25000014920487956,-0.06249985079512044
8594,89.52083333333333,1973934,1973934.375,-0.06249985079512044,0.31250014920487956
8595,89.53125,1974164,1974164.0625,0.31250014920487956,0.37500014920487956
8596,89.54166666666667,1974394,1974393.75,0.37500014920487956,0.12500014920487956
8597,89.55208333333333,1974624,1974623.4375,0.12500014920487956,-0.43749985079512044
8598,89.571875,1975059,1975059.8437500002,-0.43749985079512044,0.4062501494377102
8599,89.58229166666668,1975290,1975289.5312500002,0.4062501494377102,-0.06249985032945915
8600,89.59270833333333,1975519,1975519.21875,-0.06249985032945915,0.15625014967054085
8601,89.603125,1975749,1975748.9062500002,0.15625014967054085,0.0625001499033715
8602,89.61354166666668,1975979,1975978.5937500002,0.0625001499033715,-0.34374984986379786
8603,89.62395833333333,1976208,1976208.28125,-0.34374984986379786,-0.06249984986379786
8604,89.625,1976231,1976231.25,-0.06249984986379786,0.18750015013620214
8605,89.63541666666667,1976461,1976460.9375,0.18750015013620214,0.12500015013620214
8606,89.64583333333333,1976691,1976690.625,0.12500015013620214,-0.24999984986379786
8607,89.65625,1976920,1976920.3125,-0.24999984986379786,0.06250015013620214
8608,89.66666666666667,1977150,1977150.0,0.06250015013620214,0.06250015013620214
8609,89.67708333333333,1977380,1977379.6875,0.06250015013620214,-0.24999984986379786
8610,89.696875,1977816,1977816.0937500002,-0.24999984986379786,-0.15624984963096722
8611,89.70729166666668,1978046,1978045.7812500002,-0.15624984963096722,-0.3749998493981366
8612,89.71770833333333,1978275,1978275.46875,-0.3749998493981366,0.09375015060186342
8613,89.728125,1978505,1978505.1562500002,0.09375015060186342,0.25000015083469407
8614,89.73854166666668,1978735,1978734.8437500002,0.25000015083469407,0.09375015106752471
8615,89.74895833333333,1978965,1978964.53125,0.09375015106752471,-0.3749998489324753
8616,89.75,1978987,1978987.5,-0.3749998489324753,0.1250001510675247
8617,89.76041666666667,1979217,1979217.1875,0.1250001510675247,0.3125001510675247
8618,89.77083333333333,1979447,1979446.875,0.3125001510675247,0.1875001510675247
8619,89.78125,1979677,1979676.5625,0.1875001510675247,-0.2499998489324753
8620,89.79166666666667,1979906,1979906.25,-0.2499998489324753,1.5106752471183427e-07
8621,89.80208333333333,1980136,1980135.9375,1.5106752471183427e-07,-0.06249984893247529
8622,89.821875,1980572,1980572.3437500002,-0.06249984893247529,0.28125015130035536
8623,89.83229166666668,1980802,1980802.0312500002,0.28125015130035536,0.312500151533186
8624,89.84270833333333,1981032,1981031.71875,0.312500151533186,0.031250151533186
8625,89.853125,1981261,1981261.4062500002,0.031250151533186,0.43750015176601664
8626,89.86354166666668,1981492,1981491.0937500002,0.43750015176601664,-0.4687498480011527
8627,89.87395833333333,1981720,1981720.78125,-0.4687498480011527,0.3125001519988473
8628,89.875,1981744,1981743.75,0.3125001519988473,0.06250015199884729
8629,89.88541666666667,1981974,1981973.4375,0.06250015199884729,-0.4999998480011527
8630,89.89583333333333,1982203,1982203.125,-0.4999998480011527,-0.3749998480011527
8631,89.90625,1982432,1982432.8125,-0.3749998480011527,0.4375001519988473
8632,89.91666666666667,1982663,1982662.5,0.4375001519988473,-0.062499848001152714
8633,89.92708333333333,1982892,1982892.1875,-0.062499848001152714,0.1250001519988473
8634,89.946875,1983329,1983328.5937500002,0.1250001519988473,-0.28124984776832207
8635,89.95729166666668,1983558,1983558.2812500002,-0.28124984776832207,1.5246450857375748e-07
8636,89.96770833333333,1983788,1983787.96875,1.5246450857375748e-07,-0.031249847535491426
8637,89.978125,1984018,1984017.6562500002,-0.031249847535491426,-0.3749998473026608
8638,89.98854166666668,1984247,1984247.3437500002,-0.3749998473026608,-0.03124984706983014
8639,89.99895833333333,1984477,1984477.03125,-0.03124984706983014,1.5293016986106522e-07
8640,90.0,1984500,1984500.0,1.5293016986106522e-07,1.5293016986106522e-07
8641,90.01041666666667,1984730,1984729.6875,1.5293016986106522e-07,-0.31249984706983014
8642,90.02083333333333,1984959,1984959.375,-0.31249984706983014,0.06250015293016986
8643,90.03125,1985189,1985189.0625,0.06250015293016986,0.12500015293016986
8644,90.04166666666667,1985419,1985418.75,0.12500015293016986,-0.12499984706983014
8645,90.05208333333333,1985648,1985648.4375,-0.12499984706983014,0.31250015293016986
8646,90.071875,1986085,1986084.8437500002,0.31250015293016986,0.1562501531630005
8647,90.08229166666668,1986315,1986314.5312500002,0.1562501531630005,-0.31249984660416885
8648,90.09270833333333,1986544,1986544.21875,-0.31249984660416885,-0.09374984660416885
8649,90.103125,1986774,1986773.9062500002,-0.09374984660416885,-0.1874998463713382
8650,90.11354166666668,1987003,1987003.5937500002,-0.1874998463713382,0.40625015386149244
8651,90.12395833333333,1987234,1987233.28125,0.40625015386149244,-0.31249984613850756
8652,90.125,1987256,1987256.25,-0.31249984613850756,-0.062499846138507564
8653,90.13541666666667,1987486,1987485.9375,-0.062499846138507564,-0.12499984613850756
8654,90.14583333333333,1987716,1987715.625,-0.12499984613850756,-0.49999984613850756
8655,90.15625,1987945,1987945.3125,-0.49999984613850756,-0.18749984613850756
8656,90.16666666666667,1988175,1988175.0,-0.18749984613850756,-0.18749984613850756
8657,90.17708333333333,1988405,1988404.6875,-0.18749984613850756,-0.49999984613850756
8658,90.196875,1988841,1988841.0937500002,-0.49999984613850756,-0.4062498459056769
8659,90.20729166666668,1989070,1989070.7812500002,-0.4062498459056769,0.3750001543271537
8660,90.21770833333333,1989301,1989300.46875,0.3750001543271537,-0.15624984567284628
8661,90.228125,1989530,1989530.1562500002,-0.15624984567284628,1.545599843666423e-07
8662,90.23854166666668,1989760,1989759.8437500002,1.545599843666423e-07,-0.156249845207185
8663,90.24895833333333,1989989,1989989.53125,-0.156249845207185,0.375000154792815
8664,90.25,1990013,1990012.5,0.375000154792815,-0.12499984520718499
8665,90.26041666666667,1990242,1990242.1875,-0.12499984520718499,0.06250015479281501
8666,90.27083333333333,1990472,1990471.875,0.06250015479281501,-0.06249984520718499
8667,90.28125,1990702,1990701.5625,-0.06249984520718499,-0.499999845207185
8668,90.29166666666667,1990931,1990931.25,-0.499999845207185,-0.249999845207185
8669,90.30208333333333,1991161,1991160.9375,-0.249999845207185,-0.312499845207185
8670,90.321875,1991597,1991597.3437500002,-0.312499845207185,0.031250155025645654
8671,90.33229166666668,1991827,1991827.0312500002,0.031250155025645654,0.0625001552584763
8672,90.34270833333333,1992057,1992056.71875,0.0625001552584763,-0.2187498447415237
8673,90.353125,1992286,1992286.4062500002,-0.2187498447415237,0.18750015549130694
8674,90.36354166666668,1992516,1992516.0937500002,0.18750015549130694,0.2812501557241376
8675,90.37395833333333,1992746,1992745.78125,0.2812501557241376,0.06250015572413758
8676,90.375,1992769,1992768.75,0.06250015572413758,-0.18749984427586242
8677,90.38541666666667,1992998,1992998.4375,-0.18749984427586242,0.2500001557241376
8678,90.39583333333333,1993228,1993228.125,0.2500001557241376,0.3750001557241376
8679,90.40625,1993458,1993457.8125,0.3750001557241376,0.18750015572413758
8680,90.41666666666667,1993688,1993687.5,0.18750015572413758,-0.3124998442758624
8681,90.42708333333333,1993917,1993917.1875,-0.3124998442758624,-0.12499984427586242
8682,90.446875,1994353,1994353.5937500002,-0.12499984427586242,0.46875015595696823
8683,90.45729166666668,1994584,1994583.2812500002,0.46875015595696823,-0.24999984381020113
8684,90.46770833333333,1994813,1994812.96875,-0.24999984381020113,-0.28124984381020113
8685,90.478125,1995042,1995042.6562500002,-0.28124984381020113,0.3750001564226295
8686,90.48854166666668,1995273,1995272.3437500002,0.3750001564226295,-0.28124984334453984
8687,90.49895833333333,1995502,1995502.03125,-0.28124984334453984,-0.24999984334453984
8688,90.5,1995525,1995525.0,-0.24999984334453984,-0.24999984334453984
8689,90.51041666666667,1995754,1995754.6875,-0.24999984334453984,0.43750015665546016
8690,90.52083333333333,1995985,1995984.375,0.43750015665546016,-0.18749984334453984
8691,90.53125,1996214,1996214.0625,-0.18749984334453984,-0.12499984334453984
8692,90.54166666666667,1996444,1996443.75,-0.12499984334453984,-0.37499984334453984
8693,90.55208333333333,1996673,1996673.4375,-0.37499984334453984,0.06250015665546016
8694,90.571875,1997110,1997109.8437500002,0.06250015665546016,-0.0937498431117092
8695,90.58229166666668,1997339,1997339.5312500002,-0.0937498431117092,0.43750015712112145
8696,90.59270833333333,1997570,1997569.21875,0.43750015712112145,-0.34374984287887855
8697,90.603125,1997799,1997798.9062500002,-0.34374984287887855,-0.4374998426460479
8698,90.61354166666668,1998028,1998028.5937500002,-0.4374998426460479,0.15625015758678273
8699,90.62395833333333,1998258,1998258.28125,0.15625015758678273,0.43750015758678273
8700,90.625,1998282,1998281.25,0.43750015758678273,-0.31249984241321727
8701,90.63541666666667,1998511,1998510.9375,-0.31249984241321727,-0.37499984241321727
8702,90.64583333333333,1998740,1998740.625,-0.37499984241321727,0.25000015758678273
8703,90.65625,1998971,1998970.3125,0.25000015758678273,-0.43749984241321727
8704,90.66666666666667,1999200,1999200.0,-0.43749984241321727,-0.43749984241321727
8705,90.67708333333333,1999429,1999429.6875,-0.43749984241321727,0.25000015758678273
8706,90.696875,1999866,1999866.0937500002,0.25000015758678273,0.3437501578196134
8707,90.70729166666668,2000096,2000095.7812500002,0.3437501578196134,0.12500015805244402
8708,90.71770833333333,2000326,2000325.46875,0.12500015805244402,-0.406249841947556
8709,90.728125,2000555,2000555.1562500002,-0.406249841947556,-0.24999984171472533
8710,90.73854166666668,2000785,2000784.8437500002,-0.24999984171472533,-0.4062498414818947
8711,90.74895833333333,2001014,2001014.53125,-0.4062498414818947,0.1250001585181053
8712,90.75,2001038,2001037.5,0.1250001585181053,-0.3749998414818947
8713,90.76041666666667,2001267,2001267.1875,-0.3749998414818947,-0.1874998414818947
8714,90.77083333333333,2001497,2001496.875,-0.1874998414818947,-0.3124998414818947
8715,90.78125,2001726,2001726.5625,-0.3124998414818947,0.2500001585181053
8716,90.79166666666667,2001957,2001956.25,0.2500001585181053,-0.4999998414818947
8717,90.80208333333333,2002185,2002185.9375,-0.4999998414818947,0.4375001585181053
8718,90.821875,2002623,2002622.3437500002,0.4375001585181053,-0.21874984124906405
8719,90.83229166666668,2002852,2002852.0312500002,-0.21874984124906405,-0.1874998410162334
8720,90.84270833333333,2003082,2003081.71875,-0.1874998410162334,-0.4687498410162334
8721,90.853125,2003311,2003311.4062500002,-0.4687498410162334,-0.06249984078340276
8722,90.86354166666668,2003541,2003541.0937500002,-0.06249984078340276,0.03125015944942788
8723,90.87395833333333,2003771,2003770.78125,0.03125015944942788,-0.18749984055057212
8724,90.875,2003794,2003793.75,-0.18749984055057212,-0.4374998405505721
8725,90.88541666666667,2004023,2004023.4375,-0.4374998405505721,1.5944942788337357e-07
8726,90.89583333333333,2004253,2004253.125,1.5944942788337357e-07,0.12500015944942788
8727,90.90625,2004483,2004482.8125,0.12500015944942788,-0.06249984055057212
8728,90.91666666666667,2004712,2004712.5,-0.06249984055057212,0.4375001594494279
8729,90.92708333333333,2004943,2004942.1875,0.4375001594494279,-0.3749998405505721
8730,90.946875,2005378,2005378.5937500002,-0.3749998405505721,0.21875015968225853
8731,90.95729166666668,2005609,2005608.2812500002,0.21875015968225853,-0.49999984008491083
8732,90.96770833333333,2005837,2005837.96875,-0.49999984008491083,0.46875015991508917
8733,90.978125,2006068,2006067.6562500002,0.46875015991508917,0.12500016014791981
8734,90.98854166666668,2006297,2006297.3437500002,0.12500016014791981,0.46875016038075046
8735,90.99895833333333,2006528,2006527.03125,0.46875016038075046,-0.49999983961924954
8736,91.0,2006550,2006550.0,-0.49999983961924954,-0.49999983961924954
8737,91.01041666666667,2006779,2006779.6875,-0.49999983961924954,0.18750016038075046
8738,91.02083333333333,2007010,2007009.375,0.18750016038075046,-0.43749983961924954
8739,91.03125,2007239,2007239.0625,-0.43749983961924954,-0.37499983961924954
8740,91.04166666666667,2007468,2007468.75,-0.37499983961924954,0.37500016038075046
8741,91.05208333333333,2007699,2007698.4375,0.37500016038075046,-0.18749983961924954
8742,91.071875,2008135,2008134.8437500002,-0.18749983961924954,-0.3437498393864189
8743,91.08229166666668,2008364,2008364.5312500002,-0.3437498393864189,0.18750016084641175
8744,91.09270833333333,2008594,2008594.21875,0.18750016084641175,0.40625016084641175
8745,91.103125,2008824,2008823.9062500002,0.40625016084641175,0.3125001610792424
8746,91.11354166666668,2009054,2009053.5937500002,0.3125001610792424,-0.09374983868792697
8747,91.12395833333333,2009283,2009283.28125,-0.09374983868792697,0.18750016131207303
8748,91.125,2009306,2009306.25,0.18750016131207303,0.43750016131207303
8749,91.13541666666667,2009536,2009535.9375,0.43750016131207303,0.37500016131207303
8750,91.14583333333333,2009766,2009765.625,0.37500016131207303,1.6131207303260453e-07
8751,91.15625,2009995,2009995.3125,1.6131207303260453e-07,0.31250016131207303
8752,91.16666666666667,2010225,2010225.0,0.31250016131207303,0.31250016131207303
8753,91.17708333333333,2010455,2010454.6875,0.31250016131207303,1.6131207303260453e-07
8754,91.196875,2010891,2010891.0937500002,1.6131207303260453e-07,0.09375016154490368
8755,91.20729166666668,2011121,2011120.7812500002,0.09375016154490368,-0.12499983822226568
8756,91.21770833333333,2011350,2011350.46875,-0.12499983822226568,0.3437501617777343
8757,91.228125,2011581,2011580.1562500002,0.3437501617777343,-0.49999983798943504
8758,91.23854166666668,2011809,2011809.8437500002,-0.49999983798943504,0.3437501622433956
8759,91.24895833333333,2012040,2012039.53125,0.3437501622433956,-0.12499983775660439
8760,91.25,2012062,2012062.5,-0.12499983775660439,0.3750001622433956
8761,91.26041666666667,2012293,2012292.1875,0.3750001622433956,-0.4374998377566044
8762,91.27083333333333,2012521,2012521.875,-0.4374998377566044,0.4375001622433956
8763,91.28125,2012752,2012751.5625,0.4375001622433956,1.6224339560722e-07
8764,91.29166666666667,2012981,2012981.25,1.6224339560722e-07,0.2500001622433956
8765,91.30208333333333,2013211,2013210.9375,0.2500001622433956,0.1875001622433956
8766,91.321875,2013648,2013647.3437500002,0.1875001622433956,-0.46874983752377375
8767,91.33229166666668,2013877,2013877.0312500002,-0.46874983752377375,-0.4374998372909431
8768,91.34270833333333,2014106,2014106.71875,-0.4374998372909431,0.2812501627090569
8769,91.353125,2014337,2014336.4062500002,0.2812501627090569,-0.31249983705811246
8770,91.36354166666668,2014566,2014566.0937500002,-0.31249983705811246,-0.21874983682528182
8771,91.37395833333333,2014796,2014795.78125,-0.21874983682528182,-0.4374998368252818
8772,91.375,2014818,2014818.75,-0.4374998368252818,0.3125001631747182
8773,91.38541666666667,2015049,2015048.4375,0.3125001631747182,-0.24999983682528182
8774,91.39583333333333,2015278,2015278.125,-0.24999983682528182,-0.12499983682528182
8775,91.40625,2015508,2015507.8125,-0.12499983682528182,-0.3124998368252818
8776,91.41666666666667,2015737,2015737.5,-0.3124998368252818,0.18750016317471818
8777,91.42708333333333,2015967,2015967.1875,0.18750016317471818,0.3750001631747182
8778,91.446875,2016404,2016403.5937500002,0.3750001631747182,-0.031249836592451175
8779,91.45729166666668,2016633,2016633.2812500002,-0.031249836592451175,0.25000016364037947
8780,91.46770833333333,2016863,2016862.96875,0.25000016364037947,0.21875016364037947
8781,91.478125,2017093,2017092.6562500002,0.21875016364037947,-0.12499983612678989
8782,91.48854166666668,2017322,2017322.3437500002,-0.12499983612678989,0.21875016410604076
8783,91.49895833333333,2017552,2017552.03125,0.21875016410604076,0.25000016410604076
8784,91.5,2017575,2017575.0,0.25000016410604076,0.25000016410604076
8785,91.51041666666667,2017805,2017804.6875,0.25000016410604076,-0.062499835893959244
8786,91.52083333333333,2018034,2018034.375,-0.062499835893959244,0.31250016410604076
8787,91.53125,2018264,2018264.0625,0.31250016410604076,0.37500016410604076
8788,91.54166666666667,2018494,2018493.75,0.37500016410604076,0.12500016410604076
8789,91.55208333333333,2018724,2018723.4375,0.12500016410604076,-0.43749983589395924
8790,91.571875,2019159,2019159.8437500002,-0.43749983589395924,0.4062501643388714
8791,91.58229166666668,2019390,2019389.5312500002,0.4062501643388714,-0.062499835428297956
8792,91.59270833333333,2019619,2019619.21875,-0.062499835428297956,0.15625016457170204
8793,91.603125,2019849,2019848.9062500002,0.15625016457170204,0.06250016480453269
8794,91.61354166666668,2020079,2020078.5937500002,0.06250016480453269,-0.34374983496263667
8795,91.62395833333333,2020308,2020308.28125,-0.34374983496263667,-0.06249983496263667
8796,91.625,2020331,2020331.25,-0.06249983496263667,0.18750016503736333
8797,91.63541666666667,2020561,2020560.9375,0.18750016503736333,0.12500016503736333
8798,91.64583333333333,2020791,2020790.625,0.12500016503736333,-0.24999983496263667
8799,91.65625,2021020,2021020.3125,-0.24999983496263667,0.06250016503736333
8800,91.66666666666667,2021250,2021250.0,0.06250016503736333,0.06250016503736333
8801,91.67708333333333,2021480,2021479.6875,0.06250016503736333,-0.24999983496263667
8802,91.696875,2021916,2021916.0937500002,-0.24999983496263667,-0.15624983472980603
8803,91.70729166666668,2022146,2022145.7812500002,-0.15624983472980603,-0.3749998344969754
8804,91.71770833333333,2022375,2022375.46875,-0.3749998344969754,0.09375016550302462
8805,91.728125,2022605,2022605.1562500002,0.09375016550302462,0.25000016573585526
8806,91.73854166666668,2022835,2022834.8437500002,0.25000016573585526,0.0937501659686859
8807,91.74895833333333,2023065,2023064.53125,0.0937501659686859,-0.3749998340313141
8808,91.75,2023087,2023087.5,-0.3749998340313141,0.1250001659686859
8809,91.76041666666667,2023317,2023317.1875,0.1250001659686859,0.3125001659686859
8810,91.77083333333333,2023547,2023546.875,0.3125001659686859,0.1875001659686859
8811,91.78125,2023777,2023776.5625,0.1875001659686859,-0.2499998340313141
8812,91.79166666666667,2024006,2024006.25,-0.2499998340313141,1.6596868590568192e-07
8813,91.80208333333333,2024236,2024235.9375,1.6596868590568192e-07,-0.062499834031314094
8814,91.821875,2024672,2024672.3437500002,-0.062499834031314094,0.28125016620151655
8815,91.83229166666668,2024902,2024902.0312500002,0.28125016620151655,0.3125001664343472
8816,91.84270833333333,2025132,2025131.71875,0.3125001664343472,0.03125016643434719
8817,91.853125,2025361,2025361.4062500002,0.03125016643434719,0.43750016666717784
8818,91.86354166666668,2025592,2025591.0937500002,0.43750016666717784,-0.4687498330999915
8819,91.87395833333333,2025820,2025820.78125,-0.4687498330999915,0.3125001669000085
8820,91.875,2025844,2025843.75,0.3125001669000085,0.06250016690000848
8821,91.88541666666667,2026074,2026073.4375,0.06250016690000848,-0.4999998330999915
8822,91.89583333333333,2026303,2026303.125,-0.4999998330999915,-0.3749998330999915
8823,91.90625,2026532,2026532.8125,-0.3749998330999915,0.4375001669000085
8824,91.91666666666667,2026763,2026762.5,0.4375001669000085,-0.06249983309999152
8825,91.92708333333333,2026992,2026992.1875,-0.06249983309999152,0.12500016690000848
8826,91.946875,2027429,2027428.5937500002,0.12500016690000848,-0.2812498328671609
8827,91.95729166666668,2027658,2027658.2812500002,-0.2812498328671609,1.6736566976760514e-07
8828,91.96770833333333,2027888,2027887.96875,1.6736566976760514e-07,-0.031249832634330232
8829,91.978125,2028118,2028117.6562500002,-0.031249832634330232,-0.3749998324014996
8830,91.98854166666668,2028347,2028347.3437500002,-0.3749998324014996,-0.031249832168668945
8831,91.99895833333333,2028577,2028577.03125,-0.031249832168668945,1.6783133105491288e-07
8832,92.0,2028600,2028600.0,1.6783133105491288e-07,1.6783133105491288e-07
8833,92.01041666666667,2028830,2028829.6875,1.6783133105491288e-07,-0.31249983216866895
8834,92.02083333333333,2029059,2029059.375,-0.31249983216866895,0.06250016783133105
8835,92.03125,2029289,2029289.0625,0.06250016783133105,0.12500016783133105
8836,92.04166666666667,2029519,2029518.75,0.12500016783133105,-0.12499983216866895
8837,92.05208333333333,2029748,2029748.4375,-0.12499983216866895,0.31250016783133105
8838,92.071875,2030185,2030184.8437500002,0.31250016783133105,0.1562501680641617
8839,92.08229166666668,2030415,2030414.5312500002,0.1562501680641617,-0.31249983170300766
8840,92.09270833333333,2030644,2030644.21875,-0.31249983170300766,-0.09374983170300766
8841,92.103125,2030874,2030873.9062500002,-0.09374983170300766,-0.18749983147017701
8842,92.11354166666668,2031103,2031103.5937500002,-0.18749983147017701,0.40625016876265363
8843,92.12395833333333,2031334,2031333.28125,0.40625016876265363,-0.31249983123734637
8844,92.125,2031356,2031356.25,-0.31249983123734637,-0.06249983123734637
8845,92.13541666666667,2031586,2031585.9375,-0.06249983123734637,-0.12499983123734637
8846,92.14583333333333,2031816,2031815.625,-0.12499983123734637,-0.49999983123734637
8847,92.15625,2032045,2032045.3125,-0.49999983123734637,-0.18749983123734637
8848,92.16666666666667,2032275,2032275.0,-0.18749983123734637,-0.18749983123734637
8849,92.17708333333333,2032505,2032504.6875,-0.18749983123734637,-0.49999983123734637
8850,92.196875,2032941,2032941.0937500002,-0.49999983123734637,-0.4062498310045157
8851,92.20729166666668,2033170,2033170.7812500002,-0.4062498310045157,0.3750001692283149
8852,92.21770833333333,2033401,2033400.46875,0.3750001692283149,-0.15624983077168508
8853,92.228125,2033630,2033630.1562500002,-0.15624983077168508,1.6946114556048997e-07
8854,92.23854166666668,2033860,2033859.8437500002,1.6946114556048997e-07,-0.1562498303060238
8855,92.24895833333333,2034089,2034089.53125,-0.1562498303060238,0.3750001696939762
8856,92.25,2034113,2034112.5,0.3750001696939762,-0.1249998303060238
8857,92.26041666666667,2034342,2034342.1875,-0.1249998303060238,0.0625001696939762
8858,92.27083333333333,2034572,2034571.875,0.0625001696939762,-0.062499830306023796
8859,92.28125,2034802,2034801.5625,-0.062499830306023796,-0.4999998303060238
8860,92.29166666666667,2035031,2035031.25,-0.4999998303060238,-0.2499998303060238
8861,92.30208333333333,2035261,2035260.9375,-0.2499998303060238,-0.3124998303060238
8862,92.321875,2035697,2035697.3437500002,-0.3124998303060238,0.03125016992680685
8863,92.33229166666668,2035927,2035927.0312500002,0.03125016992680685,0.06250017015963749
8864,92.34270833333333,2036157,2036156.71875,0.06250017015963749,-0.2187498298403625
8865,92.353125,2036386,2036386.4062500002,-0.2187498298403625,0.18750017039246814
8866,92.36354166666668,2036616,2036616.0937500002,0.18750017039246814,0.2812501706252988
8867,92.37395833333333,2036846,2036845.78125,0.2812501706252988,0.06250017062529878
8868,92.375,2036869,2036868.75,0.06250017062529878,-0.18749982937470122
8869,92.38541666666667,2037098,2037098.4375,-0.18749982937470122,0.2500001706252988
8870,92.39583333333333,2037328,2037328.125,0.2500001706252988,0.3750001706252988
8871,92.40625,2037558,2037557.8125,0.3750001706252988,0.18750017062529878
8872,92.41666666666667,2037788,2037787.5,0.18750017062529878,-0.3124998293747012
8873,92.42708333333333,2038017,2038017.1875,-0.3124998293747012,-0.12499982937470122
8874,92.446875,2038453,2038453.5937500002,-0.12499982937470122,0.4687501708581294
8875,92.45729166666668,2038684,2038683.2812500002,0.4687501708581294,-0.24999982890903993
8876,92.46770833333333,2038913,2038912.96875,-0.24999982890903993,-0.28124982890903993
8877,92.478125,2039142,2039142.6562500002,-0.28124982890903993,0.3750001713237907
8878,92.48854166666668,2039373,2039372.3437500002,0.3750001713237907,-0.28124982844337865
8879,92.49895833333333,2039602,2039602.03125,-0.28124982844337865,-0.24999982844337865
8880,92.5,2039625,2039625.0,-0.24999982844337865,-0.24999982844337865
8881,92.51041666666667,2039854,2039854.6875,-0.24999982844337865,0.43750017155662135
8882,92.52083333333333,2040085,2040084.375,0.43750017155662135,-0.18749982844337865
8883,92.53125,2040314,2040314.0625,-0.18749982844337865,-0.12499982844337865
8884,92.54166666666667,2040544,2040543.75,-0.12499982844337865,-0.37499982844337865
8885,92.55208333333333,2040773,2040773.4375,-0.37499982844337865,0.06250017155662135
8886,92.571875,2041210,2041209.8437500002,0.06250017155662135,-0.093749828210548
8887,92.58229166666668,2041439,2041439.5312500002,-0.093749828210548,0.43750017202228264
8888,92.59270833333333,2041670,2041669.21875,0.43750017202228264,-0.34374982797771736
8889,92.603125,2041899,2041898.9062500002,-0.34374982797771736,-0.4374998277448867
8890,92.61354166666668,2042128,2042128.5937500002,-0.4374998277448867,0.15625017248794393
8891,92.62395833333333,2042358,2042358.28125,0.15625017248794393,0.43750017248794393
8892,92.625,2042382,2042381.25,0.43750017248794393,-0.31249982751205607
8893,92.63541666666667,2042611,2042610.9375,-0.31249982751205607,-0.37499982751205607
8894,92.64583333333333,2042840,2042840.625,-0.37499982751205607,0.25000017248794393
8895,92.65625,2043071,2043070.3125,0.25000017248794393,-0.43749982751205607
8896,92.66666666666667,2043300,2043300.0,-0.43749982751205607,-0.43749982751205607
8897,92.67708333333333,2043529,2043529.6875,-0.43749982751205607,0.25000017248794393
8898,92.696875,2043966,2043966.0937500002,0.25000017248794393,0.34375017272077457
8899,92.70729166666668,2044196,2044195.7812500002,0.34375017272077457,0.12500017295360522
8900,92.71770833333333,2044426,2044425.46875,0.12500017295360522,-0.4062498270463948
8901,92.728125,2044655,2044655.1562500002,-0.4062498270463948,-0.24999982681356414
8902,92.73854166666668,2044885,2044884.8437500002,-0.24999982681356414,-0.4062498265807335
8903,92.74895833333333,2045114,2045114.53125,-0.4062498265807335,0.1250001734192665
8904,92.75,2045138,2045137.5,0.1250001734192665,-0.3749998265807335
8905,92.76041666666667,2045367,2045367.1875,-0.3749998265807335,-0.1874998265807335
8906,92.77083333333333,2045597,2045596.875,-0.1874998265807335,-0.3124998265807335
8907,92.78125,2045826,2045826.5625,-0.3124998265807335,0.2500001734192665
8908,92.79166666666667,2046057,2046056.25,0.2500001734192665,-0.4999998265807335
8909,92.80208333333333,2046285,2046285.9375,-0.4999998265807335,0.4375001734192665
8910,92.821875,2046723,2046722.3437500002,0.4375001734192665,-0.21874982634790285
8911,92.83229166666668,2046952,2046952.0312500002,-0.21874982634790285,-0.1874998261150722
8912,92.84270833333333,2047182,2047181.71875,-0.1874998261150722,-0.4687498261150722
8913,92.853125,2047411,2047411.4062500002,-0.4687498261150722,-0.062499825882241566
8914,92.86354166666668,2047641,2047641.0937500002,-0.062499825882241566,0.03125017435058908
8915,92.87395833333333,2047871,2047870.78125,0.03125017435058908,-0.18749982564941092
8916,92.875,2047894,2047893.75,-0.18749982564941092,-0.4374998256494109
8917,92.88541666666667,2048123,2048123.4375,-0.4374998256494109,1.7435058907722123e-07
8918,92.89583333333333,2048353,2048353.125,1.7435058907722123e-07,0.12500017435058908
8919,92.90625,2048583,2048582.8125,0.12500017435058908,-0.06249982564941092
8920,92.91666666666667,2048812,2048812.5,-0.06249982564941092,0.4375001743505891
8921,92.92708333333333,2049043,2049042.1875,0.4375001743505891,-0.3749998256494109
8922,92.946875,2049478,2049478.5937500002,-0.3749998256494109,0.21875017458341972
8923,92.95729166666668,2049709,2049708.2812500002,0.21875017458341972,-0.49999982518374964
8924,92.96770833333333,2049937,2049937.96875,-0.49999982518374964,0.46875017481625036
8925,92.978125,2050168,2050167.6562500002,0.46875017481625036,0.125000175049081
8926,92.98854166666668,2050397,2050397.3437500002,0.125000175049081,0.46875017528191165
8927,92.99895833333333,2050628,2050627.03125,0.46875017528191165,-0.49999982471808835
8928,93.0,2050650,2050650.0,-0.49999982471808835,-0.49999982471808835
8929,93.01041666666667,2050879,2050879.6875,-0.49999982471808835,0.18750017528191165
8930,93.02083333333333,2051110,2051109.375,0.18750017528191165,-0.43749982471808835
8931,93.03125,2051339,2051339.0625,-0.43749982471808835,-0.37499982471808835
8932,93.04166666666667,2051568,2051568.75,-0.37499982471808835,0.37500017528191165
8933,93.05208333333333,2051799,2051798.4375,0.37500017528191165,-0.18749982471808835
8934,93.071875,2052235,2052234.8437500002,-0.18749982471808835,-0.3437498244852577
8935,93.08229166666668,2052464,2052464.5312500002,-0.3437498244852577,0.18750017574757294
8936,93.09270833333333,2052694,2052694.21875,0.18750017574757294,0.40625017574757294
8937,93.103125,2052924,2052923.9062500002,0.40625017574757294,0.3125001759804036
8938,93.11354166666668,2053154,2053153.5937500002,0.3125001759804036,-0.09374982378676577
8939,93.12395833333333,2053383,2053383.28125,-0.09374982378676577,0.18750017621323423
8940,93.125,2053406,2053406.25,0.18750017621323423,0.4375001762132342
8941,93.13541666666667,2053636,2053635.9375,0.4375001762132342,0.3750001762132342
8942,93.14583333333333,2053866,2053865.625,0.3750001762132342,1.7621323422645219e-07
8943,93.15625,2054095,2054095.3125,1.7621323422645219e-07,0.3125001762132342
8944,93.16666666666667,2054325,2054325.0,0.3125001762132342,0.3125001762132342
8945,93.17708333333333,2054555,2054554.6875,0.3125001762132342,1.7621323422645219e-07
8946,93.196875,2054991,2054991.0937500002,1.7621323422645219e-07,0.09375017644606487
8947,93.20729166666668,2055221,2055220.7812500002,0.09375017644606487,-0.12499982332110449
8948,93.21770833333333,2055450,2055450.46875,-0.12499982332110449,0.3437501766788955
8949,93.228125,2055681,2055680.1562500002,0.3437501766788955,-0.49999982308827384
8950,93.23854166666668,2055909,2055909.8437500002,-0.49999982308827384,0.3437501771445568
8951,93.24895833333333,2056140,2056139.53125,0.3437501771445568,-0.1249998228554432
8952,93.25,2056162,2056162.5,-0.1249998228554432,0.3750001771445568
8953,93.26041666666667,2056393,2056392.1875,0.3750001771445568,-0.4374998228554432
8954,93.27083333333333,2056621,2056621.875,-0.4374998228554432,0.4375001771445568
8955,93.28125,2056852,2056851.5625,0.4375001771445568,1.7714455680106767e-07
8956,93.29166666666667,2057081,2057081.25,1.7714455680106767e-07,0.2500001771445568
8957,93.30208333333333,2057311,2057310.9375,0.2500001771445568,0.1875001771445568
8958,93.321875,2057748,2057747.3437500002,0.1875001771445568,-0.46874982262261256
8959,93.33229166666668,2057977,2057977.0312500002,-0.46874982262261256,-0.4374998223897819
8960,93.34270833333333,2058206,2058206.71875,-0.4374998223897819,0.2812501776102181
8961,93.353125,2058437,2058436.4062500002,0.2812501776102181,-0.31249982215695127
8962,93.36354166666668,2058666,2058666.0937500002,-0.31249982215695127,-0.21874982192412062
8963,93.37395833333333,2058896,2058895.78125,-0.21874982192412062,-0.4374998219241206
8964,93.375,2058918,2058918.75,-0.4374998219241206,0.3125001780758794
8965,93.38541666666667,2059149,2059148.4375,0.3125001780758794,-0.24999982192412062
8966,93.39583333333333,2059378,2059378.125,-0.24999982192412062,-0.12499982192412062
8967,93.40625,2059608,2059607.8125,-0.12499982192412062,-0.3124998219241206
8968,93.41666666666667,2059837,2059837.5,-0.3124998219241206,0.18750017807587938
8969,93.42708333333333,2060067,2060067.1875,0.18750017807587938,0.3750001780758794
8970,93.446875,2060504,2060503.5937500002,0.3750001780758794,-0.03124982169128998
8971,93.45729166666668,2060733,2060733.2812500002,-0.03124982169128998,0.25000017854154066
8972,93.46770833333333,2060963,2060962.96875,0.25000017854154066,0.21875017854154066
8973,93.478125,2061193,2061192.6562500002,0.21875017854154066,-0.1249998212256287
8974,93.48854166666668,2061422,2061422.3437500002,-0.1249998212256287,0.21875017900720195
8975,93.49895833333333,2061652,2061652.03125,0.21875017900720195,0.25000017900720195
8976,93.5,2061675,2061675.0,0.25000017900720195,0.25000017900720195
8977,93.51041666666667,2061905,2061904.6875,0.25000017900720195,-0.06249982099279805
8978,93.52083333333333,2062134,2062134.375,-0.06249982099279805,0.31250017900720195
8979,93.53125,2062364,2062364.0625,0.31250017900720195,0.37500017900720195
8980,93.54166666666667,2062594,2062593.75,0.37500017900720195,0.12500017900720195
8981,93.55208333333333,2062824,2062823.4375,0.12500017900720195,-0.43749982099279805
8982,93.571875,2063259,2063259.8437500002,-0.43749982099279805,0.4062501792400326
8983,93.58229166666668,2063490,2063489.5312500002,0.4062501792400326,-0.06249982052713676
8984,93.59270833333333,2063719,2063719.21875,-0.06249982052713676,0.15625017947286324
8985,93.603125,2063949,2063948.9062500002,0.15625017947286324,0.06250017970569388
8986,93.61354166666668,2064179,2064178.5937500002,0.06250017970569388,-0.3437498200614755
8987,93.62395833333333,2064408,2064408.28125,-0.3437498200614755,-0.062499820061475475
8988,93.625,2064431,2064431.25,-0.062499820061475475,0.18750017993852452
8989,93.63541666666667,2064661,2064660.9375,0.18750017993852452,0.12500017993852452
8990,93.64583333333333,2064891,2064890.625,0.12500017993852452,-0.24999982006147548
8991,93.65625,2065120,2065120.3125,-0.24999982006147548,0.06250017993852452
8992,93.66666666666667,2065350,2065350.0,0.06250017993852452,0.06250017993852452
8993,93.67708333333333,2065580,2065579.6875,0.06250017993852452,-0.24999982006147548
8994,93.696875,2066016,2066016.0937500002,-0.24999982006147548,-0.15624981982864483
8995,93.70729166666668,2066246,2066245.7812500002,-0.15624981982864483,-0.3749998195958142
8996,93.71770833333333,2066475,2066475.46875,-0.3749998195958142,0.09375018040418581
8997,93.728125,2066705,2066705.1562500002,0.09375018040418581,0.25000018063701646
8998,93.73854166666668,2066935,2066934.8437500002,0.25000018063701646,0.0937501808698471
8999,93.74895833333333,2067165,2067164.53125,0.0937501808698471,-0.3749998191301529
9000,93.75,2067187,2067187.5,-0.3749998191301529,0.1250001808698471
9001,93.76041666666667,2067417,2067417.1875,0.1250001808698471,0.3125001808698471
9002,93.77083333333333,2067647,2067646.875,0.3125001808698471,0.1875001808698471
9003,93.78125,2067877,2067876.5625,0.1875001808698471,-0.2499998191301529
9004,93.79166666666667,2068106,2068106.25,-0.2499998191301529,1.8086984709952958e-07
9005,93.80208333333333,2068336,2068335.9375,1.8086984709952958e-07,-0.0624998191301529
9006,93.821875,2068772,2068772.3437500002,-0.0624998191301529,0.28125018110267774
9007,93.83229166666668,2069002,2069002.0312500002,0.28125018110267774,0.3125001813355084
9008,93.84270833333333,2069232,2069231.71875,0.3125001813355084,0.03125018133550839
9009,93.853125,2069461,2069461.4062500002,0.03125018133550839,0.43750018156833903
9010,93.86354166666668,2069692,2069691.0937500002,0.43750018156833903,-0.4687498181988303
9011,93.87395833333333,2069920,2069920.78125,-0.4687498181988303,0.3125001818011697
9012,93.875,2069944,2069943.75,0.3125001818011697,0.06250018180116967
9013,93.88541666666667,2070174,2070173.4375,0.06250018180116967,-0.4999998181988303
9014,93.89583333333333,2070403,2070403.125,-0.4999998181988303,-0.3749998181988303
9015,93.90625,2070632,2070632.8125,-0.3749998181988303,0.4375001818011697
9016,93.91666666666667,2070863,2070862.5,0.4375001818011697,-0.062499818198830326
9017,93.92708333333333,2071092,2071092.1875,-0.062499818198830326,0.12500018180116967
9018,93.946875,2071529,2071528.5937500002,0.12500018180116967,-0.2812498179659997
9019,93.95729166666668,2071758,2071758.2812500002,-0.2812498179659997,1.822668309614528e-07
9020,93.96770833333333,2071988,2071987.96875,1.822668309614528e-07,-0.03124981773316904
9021,93.978125,2072218,2072217.6562500002,-0.03124981773316904,-0.3749998175003384
9022,93.98854166666668,2072447,2072447.3437500002,-0.3749998175003384,-0.03124981726750775
9023,93.99895833333333,2072677,2072677.03125,-0.03124981726750775,1.8273249224876054e-07
9024,94.0,2072700,2072700.0,1.8273249224876054e-07,1.8273249224876054e-07
9025,94.01041666666667,2072930,2072929.6875,1.8273249224876054e-07,-0.31249981726750775
9026,94.02083333333333,2073159,2073159.375,-0.31249981726750775,0.06250018273249225
9027,94.03125,2073389,2073389.0625,0.06250018273249225,0.12500018273249225
9028,94.04166666666667,2073619,2073618.75,0.12500018273249225,-0.12499981726750775
9029,94.05208333333333,2073848,2073848.4375,-0.12499981726750775,0.31250018273249225
9030,94.071875,2074285,2074284.8437500002,0.31250018273249225,0.1562501829653229
9031,94.08229166666668,2074515,2074514.5312500002,0.1562501829653229,-0.31249981680184646
9032,94.09270833333333,2074744,2074744.21875,-0.31249981680184646,-0.09374981680184646
9033,94.103125,2074974,2074973.9062500002,-0.09374981680184646,-0.18749981656901582
9034,94.11354166666668,2075203,2075203.5937500002,-0.18749981656901582,0.4062501836638148
9035,94.12395833333333,2075434,2075433.28125,0.4062501836638148,-0.3124998163361852
9036,94.125,2075456,2075456.25,-0.3124998163361852,-0.06249981633618518
9037,94.13541666666667,2075686,2075685.9375,-0.06249981633618518,-0.12499981633618518
9038,94.14583333333333,2075916,2075915.625,-0.12499981633618518,-0.4999998163361852
9039,94.15625,2076145,2076145.3125,-0.4999998163361852,-0.18749981633618518
9040,94.16666666666667,2076375,2076375.0,-0.18749981633618518,-0.18749981633618518
9041,94.17708333333333,2076605,2076604.6875,-0.18749981633618518,-0.4999998163361852
9042,94.196875,2077041,2077041.0937500002,-0.4999998163361852,-0.40624981610335453
9043,94.20729166666668,2077270,2077270.7812500002,-0.40624981610335453,0.3750001841294761
9044,94.21770833333333,2077501,2077500.46875,0.3750001841294761,-0.1562498158705239
9045,94.228125,2077730,2077730.1562500002,-0.1562498158705239,1.8436230675433762e-07
9046,94.23854166666668,2077960,2077959.8437500002,1.8436230675433762e-07,-0.1562498154048626
9047,94.24895833333333,2078189,2078189.53125,-0.1562498154048626,0.3750001845951374
9048,94.25,2078213,2078212.5,0.3750001845951374,-0.1249998154048626
9049,94.26041666666667,2078442,2078442.1875,-0.1249998154048626,0.0625001845951374
9050,94.27083333333333,2078672,2078671.875,0.0625001845951374,-0.0624998154048626
9051,94.28125,2078902,2078901.5625,-0.0624998154048626,-0.4999998154048626
9052,94.29166666666667,2079131,2079131.25,-0.4999998154048626,-0.2499998154048626
9053,94.30208333333333,2079361,2079360.9375,-0.2499998154048626,-0.3124998154048626
9054,94.321875,2079797,2079797.3437500002,-0.3124998154048626,0.03125018482796804
9055,94.33229166666668,2080027,2080027.0312500002,0.03125018482796804,0.06250018506079869
9056,94.34270833333333,2080257,2080256.71875,0.06250018506079869,-0.21874981493920131
9057,94.353125,2080486,2080486.4062500002,-0.21874981493920131,0.18750018529362933
9058,94.36354166666668,2080716,2080716.0937500002,0.18750018529362933,0.28125018552646
9059,94.37395833333333,2080946,2080945.78125,0.28125018552646,0.06250018552645997
9060,94.375,2080969,2080968.75,0.06250018552645997,-0.18749981447354003
9061,94.38541666666667,2081198,2081198.4375,-0.18749981447354003,0.25000018552646
9062,94.39583333333333,2081428,2081428.125,0.25000018552646,0.37500018552646
9063,94.40625,2081658,2081657.8125,0.37500018552646,0.18750018552645997
9064,94.41666666666667,2081888,2081887.5,0.18750018552645997,-0.31249981447354
9065,94.42708333333333,2082117,2082117.1875,-0.31249981447354,-0.12499981447354003
9066,94.446875,2082553,2082553.5937500002,-0.12499981447354003,0.4687501857592906
9067,94.45729166666668,2082784,2082783.2812500002,0.4687501857592906,-0.24999981400787874
9068,94.46770833333333,2083013,2083012.96875,-0.24999981400787874,-0.28124981400787874
9069,94.478125,2083242,2083242.6562500002,-0.28124981400787874,0.3750001862249519
9070,94.48854166666668,2083473,2083472.3437500002,0.3750001862249519,-0.28124981354221745
9071,94.49895833333333,2083702,2083702.03125,-0.28124981354221745,-0.24999981354221745
9072,94.5,2083725,2083725.0,-0.24999981354221745,-0.24999981354221745
9073,94.51041666666667,2083954,2083954.6875,-0.24999981354221745,0.43750018645778255
9074,94.52083333333333,2084185,2084184.375,0.43750018645778255,-0.18749981354221745
9075,94.53125,2084414,2084414.0625,-0.18749981354221745,-0.12499981354221745
9076,94.54166666666667,2084644,2084643.75,-0.12499981354221745,-0.37499981354221745
9077,94.55208333333333,2084873,2084873.4375,-0.37499981354221745,0.06250018645778255
9078,94.571875,2085310,2085309.8437500002,0.06250018645778255,-0.09374981330938681
9079,94.58229166666668,2085539,2085539.5312500002,-0.09374981330938681,0.43750018692344383
9080,94.59270833333333,2085770,2085769.21875,0.43750018692344383,-0.34374981307655617
9081,94.603125,2085999,2085998.9062500002,-0.34374981307655617,-0.4374998128437255
9082,94.61354166666668,2086228,2086228.5937500002,-0.4374998128437255,0.15625018738910512
9083,94.62395833333333,2086458,2086458.28125,0.15625018738910512,0.4375001873891051
9084,94.625,2086482,2086481.25,0.4375001873891051,-0.3124998126108949
9085,94.63541666666667,2086711,2086710.9375,-0.3124998126108949,-0.3749998126108949
9086,94.64583333333333,2086940,2086940.625,-0.3749998126108949,0.2500001873891051
9087,94.65625,2087171,2087170.3125,0.2500001873891051,-0.4374998126108949
9088,94.66666666666667,2087400,2087400.0,-0.4374998126108949,-0.4374998126108949
9089,94.67708333333333,2087629,2087629.6875,-0.4374998126108949,0.2500001873891051
9090,94.696875,2088066,2088066.0937500002,0.2500001873891051,0.34375018762193577
9091,94.70729166666668,2088296,2088295.7812500002,0.34375018762193577,0.1250001878547664
9092,94.71770833333333,2088526,2088525.46875,0.1250001878547664,-0.4062498121452336
9093,94.728125,2088755,2088755.1562500002,-0.4062498121452336,-0.24999981191240295
9094,94.73854166666668,2088985,2088984.8437500002,-0.24999981191240295,-0.4062498116795723
9095,94.74895833333333,2089214,2089214.53125,-0.4062498116795723,0.1250001883204277
9096,94.75,2089238,2089237.5,0.1250001883204277,-0.3749998116795723
9097,94.76041666666667,2089467,2089467.1875,-0.3749998116795723,-0.1874998116795723
9098,94.77083333333333,2089697,2089696.875,-0.1874998116795723,-0.3124998116795723
9099,94.78125,2089926,2089926.5625,-0.3124998116795723,0.2500001883204277
9100,94.79166666666667,2090157,2090156.25,0.2500001883204277,-0.4999998116795723
9101,94.80208333333333,2090385,2090385.9375,-0.4999998116795723,0.4375001883204277
9102,94.821875,2090823,2090822.3437500002,0.4375001883204277,-0.21874981144674166
9103,94.83229166666668,2091052,2091052.0312500002,-0.21874981144674166,-0.18749981121391102
9104,94.84270833333333,2091282,2091281.71875,-0.18749981121391102,-0.468749811213911
9105,94.853125,2091511,2091511.4062500002,-0.468749811213911,-0.06249981098108037
9106,94.86354166666668,2091741,2091741.0937500002,-0.06249981098108037,0.03125018925175027
9107,94.87395833333333,2091971,2091970.78125,0.03125018925175027,-0.18749981074824973
9108,94.875,2091994,2091993.75,-0.18749981074824973,-0.43749981074824973
9109,94.88541666666667,2092223,2092223.4375,-0.43749981074824973,1.8925175027106889e-07
9110,94.89583333333333,2092453,2092453.125,1.8925175027106889e-07,0.12500018925175027
9111,94.90625,2092683,2092682.8125,0.12500018925175027,-0.06249981074824973
9112,94.91666666666667,2092912,2092912.5,-0.06249981074824973,0.43750018925175027
9113,94.92708333333333,2093143,2093142.1875,0.43750018925175027,-0.37499981074824973
9114,94.946875,2093578,2093578.5937500002,-0.37499981074824973,0.21875018948458091
9115,94.95729166666668,2093809,2093808.2812500002,0.21875018948458091,-0.49999981028258844
9116,94.96770833333333,2094037,2094037.96875,-0.49999981028258844,0.46875018971741156
9117,94.978125,2094268,2094267.6562500002,0.46875018971741156,0.1250001899502422
9118,94.98854166666668,2094497,2094497.3437500002,0.1250001899502422,0.46875019018307285
9119,94.99895833333333,2094728,2094727.03125,0.46875019018307285,-0.49999980981692715
9120,95.0,2094750,2094750.0,-0.49999980981692715,-0.49999980981692715
9121,95.01041666666667,2094979,2094979.6875,-0.49999980981692715,0.18750019018307285
9122,95.02083333333333,2095210,2095209.375,0.18750019018307285,-0.43749980981692715
9123,95.03125,2095439,2095439.0625,-0.43749980981692715,-0.37499980981692715
9124,95.04166666666667,2095668,2095668.75,-0.37499980981692715,0.37500019018307285
9125,95.05208333333333,2095899,2095898.4375,0.37500019018307285,-0.18749980981692715
9126,95.071875,2096335,2096334.8437500002,-0.18749980981692715,-0.3437498095840965
9127,95.08229166666668,2096564,2096564.5312500002,-0.3437498095840965,0.18750019064873413
9128,95.09270833333333,2096794,2096794.21875,0.18750019064873413,0.40625019064873413
9129,95.103125,2097024,2097023.9062500002,0.40625019064873413,0.3125001908815648
9130,95.11354166666668,2097254,2097253.59375,0.3125001908815648,-0.09374980911843522
9131,95.12395833333333,2097483,2097483.28125,-0.09374980911843522,0.18750019088156478
9132,95.125,2097506,2097506.25,0.18750019088156478,0.4375001908815648
9133,95.13541666666667,2097736,2097735.9375,0.4375001908815648,0.3750001908815648
9134,95.14583333333333,2097966,2097965.625,0.3750001908815648,1.9088156477664597e-07
9135,95.15625,2098195,2098195.3125,1.9088156477664597e-07,0.3125001908815648
9136,95.16666666666667,2098425,2098425.0,0.3125001908815648,0.3125001908815648
9137,95.17708333333333,2098655,2098654.6875,0.3125001908815648,1.9088156477664597e-07
9138,95.196875,2099091,2099091.09375,1.9088156477664597e-07,0.09375019088156478
9139,95.20729166666668,2099321,2099320.78125,0.09375019088156478,-0.12499980911843522
9140,95.21770833333333,2099550,2099550.46875,-0.12499980911843522,0.3437501908815648
9141,95.228125,2099781,2099780.15625,0.3437501908815648,-0.4999998091184352
9142,95.23854166666668,2100009,2100009.84375,-0.4999998091184352,0.3437501908815648
9143,95.24895833333333,2100240,2100239.53125,0.3437501908815648,-0.12499980911843522
9144,95.25,2100262,2100262.5,-0.12499980911843522,0.3750001908815648
9145,95.26041666666667,2100493,2100492.1875,0.3750001908815648,-0.4374998091184352
9146,95.27083333333333,2100721,2100721.875,-0.4374998091184352,0.4375001908815648
9147,95.28125,2100952,2100951.5625,0.4375001908815648,1.9088156477664597e-07
9148,95.29166666666667,2101181,2101181.25,1.9088156477664597e-07,0.2500001908815648
9149,95.30208333333333,2101411,2101410.9375,0.2500001908815648,0.18750019088156478
9150,95.321875,2101848,2101847.34375,0.18750019088156478,-0.4687498091184352
9151,95.33229166666668,2102077,2102077.03125,-0.4687498091184352,-0.4374998091184352
9152,95.34270833333333,2102306,2102306.71875,-0.4374998091184352,0.2812501908815648
9153,95.353125,2102537,2102536.40625,0.2812501908815648,-0.3124998091184352
9154,95.36354166666668,2102766,2102766.09375,-0.3124998091184352,-0.21874980911843522
9155,95.37395833333333,2102996,2102995.78125,-0.21874980911843522,-0.4374998091184352
9156,95.375,2103018,2103018.75,-0.4374998091184352,0.3125001908815648
9157,95.38541666666667,2103249,2103248.4375,0.3125001908815648,-0.24999980911843522
9158,95.39583333333333,2103478,2103478.125,-0.24999980911843522,-0.12499980911843522
9159,95.40625,2103708,2103707.8125,-0.12499980911843522,-0.3124998091184352
9160,95.41666666666667,2103937,2103937.5,-0.3124998091184352,0.18750019088156478
9161,95.42708333333333,2104167,2104167.1875,0.18750019088156478,0.3750001908815648
9162,95.446875,2104604,2104603.59375,0.3750001908815648,-0.031249809118435223
9163,95.45729166666668,2104833,2104833.28125,-0.031249809118435223,0.2500001908815648
9164,95.46770833333333,2105063,2105062.96875,0.2500001908815648,0.21875019088156478
9165,95.478125,2105293,2105292.65625,0.21875019088156478,-0.12499980911843522
9166,95.48854166666668,2105522,2105522.34375,-0.12499980911843522,0.21875019088156478
9167,95.49895833333333,2105752,2105752.03125,0.21875019088156478,0.2500001908815648
9168,95.5,2105775,2105775.0,0.2500001908815648,0.2500001908815648
9169,95.51041666666667,2106005,2106004.6875,0.2500001908815648,-0.06249980911843522
9170,95.52083333333333,2106234,2106234.375,-0.06249980911843522,0.3125001908815648
9171,95.53125,2106464,2106464.0625,0.3125001908815648,0.3750001908815648
9172,95.54166666666667,2106694,2106693.75,0.3750001908815648,0.12500019088156478
9173,95.55208333333333,2106924,2106923.4375,0.12500019088156478,-0.4374998091184352
9174,95.571875,2107359,2107359.84375,-0.4374998091184352,0.4062501908815648
9175,95.58229166666668,2107590,2107589.53125,0.4062501908815648,-0.06249980911843522
9176,95.59270833333333,2107819,2107819.21875,-0.06249980911843522,0.15625019088156478
9177,95.603125,2108049,2108048.90625,0.15625019088156478,0.06250019088156478
9178,95.61354166666668,2108279,2108278.59375,0.06250019088156478,-0.3437498091184352
9179,95.62395833333333,2108508,2108508.28125,-0.3437498091184352,-0.06249980911843522
9180,95.625,2108531,2108531.25,-0.06249980911843522,0.18750019088156478
9181,95.63541666666667,2108761,2108760.9375,0.18750019088156478,0.12500019088156478
9182,95.64583333333333,2108991,2108990.625,0.12500019088156478,-0.24999980911843522
9183,95.65625,2109220,2109220.3125,-0.24999980911843522,0.06250019088156478
9184,95.66666666666667,2109450,2109450.0,0.06250019088156478,0.06250019088156478
9185,95.67708333333333,2109680,2109679.6875,0.06250019088156478,-0.24999980911843522
9186,95.696875,2110116,2110116.09375,-0.24999980911843522,-0.15624980911843522
9187,95.70729166666668,2110346,2110345.78125,-0.15624980911843522,-0.3749998091184352
9188,95.71770833333333,2110575,2110575.46875,-0.3749998091184352,0.09375019088156478
9189,95.728125,2110805,2110805.15625,0.09375019088156478,0.2500001908815648
9190,95.73854166666668,2111035,2111034.84375,0.2500001908815648,0.09375019088156478
9191,95.74895833333333,2111265,2111264.53125,0.09375019088156478,-0.3749998091184352
9192,95.75,2111287,2111287.5,-0.3749998091184352,0.12500019088156478
9193,95.76041666666667,2111517,2111517.1875,0.12500019088156478,0.3125001908815648
9194,95.77083333333333,2111747,2111746.875,0.3125001908815648,0.18750019088156478
9195,95.78125,2111977,2111976.5625,0.18750019088156478,-0.24999980911843522
9196,95.79166666666667,2112206,2112206.25,-0.24999980911843522,1.9088156477664597e-07
9197,95.80208333333333,2112436,2112435.9375,1.9088156477664597e-07,-0.06249980911843522
9198,95.821875,2112872,2112872.34375,-0.06249980911843522,0.2812501908815648
9199,95.83229166666668,2113102,2113102.03125,0.2812501908815648,0.3125001908815648
9200,95.84270833333333,2113332,2113331.71875,0.3125001908815648,0.03125019088156478
9201,95.853125,2113561,2113561.40625,0.03125019088156478,0.4375001908815648
9202,95.86354166666668,2113792,2113791.09375,0.4375001908815648,-0.4687498091184352
9203,95.87395833333333,2114020,2114020.78125,-0.4687498091184352,0.3125001908815648
9204,95.875,2114044,2114043.75,0.3125001908815648,0.06250019088156478
9205,95.88541666666667,2114274,2114273.4375,0.06250019088156478,-0.4999998091184352
9206,95.89583333333333,2114503,2114503.125,-0.4999998091184352,-0.3749998091184352
9207,95.90625,2114732,2114732.8125,-0.3749998091184352,0.4375001908815648
9208,95.91666666666667,2114963,2114962.5,0.4375001908815648,-0.06249980911843522
9209,95.92708333333333,2115192,2115192.1875,-0.06249980911843522,0.12500019088156478
9210,95.946875,2115629,2115628.59375,0.12500019088156478,-0.2812498091184352
9211,95.95729166666668,2115858,2115858.28125,-0.2812498091184352,1.9088156477664597e-07
9212,95.96770833333333,2116088,2116087.96875,1.9088156477664597e-07,-0.031249809118435223
9213,95.978125,2116318,2116317.65625,-0.031249809118435223,-0.3749998091184352
9214,95.98854166666668,2116547,2116547.34375,-0.3749998091184352,-0.031249809118435223
9215,95.99895833333333,2116777,2116777.03125,-0.031249809118435223,1.9088156477664597e-07
9216,96.0,2116800,2116800.0,1.9088156477664597e-07,1.9088156477664597e-07
9217,96.01041666666667,2117030,2117029.6875,1.9088156477664597e-07,-0.3124998091184352
9218,96.02083333333333,2117259,2117259.375,-0.3124998091184352,0.06250019088156478
9219,96.03125,2117489,2117489.0625,0.06250019088156478,0.12500019088156478
9220,96.04166666666667,2117719,2117718.75,0.12500019088156478,-0.12499980911843522
9221,96.05208333333333,2117948,2117948.4375,-0.12499980911843522,0.3125001908815648
9222,96.071875,2118385,2118384.84375,0.3125001908815648,0.15625019088156478
9223,96.08229166666668,2118615,2118614.53125,0.15625019088156478,-0.3124998091184352
9224,96.09270833333333,2118844,2118844.21875,-0.3124998091184352,-0.09374980911843522
9225,96.103125,2119074,2119073.90625,-0.09374980911843522,-0.18749980911843522
9226,96.11354166666668,2119303,2119303.59375,-0.18749980911843522,0.4062501908815648
9227,96.12395833333333,2119534,2119533.28125,0.4062501908815648,-0.3124998091184352
9228,96.125,2119556,2119556.25,-0.3124998091184352,-0.06249980911843522
9229,96.13541666666667,2119786,2119785.9375,-0.06249980911843522,-0.12499980911843522
9230,96.14583333333333,2120016,2120015.625,-0.12499980911843522,-0.4999998091184352
9231,96.15625,2120245,2120245.3125,-0.4999998091184352,-0.18749980911843522
9232,96.16666666666667,2120475,2120475.0,-0.18749980911843522,-0.18749980911843522
9233,96.17708333333333,2120705,2120704.6875,-0.18749980911843522,-0.4999998091184352
9234,96.196875,2121141,2121141.09375,-0.4999998091184352,-0.4062498091184352
9235,96.20729166666668,2121370,2121370.78125,-0.4062498091184352,0.3750001908815648
9236,96.21770833333333,2121601,2121600.46875,0.3750001908815648,-0.15624980911843522
9237,96.228125,2121830,2121830.15625,-0.15624980911843522,1.9088156477664597e-07
9238,96.23854166666668,2122060,2122059.84375,1.9088156477664597e-07,-0.15624980911843522
9239,96.24895833333333,2122289,2122289.53125,-0.15624980911843522,0.3750001908815648
9240,96.25,2122313,2122312.5,0.3750001908815648,-0.12499980911843522
9241,96.26041666666667,2122542,2122542.1875,-0.12499980911843522,0.06250019088156478
9242,96.27083333333333,2122772,2122771.875,0.06250019088156478,-0.06249980911843522
9243,96.28125,2123002,2123001.5625,-0.06249980911843522,-0.4999998091184352
9244,96.29166666666667,2123231,2123231.25,-0.4999998091184352,-0.24999980911843522
9245,96.30208333333333,2123461,2123460.9375,-0.24999980911843522,-0.3124998091184352
9246,96.321875,2123897,2123897.34375,-0.3124998091184352,0.03125019088156478
9247,96.33229166666668,2124127,2124127.03125,0.03125019088156478,0.06250019088156478
9248,96.34270833333333,2124357,2124356.71875,0.06250019088156478,-0.21874980911843522
9249,96.353125,2124586,2124586.40625,-0.21874980911843522,0.18750019088156478
9250,96.36354166666668,2124816,2124816.09375,0.18750019088156478,0.2812501908815648
9251,96.37395833333333,2125046,2125045.78125,0.2812501908815648,0.06250019088156478
9252,96.375,2125069,2125068.75,0.06250019088156478,-0.18749980911843522
9253,96.38541666666667,2125298,2125298.4375,-0.18749980911843522,0.2500001908815648
9254,96.39583333333333,2125528,2125528.125,0.2500001908815648,0.3750001908815648
9255,96.40625,2125758,2125757.8125,0.3750001908815648,0.18750019088156478
9256,96.41666666666667,2125988,2125987.5,0.18750019088156478,-0.3124998091184352
9257,96.42708333333333,2126217,2126217.1875,-0.3124998091184352,-0.12499980911843522
9258,96.446875,2126653,2126653.59375,-0.12499980911843522,0.4687501908815648
9259,96.45729166666668,2126884,2126883.28125,0.4687501908815648,-0.24999980911843522
9260,96.46770833333333,2127113,2127112.96875,-0.24999980911843522,-0.2812498091184352
9261,96.478125,2127342,2127342.65625,-0.2812498091184352,0.3750001908815648
9262,96.48854166666668,2127573,2127572.34375,0.3750001908815648,-0.2812498091184352
9263,96.49895833333333,2127802,2127802.03125,-0.2812498091184352,-0.24999980911843522
9264,96.5,2127825,2127825.0,-0.24999980911843522,-0.24999980911843522
9265,96.51041666666667,2128054,2128054.6875,-0.24999980911843522,0.4375001908815648
9266,96.52083333333333,2128285,2128284.375,0.4375001908815648,-0.18749980911843522
9267,96.53125,2128514,2128514.0625,-0.18749980911843522,-0.12499980911843522
9268,96.54166666666667,2128744,2128743.75,-0.12499980911843522,-0.3749998091184352
9269,96.55208333333333,2128973,2128973.4375,-0.3749998091184352,0.06250019088156478
9270,96.571875,2129410,2129409.84375,0.06250019088156478,-0.09374980911843522
9271,96.58229166666668,2129639,2129639.53125,-0.09374980911843522,0.4375001908815648
9272,96.59270833333333,2129870,2129869.21875,0.4375001908815648,-0.3437498091184352
9273,96.603125,2130099,2130098.90625,-0.3437498091184352,-0.4374998091184352
9274,96.61354166666668,2130328,2130328.59375,-0.4374998091184352,0.15625019088156478
9275,96.62395833333333,2130558,2130558.28125,0.15625019088156478,0.4375001908815648
9276,96.625,2130582,2130581.25,0.4375001908815648,-0.3124998091184352
9277,96.63541666666667,2130811,2130810.9375,-0.3124998091184352,-0.3749998091184352
9278,96.64583333333333,2131040,2131040.625,-0.3749998091184352,0.2500001908815648
9279,96.65625,2131271,2131270.3125,0.2500001908815648,-0.4374998091184352
9280,96.66666666666667,2131500,2131500.0,-0.4374998091184352,-0.4374998091184352
9281,96.67708333333333,2131729,2131729.6875,-0.4374998091184352,0.2500001908815648
9282,96.696875,2132166,2132166.09375,0.2500001908815648,0.3437501908815648
9283,96.70729166666668,2132396,2132395.78125,0.3437501908815648,0.12500019088156478
9284,96.71770833333333,2132626,2132625.46875,0.12500019088156478,-0.4062498091184352
9285,96.728125,2132855,2132855.15625,-0.4062498091184352,-0.24999980911843522
9286,96.73854166666668,2133085,2133084.84375,-0.24999980911843522,-0.4062498091184352
9287,96.74895833333333,2133314,2133314.53125,-0.4062498091184352,0.12500019088156478
9288,96.75,2133338,2133337.5,0.12500019088156478,-0.3749998091184352
9289,96.76041666666667,2133567,2133567.1875,-0.3749998091184352,-0.18749980911843522
9290,96.77083333333333,2133797,2133796.875,-0.18749980911843522,-0.3124998091184352
9291,96.78125,2134026,2134026.5625,-0.3124998091184352,0.2500001908815648
9292,96.79166666666667,2134257,2134256.25,0.2500001908815648,-0.4999998091184352
9293,96.80208333333333,2134485,2134485.9375,-0.4999998091184352,0.4375001908815648
9294,96.821875,2134923,2134922.34375,0.4375001908815648,-0.21874980911843522
9295,96.83229166666668,2135152,2135152.03125,-0.21874980911843522,-0.18749980911843522
9296,96.84270833333333,2135382,2135381.71875,-0.18749980911843522,-0.4687498091184352
9297,96.853125,2135611,2135611.40625,-0.4687498091184352,-0.06249980911843522
9298,96.86354166666668,2135841,2135841.09375,-0.06249980911843522,0.03125019088156478
9299,96.87395833333333,2136071,2136070.78125,0.03125019088156478,-0.18749980911843522
9300,96.875,2136094,2136093.75,-0.18749980911843522,-0.4374998091184352
9301,96.88541666666667,2136323,2136323.4375,-0.4374998091184352,1.9088156477664597e-07
9302,96.89583333333333,2136553,2136553.125,1.9088156477664597e-07,0.12500019088156478
9303,96.90625,2136783,2136782.8125,0.12500019088156478,-0.06249980911843522
9304,96.91666666666667,2137012,2137012.5,-0.06249980911843522,0.4375001908815648
9305,96.92708333333333,2137243,2137242.1875,0.4375001908815648,-0.3749998091184352
9306,96.946875,2137678,2137678.59375,-0.3749998091184352,0.21875019088156478
9307,96.95729166666668,2137909,2137908.28125,0.21875019088156478,-0.4999998091184352
9308,96.96770833333333,2138137,2138137.96875,-0.4999998091184352,0.4687501908815648
9309,96.978125,2138368,2138367.65625,0.4687501908815648,0.12500019088156478
9310,96.98854166666668,2138597,2138597.34375,0.12500019088156478,0.4687501908815648
9311,96.99895833333333,2138828,2138827.03125,0.4687501908815648,-0.4999998091184352
9312,97.0,2138850,2138850.0,-0.4999998091184352,-0.4999998091184352
9313,97.01041666666667,2139079,2139079.6875,-0.4999998091184352,0.18750019088156478
9314,97.02083333333333,2139310,2139309.375,0.18750019088156478,-0.4374998091184352
9315,97.03125,2139539,2139539.0625,-0.4374998091184352,-0.3749998091184352
9316,97.04166666666667,2139768,2139768.75,-0.3749998091184352,0.3750001908815648
9317,97.05208333333333,2139999,2139998.4375,0.3750001908815648,-0.18749980911843522
9318,97.071875,2140435,2140434.84375,-0.18749980911843522,-0.3437498091184352
9319,97.08229166666668,2140664,2140664.53125,-0.3437498091184352,0.18750019088156478
9320,97.09270833333333,2140894,2140894.21875,0.18750019088156478,0.4062501908815648
9321,97.103125,2141124,2141123.90625,0.4062501908815648,0.3125001908815648
9322,97.11354166666668,2141354,2141353.59375,0.3125001908815648,-0.09374980911843522
9323,97.12395833333333,2141583,2141583.28125,-0.09374980911843522,0.18750019088156478
9324,97.125,2141606,2141606.25,0.18750019088156478,0.4375001908815648
9325,97.13541666666667,2141836,2141835.9375,0.4375001908815648,0.3750001908815648
9326,97.14583333333333,2142066,2142065.625,0.3750001908815648,1.9088156477664597e-07
9327,97.15625,2142295,2142295.3125,1.9088156477664597e-07,0.3125001908815648
9328,97.16666666666667,2142525,2142525.0,0.3125001908815648,0.3125001908815648
9329,97.17708333333333,2142755,2142754.6875,0.3125001908815648,1.9088156477664597e-07
9330,97.196875,2143191,2143191.09375,1.9088156477664597e-07,0.09375019088156478
9331,97.20729166666668,2143421,2143420.78125,0.09375019088156478,-0.12499980911843522
9332,97.21770833333333,2143650,2143650.46875,-0.12499980911843522,0.3437501908815648
9333,97.228125,2143881,2143880.15625,0.3437501908815648,-0.4999998091184352
9334,97.23854166666668,2144109,2144109.84375,-0.4999998091184352,0.3437501908815648
9335,97.24895833333333,2144340,2144339.53125,0.3437501908815648,-0.12499980911843522
9336,97.25,2144362,2144362.5,-0.12499980911843522,0.3750001908815648
9337,97.26041666666667,2144593,2144592.1875,0.3750001908815648,-0.4374998091184352
9338,97.27083333333333,2144821,2144821.875,-0.4374998091184352,0.4375001908815648
9339,97.28125,2145052,2145051.5625,0.4375001908815648,1.9088156477664597e-07
9340,97.29166666666667,2145281,2145281.25,1.9088156477664597e-07,0.2500001908815648
9341,97.30208333333333,2145511,2145510.9375,0.2500001908815648,0.18750019088156478
9342,97.321875,2145948,2145947.34375,0.18750019088156478,-0.4687498091184352
9343,97.33229166666668,2146177,2146177.03125,-0.4687498091184352,-0.4374998091184352
9344,97.34270833333333,2146406,2146406.71875,-0.4374998091184352,0.2812501908815648
9345,97.353125,2146637,2146636.40625,0.2812501908815648,-0.3124998091184352
9346,97.36354166666668,2146866,2146866.09375,-0.3124998091184352,-0.21874980911843522
9347,97.37395833333333,2147096,2147095.78125,-0.21874980911843522,-0.4374998091184352
9348,97.375,2147118,2147118.75,-0.4374998091184352,0.3125001908815648
9349,97.38541666666667,2147349,2147348.4375,0.3125001908815648,-0.24999980911843522
9350,97.39583333333333,2147578,2147578.125,-0.24999980911843522,-0.12499980911843522
9351,97.40625,2147808,2147807.8125,-0.12499980911843522,-0.3124998091184352
9352,97.41666666666667,2148037,2148037.5,-0.3124998091184352,0.18750019088156478
9353,97.42708333333333,2148267,2148267.1875,0.18750019088156478,0.3750001908815648
9354,97.446875,2148704,2148703.59375,0.3750001908815648,-0.031249809118435223
9355,97.45729166666668,2148933,2148933.28125,-0.031249809118435223,0.2500001908815648
9356,97.46770833333333,2149163,2149162.96875,0.2500001908815648,0.21875019088156478
9357,97.478125,2149393,2149392.65625,0.21875019088156478,-0.12499980911843522
9358,97.48854166666668,2149622,2149622.34375,-0.12499980911843522,0.21875019088156478
9359,97.49895833333333,2149852,2149852.03125,0.21875019088156478,0.2500001908815648
9360,97.5,2149875,2149875.0,0.2500001908815648,0.2500001908815648
9361,97.51041666666667,2150105,2150104.6875,0.2500001908815648,-0.06249980911843522
9362,97.52083333333333,2150334,2150334.375,-0.06249980911843522,0.3125001908815648
9363,97.53125,2150564,2150564.0625,0.3125001908815648,0.3750001908815648
9364,97.54166666666667,2150794,2150793.75,0.3750001908815648,0.12500019088156478
9365,97.55208333333333,2151024,2151023.4375,0.12500019088156478,-0.4374998091184352
9366,97.571875,2151459,2151459.84375,-0.4374998091184352,0.4062501908815648
9367,97.58229166666668,2151690,2151689.53125,0.4062501908815648,-0.06249980911843522
9368,97.59270833333333,2151919,2151919.21875,-0.06249980911843522,0.15625019088156478
9369,97.603125,2152149,2152148.90625,0.15625019088156478,0.06250019088156478
9370,97.61354166666668,2152379,2152378.59375,0.06250019088156478,-0.3437498091184352
9371,97.62395833333333,2152608,2152608.28125,-0.3437498091184352,-0.06249980911843522
9372,97.625,2152631,2152631.25,-0.06249980911843522,0.18750019088156478
9373,97.63541666666667,2152861,2152860.9375,0.18750019088156478,0.12500019088156478
9374,97.64583333333333,2153091,2153090.625,0.12500019088156478,-0.24999980911843522
9375,97.65625,2153320,2153320.3125,-0.24999980911843522,0.06250019088156478
9376,97.66666666666667,2153550,2153550.0,0.06250019088156478,0.06250019088156478
9377,97.67708333333333,2153780,2153779.6875,0.06250019088156478,-0.24999980911843522
9378,97.696875,2154216,2154216.09375,-0.24999980911843522,-0.15624980911843522
9379,97.70729166666668,2154446,2154445.78125,-0.15624980911843522,-0.3749998091184352
9380,97.71770833333333,2154675,2154675.46875,-0.3749998091184352,0.09375019088156478
9381,97.728125,2154905,2154905.15625,0.09375019088156478,0.2500001908815648
9382,97.73854166666668,2155135,2155134.84375,0.2500001908815648,0.09375019088156478
9383,97.74895833333333,2155365,2155364.53125,0.09375019088156478,-0.3749998091184352
9384,97.75,2155387,2155387.5,-0.3749998091184352,0.12500019088156478
9385,97.76041666666667,2155617,2155617.1875,0.12500019088156478,0.3125001908815648
9386,97.77083333333333,2155847,2155846.875,0.3125001908815648,0.18750019088156478
9387,97.78125,2156077,2156076.5625,0.18750019088156478,-0.24999980911843522
9388,97.79166666666667,2156306,2156306.25,-0.24999980911843522,1.9088156477664597e-07
9389,97.80208333333333,2156536,2156535.9375,1.9088156477664597e-07,-0.06249980911843522
9390,97.821875,2156972,2156972.34375,-0.06249980911843522,0.2812501908815648
9391,97.83229166666668,2157202,2157202.03125,0.2812501908815648,0.3125001908815648
9392,97.84270833333333,2157432,2157431.71875,0.3125001908815648,0.03125019088156478
9393,97.853125,2157661,2157661.40625,0.03125019088156478,0.4375001908815648
9394,97.86354166666668,2157892,2157891.09375,0.4375001908815648,-0.4687498091184352
9395,97.87395833333333,2158120,2158120.78125,-0.4687498091184352,0.3125001908815648
9396,97.875,2158144,2158143.75,0.3125001908815648,0.06250019088156478
9397,97.88541666666667,2158374,2158373.4375,0.06250019088156478,-0.4999998091184352
9398,97.89583333333333,2158603,2158603.125,-0.4999998091184352,-0.3749998091184352
9399,97.90625,2158832,2158832.8125,-0.3749998091184352,0.4375001908815648
9400,97.91666666666667,2159063,2159062.5,0.4375001908815648,-0.06249980911843522
9401,97.92708333333333,2159292,2159292.1875,-0.06249980911843522,0.12500019088156478
9402,97.946875,2159729,2159728.59375,0.12500019088156478,-0.2812498091184352
9403,97.95729166666668,2159958,2159958.28125,-0.2812498091184352,1.9088156477664597e-07
9404,97.96770833333333,2160188,2160187.96875,1.9088156477664597e-07,-0.031249809118435223
9405,97.978125,2160418,2160417.65625,-0.031249809118435223,-0.3749998091184352
9406,97.98854166666668,2160647,2160647.34375,-0.3749998091184352,-0.031249809118435223
9407,97.99895833333333,2160877,2160877.03125,-0.031249809118435223,1.9088156477664597e-07
9408,98.0,2160900,2160900.0,1.9088156477664597e-07,1.9088156477664597e-07
9409,98.01041666666667,2161130,2161129.6875,1.9088156477664597e-07,-0.3124998091184352
9410,98.02083333333333,2161359,2161359.375,-0.3124998091184352,0.06250019088156478
9411,98.03125,2161589,2161589.0625,0.06250019088156478,0.12500019088156478
9412,98.04166666666667,2161819,2161818.75,0.12500019088156478,-0.12499980911843522
9413,98.05208333333333,2162048,2162048.4375,-0.12499980911843522,0.3125001908815648
9414,98.071875,2162485,2162484.84375,0.3125001908815648,0.15625019088156478
9415,98.08229166666668,2162715,2162714.53125,0.15625019088156478,-0.3124998091184352
9416,98.09270833333333,2162944,2162944.21875,-0.3124998091184352,-0.09374980911843522
9417,98.103125,2163174,2163173.90625,-0.09374980911843522,-0.18749980911843522
9418,98.11354166666668,2163403,2163403.59375,-0.18749980911843522,0.4062501908815648
9419,98.12395833333333,2163634,2163633.28125,0.4062501908815648,-0.3124998091184352
9420,98.125,2163656,2163656.25,-0.3124998091184352,-0.06249980911843522
9421,98.13541666666667,2163886,2163885.9375,-0.06249980911843522,-0.12499980911843522
9422,98.14583333333333,2164116,2164115.625,-0.12499980911843522,-0.4999998091184352
9423,98.15625,2164345,2164345.3125,-0.4999998091184352,-0.18749980911843522
9424,98.16666666666667,2164575,2164575.0,-0.18749980911843522,-0.18749980911843522
9425,98.17708333333333,2164805,2164804.6875,-0.18749980911843522,-0.4999998091184352
9426,98.196875,2165241,2165241.09375,-0.4999998091184352,-0.4062498091184352
9427,98.20729166666668,2165470,2165470.78125,-0.4062498091184352,0.3750001908815648
9428,98.21770833333333,2165701,2165700.46875,0.3750001908815648,-0.15624980911843522
9429,98.228125,2165930,2165930.15625,-0.15624980911843522,1.9088156477664597e-07
9430,98.23854166666668,2166160,2166159.84375,1.9088156477664597e-07,-0.15624980911843522
9431,98.24895833333333,2166389,2166389.53125,-0.15624980911843522,0.3750001908815648
9432,98.25,2166413,2166412.5,0.3750001908815648,-0.12499980911843522
9433,98.26041666666667,2166642,2166642.1875,-0.12499980911843522,0.06250019088156478
9434,98.27083333333333,2166872,2166871.875,0.06250019088156478,-0.06249980911843522
9435,98.28125,2167102,2167101.5625,-0.06249980911843522,-0.4999998091184352
9436,98.29166666666667,2167331,2167331.25,-0.4999998091184352,-0.24999980911843522
9437,98.30208333333333,2167561,2167560.9375,-0.24999980911843522,-0.3124998091184352
9438,98.321875,2167997,2167997.34375,-0.3124998091184352,0.03125019088156478
9439,98.33229166666668,2168227,2168227.03125,0.03125019088156478,0.06250019088156478
9440,98.34270833333333,2168457,2168456.71875,0.06250019088156478,-0.21874980911843522
9441,98.353125,2168686,2168686.40625,-0.21874980911843522,0.18750019088156478
9442,98.36354166666668,2168916,2168916.09375,0.18750019088156478,0.2812501908815648
9443,98.37395833333333,2169146,2169145.78125,0.2812501908815648,0.06250019088156478
9444,98.375,2169169,2169168.75,0.06250019088156478,-0.18749980911843522
9445,98.38541666666667,2169398,2169398.4375,-0.18749980911843522,0.2500001908815648
9446,98.39583333333333,2169628,2169628.125,0.2500001908815648,0.3750001908815648
9447,98.40625,2169858,2169857.8125,0.3750001908815648,0.18750019088156478
9448,98.41666666666667,2170088,2170087.5,0.18750019088156478,-0.3124998091184352
9449,98.42708333333333,2170317,2170317.1875,-0.3124998091184352,-0.12499980911843522
9450,98.446875,2170753,2170753.59375,-0.12499980911843522,0.4687501908815648
9451,98.45729166666668,2170984,2170983.28125,0.4687501908815648,-0.24999980911843522
9452,98.46770833333333,2171213,2171212.96875,-0.24999980911843522,-0.2812498091184352
9453,98.478125,2171442,2171442.65625,-0.2812498091184352,0.3750001908815648
9454,98.48854166666668,2171673,2171672.34375,0.3750001908815648,-0.2812498091184352
9455,98.49895833333333,2171902,2171902.03125,-0.2812498091184352,-0.24999980911843522
9456,98.5,2171925,2171925.0,-0.24999980911843522,-0.24999980911843522
9457,98.51041666666667,2172154,2172154.6875,-0.24999980911843522,0.4375001908815648
9458,98.52083333333333,2172385,2172384.375,0.4375001908815648,-0.18749980911843522
9459,98.53125,2172614,2172614.0625,-0.18749980911843522,-0.12499980911843522
9460,98.54166666666667,2172844,2172843.75,-0.12499980911843522,-0.3749998091184352
9461,98.55208333333333,2173073,2173073.4375,-0.3749998091184352,0.06250019088156478
9462,98.571875,2173510,2173509.84375,0.06250019088156478,-0.09374980911843522
9463,98.58229166666668,2173739,2173739.53125,-0.09374980911843522,0.4375001908815648
9464,98.59270833333333,2173970,2173969.21875,0.4375001908815648,-0.3437498091184352
9465,98.603125,2174199,2174198.90625,-0.3437498091184352,-0.4374998091184352
9466,98.61354166666668,2174428,2174428.59375,-0.4374998091184352,0.15625019088156478
9467,98.62395833333333,2174658,2174658.28125,0.15625019088156478,0.4375001908815648
9468,98.625,2174682,2174681.25,0.4375001908815648,-0.3124998091184352
9469,98.63541666666667,2174911,2174910.9375,-0.3124998091184352,-0.3749998091184352
9470,98.64583333333333,2175140,2175140.625,-0.3749998091184352,0.2500001908815648
9471,98.65625,2175371,2175370.3125,0.2500001908815648,-0.4374998091184352
9472,98.66666666666667,2175600,2175600.0,-0.4374998091184352,-0.4374998091184352
9473,98.67708333333333,2175829,2175829.6875,-0.4374998091184352,0.2500001908815648
9474,98.696875,2176266,2176266.09375,0.2500001908815648,0.3437501908815648
9475,98.70729166666668,2176496,2176495.78125,0.3437501908815648,0.12500019088156478
9476,98.71770833333333,2176726,2176725.46875,0.12500019088156478,-0.4062498091184352
9477,98.728125,2176955,2176955.15625,-0.4062498091184352,-0.24999980911843522
9478,98.73854166666668,2177185,2177184.84375,-0.24999980911843522,-0.4062498091184352
9479,98.74895833333333,2177414,2177414.53125,-0.4062498091184352,0.12500019088156478
9480,98.75,2177438,2177437.5,0.12500019088156478,-0.3749998091184352
9481,98.76041666666667,2177667,2177667.1875,-0.3749998091184352,-0.18749980911843522
9482,98.77083333333333,2177897,2177896.875,-0.18749980911843522,-0.3124998091184352
9483,98.78125,2178126,2178126.5625,-0.3124998091184352,0.2500001908815648
9484,98.79166666666667,2178357,2178356.25,0.2500001908815648,-0.4999998091184352
9485,98.80208333333333,2178585,2178585.9375,-0.4999998091184352,0.4375001908815648
9486,98.821875,2179023,2179022.34375,0.4375001908815648,-0.21874980911843522
9487,98.83229166666668,2179252,2179252.03125,-0.21874980911843522,-0.18749980911843522
9488,98.84270833333333,2179482,2179481.71875,-0.18749980911843522,-0.4687498091184352
9489,98.853125,2179711,2179711.40625,-0.4687498091184352,-0.06249980911843522
9490,98.86354166666668,2179941,2179941.09375,-0.06249980911843522,0.03125019088156478
9491,98.87395833333333,2180171,2180170.78125,0.03125019088156478,-0.18749980911843522
9492,98.875,2180194,2180193.75,-0.18749980911843522,-0.4374998091184352
9493,98.88541666666667,2180423,2180423.4375,-0.4374998091184352,1.9088156477664597e-07
9494,98.89583333333333,2180653,2180653.125,1.9088156477664597e-07,0.12500019088156478
9495,98.90625,2180883,2180882.8125,0.12500019088156478,-0.06249980911843522
9496,98.91666666666667,2181112,2181112.5,-0.06249980911843522,0.4375001908815648
9497,98.92708333333333,2181343,2181342.1875,0.4375001908815648,-0.3749998091184352
9498,98.946875,2181778,2181778.59375,-0.3749998091184352,0.21875019088156478
9499,98.95729166666668,2182009,2182008.28125,0.21875019088156478,-0.4999998091184352
9500,98.96770833333333,2182237,2182237.96875,-0.4999998091184352,0.4687501908815648
9501,98.978125,2182468,2182467.65625,0.4687501908815648,0.12500019088156478
9502,98.98854166666668,2182697,2182697.34375,0.12500019088156478,0.4687501908815648
9503,98.99895833333333,2182928,2182927.03125,0.4687501908815648,-0.4999998091184352
9504,99.0,2182950,2182950.0,-0.4999998091184352,-0.4999998091184352
9505,99.01041666666667,2183179,2183179.6875,-0.4999998091184352,0.18750019088156478
9506,99.02083333333333,2183410,2183409.375,0.18750019088156478,-0.4374998091184352
9507,99.03125,2183639,2183639.0625,-0.4374998091184352,-0.3749998091184352
9508,99.04166666666667,2183868,2183868.75,-0.3749998091184352,0.3750001908815648
9509,99.05208333333333,2184099,2184098.4375,0.3750001908815648,-0.18749980911843522
9510,99.071875,2184535,2184534.84375,-0.18749980911843522,-0.3437498091184352
9511,99.08229166666668,2184764,2184764.53125,-0.3437498091184352,0.18750019088156478
9512,99.09270833333333,2184994,2184994.21875,0.18750019088156478,0.4062501908815648
9513,99.103125,2185224,2185223.90625,0.4062501908815648,0.3125001908815648
9514,99.11354166666668,2185454,2185453.59375,0.3125001908815648,-0.09374980911843522
9515,99.12395833333333,2185683,2185683.28125,-0.09374980911843522,0.18750019088156478
9516,99.125,2185706,2185706.25,0.18750019088156478,0.4375001908815648
9517,99.13541666666667,2185936,2185935.9375,0.4375001908815648,0.3750001908815648
9518,99.14583333333333,2186166,2186165.625,0.3750001908815648,1.9088156477664597e-07
9519,99.15625,2186395,2186395.3125,1.9088156477664597e-07,0.3125001908815648
9520,99.16666666666667,2186625,2186625.0,0.3125001908815648,0.3125001908815648
9521,99.17708333333333,2186855,2186854.6875,0.3125001908815648,1.9088156477664597e-07
9522,99.196875,2187291,2187291.09375,1.9088156477664597e-07,0.09375019088156478
9523,99.20729166666668,2187521,2187520.78125,0.09375019088156478,-0.12499980911843522
9524,99.21770833333333,2187750,2187750.46875,-0.12499980911843522,0.3437501908815648
9525,99.228125,2187981,2187980.15625,0.3437501908815648,-0.4999998091184352
9526,99.23854166666668,2188209,2188209.84375,-0.4999998091184352,0.3437501908815648
9527,99.24895833333333,2188440,2188439.53125,0.3437501908815648,-0.12499980911843522
9528,99.25,2188462,2188462.5,-0.12499980911843522,0.3750001908815648
9529,99.26041666666667,2188693,2188692.1875,0.3750001908815648,-0.4374998091184352
9530,99.27083333333333,2188921,2188921.875,-0.4374998091184352,0.4375001908815648
9531,99.28125,2189152,2189151.5625,0.4375001908815648,1.9088156477664597e-07
9532,99.29166666666667,2189381,2189381.25,1.9088156477664597e-07,0.2500001908815648
9533,99.30208333333333,2189611,2189610.9375,0.2500001908815648,0.18750019088156478
9534,99.321875,2190048,2190047.34375,0.18750019088156478,-0.4687498091184352
9535,99.33229166666668,2190277,2190277.03125,-0.4687498091184352,-0.4374998091184352
9536,99.34270833333333,2190506,2190506.71875,-0.4374998091184352,0.2812501908815648
9537,99.353125,2190737,2190736.40625,0.2812501908815648,-0.3124998091184352
9538,99.36354166666668,2190966,2190966.09375,-0.3124998091184352,-0.21874980911843522
9539,99.37395833333333,2191196,2191195.78125,-0.21874980911843522,-0.4374998091184352
9540,99.375,2191218,2191218.75,-0.4374998091184352,0.3125001908815648
9541,99.38541666666667,2191449,2191448.4375,0.3125001908815648,-0.24999980911843522
9542,99.39583333333333,2191678,2191678.125,-0.24999980911843522,-0.12499980911843522
9543,99.40625,2191908,2191907.8125,-0.12499980911843522,-0.3124998091184352
9544,99.41666666666667,2192137,2192137.5,-0.3124998091184352,0.18750019088156478
9545,99.42708333333333,2192367,2192367.1875,0.18750019088156478,0.3750001908815648
9546,99.446875,2192804,2192803.59375,0.3750001908815648,-0.031249809118435223
9547,99.45729166666668,2193033,2193033.28125,-0.031249809118435223,0.2500001908815648
9548,99.46770833333333,2193263,2193262.96875,0.2500001908815648,0.21875019088156478
9549,99.478125,2193493,2193492.65625,0.21875019088156478,-0.12499980911843522
9550,99.48854166666668,2193722,2193722.34375,-0.12499980911843522,0.21875019088156478
9551,99.49895833333333,2193952,2193952.03125,0.21875019088156478,0.2500001908815648
9552,99.5,2193975,2193975.0,0.2500001908815648,0.2500001908815648
9553,99.51041666666667,2194205,2194204.6875,0.2500001908815648,-0.06249980911843522
9554,99.52083333333333,2194434,2194434.375,-0.06249980911843522,0.3125001908815648
9555,99.53125,2194664,2194664.0625,0.3125001908815648,0.3750001908815648
9556,99.54166666666667,2194894,2194893.75,0.3750001908815648,0.12500019088156478
9557,99.55208333333333,2195124,2195123.4375,0.12500019088156478,-0.4374998091184352
9558,99.571875,2195559,2195559.84375,-0.4374998091184352,0.4062501908815648
9559,99.58229166666668,2195790,2195789.53125,0.4062501908815648,-0.06249980911843522
9560,99.59270833333333,2196019,2196019.21875,-0.06249980911843522,0.15625019088156478
9561,99.603125,2196249,2196248.90625,0.15625019088156478,0.06250019088156478
9562,99.61354166666668,2196479,2196478.59375,0.06250019088156478,-0.3437498091184352
9563,99.62395833333333,2196708,2196708.28125,-0.3437498091184352,-0.06249980911843522
9564,99.625,2196731,2196731.25,-0.06249980911843522,0.18750019088156478
9565,99.63541666666667,2196961,2196960.9375,0.18750019088156478,0.12500019088156478
9566,99.64583333333333,2197191,2197190.625,0.12500019088156478,-0.24999980911843522
9567,99.65625,2197420,2197420.3125,-0.24999980911843522,0.06250019088156478
9568,99.66666666666667,2197650,2197650.0,0.06250019088156478,0.06250019088156478
9569,99.67708333333333,2197880,2197879.6875,0.06250019088156478,-0.24999980911843522
9570,99.696875,2198316,2198316.09375,-0.24999980911843522,-0.15624980911843522
9571,99.70729166666668,2198546,2198545.78125,-0.15624980911843522,-0.3749998091184352
9572,99.71770833333333,2198775,2198775.46875,-0.3749998091184352,0.09375019088156478
9573,99.728125,2199005,2199005.15625,0.09375019088156478,0.2500001908815648
9574,99.73854166666668,2199235,2199234.84375,0.2500001908815648,0.09375019088156478
9575,99.74895833333333,2199465,2199464.53125,0.09375019088156478,-0.3749998091184352
9576,99.75,2199487,2199487.5,-0.3749998091184352,0.12500019088156478
9577,99.76041666666667,2199717,2199717.1875,0.12500019088156478,0.3125001908815648
9578,99.77083333333333,2199947,2199946.875,0.3125001908815648,0.18750019088156478
9579,99.78125,2200177,2200176.5625,0.18750019088156478,-0.24999980911843522
9580,99.79166666666667,2200406,2200406.25,-0.24999980911843522,1.9088156477664597e-07
9581,99.80208333333333,2200636,2200635.9375,1.9088156477664597e-07,-0.06249980911843522
9582,99.821875,2201072,2201072.34375,-0.06249980911843522,0.2812501908815648
9583,99.83229166666668,2201302,2201302.03125,0.2812501908815648,0.3125001908815648
9584,99.84270833333333,2201532,2201531.71875,0.3125001908815648,0.03125019088156478
9585,99.853125,2201761,2201761.40625,0.03125019088156478,0.4375001908815648
9586,99.86354166666668,2201992,2201991.09375,0.4375001908815648,-0.4687498091184352
9587,99.87395833333333,2202220,2202220.78125,-0.4687498091184352,0.3125001908815648
9588,99.875,2202244,2202243.75,0.3125001908815648,0.06250019088156478
9589,99.88541666666667,2202474,2202473.4375,0.06250019088156478,-0.4999998091184352
9590,99.89583333333333,2202703,2202703.125,-0.4999998091184352,-0.3749998091184352
9591,99.90625,2202932,2202932.8125,-0.3749998091184352,0.4375001908815648
9592,99.91666666666667,2203163,2203162.5,0.4375001908815648,-0.06249980911843522
9593,99.92708333333333,2203392,2203392.1875,-0.06249980911843522,0.12500019088156478
9594,99.946875,2203829,2203828.59375,0.12500019088156478,-0.2812498091184352
9595,99.95729166666668,2204058,2204058.28125,-0.2812498091184352,1.9088156477664597e-07
9596,99.96770833333333,2204288,2204287.96875,1.9088156477664597e-07,-0.031249809118435223
9597,99.978125,2204518,2204517.65625,-0.031249809118435223,-0.3749998091184352
9598,99.98854166666668,2204747,2204747.34375,-0.3749998091184352,-0.031249809118435223
9599,99.99895833333333,2204977,2204977.03125,-0.031249809118435223,1.9088156477664597e-07
9600,100.0,2205000,2205000.0,1.9088156477664597e-07,1.9088156477664597e-07
9601,100.01041666666667,2205230,2205229.6875,1.9088156477664597e-07,-0.3124998091184352
9602,100.02083333333333,2205459,2205459.375,-0.3124998091184352,0.06250019088156478
9603,100.03125,2205689,2205689.0625,0.06250019088156478,0.12500019088156478
9604,100.04166666666667,2205919,2205918.75,0.12500019088156478,-0.12499980911843522
9605,100.05208333333333,2206148,2206148.4375,-0.12499980911843522,0.3125001908815648
9606,100.071875,2206585,2206584.84375,0.3125001908815648,0.15625019088156478
9607,100.08229166666668,2206815,2206814.53125,0.15625019088156478,-0.3124998091184352
9608,100.09270833333333,2207044,2207044.21875,-0.3124998091184352,-0.09374980911843522
9609,100.103125,2207274,2207273.90625,-0.09374980911843522,-0.18749980911843522
9610,100.11354166666668,2207503,2207503.59375,-0.18749980911843522,0.4062501908815648
9611,100.12395833333333,2207734,2207733.28125,0.4062501908815648,-0.3124998091184352
9612,100.125,2207756,2207756.25,-0.3124998091184352,-0.06249980911843522
9613,100.13541666666667,2207986,2207985.9375,-0.06249980911843522,-0.12499980911843522
9614,100.14583333333333,2208216,2208215.625,-0.12499980911843522,-0.4999998091184352
9615,100.15625,2208445,2208445.3125,-0.4999998091184352,-0.18749980911843522
9616,100.16666666666667,2208675,2208675.0,-0.18749980911843522,-0.18749980911843522
9617,100.17708333333333,2208905,2208904.6875,-0.18749980911843522,-0.4999998091184352
9618,100.196875,2209341,2209341.09375,-0.4999998091184352,-0.4062498091184352
9619,100.20729166666668,2209570,2209570.78125,-0.4062498091184352,0.3750001908815648
9620,100.21770833333333,2209801,2209800.46875,0.3750001908815648,-0.15624980911843522
9621,100.228125,2210030,2210030.15625,-0.15624980911843522,1.9088156477664597e-07
9622,100.23854166666668,2210260,2210259.84375,1.9088156477664597e-07,-0.15624980911843522
9623,100.24895833333333,2210489,2210489.53125,-0.15624980911843522,0.3750001908815648
9624,100.25,2210513,2210512.5,0.3750001908815648,-0.12499980911843522
9625,100.26041666666667,2210742,2210742.1875,-0.12499980911843522,0.06250019088156478
9626,100.27083333333333,2210972,2210971.875,0.06250019088156478,-0.06249980911843522
9627,100.28125,2211202,2211201.5625,-0.06249980911843522,-0.4999998091184352
9628,100.29166666666667,2211431,2211431.25,-0.4999998091184352,-0.24999980911843522
9629,100.30208333333333,2211661,2211660.9375,-0.24999980911843522,-0.3124998091184352
9630,100.321875,2212097,2212097.34375,-0.3124998091184352,0.03125019088156478
9631,100.33229166666668,2212327,2212327.03125,0.03125019088156478,0.06250019088156478
9632,100.34270833333333,2212557,2212556.71875,0.06250019088156478,-0.21874980911843522
9633,100.353125,2212786,2212786.40625,-0.21874980911843522,0.18750019088156478
9634,100.36354166666668,2213016,2213016.09375,0.18750019088156478,0.2812501908815648
9635,100.37395833333333,2213246,2213245.78125,0.2812501908815648,0.06250019088156478
9636,100.375,2213269,2213268.75,0.06250019088156478,-0.18749980911843522
9637,100.38541666666667,2213498,2213498.4375,-0.18749980911843522,0.2500001908815648
9638,100.39583333333333,2213728,2213728.125,0.2500001908815648,0.3750001908815648
9639,100.40625,2213958,2213957.8125,0.3750001908815648,0.18750019088156478
9640,100.41666666666667,2214188,2214187.5,0.18750019088156478,-0.3124998091184352
9641,100.42708333333333,2214417,2214417.1875,-0.3124998091184352,-0.12499980911843522
9642,100.446875,2214853,2214853.59375,-0.12499980911843522,0.4687501908815648
9643,100.45729166666668,2215084,2215083.28125,0.4687501908815648,-0.24999980911843522
9644,100.46770833333333,2215313,2215312.96875,-0.24999980911843522,-0.2812498091184352
9645,100.478125,2215542,2215542.65625,-0.2812498091184352,0.3750001908815648
9646,100.48854166666668,2215773,2215772.34375,0.3750001908815648,-0.2812498091184352
9647,100.49895833333333,2216002,2216002.03125,-0.2812498091184352,-0.24999980911843522
9648,100.5,2216025,2216025.0,-0.24999980911843522,-0.24999980911843522
9649,100.51041666666667,2216254,2216254.6875,-0.24999980911843522,0.4375001908815648
9650,100.52083333333333,2216485,2216484.375,0.4375001908815648,-0.18749980911843522
9651,100.53125,2216714,2216714.0625,-0.18749980911843522,-0.12499980911843522
9652,100.54166666666667,2216944,2216943.75,-0.12499980911843522,-0.3749998091184352
9653,100.55208333333333,2217173,2217173.4375,-0.3749998091184352,0.06250019088156478
9654,100.571875,2217610,2217609.84375,0.06250019088156478,-0.09374980911843522
9655,100.58229166666668,2217839,2217839.53125,-0.09374980911843522,0.4375001908815648
9656,100.59270833333333,2218070,2218069.21875,0.4375001908815648,-0.3437498091184352
9657,100.603125,2218299,2218298.90625,-0.3437498091184352,-0.4374998091184352
9658,100.61354166666668,2218528,2218528.59375,-0.4374998091184352,0.15625019088156478
9659,100.62395833333333,2218758,2218758.28125,0.15625019088156478,0.4375001908815648
9660,100.625,2218782,2218781.25,0.4375001908815648,-0.3124998091184352
9661,100.63541666666667,2219011,2219010.9375,-0.3124998091184352,-0.3749998091184352
9662,100.64583333333333,2219240,2219240.625,-0.3749998091184352,0.2500001908815648
9663,100.65625,2219471,2219470.3125,0.2500001908815648,-0.4374998091184352
9664,100.66666666666667,2219700,2219700.0,-0.4374998091184352,-0.4374998091184352
9665,100.67708333333333,2219929,2219929.6875,-0.4374998091184352,0.2500001908815648
9666,100.696875,2220366,2220366.09375,0.2500001908815648,0.3437501908815648
9667,100.70729166666668,2220596,2220595.78125,0.3437501908815648,0.12500019088156478
9668,100.71770833333333,2220826,2220825.46875,0.12500019088156478,-0.4062498091184352
9669,100.728125,2221055,2221055.15625,-0.4062498091184352,-0.24999980911843522
9670,100.73854166666668,2221285,2221284.84375,-0.24999980911843522,-0.4062498091184352
9671,100.74895833333333,2221514,2221514.53125,-0.4062498091184352,0.12500019088156478
9672,100.75,2221538,2221537.5,0.12500019088156478,-0.3749998091184352
9673,100.76041666666667,2221767,2221767.1875,-0.3749998091184352,-0.18749980911843522
9674,100.77083333333333,2221997,2221996.875,-0.18749980911843522,-0.3124998091184352
9675,100.78125,2222226,2222226.5625,-0.3124998091184352,0.2500001908815648
9676,100.79166666666667,2222457,2222456.25,0.2500001908815648,-0.4999998091184352
9677,100.80208333333333,2222685,2222685.9375,-0.4999998091184352,0.4375001908815648
9678,100.821875,2223123,2223122.34375,0.4375001908815648,-0.21874980911843522
9679,100.83229166666668,2223352,2223352.03125,-0.21874980911843522,-0.18749980911843522
9680,100.84270833333333,2223582,2223581.71875,-0.18749980911843522,-0.4687498091184352
9681,100.853125,2223811,2223811.40625,-0.4687498091184352,-0.06249980911843522
9682,100.86354166666668,2224041,2224041.09375,-0.06249980911843522,0.03125019088156478
9683,100.87395833333333,2224271,2224270.78125,0.03125019088156478,-0.18749980911843522
9684,100.875,2224294,2224293.75,-0.18749980911843522,-0.4374998091184352
9685,100.88541666666667,2224523,2224523.4375,-0.4374998091184352,1.9088156477664597e-07
9686,100.89583333333333,2224753,2224753.125,1.9088156477664597e-07,0.12500019088156478
9687,100.90625,2224983,2224982.8125,0.12500019088156478,-0.06249980911843522
9688,100.91666666666667,2225212,2225212.5,-0.06249980911843522,0.4375001908815648
9689,100.92708333333333,2225443,2225442.1875,0.4375001908815648,-0.3749998091184352
9690,100.946875,2225878,2225878.59375,-0.3749998091184352,0.21875019088156478
9691,100.95729166666668,2226109,2226108.28125,0.21875019088156478,-0.4999998091184352
9692,100.96770833333333,2226337,2226337.96875,-0.4999998091184352,0.4687501908815648
9693,100.978125,2226568,2226567.65625,0.4687501908815648,0.12500019088156478
9694,100.98854166666668,2226797,2226797.34375,0.12500019088156478,0.4687501908815648
9695,100.99895833333333,2227028,2227027.03125,0.4687501908815648,-0.4999998091184352
9696,101.0,2227050,2227050.0,-0.4999998091184352,-0.4999998091184352
9697,101.01041666666667,2227279,2227279.6875,-0.4999998091184352,0.18750019088156478
9698,101.02083333333333,2227510,2227509.375,0.18750019088156478,-0.4374998091184352
9699,101.03125,2227739,2227739.0625,-0.4374998091184352,-0.3749998091184352
9700,101.04166666666667,2227968,2227968.75,-0.3749998091184352,0.3750001908815648
9701,101.05208333333333,2228199,2228198.4375,0.3750001908815648,-0.18749980911843522
9702,101.071875,2228635,2228634.84375,-0.18749980911843522,-0.3437498091184352
9703,101.08229166666668,2228864,2228864.53125,-0.3437498091184352,0.18750019088156478
9704,101.09270833333333,2229094,2229094.21875,0.18750019088156478,0.4062501908815648
9705,101.103125,2229324,2229323.90625,0.4062501908815648,0.3125001908815648
9706,101.11354166666668,2229554,2229553.59375,0.3125001908815648,-0.09374980911843522
9707,101.12395833333333,2229783,2229783.28125,-0.09374980911843522,0.18750019088156478
9708,101.125,2229806,2229806.25,0.18750019088156478,0.4375001908815648
9709,101.13541666666667,2230036,2230035.9375,0.4375001908815648,0.3750001908815648
9710,101.14583333333333,2230266,2230265.625,0.3750001908815648,1.9088156477664597e-07
9711,101.15625,2230495,2230495.3125,1.9088156477664597e-07,0.3125001908815648
9712,101.16666666666667,2230725,2230725.0,0.3125001908815648,0.3125001908815648
9713,101.17708333333333,2230955,2230954.6875,0.3125001908815648,1.9088156477664597e-07
9714,101.196875,2231391,2231391.09375,1.9088156477664597e-07,0.09375019088156478
9715,101.20729166666668,2231621,2231620.78125,0.09375019088156478,-0.12499980911843522
9716,101.21770833333333,2231850,2231850.46875,-0.12499980911843522,0.3437501908815648
9717,101.228125,2232081,2232080.15625,0.3437501908815648,-0.4999998091184352
9718,101.23854166666668,2232309,2232309.84375,-0.4999998091184352,0.3437501908815648
9719,101.24895833333333,2232540,2232539.53125,0.3437501908815648,-0.12499980911843522
9720,101.25,2232562,2232562.5,-0.12499980911843522,0.3750001908815648
9721,101.26041666666667,2232793,2232792.1875,0.3750001908815648,-0.4374998091184352
9722,101.27083333333333,2233021,2233021.875,-0.4374998091184352,0.4375001908815648
9723,101.28125,2233252,2233251.5625,0.4375001908815648,1.9088156477664597e-07
9724,101.29166666666667,2233481,2233481.25,1.9088156477664597e-07,0.2500001908815648
9725,101.30208333333333,2233711,2233710.9375,0.2500001908815648,0.18750019088156478
9726,101.321875,2234148,2234147.34375,0.18750019088156478,-0.4687498091184352
9727,101.33229166666668,2234377,2234377.03125,-0.4687498091184352,-0.4374998091184352
9728,101.34270833333333,2234606,2234606.71875,-0.4374998091184352,0.2812501908815648
9729,101.353125,2234837,2234836.40625,0.2812501908815648,-0.3124998091184352
9730,101.36354166666668,2235066,2235066.09375,-0.3124998091184352,-0.21874980911843522
9731,101.37395833333333,2235296,2235295.78125,-0.21874980911843522,-0.4374998091184352
9732,101.375,2235318,2235318.75,-0.4374998091184352,0.3125001908815648
9733,101.38541666666667,2235549,2235548.4375,0.3125001908815648,-0.24999980911843522
9734,101.39583333333333,2235778,2235778.125,-0.24999980911843522,-0.12499980911843522
9735,101.40625,2236008,2236007.8125,-0.12499980911843522,-0.3124998091184352
9736,101.41666666666667,2236237,2236237.5,-0.3124998091184352,0.18750019088156478
9737,101.42708333333333,2236467,2236467.1875,0.18750019088156478,0.3750001908815648
9738,101.446875,2236904,2236903.59375,0.3750001908815648,-0.031249809118435223
9739,101.45729166666668,2237133,2237133.28125,-0.031249809118435223,0.2500001908815648
9740,101.46770833333333,2237363,2237362.96875,0.2500001908815648,0.21875019088156478
9741,101.478125,2237593,2237592.65625,0.21875019088156478,-0.12499980911843522
9742,101.48854166666668,2237822,2237822.34375,-0.12499980911843522,0.21875019088156478
9743,101.49895833333333,2238052,2238052.03125,0.21875019088156478,0.2500001908815648
9744,101.5,2238075,2238075.0,0.2500001908815648,0.2500001908815648
9745,101.51041666666667,2238305,2238304.6875,0.2500001908815648,-0.06249980911843522
9746,101.52083333333333,2238534,2238534.375,-0.06249980911843522,0.3125001908815648
9747,101.53125,2238764,2238764.0625,0.3125001908815648,0.3750001908815648
9748,101.54166666666667,2238994,2238993.75,0.3750001908815648,0.12500019088156478
9749,101.55208333333333,2239224,2239223.4375,0.12500019088156478,-0.4374998091184352
9750,101.571875,2239659,2239659.84375,-0.4374998091184352,0.4062501908815648
9751,101.58229166666668,2239890,2239889.53125,0.4062501908815648,-0.06249980911843522
9752,101.59270833333333,2240119,2240119.21875,-0.06249980911843522,0.15625019088156478
9753,101.603125,2240349,2240348.90625,0.15625019088156478,0.06250019088156478
9754,101.61354166666668,2240579,2240578.59375,0.06250019088156478,-0.3437498091184352
9755,101.62395833333333,2240808,2240808.28125,-0.3437498091184352,-0.06249980911843522
9756,101.625,2240831,2240831.25,-0.06249980911843522,0.18750019088156478
9757,101.63541666666667,2241061,2241060.9375,0.18750019088156478,0.12500019088156478
9758,101.64583333333333,2241291,2241290.625,0.12500019088156478,-0.24999980911843522
9759,101.65625,2241520,2241520.3125,-0.24999980911843522,0.06250019088156478
9760,101.66666666666667,2241750,2241750.0,0.06250019088156478,0.06250019088156478
9761,101.67708333333333,2241980,2241979.6875,0.06250019088156478,-0.24999980911843522
9762,101.696875,2242416,2242416.09375,-0.24999980911843522,-0.15624980911843522
9763,101.70729166666668,2242646,2242645.78125,-0.15624980911843522,-0.3749998091184352
9764,101.71770833333333,2242875,2242875.46875,-0.3749998091184352,0.09375019088156478
9765,101.728125,2243105,2243105.15625,0.09375019088156478,0.2500001908815648
9766,101.73854166666668,2243335,2243334.84375,0.2500001908815648,0.09375019088156478
9767,101.74895833333333,2243565,2243564.53125,0.09375019088156478,-0.3749998091184352
9768,101.75,2243587,2243587.5,-0.3749998091184352,0.12500019088156478
9769,101.76041666666667,2243817,2243817.1875,0.12500019088156478,0.3125001908815648
9770,101.77083333333333,2244047,2244046.875,0.3125001908815648,0.18750019088156478
9771,101.78125,2244277,2244276.5625,0.18750019088156478,-0.24999980911843522
9772,101.79166666666667,2244506,2244506.25,-0.24999980911843522,1.9088156477664597e-07
9773,101.80208333333333,2244736,2244735.9375,1.9088156477664597e-07,-0.06249980911843522
9774,101.821875,2245172,2245172.34375,-0.06249980911843522,0.2812501908815648
9775,101.83229166666668,2245402,2245402.03125,0.2812501908815648,0.3125001908815648
9776,101.84270833333333,2245632,2245631.71875,0.3125001908815648,0.03125019088156478
9777,101.853125,2245861,2245861.40625,0.03125019088156478,0.4375001908815648
9778,101.86354166666668,2246092,2246091.09375,0.4375001908815648,-0.4687498091184352
9779,101.87395833333333,2246320,2246320.78125,-0.4687498091184352,0.3125001908815648
9780,101.875,2246344,2246343.75,0.3125001908815648,0.06250019088156478
9781,101.88541666666667,2246574,2246573.4375,0.06250019088156478,-0.4999998091184352
9782,101.89583333333333,2246803,2246803.125,-0.4999998091184352,-0.3749998091184352
9783,101.90625,2247032,2247032.8125,-0.3749998091184352,0.4375001908815648
9784,101.91666666666667,2247263,2247262.5,0.4375001908815648,-0.06249980911843522
9785,101.92708333333333,2247492,2247492.1875,-0.06249980911843522,0.12500019088156478
9786,101.946875,2247929,2247928.59375,0.12500019088156478,-0.2812498091184352
9787,101.95729166666668,2248158,2248158.28125,-0.2812498091184352,1.9088156477664597e-07
9788,101.96770833333333,2248388,2248387.96875,1.9088156477664597e-07,-0.031249809118435223
9789,101.978125,2248618,2248617.65625,-0.031249809118435223,-0.3749998091184352
9790,101.98854166666668,2248847,2248847.34375,-0.3749998091184352,-0.031249809118435223
9791,101.99895833333333,2249077,2249077.03125,-0.031249809118435223,1.9088156477664597e-07
9792,102.0,2249100,2249100.0,1.9088156477664597e-07,1.9088156477664597e-07
9793,102.01041666666667,2249330,2249329.6875,1.9088156477664597e-07,-0.3124998091184352
9794,102.02083333333333,2249559,2249559.375,-0.3124998091184352,0.06250019088156478
9795,102.03125,2249789,2249789.0625,0.06250019088156478,0.12500019088156478
9796,102.04166666666667,2250019,2250018.75,0.12500019088156478,-0.12499980911843522
9797,102.05208333333333,2250248,2250248.4375,-0.12499980911843522,0.3125001908815648
9798,102.071875,2250685,2250684.84375,0.3125001908815648,0.15625019088156478
9799,102.08229166666668,2250915,2250914.53125,0.15625019088156478,-0.3124998091184352
9800,102.09270833333333,2251144,2251144.21875,-0.3124998091184352,-0.09374980911843522
9801,102.103125,2251374,2251373.90625,-0.09374980911843522,-0.18749980911843522
9802,102.11354166666668,2251603,2251603.59375,-0.18749980911843522,0.4062501908815648
9803,102.12395833333333,2251834,2251833.28125,0.4062501908815648,-0.3124998091184352
9804,102.125,2251856,2251856.25,-0.3124998091184352,-0.06249980911843522
9805,102.13541666666667,2252086,2252085.9375,-0.06249980911843522,-0.12499980911843522
9806,102.14583333333333,2252316,2252315.625,-0.12499980911843522,-0.4999998091184352
9807,102.15625,2252545,2252545.3125,-0.4999998091184352,-0.18749980911843522
9808,102.16666666666667,2252775,2252775.0,-0.18749980911843522,-0.18749980911843522
9809,102.17708333333333,2253005,2253004.6875,-0.18749980911843522,-0.4999998091184352
9810,102.196875,2253441,2253441.09375,-0.4999998091184352,-0.4062498091184352
9811,102.20729166666668,2253670,2253670.78125,-0.4062498091184352,0.3750001908815648
9812,102.21770833333333,2253901,2253900.46875,0.3750001908815648,-0.15624980911843522
9813,102.228125,2254130,2254130.15625,-0.15624980911843522,1.9088156477664597e-07
9814,102.23854166666668,2254360,2254359.84375,1.9088156477664597e-07,-0.15624980911843522
9815,102.24895833333333,2254589,2254589.53125,-0.15624980911843522,0.3750001908815648
9816,102.25,2254613,2254612.5,0.3750001908815648,-0.12499980911843522
9817,102.26041666666667,2254842,2254842.1875,-0.12499980911843522,0.06250019088156478
9818,102.27083333333333,2255072,2255071.875,0.06250019088156478,-0.06249980911843522
9819,102.28125,2255302,2255301.5625,-0.06249980911843522,-0.4999998091184352
9820,102.29166666666667,2255531,2255531.25,-0.4999998091184352,-0.24999980911843522
9821,102.30208333333333,2255761,2255760.9375,-0.24999980911843522,-0.3124998091184352
9822,102.321875,2256197,2256197.34375,-0.3124998091184352,0.03125019088156478
9823,102.33229166666668,2256427,2256427.03125,0.03125019088156478,0.06250019088156478
9824,102.34270833333333,2256657,2256656.71875,0.06250019088156478,-0.21874980911843522
9825,102.353125,2256886,2256886.40625,-0.21874980911843522,0.18750019088156478
9826,102.36354166666668,2257116,2257116.09375,0.18750019088156478,0.2812501908815648
9827,102.37395833333333,2257346,2257345.78125,0.2812501908815648,0.06250019088156478
9828,102.375,2257369,2257368.75,0.06250019088156478,-0.18749980911843522
9829,102.38541666666667,2257598,2257598.4375,-0.18749980911843522,0.2500001908815648
9830,102.39583333333333,2257828,2257828.125,0.2500001908815648,0.3750001908815648
9831,102.40625,2258058,2258057.8125,0.3750001908815648,0.18750019088156478
9832,102.41666666666667,2258288,2258287.5,0.18750019088156478,-0.3124998091184352
9833,102.42708333333333,2258517,2258517.1875,-0.3124998091184352,-0.12499980911843522
9834,102.446875,2258953,2258953.59375,-0.12499980911843522,0.4687501908815648
9835,102.45729166666668,2259184,2259183.28125,0.4687501908815648,-0.24999980911843522
9836,102.46770833333333,2259413,2259412.96875,-0.24999980911843522,-0.2812498091184352
9837,102.478125,2259642,2259642.65625,-0.2812498091184352,0.3750001908815648
9838,102.48854166666668,2259873,2259872.34375,0.3750001908815648,-0.2812498091184352
9839,102.49895833333333,2260102,2260102.03125,-0.2812498091184352,-0.24999980911843522
9840,102.5,2260125,2260125.0,-0.24999980911843522,-0.24999980911843522
9841,102.51041666666667,2260354,2260354.6875,-0.24999980911843522,0.4375001908815648
9842,102.52083333333333,2260585,2260584.375,0.4375001908815648,-0.18749980911843522
9843,102.53125,2260814,2260814.0625,-0.18749980911843522,-0.12499980911843522
9844,102.54166666666667,2261044,2261043.75,-0.12499980911843522,-0.3749998091184352
9845,102.55208333333333,2261273,2261273.4375,-0.3749998091184352,0.06250019088156478
9846,102.571875,2261710,2261709.84375,0.06250019088156478,-0.09374980911843522
9847,102.58229166666668,2261939,2261939.53125,-0.09374980911843522,0.4375001908815648
9848,102.59270833333333,2262170,2262169.21875,0.4375001908815648,-0.3437498091184352
9849,102.603125,2262399,2262398.90625,-0.3437498091184352,-0.4374998091184352
9850,102.61354166666668,2262628,2262628.59375,-0.4374998091184352,0.15625019088156478
9851,102.62395833333333,2262858,2262858.28125,0.15625019088156478,0.4375001908815648
9852,102.625,2262882,2262881.25,0.4375001908815648,-0.3124998091184352
9853,102.63541666666667,2263111,2263110.9375,-0.3124998091184352,-0.3749998091184352
9854,102.64583333333333,2263340,2263340.625,-0.3749998091184352,0.2500001908815648
9855,102.65625,2263571,2263570.3125,0.2500001908815648,-0.4374998091184352
9856,102.66666666666667,2263800,2263800.0,-0.4374998091184352,-0.4374998091184352
9857,102.67708333333333,2264029,2264029.6875,-0.4374998091184352,0.2500001908815648
9858,102.696875,2264466,2264466.09375,0.2500001908815648,0.3437501908815648
9859,102.70729166666668,2264696,2264695.78125,0.3437501908815648,0.12500019088156478
9860,102.71770833333333,2264926,2264925.46875,0.12500019088156478,-0.4062498091184352
9861,102.728125,2265155,2265155.15625,-0.4062498091184352,-0.24999980911843522
9862,102.73854166666668,2265385,2265384.84375,-0.24999980911843522,-0.4062498091184352
9863,102.74895833333333,2265614,2265614.53125,-0.4062498091184352,0.12500019088156478
9864,102.75,2265638,2265637.5,0.12500019088156478,-0.3749998091184352
9865,102.76041666666667,2265867,2265867.1875,-0.3749998091184352,-0.18749980911843522
9866,102.77083333333333,2266097,2266096.875,-0.18749980911843522,-0.3124998091184352
9867,102.78125,2266326,2266326.5625,-0.3124998091184352,0.2500001908815648
9868,102.79166666666667,2266557,2266556.25,0.2500001908815648,-0.4999998091184352
9869,102.80208333333333,2266785,2266785.9375,-0.4999998091184352,0.4375001908815648
9870,102.821875,2267223,2267222.34375,0.4375001908815648,-0.21874980911843522
9871,102.83229166666668,2267452,2267452.03125,-0.21874980911843522,-0.18749980911843522
9872,102.84270833333333,2267682,2267681.71875,-0.18749980911843522,-0.4687498091184352
9873,102.853125,2267911,2267911.40625,-0.4687498091184352,-0.06249980911843522
9874,102.86354166666668,2268141,2268141.09375,-0.06249980911843522,0.03125019088156478
9875,102.87395833333333,2268371,2268370.78125,0.03125019088156478,-0.18749980911843522
9876,102.875,2268394,2268393.75,-0.18749980911843522,-0.4374998091184352
9877,102.88541666666667,2268623,2268623.4375,-0.4374998091184352,1.9088156477664597e-07
9878,102.89583333333333,2268853,2268853.125,1.9088156477664597e-07,0.12500019088156478
9879,102.90625,2269083,2269082.8125,0.12500019088156478,-0.06249980911843522
9880,102.91666666666667,2269312,2269312.5,-0.06249980911843522,0.4375001908815648
9881,102.92708333333333,2269543,2269542.1875,0.4375001908815648,-0.3749998091184352
9882,102.946875,2269978,2269978.59375,-0.3749998091184352,0.21875019088156478
9883,102.95729166666668,2270209,2270208.28125,0.21875019088156478,-0.4999998091184352
9884,102.96770833333333,2270437,2270437.96875,-0.4999998091184352,0.4687501908815648
9885,102.978125,2270668,2270667.65625,0.4687501908815648,0.12500019088156478
9886,102.98854166666668,2270897,2270897.34375,0.12500019088156478,0.4687501908815648
9887,102.99895833333333,2271128,2271127.03125,0.4687501908815648,-0.4999998091184352
9888,103.0,2271150,2271150.0,-0.4999998091184352,-0.4999998091184352
9889,103.01041666666667,2271379,2271379.6875,-0.4999998091184352,0.18750019088156478
9890,103.02083333333333,2271610,2271609.375,0.18750019088156478,-0.4374998091184352
9891,103.03125,2271839,2271839.0625,-0.4374998091184352,-0.3749998091184352
9892,103.04166666666667,2272068,2272068.75,-0.3749998091184352,0.3750001908815648
9893,103.05208333333333,2272299,2272298.4375,0.3750001908815648,-0.18749980911843522
9894,103.071875,2272735,2272734.84375,-0.18749980911843522,-0.3437498091184352
9895,103.08229166666668,2272964,2272964.53125,-0.3437498091184352,0.18750019088156478
9896,103.09270833333333,2273194,2273194.21875,0.18750019088156478,0.4062501908815648
9897,103.103125,2273424,2273423.90625,0.4062501908815648,0.3125001908815648
9898,103.11354166666668,2273654,2273653.59375,0.3125001908815648,-0.09374980911843522
9899,103.12395833333333,2273883,2273883.28125,-0.09374980911843522,0.18750019088156478
9900,103.125,2273906,2273906.25,0.18750019088156478,0.4375001908815648
9901,103.13541666666667,2274136,2274135.9375,0.4375001908815648,0.3750001908815648
9902,103.14583333333333,2274366,2274365.625,0.3750001908815648,1.9088156477664597e-07
9903,103.15625,2274595,2274595.3125,1.9088156477664597e-07,0.3125001908815648
9904,103.16666666666667,2274825,2274825.0,0.3125001908815648,0.3125001908815648
9905,103.17708333333333,2275055,2275054.6875,0.3125001908815648,1.9088156477664597e-07
9906,103.196875,2275491,2275491.09375,1.9088156477664597e-07,0.09375019088156478
9907,103.20729166666668,2275721,2275720.78125,0.09375019088156478,-0.12499980911843522
9908,103.21770833333333,2275950,2275950.46875,-0.12499980911843522,0.3437501908815648
9909,103.228125,2276181,2276180.15625,0.3437501908815648,-0.4999998091184352
9910,103.23854166666668,2276409,2276409.84375,-0.4999998091184352,0.3437501908815648
9911,103.24895833333333,2276640,2276639.53125,0.3437501908815648,-0.12499980911843522
9912,103.25,2276662,2276662.5,-0.12499980911843522,0.3750001908815648
9913,103.26041666666667,2276893,2276892.1875,0.3750001908815648,-0.4374998091184352
9914,103.27083333333333,2277121,2277121.875,-0.4374998091184352,0.4375001908815648
9915,103.28125,2277352,2277351.5625,0.4375001908815648,1.9088156477664597e-07
9916,103.29166666666667,2277581,2277581.25,1.9088156477664597e-07,0.2500001908815648
9917,103.30208333333333,2277811,2277810.9375,0.2500001908815648,0.18750019088156478
9918,103.321875,2278248,2278247.34375,0.18750019088156478,-0.4687498091184352
9919,103.33229166666668,2278477,2278477.03125,-0.4687498091184352,-0.4374998091184352
9920,103.34270833333333,2278706,2278706.71875,-0.4374998091184352,0.2812501908815648
9921,103.353125,2278937,2278936.40625,0.2812501908815648,-0.3124998091184352
9922,103.36354166666668,2279166,2279166.09375,-0.3124998091184352,-0.21874980911843522
9923,103.37395833333333,2279396,2279395.78125,-0.21874980911843522,-0.4374998091184352
9924,103.375,2279418,2279418.75,-0.4374998091184352,0.3125001908815648
9925,103.38541666666667,2279649,2279648.4375,0.3125001908815648,-0.24999980911843522
9926,103.39583333333333,2279878,2279878.125,-0.24999980911843522,-0.12499980911843522
9927,103.40625,2280108,2280107.8125,-0.12499980911843522,-0.3124998091184352
9928,103.41666666666667,2280337,2280337.5,-0.3124998091184352,0.18750019088156478
9929,103.42708333333333,2280567,2280567.1875,0.18750019088156478,0.3750001908815648
9930,103.446875,2281004,2281003.59375,0.3750001908815648,-0.031249809118435223
9931,103.45729166666668,2281233,2281233.28125,-0.031249809118435223,0.2500001908815648
9932,103.46770833333333,2281463,2281462.96875,0.2500001908815648,0.21875019088156478
9933,103.478125,2281693,2281692.65625,0.21875019088156478,-0.12499980911843522
9934,103.48854166666668,2281922,2281922.34375,-0.12499980911843522,0.21875019088156478
9935,103.49895833333333,2282152,2282152.03125,0.21875019088156478,0.2500001908815648
9936,103.5,2282175,2282175.0,0.2500001908815648,0.2500001908815648
9937,103.51041666666667,2282405,2282404.6875,0.2500001908815648,-0.06249980911843522
9938,103.52083333333333,2282634,2282634.375,-0.06249980911843522,0.3125001908815648
9939,103.53125,2282864,2282864.0625,0.3125001908815648,0.3750001908815648
9940,103.54166666666667,2283094,2283093.75,0.3750001908815648,0.12500019088156478
9941,103.55208333333333,2283324,2283323.4375,0.12500019088156478,-0.4374998091184352
9942,103.571875,2283759,2283759.84375,-0.4374998091184352,0.4062501908815648
9943,103.58229166666668,2283990,2283989.53125,0.4062501908815648,-0.06249980911843522
9944,103.59270833333333,2284219,2284219.21875,-0.06249980911843522,0.15625019088156478
9945,103.603125,2284449,2284448.90625,0.15625019088156478,0.06250019088156478
9946,103.61354166666668,2284679,2284678.59375,0.06250019088156478,-0.3437498091184352
9947,103.62395833333333,2284908,2284908.28125,-0.3437498091184352,-0.06249980911843522
9948,103.625,2284931,2284931.25,-0.06249980911843522,0.18750019088156478
9949,103.63541666666667,2285161,2285160.9375,0.18750019088156478,0.12500019088156478
9950,103.64583333333333,2285391,2285390.625,0.12500019088156478,-0.24999980911843522
9951,103.65625,2285620,2285620.3125,-0.24999980911843522,0.06250019088156478
9952,103.66666666666667,2285850,2285850.0,0.06250019088156478,0.06250019088156478
9953,103.67708333333333,2286080,2286079.6875,0.06250019088156478,-0.24999980911843522
9954,103.696875,2286516,2286516.09375,-0.24999980911843522,-0.15624980911843522
9955,103.70729166666668,2286746,2286745.78125,-0.15624980911843522,-0.3749998091184352
9956,103.71770833333333,2286975,2286975.46875,-0.3749998091184352,0.09375019088156478
9957,103.728125,2287205,2287205.15625,0.09375019088156478,0.2500001908815648
9958,103.73854166666668,2287435,2287434.84375,0.2500001908815648,0.09375019088156478
9959,103.74895833333333,2287665,2287664.53125,0.09375019088156478,-0.3749998091184352
9960,103.75,2287687,2287687.5,-0.3749998091184352,0.12500019088156478
9961,103.76041666666667,2287917,2287917.1875,0.12500019088156478,0.3125001908815648
9962,103.77083333333333,2288147,2288146.875,0.3125001908815648,0.18750019088156478
9963,103.78125,2288377,2288376.5625,0.18750019088156478,-0.24999980911843522
9964,103.79166666666667,2288606,2288606.25,-0.24999980911843522,1.9088156477664597e-07
9965,103.80208333333333,2288836,2288835.9375,1.9088156477664597e-07,-0.06249980911843522
9966,103.821875,2289272,2289272.34375,-0.06249980911843522,0.2812501908815648
9967,103.83229166666668,2289502,2289502.03125,0.2812501908815648,0.3125001908815648
9968,103.84270833333333,2289732,2289731.71875,0.3125001908815648,0.03125019088156478
9969,103.853125,2289961,2289961.40625,0.03125019088156478,0.4375001908815648
9970,103.86354166666668,2290192,2290191.09375,0.4375001908815648,-0.4687498091184352
9971,103.87395833333333,2290420,2290420.78125,-0.4687498091184352,0.3125001908815648
9972,103.875,2290444,2290443.75,0.3125001908815648,0.06250019088156478
9973,103.88541666666667,2290674,2290673.4375,0.06250019088156478,-0.4999998091184352
9974,103.89583333333333,2290903,2290903.125,-0.4999998091184352,-0.3749998091184352
9975,103.90625,2291132,2291132.8125,-0.3749998091184352,0.4375001908815648
9976,103.91666666666667,2291363,2291362.5,0.4375001908815648,-0.06249980911843522
9977,103.92708333333333,2291592,2291592.1875,-0.06249980911843522,0.12500019088156478
9978,103.946875,2292029,2292028.59375,0.12500019088156478,-0.2812498091184352
9979,103.95729166666668,2292258,2292258.28125,-0.2812498091184352,1.9088156477664597e-07
9980,103.96770833333333,2292488,2292487.96875,1.9088156477664597e-07,-0.031249809118435223
9981,103.978125,2292718,2292717.65625,-0.031249809118435223,-0.3749998091184352
9982,103.98854166666668,2292947,2292947.34375,-0.3749998091184352,-0.031249809118435223
9983,103.99895833333333,2293177,2293177.03125,-0.031249809118435223,1.9088156477664597e-07
9984,104.0,2293200,2293200.0,1.9088156477664597e-07,1.9088156477664597e-07
9985,104.01041666666667,2293430,2293429.6875,1.9088156477664597e-07,-0.3124998091184352
9986,104.02083333333333,2293659,2293659.375,-0.3124998091184352,0.06250019088156478
9987,104.03125,2293889,2293889.0625,0.06250019088156478,0.12500019088156478
9988,104.04166666666667,2294119,2294118.75,0.12500019088156478,-0.12499980911843522
9989,104.05208333333333,2294348,2294348.4375,-0.12499980911843522,0.3125001908815648
9990,104.071875,2294785,2294784.84375,0.3125001908815648,0.15625019088156478
9991,104.08229166666668,2295015,2295014.53125,0.15625019088156478,-0.3124998091184352
9992,104.09270833333333,2295244,2295244.21875,-0.3124998091184352,-0.09374980911843522
9993,104.103125,2295474,2295473.90625,-0.09374980911843522,-0.18749980911843522
9994,104.11354166666668,2295703,2295703.59375,-0.18749980911843522,0.4062501908815648
9995,104.12395833333333,2295934,2295933.28125,0.4062501908815648,-0.3124998091184352
9996,104.125,2295956,2295956.25,-0.3124998091184352,-0.06249980911843522
9997,104.13541666666667,2296186,2296185.9375,-0.06249980911843522,-0.12499980911843522
9998,104.14583333333333,2296416,2296415.625,-0.12499980911843522,-0.4999998091184352
9999,104.15625,2296645,2296645.3125,-0.4999998091184352,-0.18749980911843522
10000,104.16666666666667,2296875,2296875.0,-0.18749980911843522,-0.18749980911843522
10001,104.17708333333333,2297105,2297104.6875,-0.18749980911843522,-0.4999998091184352
10002,104.196875,2297541,2297541.09375,-0.4999998091184352,-0.4062498091184352
10003,104.20729166666668,2297770,2297770.78125,-0.4062498091184352,0.3750001908815648
10004,104.21770833333333,2298001,2298000.46875,0.3750001908815648,-0.15624980911843522
10005,104.228125,2298230,2298230.15625,-0.15624980911843522,1.9088156477664597e-07
10006,104.23854166666668,2298460,2298459.84375,1.9088156477664597e-07,-0.15624980911843522
10007,104.24895833333333,2298689,2298689.53125,-0.15624980911843522,0.3750001908815648
10008,104.25,2298713,2298712.5,0.3750001908815648,-0.12499980911843522
10009,104.26041666666667,2298942,2298942.1875,-0.12499980911843522,0.06250019088156478
10010,104.27083333333333,2299172,2299171.875,0.06250019088156478,-0.06249980911843522
10011,104.28125,2299402,2299401.5625,-0.06249980911843522,-0.4999998091184352
10012,104.29166666666667,2299631,2299631.25,-0.4999998091184352,-0.24999980911843522
10013,104.30208333333333,2299861,2299860.9375,-0.24999980911843522,-0.3124998091184352
10014,104.321875,2300297,2300297.34375,-0.3124998091184352,0.03125019088156478
10015,104.33229166666668,2300527,2300527.03125,0.03125019088156478,0.06250019088156478
10016,104.34270833333333,2300757,2300756.71875,0.06250019088156478,-0.21874980911843522
10017,104.353125,2300986,2300986.40625,-0.21874980911843522,0.18750019088156478
10018,104.36354166666668,2301216,2301216.09375,0.18750019088156478,0.2812501908815648
10019,104.37395833333333,2301446,2301445.78125,0.2812501908815648,0.06250019088156478
10020,104.375,2301469,2301468.75,0.06250019088156478,-0.18749980911843522
10021,104.38541666666667,2301698,2301698.4375,-0.18749980911843522,0.2500001908815648
10022,104.39583333333333,2301928,2301928.125,0.2500001908815648,0.3750001908815648
10023,104.40625,2302158,2302157.8125,0.3750001908815648,0.18750019088156478
10024,104.41666666666667,2302388,2302387.5,0.18750019088156478,-0.3124998091184352
10025,104.42708333333333,2302617,2302617.1875,-0.3124998091184352,-0.12499980911843522
10026,104.446875,2303053,2303053.59375,-0.12499980911843522,0.4687501908815648
10027,104.45729166666668,2303284,2303283.28125,0.4687501908815648,-0.24999980911843522
10028,104.46770833333333,2303513,2303512.96875,-0.24999980911843522,-0.2812498091184352
10029,104.478125,2303742,2303742.65625,-0.2812498091184352,0.3750001908815648
10030,104.48854166666668,2303973,2303972.34375,0.3750001908815648,-0.2812498091184352
10031,104.49895833333333,2304202,2304202.03125,-0.2812498091184352,-0.24999980911843522
10032,104.5,2304225,2304225.0,-0.24999980911843522,-0.24999980911843522
10033,104.51041666666667,2304454,2304454.6875,-0.24999980911843522,0.4375001908815648
10034,104.52083333333333,2304685,2304684.375,0.4375001908815648,-0.18749980911843522
10035,104.53125,2304914,2304914.0625,-0.18749980911843522,-0.12499980911843522
10036,104.54166666666667,2305144,2305143.75,-0.12499980911843522,-0.3749998091184352
10037,104.55208333333333,2305373,2305373.4375,-0.3749998091184352,0.06250019088156478
10038,104.571875,2305810,2305809.84375,0.06250019088156478,-0.09374980911843522
10039,104.58229166666668,2306039,2306039.53125,-0.09374980911843522,0.4375001908815648
10040,104.59270833333333,2306270,2306269.21875,0.4375001908815648,-0.3437498091184352
10041,104.603125,2306499,2306498.90625,-0.3437498091184352,-0.4374998091184352
10042,104.61354166666668,2306728,2306728.59375,-0.4374998091184352,0.15625019088156478
10043,104.62395833333333,2306958,2306958.28125,0.15625019088156478,0.4375001908815648
10044,104.625,2306982,2306981.25,0.4375001908815648,-0.3124998091184352
10045,104.63541666666667,2307211,2307210.9375,-0.3124998091184352,-0.3749998091184352
10046,104.64583333333333,2307440,2307440.625,-0.3749998091184352,0.2500001908815648
10047,104.65625,2307671,2307670.3125,0.2500001908815648,-0.4374998091184352
10048,104.66666666666667,2307900,2307900.0,-0.4374998091184352,-0.4374998091184352
10049,104.67708333333333,2308129,2308129.6875,-0.4374998091184352,0.2500001908815648
10050,104.696875,2308566,2308566.09375,0.2500001908815648,0.3437501908815648
10051,104.70729166666668,2308796,2308795.78125,0.3437501908815648,0.12500019088156478
10052,104.71770833333333,2309026,2309025.46875,0.12500019088156478,-0.4062498091184352
10053,104.728125,2309255,2309255.15625,-0.4062498091184352,-0.24999980911843522
10054,104.73854166666668,2309485,2309484.84375,-0.24999980911843522,-0.4062498091184352
10055,104.74895833333333,2309714,2309714.53125,-0.4062498091184352,0.12500019088156478
10056,104.75,2309738,2309737.5,0.12500019088156478,-0.3749998091184352
10057,104.76041666666667,2309967,2309967.1875,-0.3749998091184352,-0.18749980911843522
10058,104.77083333333333,2310197,2310196.875,-0.18749980911843522,-0.3124998091184352
10059,104.78125,2310426,2310426.5625,-0.3124998091184352,0.2500001908815648
10060,104.79166666666667,2310657,2310656.25,0.2500001908815648,-0.4999998091184352
10061,104.80208333333333,2310885,2310885.9375,-0.4999998091184352,0.4375001908815648
10062,104.821875,2311323,2311322.34375,0.4375001908815648,-0.21874980911843522
10063,104.83229166666668,2311552,2311552.03125,-0.21874980911843522,-0.18749980911843522
10064,104.84270833333333,2311782,2311781.71875,-0.18749980911843522,-0.4687498091184352
10065,104.853125,2312011,2312011.40625,-0.4687498091184352,-0.06249980911843522
10066,104.86354166666668,2312241,2312241.09375,-0.06249980911843522,0.03125019088156478
10067,104.87395833333333,2312471,2312470.78125,0.03125019088156478,-0.18749980911843522
10068,104.875,2312494,2312493.75,-0.18749980911843522,-0.4374998091184352
10069,104.88541666666667,2312723,2312723.4375,-0.4374998091184352,1.9088156477664597e-07
10070,104.89583333333333,2312953,2312953.125,1.9088156477664597e-07,0.12500019088156478
10071,104.90625,2313183,2313182.8125,0.12500019088156478,-0.06249980911843522
10072,104.91666666666667,2313412,2313412.5,-0.06249980911843522,0.4375001908815648
10073,104.92708333333333,2313643,2313642.1875,0.4375001908815648,-0.3749998091184352
10074,104.946875,2314078,2314078.59375,-0.3749998091184352,0.21875019088156478
10075,104.95729166666668,2314309,2314308.28125,0.21875019088156478,-0.4999998091184352
10076,104.96770833333333,2314537,2314537.96875,-0.4999998091184352,0.4687501908815648
10077,104.978125,2314768,2314767.65625,0.4687501908815648,0.12500019088156478
10078,104.98854166666668,2314997,2314997.34375,0.12500019088156478,0.4687501908815648
10079,104.99895833333333,2315228,2315227.03125,0.4687501908815648,-0.4999998091184352
10080,105.0,2315250,2315250.0,-0.4999998091184352,-0.4999998091184352
10081,105.01041666666667,2315479,2315479.6875,-0.4999998091184352,0.18750019088156478
10082,105.02083333333333,2315710,2315709.375,0.18750019088156478,-0.4374998091184352
10083,105.03125,2315939,2315939.0625,-0.4374998091184352,-0.3749998091184352
10084,105.04166666666667,2316168,2316168.75,-0.3749998091184352,0.3750001908815648
10085,105.05208333333333,2316399,2316398.4375,0.3750001908815648,-0.18749980911843522
10086,105.071875,2316835,2316834.84375,-0.18749980911843522,-0.3437498091184352
10087,105.08229166666668,2317064,2317064.53125,-0.3437498091184352,0.18750019088156478
10088,105.09270833333333,2317294,2317294.21875,0.18750019088156478,0.4062501908815648
10089,105.103125,2317524,2317523.90625,0.4062501908815648,0.3125001908815648
10090,105.11354166666668,2317754,2317753.59375,0.3125001908815648,-0.09374980911843522
10091,105.12395833333333,2317983,2317983.28125,-0.09374980911843522,0.18750019088156478
10092,105.125,2318006,2318006.25,0.18750019088156478,0.4375001908815648
10093,105.13541666666667,2318236,2318235.9375,0.4375001908815648,0.3750001908815648
10094,105.14583333333333,2318466,2318465.625,0.3750001908815648,1.9088156477664597e-07
10095,105.15625,2318695,2318695.3125,1.9088156477664597e-07,0.3125001908815648
10096,105.16666666666667,2318925,2318925.0,0.3125001908815648,0.3125001908815648
10097,105.17708333333333,2319155,2319154.6875,0.3125001908815648,1.9088156477664597e-07
10098,105.196875,2319591,2319591.09375,1.9088156477664597e-07,0.09375019088156478
10099,105.20729166666668,2319821,2319820.78125,0.09375019088156478,-0.12499980911843522
10100,105.21770833333333,2320050,2320050.46875,-0.12499980911843522,0.3437501908815648
10101,105.228125,2320281,2320280.15625,0.3437501908815648,-0.4999998091184352
10102,105.23854166666668,2320509,2320509.84375,-0.4999998091184352,0.3437501908815648
10103,105.24895833333333,2320740,2320739.53125,0.3437501908815648,-0.12499980911843522
10104,105.25,2320762,2320762.5,-0.12499980911843522,0.3750001908815648
10105,105.26041666666667,2320993,2320992.1875,0.3750001908815648,-0.4374998091184352
10106,105.27083333333333,2321221,2321221.875,-0.4374998091184352,0.4375001908815648
10107,105.28125,2321452,2321451.5625,0.4375001908815648,1.9088156477664597e-07
10108,105.29166666666667,2321681,2321681.25,1.9088156477664597e-07,0.2500001908815648
10109,105.30208333333333,2321911,2321910.9375,0.2500001908815648,0.18750019088156478
10110,105.321875,2322348,2322347.34375,0.18750019088156478,-0.4687498091184352
10111,105.33229166666668,2322577,2322577.03125,-0.4687498091184352,-0.4374998091184352
10112,105.34270833333333,2322806,2322806.71875,-0.4374998091184352,0.2812501908815648
10113,105.353125,2323037,2323036.40625,0.2812501908815648,-0.3124998091184352
10114,105.36354166666668,2323266,2323266.09375,-0.3124998091184352,-0.21874980911843522
10115,105.37395833333333,2323496,2323495.78125,-0.21874980911843522,-0.4374998091184352
10116,105.375,2323518,2323518.75,-0.4374998091184352,0.3125001908815648
10117,105.38541666666667,2323749,2323748.4375,0.3125001908815648,-0.24999980911843522
10118,105.39583333333333,2323978,2323978.125,-0.24999980911843522,-0.12499980911843522
10119,105.40625,2324208,2324207.8125,-0.12499980911843522,-0.3124998091184352
10120,105.41666666666667,2324437,2324437.5,-0.3124998091184352,0.18750019088156478
10121,105.42708333333333,2324667,2324667.1875,0.18750019088156478,0.3750001908815648
10122,105.446875,2325104,2325103.59375,0.3750001908815648,-0.031249809118435223
10123,105.45729166666668,2325333,2325333.28125,-0.031249809118435223,0.2500001908815648
10124,105.46770833333333,2325563,2325562.96875,0.2500001908815648,0.21875019088156478
10125,105.478125,2325793,2325792.65625,0.21875019088156478,-0.12499980911843522
10126,105.48854166666668,2326022,2326022.34375,-0.12499980911843522,0.21875019088156478
10127,105.49895833333333,2326252,2326252.03125,0.21875019088156478,0.2500001908815648
10128,105.5,2326275,2326275.0,0.2500001908815648,0.2500001908815648
10129,105.51041666666667,2326505,2326504.6875,0.2500001908815648,-0.06249980911843522
10130,105.52083333333333,2326734,2326734.375,-0.06249980911843522,0.3125001908815648
10131,105.53125,2326964,2326964.0625,0.3125001908815648,0.3750001908815648
10132,105.54166666666667,2327194,2327193.75,0.3750001908815648,0.12500019088156478
10133,105.55208333333333,2327424,2327423.4375,0.12500019088156478,-0.4374998091184352
10134,105.571875,2327859,2327859.84375,-0.4374998091184352,0.4062501908815648
10135,105.58229166666668,2328090,2328089.53125,0.4062501908815648,-0.06249980911843522
10136,105.59270833333333,2328319,2328319.21875,-0.06249980911843522,0.15625019088156478
10137,105.603125,2328549,2328548.90625,0.15625019088156478,0.06250019088156478
10138,105.61354166666668,2328779,2328778.59375,0.06250019088156478,-0.3437498091184352
10139,105.62395833333333,2329008,2329008.28125,-0.3437498091184352,-0.06249980911843522
10140,105.625,2329031,2329031.25,-0.06249980911843522,0.18750019088156478
10141,105.63541666666667,2329261,2329260.9375,0.18750019088156478,0.12500019088156478
10142,105.64583333333333,2329491,2329490.625,0.12500019088156478,-0.24999980911843522
10143,105.65625,2329720,2329720.3125,-0.24999980911843522,0.06250019088156478
10144,105.66666666666667,2329950,2329950.0,0.06250019088156478,0.06250019088156478
10145,105.67708333333333,2330180,2330179.6875,0.06250019088156478,-0.24999980911843522
10146,105.696875,2330616,2330616.09375,-0.24999980911843522,-0.15624980911843522
10147,105.70729166666668,2330846,2330845.78125,-0.15624980911843522,-0.3749998091184352
10148,105.71770833333333,2331075,2331075.46875,-0.3749998091184352,0.09375019088156478
10149,105.728125,2331305,2331305.15625,0.09375019088156478,0.2500001908815648
10150,105.73854166666668,2331535,2331534.84375,0.2500001908815648,0.09375019088156478
10151,105.74895833333333,2331765,2331764.53125,0.09375019088156478,-0.3749998091184352
10152,105.75,2331787,2331787.5,-0.3749998091184352,0.12500019088156478
10153,105.76041666666667,2332017,2332017.1875,0.12500019088156478,0.3125001908815648
10154,105.77083333333333,2332247,2332246.875,0.3125001908815648,0.18750019088156478
10155,105.78125,2332477,2332476.5625,0.18750019088156478,-0.24999980911843522
10156,105.79166666666667,2332706,2332706.25,-0.24999980911843522,1.9088156477664597e-07
10157,105.80208333333333,2332936,2332935.9375,1.9088156477664597e-07,-0.06249980911843522
10158,105.821875,2333372,2333372.34375,-0.06249980911843522,0.2812501908815648
10159,105.83229166666668,2333602,2333602.03125,0.2812501908815648,0.3125001908815648
10160,105.84270833333333,2333832,2333831.71875,0.3125001908815648,0.03125019088156478
10161,105.853125,2334061,2334061.40625,0.03125019088156478,0.4375001908815648
10162,105.86354166666668,2334292,2334291.09375,0.4375001908815648,-0.4687498091184352
10163,105.87395833333333,2334520,2334520.78125,-0.4687498091184352,0.3125001908815648
10164,105.875,2334544,2334543.75,0.3125001908815648,0.06250019088156478
10165,105.88541666666667,2334774,2334773.4375,0.06250019088156478,-0.4999998091184352
10166,105.89583333333333,2335003,2335003.125,-0.4999998091184352,-0.3749998091184352
10167,105.90625,2335232,2335232.8125,-0.3749998091184352,0.4375001908815648
10168,105.91666666666667,2335463,2335462.5,0.4375001908815648,-0.06249980911843522
10169,105.92708333333333,2335692,2335692.1875,-0.06249980911843522,0.12500019088156478
10170,105.946875,2336129,2336128.59375,0.12500019088156478,-0.2812498091184352
10171,105.95729166666668,2336358,2336358.28125,-0.2812498091184352,1.9088156477664597e-07
10172,105.96770833333333,2336588,2336587.96875,1.9088156477664597e-07,-0.031249809118435223
10173,105.978125,2336818,2336817.65625,-0.031249809118435223,-0.3749998091184352
10174,105.98854166666668,2337047,2337047.34375,-0.3749998091184352,-0.031249809118435223
10175,105.99895833333333,2337277,2337277.03125,-0.031249809118435223,1.9088156477664597e-07
10176,106.0,2337300,2337300.0,1.9088156477664597e-07,1.9088156477664597e-07
10177,106.01041666666667,2337530,2337529.6875,1.9088156477664597e-07,-0.3124998091184352
10178,106.02083333333333,2337759,2337759.375,-0.3124998091184352,0.06250019088156478
10179,106.03125,2337989,2337989.0625,0.06250019088156478,0.12500019088156478
10180,106.04166666666667,2338219,2338218.75,0.12500019088156478,-0.12499980911843522
10181,106.05208333333333,2338448,2338448.4375,-0.12499980911843522,0.3125001908815648
10182,106.071875,2338885,2338884.84375,0.3125001908815648,0.15625019088156478
10183,106.08229166666668,2339115,2339114.53125,0.15625019088156478,-0.3124998091184352
10184,106.09270833333333,2339344,2339344.21875,-0.3124998091184352,-0.09374980911843522
10185,106.103125,2339574,2339573.90625,-0.09374980911843522,-0.18749980911843522
10186,106.11354166666668,2339803,2339803.59375,-0.18749980911843522,0.4062501908815648
10187,106.12395833333333,2340034,2340033.28125,0.4062501908815648,-0.3124998091184352
10188,106.125,2340056,2340056.25,-0.3124998091184352,-0.06249980911843522
10189,106.13541666666667,2340286,2340285.9375,-0.06249980911843522,-0.12499980911843522
10190,106.14583333333333,2340516,2340515.625,-0.12499980911843522,-0.4999998091184352
10191,106.15625,2340745,2340745.3125,-0.4999998091184352,-0.18749980911843522
10192,106.16666666666667,2340975,2340975.0,-0.18749980911843522,-0.18749980911843522
10193,106.17708333333333,2341205,2341204.6875,-0.18749980911843522,-0.4999998091184352
10194,106.196875,2341641,2341641.09375,-0.4999998091184352,-0.4062498091184352
10195,106.20729166666668,2341870,2341870.78125,-0.4062498091184352,0.3750001908815648
10196,106.21770833333333,2342101,2342100.46875,0.3750001908815648,-0.15624980911843522
10197,106.228125,2342330,2342330.15625,-0.15624980911843522,1.9088156477664597e-07
10198,106.23854166666668,2342560,2342559.84375,1.9088156477664597e-07,-0.15624980911843522
10199,106.24895833333333,2342789,2342789.53125,-0.15624980911843522,0.3750001908815648
10200,106.25,2342813,2342812.5,0.3750001908815648,-0.12499980911843522
10201,106.26041666666667,2343042,2343042.1875,-0.12499980911843522,0.06250019088156478
10202,106.27083333333333,2343272,2343271.875,0.06250019088156478,-0.06249980911843522
10203,106.28125,2343502,2343501.5625,-0.06249980911843522,-0.4999998091184352
10204,106.29166666666667,2343731,2343731.25,-0.4999998091184352,-0.24999980911843522
10205,106.30208333333333,2343961,2343960.9375,-0.24999980911843522,-0.3124998091184352
10206,106.321875,2344397,2344397.34375,-0.3124998091184352,0.03125019088156478
10207,106.33229166666668,2344627,2344627.03125,0.03125019088156478,0.06250019088156478
10208,106.34270833333333,2344857,2344856.71875,0.06250019088156478,-0.21874980911843522
10209,106.353125,2345086,2345086.40625,-0.21874980911843522,0.18750019088156478
10210,106.36354166666668,2345316,2345316.09375,0.18750019088156478,0.2812501908815648
10211,106.37395833333333,2345546,2345545.78125,0.2812501908815648,0.06250019088156478
10212,106.375,2345569,2345568.75,0.06250019088156478,-0.18749980911843522
10213,106.38541666666667,2345798,2345798.4375,-0.18749980911843522,0.2500001908815648
10214,106.39583333333333,2346028,2346028.125,0.2500001908815648,0.3750001908815648
10215,106.40625,2346258,2346257.8125,0.3750001908815648,0.18750019088156478
10216,106.41666666666667,2346488,2346487.5,0.18750019088156478,-0.3124998091184352
10217,106.42708333333333,2346717,2346717.1875,-0.3124998091184352,-0.12499980911843522
10218,106.446875,2347153,2347153.59375,-0.12499980911843522,0.4687501908815648
10219,106.45729166666668,2347384,2347383.28125,0.4687501908815648,-0.24999980911843522
10220,106.46770833333333,2347613,2347612.96875,-0.24999980911843522,-0.2812498091184352
10221,106.478125,2347842,2347842.65625,-0.2812498091184352,0.3750001908815648
10222,106.48854166666668,2348073,2348072.34375,0.3750001908815648,-0.2812498091184352
10223,106.49895833333333,2348302,2348302.03125,-0.2812498091184352,-0.24999980911843522
10224,106.5,2348325,2348325.0,-0.24999980911843522,-0.24999980911843522
10225,106.51041666666667,2348554,2348554.6875,-0.24999980911843522,0.4375001908815648
10226,106.52083333333333,2348785,2348784.375,0.4375001908815648,-0.18749980911843522
10227,106.53125,2349014,2349014.0625,-0.18749980911843522,-0.12499980911843522
10228,106.54166666666667,2349244,2349243.75,-0.12499980911843522,-0.3749998091184352
10229,106.55208333333333,2349473,2349473.4375,-0.3749998091184352,0.06250019088156478
10230,106.571875,2349910,2349909.84375,0.06250019088156478,-0.09374980911843522
10231,106.58229166666668,2350139,2350139.53125,-0.09374980911843522,0.4375001908815648
10232,106.59270833333333,2350370,2350369.21875,0.4375001908815648,-0.3437498091184352
10233,106.603125,2350599,2350598.90625,-0.3437498091184352,-0.4374998091184352
10234,106.61354166666668,2350828,2350828.59375,-0.4374998091184352,0.15625019088156478
10235,106.62395833333333,2351058,2351058.28125,0.15625019088156478,0.4375001908815648
10236,106.625,2351082,2351081.25,0.4375001908815648,-0.3124998091184352
10237,106.63541666666667,2351311,2351310.9375,-0.3124998091184352,-0.3749998091184352
10238,106.64583333333333,2351540,2351540.625,-0.3749998091184352,0.2500001908815648
10239,106.65625,2351771,2351770.3125,0.2500001908815648,-0.4374998091184352
10240,106.66666666666667,2352000,2352000.0,-0.4374998091184352,-0.4374998091184352
10241,106.67708333333333,2352229,2352229.6875,-0.4374998091184352,0.2500001908815648
10242,106.696875,2352666,2352666.09375,0.2500001908815648,0.3437501908815648
10243,106.70729166666668,2352896,2352895.78125,0.3437501908815648,0.12500019088156478
10244,106.71770833333333,2353126,2353125.46875,0.12500019088156478,-0.4062498091184352
10245,106.728125,2353355,2353355.15625,-0.4062498091184352,-0.24999980911843522
10246,106.73854166666668,2353585,2353584.84375,-0.24999980911843522,-0.4062498091184352
10247,106.74895833333333,2353814,2353814.53125,-0.4062498091184352,0.12500019088156478
10248,106.75,2353838,2353837.5,0.12500019088156478,-0.3749998091184352
10249,106.76041666666667,2354067,2354067.1875,-0.3749998091184352,-0.18749980911843522
10250,106.77083333333333,2354297,2354296.875,-0.18749980911843522,-0.3124998091184352
10251,106.78125,2354526,2354526.5625,-0.3124998091184352,0.2500001908815648
10252,106.79166666666667,2354757,2354756.25,0.2500001908815648,-0.4999998091184352
10253,106.80208333333333,2354985,2354985.9375,-0.4999998091184352,0.4375001908815648
10254,106.821875,2355423,2355422.34375,0.4375001908815648,-0.21874980911843522
10255,106.83229166666668,2355652,2355652.03125,-0.21874980911843522,-0.18749980911843522
10256,106.84270833333333,2355882,2355881.71875,-0.18749980911843522,-0.4687498091184352
10257,106.853125,2356111,2356111.40625,-0.4687498091184352,-0.06249980911843522
10258,106.86354166666668,2356341,2356341.09375,-0.06249980911843522,0.03125019088156478
10259,106.87395833333333,2356571,2356570.78125,0.03125019088156478,-0.18749980911843522
10260,106.875,2356594,2356593.75,-0.18749980911843522,-0.4374998091184352
10261,106.88541666666667,2356823,2356823.4375,-0.4374998091184352,1.9088156477664597e-07
10262,106.89583333333333,2357053,2357053.125,1.9088156477664597e-07,0.12500019088156478
10263,106.90625,2357283,2357282.8125,0.12500019088156478,-0.06249980911843522
10264,106.91666666666667,2357512,2357512.5,-0.06249980911843522,0.4375001908815648
10265,106.92708333333333,2357743,2357742.1875,0.4375001908815648,-0.3749998091184352
10266,106.946875,2358178,2358178.59375,-0.3749998091184352,0.21875019088156478
10267,106.95729166666668,2358409,2358408.28125,0.21875019088156478,-0.4999998091184352
10268,106.96770833333333,2358637,2358637.96875,-0.4999998091184352,0.4687501908815648
10269,106.978125,2358868,2358867.65625,0.4687501908815648,0.12500019088156478
10270,106.98854166666668,2359097,2359097.34375,0.12500019088156478,0.4687501908815648
10271,106.99895833333333,2359328,2359327.03125,0.4687501908815648,-0.4999998091184352
10272,107.0,2359350,2359350.0,-0.4999998091184352,-0.4999998091184352
10273,107.01041666666667,2359579,2359579.6875,-0.4999998091184352,0.18750019088156478
10274,107.02083333333333,2359810,2359809.375,0.18750019088156478,-0.4374998091184352
10275,107.03125,2360039,2360039.0625,-0.4374998091184352,-0.3749998091184352
10276,107.04166666666667,2360268,2360268.75,-0.3749998091184352,0.3750001908815648
10277,107.05208333333333,2360499,2360498.4375,0.3750001908815648,-0.18749980911843522
10278,107.071875,2360935,2360934.84375,-0.18749980911843522,-0.3437498091184352
10279,107.08229166666668,2361164,2361164.53125,-0.3437498091184352,0.18750019088156478
10280,107.09270833333333,2361394,2361394.21875,0.18750019088156478,0.4062501908815648
10281,107.103125,2361624,2361623.90625,0.4062501908815648,0.3125001908815648
10282,107.11354166666668,2361854,2361853.59375,0.3125001908815648,-0.09374980911843522
10283,107.12395833333333,2362083,2362083.28125,-0.09374980911843522,0.18750019088156478
10284,107.125,2362106,2362106.25,0.18750019088156478,0.4375001908815648
10285,107.13541666666667,2362336,2362335.9375,0.4375001908815648,0.3750001908815648
10286,107.14583333333333,2362566,2362565.625,0.3750001908815648,1.9088156477664597e-07
10287,107.15625,2362795,2362795.3125,1.9088156477664597e-07,0.3125001908815648
10288,107.16666666666667,2363025,2363025.0,0.3125001908815648,0.3125001908815648
10289,107.17708333333333,2363255,2363254.6875,0.3125001908815648,1.9088156477664597e-07
10290,107.196875,2363691,2363691.09375,1.9088156477664597e-07,0.09375019088156478
10291,107.20729166666668,2363921,2363920.78125,0.09375019088156478,-0.12499980911843522
10292,107.21770833333333,2364150,2364150.46875,-0.12499980911843522,0.3437501908815648
10293,107.228125,2364381,2364380.15625,0.3437501908815648,-0.4999998091184352
10294,107.23854166666668,2364609,2364609.84375,-0.4999998091184352,0.3437501908815648
10295,107.24895833333333,2364840,2364839.53125,0.3437501908815648,-0.12499980911843522
10296,107.25,2364862,2364862.5,-0.12499980911843522,0.3750001908815648
10297,107.26041666666667,2365093,2365092.1875,0.3750001908815648,-0.4374998091184352
10298,107.27083333333333,2365321,2365321.875,-0.4374998091184352,0.4375001908815648
10299,107.28125,2365552,2365551.5625,0.4375001908815648,1.9088156477664597e-07
10300,107.29166666666667,2365781,2365781.25,1.9088156477664597e-07,0.2500001908815648
10301,107.30208333333333,2366011,2366010.9375,0.2500001908815648,0.18750019088156478
10302,107.321875,2366448,2366447.34375,0.18750019088156478,-0.4687498091184352
10303,107.33229166666668,2366677,2366677.03125,-0.4687498091184352,-0.4374998091184352
10304,107.34270833333333,2366906,2366906.71875,-0.4374998091184352,0.2812501908815648
10305,107.353125,2367137,2367136.40625,0.2812501908815648,-0.3124998091184352
10306,107.36354166666668,2367366,2367366.09375,-0.3124998091184352,-0.21874980911843522
10307,107.37395833333333,2367596,2367595.78125,-0.21874980911843522,-0.4374998091184352
10308,107.375,2367618,2367618.75,-0.4374998091184352,0.3125001908815648
10309,107.38541666666667,2367849,2367848.4375,0.3125001908815648,-0.24999980911843522
10310,107.39583333333333,2368078,2368078.125,-0.24999980911843522,-0.12499980911843522
10311,107.40625,2368308,2368307.8125,-0.12499980911843522,-0.3124998091184352
10312,107.41666666666667,2368537,2368537.5,-0.3124998091184352,0.18750019088156478
10313,107.42708333333333,2368767,2368767.1875,0.18750019088156478,0.3750001908815648
10314,107.446875,2369204,2369203.59375,0.3750001908815648,-0.031249809118435223
10315,107.45729166666668,2369433,2369433.28125,-0.031249809118435223,0.2500001908815648
10316,107.46770833333333,2369663,2369662.96875,0.2500001908815648,0.21875019088156478
10317,107.478125,2369893,2369892.65625,0.21875019088156478,-0.12499980911843522
10318,107.48854166666668,2370122,2370122.34375,-0.12499980911843522,0.21875019088156478
10319,107.49895833333333,2370352,2370352.03125,0.21875019088156478,0.2500001908815648
10320,107.5,2370375,2370375.0,0.2500001908815648,0.2500001908815648
10321,107.51041666666667,2370605,2370604.6875,0.2500001908815648,-0.06249980911843522
10322,107.52083333333333,2370834,2370834.375,-0.06249980911843522,0.3125001908815648
10323,107.53125,2371064,2371064.0625,0.3125001908815648,0.3750001908815648
10324,107.54166666666667,2371294,2371293.75,0.3750001908815648,0.12500019088156478
10325,107.55208333333333,2371524,2371523.4375,0.12500019088156478,-0.4374998091184352
10326,107.571875,2371959,2371959.84375,-0.4374998091184352,0.4062501908815648
10327,107.58229166666668,2372190,2372189.53125,0.4062501908815648,-0.06249980911843522
10328,107.59270833333333,2372419,2372419.21875,-0.06249980911843522,0.15625019088156478
10329,107.603125,2372649,2372648.90625,0.15625019088156478,0.06250019088156478
10330,107.61354166666668,2372879,2372878.59375,0.06250019088156478,-0.3437498091184352
10331,107.62395833333333,2373108,2373108.28125,-0.3437498091184352,-0.06249980911843522
10332,107.625,2373131,2373131.25,-0.06249980911843522,0.18750019088156478
10333,107.63541666666667,2373361,2373360.9375,0.18750019088156478,0.12500019088156478
10334,107.64583333333333,2373591,2373590.625,0.12500019088156478,-0.24999980911843522
10335,107.65625,2373820,2373820.3125,-0.24999980911843522,0.06250019088156478
10336,107.66666666666667,2374050,2374050.0,0.06250019088156478,0.06250019088156478
10337,107.67708333333333,2374280,2374279.6875,0.06250019088156478,-0.24999980911843522
10338,107.696875,2374716,2374716.09375,-0.24999980911843522,-0.15624980911843522
10339,107.70729166666668,2374946,2374945.78125,-0.15624980911843522,-0.3749998091184352
10340,107.71770833333333,2375175,2375175.46875,-0.3749998091184352,0.09375019088156478
10341,107.728125,2375405,2375405.15625,0.09375019088156478,0.2500001908815648
10342,107.73854166666668,2375635,2375634.84375,0.2500001908815648,0.09375019088156478
10343,107.74895833333333,2375865,2375864.53125,0.09375019088156478,-0.3749998091184352
10344,107.75,2375887,2375887.5,-0.3749998091184352,0.12500019088156478
10345,107.76041666666667,2376117,2376117.1875,0.12500019088156478,0.3125001908815648
10346,107.77083333333333,2376347,2376346.875,0.3125001908815648,0.18750019088156478
10347,107.78125,2376577,2376576.5625,0.18750019088156478,-0.24999980911843522
10348,107.79166666666667,2376806,2376806.25,-0.24999980911843522,1.9088156477664597e-07
10349,107.80208333333333,2377036,2377035.9375,1.9088156477664597e-07,-0.06249980911843522
10350,107.821875,2377472,2377472.34375,-0.06249980911843522,0.2812501908815648
10351,107.83229166666668,2377702,2377702.03125,0.2812501908815648,0.3125001908815648
10352,107.84270833333333,2377932,2377931.71875,0.3125001908815648,0.03125019088156478
10353,107.853125,2378161,2378161.40625,0.03125019088156478,0.4375001908815648
10354,107.86354166666668,2378392,2378391.09375,0.4375001908815648,-0.4687498091184352
10355,107.87395833333333,2378620,2378620.78125,-0.4687498091184352,0.3125001908815648
10356,107.875,2378644,2378643.75,0.3125001908815648,0.06250019088156478
10357,107.88541666666667,2378874,2378873.4375,0.06250019088156478,-0.4999998091184352
10358,107.89583333333333,2379103,2379103.125,-0.4999998091184352,-0.3749998091184352
10359,107.90625,2379332,2379332.8125,-0.3749998091184352,0.4375001908815648
10360,107.91666666666667,2379563,2379562.5,0.4375001908815648,-0.06249980911843522
10361,107.92708333333333,2379792,2379792.1875,-0.06249980911843522,0.12500019088156478
10362,107.946875,2380229,2380228.59375,0.12500019088156478,-0.2812498091184352
10363,107.95729166666668,2380458,2380458.28125,-0.2812498091184352,1.9088156477664597e-07
10364,107.96770833333333,2380688,2380687.96875,1.9088156477664597e-07,-0.031249809118435223
10365,107.978125,2380918,2380917.65625,-0.031249809118435223,-0.3749998091184352
10366,107.98854166666668,2381147,2381147.34375,-0.3749998091184352,-0.031249809118435223
10367,107.99895833333333,2381377,2381377.03125,-0.031249809118435223,1.9088156477664597e-07
10368,108.0,2381400,2381400.0,1.9088156477664597e-07,1.9088156477664597e-07
10369,108.01041666666667,2381630,2381629.6875,1.9088156477664597e-07,-0.3124998091184352
10370,108.02083333333333,2381859,2381859.375,-0.3124998091184352,0.06250019088156478
10371,108.03125,2382089,2382089.0625,0.06250019088156478,0.12500019088156478
10372,108.04166666666667,2382319,2382318.75,0.12500019088156478,-0.12499980911843522
10373,108.05208333333333,2382548,2382548.4375,-0.12499980911843522,0.3125001908815648
10374,108.071875,2382985,2382984.84375,0.3125001908815648,0.15625019088156478
10375,108.08229166666668,2383215,2383214.53125,0.15625019088156478,-0.3124998091184352
10376,108.09270833333333,2383444,2383444.21875,-0.3124998091184352,-0.09374980911843522
10377,108.103125,2383674,2383673.90625,-0.09374980911843522,-0.18749980911843522
10378,108.11354166666668,2383903,2383903.59375,-0.18749980911843522,0.4062501908815648
10379,108.12395833333333,2384134,2384133.28125,0.4062501908815648,-0.3124998091184352
10380,108.125,2384156,2384156.25,-0.3124998091184352,-0.06249980911843522
10381,108.13541666666667,2384386,2384385.9375,-0.06249980911843522,-0.12499980911843522
10382,108.14583333333333,2384616,2384615.625,-0.12499980911843522,-0.4999998091184352
10383,108.15625,2384845,2384845.3125,-0.4999998091184352,-0.18749980911843522
10384,108.16666666666667,2385075,2385075.0,-0.18749980911843522,-0.18749980911843522
10385,108.17708333333333,2385305,2385304.6875,-0.18749980911843522,-0.4999998091184352
10386,108.196875,2385741,2385741.09375,-0.4999998091184352,-0.4062498091184352
10387,108.20729166666668,2385970,2385970.78125,-0.4062498091184352,0.3750001908815648
10388,108.21770833333333,2386201,2386200.46875,0.3750001908815648,-0.15624980911843522
10389,108.228125,2386430,2386430.15625,-0.15624980911843522,1.9088156477664597e-07
10390,108.23854166666668,2386660,2386659.84375,1.9088156477664597e-07,-0.15624980911843522
10391,108.24895833333333,2386889,2386889.53125,-0.15624980911843522,0.3750001908815648
10392,108.25,2386913,2386912.5,0.3750001908815648,-0.12499980911843522
10393,108.26041666666667,2387142,2387142.1875,-0.12499980911843522,0.06250019088156478
10394,108.27083333333333,2387372,2387371.875,0.06250019088156478,-0.06249980911843522
10395,108.28125,2387602,2387601.5625,-0.06249980911843522,-0.4999998091184352
10396,108.29166666666667,2387831,2387831.25,-0.4999998091184352,-0.24999980911843522
10397,108.30208333333333,2388061,2388060.9375,-0.24999980911843522,-0.3124998091184352
10398,108.321875,2388497,2388497.34375,-0.3124998091184352,0.03125019088156478
10399,108.33229166666668,2388727,2388727.03125,0.03125019088156478,0.06250019088156478
10400,108.34270833333333,2388957,2388956.71875,0.06250019088156478,-0.21874980911843522
10401,108.353125,2389186,2389186.40625,-0.21874980911843522,0.18750019088156478
10402,108.36354166666668,2389416,2389416.09375,0.18750019088156478,0.2812501908815648
10403,108.37395833333333,2389646,2389645.78125,0.2812501908815648,0.06250019088156478
10404,108.375,2389669,2389668.75,0.06250019088156478,-0.18749980911843522
10405,108.38541666666667,2389898,2389898.4375,-0.18749980911843522,0.2500001908815648
10406,108.39583333333333,2390128,2390128.125,0.2500001908815648,0.3750001908815648
10407,108.40625,2390358,2390357.8125,0.3750001908815648,0.18750019088156478
10408,108.41666666666667,2390588,2390587.5,0.18750019088156478,-0.3124998091184352
10409,108.42708333333333,2390817,2390817.1875,-0.3124998091184352,-0.12499980911843522
10410,108.446875,2391253,2391253.59375,-0.12499980911843522,0.4687501908815648
10411,108.45729166666668,2391484,2391483.28125,0.4687501908815648,-0.24999980911843522
10412,108.46770833333333,2391713,2391712.96875,-0.24999980911843522,-0.2812498091184352
10413,108.478125,2391942,2391942.65625,-0.2812498091184352,0.3750001908815648
10414,108.48854166666668,2392173,2392172.34375,0.3750001908815648,-0.2812498091184352
10415,108.49895833333333,2392402,2392402.03125,-0.2812498091184352,-0.24999980911843522
10416,108.5,2392425,2392425.0,-0.24999980911843522,-0.24999980911843522
10417,108.51041666666667,2392654,2392654.6875,-0.24999980911843522,0.4375001908815648
10418,108.52083333333333,2392885,2392884.375,0.4375001908815648,-0.18749980911843522
10419,108.53125,2393114,2393114.0625,-0.18749980911843522,-0.12499980911843522
10420,108.54166666666667,2393344,2393343.75,-0.12499980911843522,-0.3749998091184352
10421,108.55208333333333,2393573,2393573.4375,-0.3749998091184352,0.06250019088156478
10422,108.571875,2394010,2394009.84375,0.06250019088156478,-0.09374980911843522
10423,108.58229166666668,2394239,2394239.53125,-0.09374980911843522,0.4375001908815648
10424,108.59270833333333,2394470,2394469.21875,0.4375001908815648,-0.3437498091184352
10425,108.603125,2394699,2394698.90625,-0.3437498091184352,-0.4374998091184352
10426,108.61354166666668,2394928,2394928.59375,-0.4374998091184352,0.15625019088156478
10427,108.62395833333333,2395158,2395158.28125,0.15625019088156478,0.4375001908815648
10428,108.625,2395182,2395181.25,0.4375001908815648,-0.3124998091184352
10429,108.63541666666667,2395411,2395410.9375,-0.3124998091184352,-0.3749998091184352
10430,108.64583333333333,2395640,2395640.625,-0.3749998091184352,0.2500001908815648
10431,108.65625,2395871,2395870.3125,0.2500001908815648,-0.4374998091184352
10432,108.66666666666667,2396100,2396100.0,-0.4374998091184352,-0.4374998091184352
10433,108.67708333333333,2396329,2396329.6875,-0.4374998091184352,0.2500001908815648
10434,108.696875,2396766,2396766.09375,0.2500001908815648,0.3437501908815648
10435,108.70729166666668,2396996,2396995.78125,0.3437501908815648,0.12500019088156478
10436,108.71770833333333,2397226,2397225.46875,0.12500019088156478,-0.4062498091184352
10437,108.728125,2397455,2397455.15625,-0.4062498091184352,-0.24999980911843522
10438,108.73854166666668,2397685,2397684.84375,-0.24999980911843522,-0.4062498091184352
10439,108.74895833333333,2397914,2397914.53125,-0.4062498091184352,0.12500019088156478
10440,108.75,2397938,2397937.5,0.12500019088156478,-0.3749998091184352
10441,108.76041666666667,2398167,2398167.1875,-0.3749998091184352,-0.18749980911843522
10442,108.77083333333333,2398397,2398396.875,-0.18749980911843522,-0.3124998091184352
10443,108.78125,2398626,2398626.5625,-0.3124998091184352,0.2500001908815648
10444,108.79166666666667,2398857,2398856.25,0.2500001908815648,-0.4999998091184352
10445,108.80208333333333,2399085,2399085.9375,-0.4999998091184352,0.4375001908815648
10446,108.821875,2399523,2399522.34375,0.4375001908815648,-0.21874980911843522
10447,108.83229166666668,2399752,2399752.03125,-0.21874980911843522,-0.18749980911843522
10448,108.84270833333333,2399982,2399981.71875,-0.18749980911843522,-0.4687498091184352
10449,108.853125,2400211,2400211.40625,-0.4687498091184352,-0.06249980911843522
10450,108.86354166666668,2400441,2400441.09375,-0.06249980911843522,0.03125019088156478
10451,108.87395833333333,2400671,2400670.78125,0.03125019088156478,-0.18749980911843522
10452,108.875,2400694,2400693.75,-0.18749980911843522,-0.4374998091184352
10453,108.88541666666667,2400923,2400923.4375,-0.4374998091184352,1.9088156477664597e-07
10454,108.89583333333333,2401153,2401153.125,1.9088156477664597e-07,0.12500019088156478
10455,108.90625,2401383,2401382.8125,0.12500019088156478,-0.06249980911843522
10456,108.91666666666667,2401612,2401612.5,-0.06249980911843522,0.4375001908815648
10457,108.92708333333333,2401843,2401842.1875,0.4375001908815648,-0.3749998091184352
10458,108.946875,2402278,2402278.59375,-0.3749998091184352,0.21875019088156478
10459,108.95729166666668,2402509,2402508.28125,0.21875019088156478,-0.4999998091184352
10460,108.96770833333333,2402737,2402737.96875,-0.4999998091184352,0.4687501908815648
10461,108.978125,2402968,2402967.65625,0.4687501908815648,0.12500019088156478
10462,108.98854166666668,2403197,2403197.34375,0.12500019088156478,0.4687501908815648
10463,108.99895833333333,2403428,2403427.03125,0.4687501908815648,-0.4999998091184352
10464,109.0,2403450,2403450.0,-0.4999998091184352,-0.4999998091184352
10465,109.01041666666667,2403679,2403679.6875,-0.4999998091184352,0.18750019088156478
10466,109.02083333333333,2403910,2403909.375,0.18750019088156478,-0.4374998091184352
10467,109.03125,2404139,2404139.0625,-0.4374998091184352,-0.3749998091184352
10468,109.04166666666667,2404368,2404368.75,-0.3749998091184352,0.3750001908815648
10469,109.05208333333333,2404599,2404598.4375,0.3750001908815648,-0.18749980911843522
10470,109.071875,2405035,2405034.84375,-0.18749980911843522,-0.3437498091184352
10471,109.08229166666668,2405264,2405264.53125,-0.3437498091184352,0.18750019088156478
10472,109.09270833333333,2405494,2405494.21875,0.18750019088156478,0.4062501908815648
10473,109.103125,2405724,2405723.90625,0.4062501908815648,0.3125001908815648
10474,109.11354166666668,2405954,2405953.59375,0.3125001908815648,-0.09374980911843522
10475,109.12395833333333,2406183,2406183.28125,-0.09374980911843522,0.18750019088156478
10476,109.125,2406206,2406206.25,0.18750019088156478,0.4375001908815648
10477,109.13541666666667,2406436,2406435.9375,0.4375001908815648,0.3750001908815648
10478,109.14583333333333,2406666,2406665.625,0.3750001908815648,1.9088156477664597e-07
10479,109.15625,2406895,2406895.3125,1.9088156477664597e-07,0.3125001908815648
10480,109.16666666666667,2407125,2407125.0,0.3125001908815648,0.3125001908815648
10481,109.17708333333333,2407355,2407354.6875,0.3125001908815648,1.9088156477664597e-07
10482,109.196875,2407791,2407791.09375,1.9088156477664597e-07,0.09375019088156478
10483,109.20729166666668,2408021,2408020.78125,0.09375019088156478,-0.12499980911843522
10484,109.21770833333333,2408250,2408250.46875,-0.12499980911843522,0.3437501908815648
10485,109.228125,2408481,2408480.15625,0.3437501908815648,-0.4999998091184352
10486,109.23854166666668,2408709,2408709.84375,-0.4999998091184352,0.3437501908815648
10487,109.24895833333333,2408940,2408939.53125,0.3437501908815648,-0.12499980911843522
10488,109.25,2408962,2408962.5,-0.12499980911843522,0.3750001908815648
10489,109.26041666666667,2409193,2409192.1875,0.3750001908815648,-0.4374998091184352
10490,109.27083333333333,2409421,2409421.875,-0.4374998091184352,0.4375001908815648
10491,109.28125,2409652,2409651.5625,0.4375001908815648,1.9088156477664597e-07
10492,109.29166666666667,2409881,2409881.25,1.9088156477664597e-07,0.2500001908815648
10493,109.30208333333333,2410111,2410110.9375,0.2500001908815648,0.18750019088156478
10494,109.321875,2410548,2410547.34375,0.18750019088156478,-0.4687498091184352
10495,109.33229166666668,2410777,2410777.03125,-0.4687498091184352,-0.4374998091184352
10496,109.34270833333333,2411006,2411006.71875,-0.4374998091184352,0.2812501908815648
10497,109.353125,2411237,2411236.40625,0.2812501908815648,-0.3124998091184352
10498,109.36354166666668,2411466,2411466.09375,-0.3124998091184352,-0.21874980911843522
10499,109.37395833333333,2411696,2411695.78125,-0.21874980911843522,-0.4374998091184352
10500,109.375,2411718,2411718.75,-0.4374998091184352,0.3125001908815648
10501,109.38541666666667,2411949,2411948.4375,0.3125001908815648,-0.24999980911843522
10502,109.39583333333333,2412178,2412178.125,-0.24999980911843522,-0.12499980911843522
10503,109.40625,2412408,2412407.8125,-0.12499980911843522,-0.3124998091184352
10504,109.41666666666667,2412637,2412637.5,-0.3124998091184352,0.18750019088156478
10505,109.42708333333333,2412867,2412867.1875,0.18750019088156478,0.3750001908815648
10506,109.446875,2413304,2413303.59375,0.3750001908815648,-0.031249809118435223
10507,109.45729166666668,2413533,2413533.28125,-0.031249809118435223,0.2500001908815648
10508,109.46770833333333,2413763,2413762.96875,0.2500001908815648,0.21875019088156478
10509,109.478125,2413993,2413992.65625,0.21875019088156478,-0.12499980911843522
10510,109.48854166666668,2414222,2414222.34375,-0.12499980911843522,0.21875019088156478
10511,109.49895833333333,2414452,2414452.03125,0.21875019088156478,0.2500001908815648
10512,109.5,2414475,2414475.0,0.2500001908815648,0.2500001908815648
10513,109.51041666666667,2414705,2414704.6875,0.2500001908815648,-0.06249980911843522
10514,109.52083333333333,2414934,2414934.375,-0.06249980911843522,0.3125001908815648
10515,109.53125,2415164,2415164.0625,0.3125001908815648,0.3750001908815648
10516,109.54166666666667,2415394,2415393.75,0.3750001908815648,0.12500019088156478
10517,109.55208333333333,2415624,2415623.4375,0.12500019088156478,-0.4374998091184352
10518,109.571875,2416059,2416059.84375,-0.4374998091184352,0.4062501908815648
10519,109.58229166666668,2416290,2416289.53125,0.4062501908815648,-0.06249980911843522
10520,109.59270833333333,2416519,2416519.21875,-0.06249980911843522,0.15625019088156478
10521,109.603125,2416749,2416748.90625,0.15625019088156478,0.06250019088156478
10522,109.61354166666668,2416979,2416978.59375,0.06250019088156478,-0.3437498091184352
10523,109.62395833333333,2417208,2417208.28125,-0.3437498091184352,-0.06249980911843522
10524,109.625,2417231,2417231.25,-0.06249980911843522,0.18750019088156478
10525,109.63541666666667,2417461,2417460.9375,0.18750019088156478,0.12500019088156478
10526,109.64583333333333,2417691,2417690.625,0.12500019088156478,-0.24999980911843522
10527,109.65625,2417920,2417920.3125,-0.24999980911843522,0.06250019088156478
10528,109.66666666666667,2418150,2418150.0,0.06250019088156478,0.06250019088156478
10529,109.67708333333333,2418380,2418379.6875,0.06250019088156478,-0.24999980911843522
10530,109.696875,2418816,2418816.09375,-0.24999980911843522,-0.15624980911843522
10531,109.70729166666668,2419046,2419045.78125,-0.15624980911843522,-0.3749998091184352
10532,109.71770833333333,2419275,2419275.46875,-0.3749998091184352,0.09375019088156478
10533,109.728125,2419505,2419505.15625,0.09375019088156478,0.2500001908815648
10534,109.73854166666668,2419735,2419734.84375,0.2500001908815648,0.09375019088156478
10535,109.74895833333333,2419965,2419964.53125,0.09375019088156478,-0.3749998091184352
10536,109.75,2419987,2419987.5,-0.3749998091184352,0.12500019088156478
10537,109.76041666666667,2420217,2420217.1875,0.12500019088156478,0.3125001908815648
10538,109.77083333333333,2420447,2420446.875,0.3125001908815648,0.18750019088156478
10539,109.78125,2420677,2420676.5625,0.18750019088156478,-0.24999980911843522
10540,109.79166666666667,2420906,2420906.25,-0.24999980911843522,1.9088156477664597e-07
10541,109.80208333333333,2421136,2421135.9375,1.9088156477664597e-07,-0.06249980911843522
10542,109.821875,2421572,2421572.34375,-0.06249980911843522,0.2812501908815648
10543,109.83229166666668,2421802,2421802.03125,0.2812501908815648,0.3125001908815648
10544,109.84270833333333,2422032,2422031.71875,0.3125001908815648,0.03125019088156478
10545,109.853125,2422261,2422261.40625,0.03125019088156478,0.4375001908815648
10546,109.86354166666668,2422492,2422491.09375,0.4375001908815648,-0.4687498091184352
10547,109.87395833333333,2422720,2422720.78125,-0.4687498091184352,0.3125001908815648
10548,109.875,2422744,2422743.75,0.3125001908815648,0.06250019088156478
10549,109.88541666666667,2422974,2422973.4375,0.06250019088156478,-0.4999998091184352
10550,109.89583333333333,2423203,2423203.125,-0.4999998091184352,-0.3749998091184352
10551,109.90625,2423432,2423432.8125,-0.3749998091184352,0.4375001908815648
10552,109.91666666666667,2423663,2423662.5,0.4375001908815648,-0.06249980911843522
10553,109.92708333333333,2423892,2423892.1875,-0.06249980911843522,0.12500019088156478
10554,109.946875,2424329,2424328.59375,0.12500019088156478,-0.2812498091184352
10555,109.95729166666668,2424558,2424558.28125,-0.2812498091184352,1.9088156477664597e-07
10556,109.96770833333333,2424788,2424787.96875,1.9088156477664597e-07,-0.031249809118435223
10557,109.978125,2425018,2425017.65625,-0.031249809118435223,-0.3749998091184352
10558,109.98854166666668,2425247,2425247.34375,-0.3749998091184352,-0.031249809118435223
10559,109.99895833333333,2425477,2425477.03125,-0.031249809118435223,1.9088156477664597e-07
10560,110.0,2425500,2425500.0,1.9088156477664597e-07,1.9088156477664597e-07
10561,110.01041666666667,2425730,2425729.6875,1.9088156477664597e-07,-0.3124998091184352
10562,110.02083333333333,2425959,2425959.375,-0.3124998091184352,0.06250019088156478
10563,110.03125,2426189,2426189.0625,0.06250019088156478,0.12500019088156478
10564,110.04166666666667,2426419,2426418.75,0.12500019088156478,-0.12499980911843522
10565,110.05208333333333,2426648,2426648.4375,-0.12499980911843522,0.3125001908815648
10566,110.071875,2427085,2427084.84375,0.3125001908815648,0.15625019088156478
10567,110.08229166666668,2427315,2427314.53125,0.15625019088156478,-0.3124998091184352
10568,110.09270833333333,2427544,2427544.21875,-0.3124998091184352,-0.09374980911843522
10569,110.103125,2427774,2427773.90625,-0.09374980911843522,-0.18749980911843522
10570,110.11354166666668,2428003,2428003.59375,-0.18749980911843522,0.4062501908815648
10571,110.12395833333333,2428234,2428233.28125,0.4062501908815648,-0.3124998091184352
10572,110.125,2428256,2428256.25,-0.3124998091184352,-0.06249980911843522
10573,110.13541666666667,2428486,2428485.9375,-0.06249980911843522,-0.12499980911843522
10574,110.14583333333333,2428716,2428715.625,-0.12499980911843522,-0.4999998091184352
10575,110.15625,2428945,2428945.3125,-0.4999998091184352,-0.18749980911843522
10576,110.16666666666667,2429175,2429175.0,-0.18749980911843522,-0.18749980911843522
10577,110.17708333333333,2429405,2429404.6875,-0.18749980911843522,-0.4999998091184352
10578,110.196875,2429841,2429841.09375,-0.4999998091184352,-0.4062498091184352
10579,110.20729166666668,2430070,2430070.78125,-0.4062498091184352,0.3750001908815648
10580,110.21770833333333,2430301,2430300.46875,0.3750001908815648,-0.15624980911843522
10581,110.228125,2430530,2430530.15625,-0.15624980911843522,1.9088156477664597e-07
10582,110.23854166666668,2430760,2430759.84375,1.9088156477664597e-07,-0.15624980911843522
10583,110.24895833333333,2430989,2430989.53125,-0.15624980911843522,0.3750001908815648
10584,110.25,2431013,2431012.5,0.3750001908815648,-0.12499980911843522
10585,110.26041666666667,2431242,2431242.1875,-0.12499980911843522,0.06250019088156478
10586,110.27083333333333,2431472,2431471.875,0.06250019088156478,-0.06249980911843522
10587,110.28125,2431702,2431701.5625,-0.06249980911843522,-0.4999998091184352
10588,110.29166666666667,2431931,2431931.25,-0.4999998091184352,-0.24999980911843522
10589,110.30208333333333,2432161,2432160.9375,-0.24999980911843522,-0.3124998091184352
10590,110.321875,2432597,2432597.34375,-0.3124998091184352,0.03125019088156478
10591,110.33229166666668,2432827,2432827.03125,0.03125019088156478,0.06250019088156478
10592,110.34270833333333,2433057,2433056.71875,0.06250019088156478,-0.21874980911843522
10593,110.353125,2433286,2433286.40625,-0.21874980911843522,0.18750019088156478
10594,110.36354166666668,2433516,2433516.09375,0.18750019088156478,0.2812501908815648
10595,110.37395833333333,2433746,2433745.78125,0.2812501908815648,0.06250019088156478
10596,110.375,2433769,2433768.75,0.06250019088156478,-0.18749980911843522
10597,110.38541666666667,2433998,2433998.4375,-0.18749980911843522,0.2500001908815648
10598,110.39583333333333,2434228,2434228.125,0.2500001908815648,0.3750001908815648
10599,110.40625,2434458,2434457.8125,0.3750001908815648,0.18750019088156478
10600,110.41666666666667,2434688,2434687.5,0.18750019088156478,-0.3124998091184352
10601,110.42708333333333,2434917,2434917.1875,-0.3124998091184352,-0.12499980911843522
10602,110.446875,2435353,2435353.59375,-0.12499980911843522,0.4687501908815648
10603,110.45729166666668,2435584,2435583.28125,0.4687501908815648,-0.24999980911843522
10604,110.46770833333333,2435813,2435812.96875,-0.24999980911843522,-0.2812498091184352
10605,110.478125,2436042,2436042.65625,-0.2812498091184352,0.3750001908815648
10606,110.48854166666668,2436273,2436272.34375,0.3750001908815648,-0.2812498091184352
10607,110.49895833333333,2436502,2436502.03125,-0.2812498091184352,-0.24999980911843522
10608,110.5,2436525,2436525.0,-0.24999980911843522,-0.24999980911843522
10609,110.51041666666667,2436754,2436754.6875,-0.24999980911843522,0.4375001908815648
10610,110.52083333333333,2436985,2436984.375,0.4375001908815648,-0.18749980911843522
10611,110.53125,2437214,2437214.0625,-0.18749980911843522,-0.12499980911843522
10612,110.54166666666667,2437444,2437443.75,-0.12499980911843522,-0.3749998091184352
10613,110.55208333333333,2437673,2437673.4375,-0.3749998091184352,0.06250019088156478
10614,110.571875,2438110,2438109.84375,0.06250019088156478,-0.09374980911843522
10615,110.58229166666668,2438339,2438339.53125,-0.09374980911843522,0.4375001908815648
10616,110.59270833333333,2438570,2438569.21875,0.4375001908815648,-0.3437498091184352
10617,110.603125,2438799,2438798.90625,-0.3437498091184352,-0.4374998091184352
10618,110.61354166666668,2439028,2439028.59375,-0.4374998091184352,0.15625019088156478
10619,110.62395833333333,2439258,2439258.28125,0.15625019088156478,0.4375001908815648
10620,110.625,2439282,2439281.25,0.4375001908815648,-0.3124998091184352
10621,110.63541666666667,2439511,2439510.9375,-0.3124998091184352,-0.3749998091184352
10622,110.64583333333333,2439740,2439740.625,-0.3749998091184352,0.2500001908815648
10623,110.65625,2439971,2439970.3125,0.2500001908815648,-0.4374998091184352
10624,110.66666666666667,2440200,2440200.0,-0.4374998091184352,-0.4374998091184352
10625,110.67708333333333,2440429,2440429.6875,-0.4374998091184352,0.2500001908815648
10626,110.696875,2440866,2440866.09375,0.2500001908815648,0.3437501908815648
10627,110.70729166666668,2441096,2441095.78125,0.3437501908815648,0.12500019088156478
10628,110.71770833333333,2441326,2441325.46875,0.12500019088156478,-0.4062498091184352
10629,110.728125,2441555,2441555.15625,-0.4062498091184352,-0.24999980911843522
10630,110.73854166666668,2441785,2441784.84375,-0.24999980911843522,-0.4062498091184352
10631,110.74895833333333,2442014,2442014.53125,-0.4062498091184352,0.12500019088156478
10632,110.75,2442038,2442037.5,0.12500019088156478,-0.3749998091184352
10633,110.76041666666667,2442267,2442267.1875,-0.3749998091184352,-0.18749980911843522
10634,110.77083333333333,2442497,2442496.875,-0.18749980911843522,-0.3124998091184352
10635,110.78125,2442726,2442726.5625,-0.3124998091184352,0.2500001908815648
10636,110.79166666666667,2442957,2442956.25,0.2500001908815648,-0.4999998091184352
10637,110.80208333333333,2443185,2443185.9375,-0.4999998091184352,0.4375001908815648
10638,110.821875,2443623,2443622.34375,0.4375001908815648,-0.21874980911843522
10639,110.83229166666668,2443852,2443852.03125,-0.21874980911843522,-0.18749980911843522
10640,110.84270833333333,2444082,2444081.71875,-0.18749980911843522,-0.4687498091184352
10641,110.853125,2444311,2444311.40625,-0.4687498091184352,-0.06249980911843522
10642,110.86354166666668,2444541,2444541.09375,-0.06249980911843522,0.03125019088156478
10643,110.87395833333333,2444771,2444770.78125,0.03125019088156478,-0.18749980911843522
10644,110.875,2444794,2444793.75,-0.18749980911843522,-0.4374998091184352
10645,110.88541666666667,2445023,2445023.4375,-0.4374998091184352,1.9088156477664597e-07
10646,110.89583333333333,2445253,2445253.125,1.9088156477664597e-07,0.12500019088156478
10647,110.90625,2445483,2445482.8125,0.12500019088156478,-0.06249980911843522
10648,110.91666666666667,2445712,2445712.5,-0.06249980911843522,0.4375001908815648
10649,110.92708333333333,2445943,2445942.1875,0.4375001908815648,-0.3749998091184352
10650,110.946875,2446378,2446378.59375,-0.3749998091184352,0.21875019088156478
10651,110.95729166666668,2446609,2446608.28125,0.21875019088156478,-0.4999998091184352
10652,110.96770833333333,2446837,2446837.96875,-0.4999998091184352,0.4687501908815648
10653,110.978125,2447068,2447067.65625,0.4687501908815648,0.12500019088156478
10654,110.98854166666668,2447297,2447297.34375,0.12500019088156478,0.4687501908815648
10655,110.99895833333333,2447528,2447527.03125,0.4687501908815648,-0.4999998091184352
10656,111.0,2447550,2447550.0,-0.4999998091184352,-0.4999998091184352
10657,111.01041666666667,2447779,2447779.6875,-0.4999998091184352,0.18750019088156478
10658,111.02083333333333,2448010,2448009.375,0.18750019088156478,-0.4374998091184352
10659,111.03125,2448239,2448239.0625,-0.4374998091184352,-0.3749998091184352
10660,111.04166666666667,2448468,2448468.75,-0.3749998091184352,0.3750001908815648
10661,111.05208333333333,2448699,2448698.4375,0.3750001908815648,-0.18749980911843522
10662,111.071875,2449135,2449134.84375,-0.18749980911843522,-0.3437498091184352
10663,111.08229166666668,2449364,2449364.53125,-0.3437498091184352,0.18750019088156478
10664,111.09270833333333,2449594,2449594.21875,0.18750019088156478,0.4062501908815648
10665,111.103125,2449824,2449823.90625,0.4062501908815648,0.3125001908815648
10666,111.11354166666668,2450054,2450053.59375,0.3125001908815648,-0.09374980911843522
10667,111.12395833333333,2450283,2450283.28125,-0.09374980911843522,0.18750019088156478
10668,111.125,2450306,2450306.25,0.18750019088156478,0.4375001908815648
10669,111.13541666666667,2450536,2450535.9375,0.4375001908815648,0.3750001908815648
10670,111.14583333333333,2450766,2450765.625,0.3750001908815648,1.9088156477664597e-07
10671,111.15625,2450995,2450995.3125,1.9088156477664597e-07,0.3125001908815648
10672,111.16666666666667,2451225,2451225.0,0.3125001908815648,0.3125001908815648
10673,111.17708333333333,2451455,2451454.6875,0.3125001908815648,1.9088156477664597e-07
10674,111.196875,2451891,2451891.09375,1.9088156477664597e-07,0.09375019088156478
10675,111.20729166666668,2452121,2452120.78125,0.09375019088156478,-0.12499980911843522
10676,111.21770833333333,2452350,2452350.46875,-0.12499980911843522,0.3437501908815648
10677,111.228125,2452581,2452580.15625,0.3437501908815648,-0.4999998091184352
10678,111.23854166666668,2452809,2452809.84375,-0.4999998091184352,0.3437501908815648
10679,111.24895833333333,2453040,2453039.53125,0.3437501908815648,-0.12499980911843522
10680,111.25,2453062,2453062.5,-0.12499980911843522,0.3750001908815648
10681,111.26041666666667,2453293,2453292.1875,0.3750001908815648,-0.4374998091184352
10682,111.27083333333333,2453521,2453521.875,-0.4374998091184352,0.4375001908815648
10683,111.28125,2453752,2453751.5625,0.4375001908815648,1.9088156477664597e-07
10684,111.29166666666667,2453981,2453981.25,1.9088156477664597e-07,0.2500001908815648
10685,111.30208333333333,2454211,2454210.9375,0.2500001908815648,0.18750019088156478
10686,111.321875,2454648,2454647.34375,0.18750019088156478,-0.4687498091184352
10687,111.33229166666668,2454877,2454877.03125,-0.4687498091184352,-0.4374998091184352
10688,111.34270833333333,2455106,2455106.71875,-0.4374998091184352,0.2812501908815648
10689,111.353125,2455337,2455336.40625,0.2812501908815648,-0.3124998091184352
10690,111.36354166666668,2455566,2455566.09375,-0.3124998091184352,-0.21874980911843522
10691,111.37395833333333,2455796,2455795.78125,-0.21874980911843522,-0.4374998091184352
10692,111.375,2455818,2455818.75,-0.4374998091184352,0.3125001908815648
10693,111.38541666666667,2456049,2456048.4375,0.3125001908815648,-0.24999980911843522
10694,111.39583333333333,2456278,2456278.125,-0.24999980911843522,-0.12499980911843522
10695,111.40625,2456508,2456507.8125,-0.12499980911843522,-0.3124998091184352
10696,111.41666666666667,2456737,2456737.5,-0.3124998091184352,0.18750019088156478
10697,111.42708333333333,2456967,2456967.1875,0.18750019088156478,0.3750001908815648
10698,111.446875,2457404,2457403.59375,0.3750001908815648,-0.031249809118435223
10699,111.45729166666668,2457633,2457633.28125,-0.031249809118435223,0.2500001908815648
10700,111.46770833333333,2457863,2457862.96875,0.2500001908815648,0.21875019088156478
10701,111.478125,2458093,2458092.65625,0.21875019088156478,-0.12499980911843522
10702,111.48854166666668,2458322,2458322.34375,-0.12499980911843522,0.21875019088156478
10703,111.49895833333333,2458552,2458552.03125,0.21875019088156478,0.2500001908815648
10704,111.5,2458575,2458575.0,0.2500001908815648,0.2500001908815648
10705,111.51041666666667,2458805,2458804.6875,0.2500001908815648,-0.06249980911843522
10706,111.52083333333333,2459034,2459034.375,-0.06249980911843522,0.3125001908815648
10707,111.53125,2459264,2459264.0625,0.3125001908815648,0.3750001908815648
10708,111.54166666666667,2459494,2459493.75,0.3750001908815648,0.12500019088156478
10709,111.55208333333333,2459724,2459723.4375,0.12500019088156478,-0.4374998091184352
10710,111.571875,2460159,2460159.84375,-0.4374998091184352,0.4062501908815648
10711,111.58229166666668,2460390,2460389.53125,0.4062501908815648,-0.06249980911843522
10712,111.59270833333333,2460619,2460619.21875,-0.06249980911843522,0.15625019088156478
10713,111.603125,2460849,2460848.90625,0.15625019088156478,0.06250019088156478
10714,111.61354166666668,2461079,2461078.59375,0.06250019088156478,-0.3437498091184352
10715,111.62395833333333,2461308,2461308.28125,-0.3437498091184352,-0.06249980911843522
10716,111.625,2461331,2461331.25,-0.06249980911843522,0.18750019088156478
10717,111.63541666666667,2461561,2461560.9375,0.18750019088156478,0.12500019088156478
10718,111.64583333333333,2461791,2461790.625,0.12500019088156478,-0.24999980911843522
10719,111.65625,2462020,2462020.3125,-0.24999980911843522,0.06250019088156478
10720,111.66666666666667,2462250,2462250.0,0.06250019088156478,0.06250019088156478
10721,111.67708333333333,2462480,2462479.6875,0.06250019088156478,-0.24999980911843522
10722,111.696875,2462916,2462916.09375,-0.24999980911843522,-0.15624980911843522
10723,111.70729166666668,2463146,2463145.78125,-0.15624980911843522,-0.3749998091184352
10724,111.71770833333333,2463375,2463375.46875,-0.3749998091184352,0.09375019088156478
10725,111.728125,2463605,2463605.15625,0.09375019088156478,0.2500001908815648
10726,111.73854166666668,2463835,2463834.84375,0.2500001908815648,0.09375019088156478
10727,111.74895833333333,2464065,2464064.53125,0.09375019088156478,-0.3749998091184352
10728,111.75,2464087,2464087.5,-0.3749998091184352,0.12500019088156478
10729,111.76041666666667,2464317,2464317.1875,0.12500019088156478,0.3125001908815648
10730,111.77083333333333,2464547,2464546.875,0.3125001908815648,0.18750019088156478
10731,111.78125,2464777,2464776.5625,0.18750019088156478,-0.24999980911843522
10732,111.79166666666667,2465006,2465006.25,-0.24999980911843522,1.9088156477664597e-07
10733,111.80208333333333,2465236,2465235.9375,1.9088156477664597e-07,-0.06249980911843522
10734,111.821875,2465672,2465672.34375,-0.06249980911843522,0.2812501908815648
10735,111.83229166666668,2465902,2465902.03125,0.2812501908815648,0.3125001908815648
10736,111.84270833333333,2466132,2466131.71875,0.3125001908815648,0.03125019088156478
10737,111.853125,2466361,2466361.40625,0.03125019088156478,0.4375001908815648
10738,111.86354166666668,2466592,2466591.09375,0.4375001908815648,-0.4687498091184352
10739,111.87395833333333,2466820,2466820.78125,-0.4687498091184352,0.3125001908815648
10740,111.875,2466844,2466843.75,0.3125001908815648,0.06250019088156478
10741,111.88541666666667,2467074,2467073.4375,0.06250019088156478,-0.4999998091184352
10742,111.89583333333333,2467303,2467303.125,-0.4999998091184352,-0.3749998091184352
10743,111.90625,2467532,2467532.8125,-0.3749998091184352,0.4375001908815648
10744,111.91666666666667,2467763,2467762.5,0.4375001908815648,-0.06249980911843522
10745,111.92708333333333,2467992,2467992.1875,-0.06249980911843522,0.12500019088156478
10746,111.946875,2468429,2468428.59375,0.12500019088156478,-0.2812498091184352
10747,111.95729166666668,2468658,2468658.28125,-0.2812498091184352,1.9088156477664597e-07
10748,111.96770833333333,2468888,2468887.96875,1.9088156477664597e-07,-0.031249809118435223
10749,111.978125,2469118,2469117.65625,-0.031249809118435223,-0.3749998091184352
10750,111.98854166666668,2469347,2469347.34375,-0.3749998091184352,-0.031249809118435223
10751,111.99895833333333,2469577,2469577.03125,-0.031249809118435223,1.9088156477664597e-07
10752,112.0,2469600,2469600.0,1.9088156477664597e-07,1.9088156477664597e-07
10753,112.01041666666667,2469830,2469829.6875,1.9088156477664597e-07,-0.3124998091184352
10754,112.02083333333333,2470059,2470059.375,-0.3124998091184352,0.06250019088156478
10755,112.03125,2470289,2470289.0625,0.06250019088156478,0.12500019088156478
10756,112.04166666666667,2470519,2470518.75,0.12500019088156478,-0.12499980911843522
10757,112.05208333333333,2470748,2470748.4375,-0.12499980911843522,0.3125001908815648
10758,112.071875,2471185,2471184.84375,0.3125001908815648,0.15625019088156478
10759,112.08229166666668,2471415,2471414.53125,0.15625019088156478,-0.3124998091184352
10760,112.09270833333333,2471644,2471644.21875,-0.3124998091184352,-0.09374980911843522
10761,112.103125,2471874,2471873.90625,-0.09374980911843522,-0.18749980911843522
10762,112.11354166666668,2472103,2472103.59375,-0.18749980911843522,0.4062501908815648
10763,112.12395833333333,2472334,2472333.28125,0.4062501908815648,-0.3124998091184352
10764,112.125,2472356,2472356.25,-0.3124998091184352,-0.06249980911843522
10765,112.13541666666667,2472586,2472585.9375,-0.06249980911843522,-0.12499980911843522
10766,112.14583333333333,2472816,2472815.625,-0.12499980911843522,-0.4999998091184352
10767,112.15625,2473045,2473045.3125,-0.4999998091184352,-0.18749980911843522
10768,112.16666666666667,2473275,2473275.0,-0.18749980911843522,-0.18749980911843522
10769,112.17708333333333,2473505,2473504.6875,-0.18749980911843522,-0.4999998091184352
10770,112.196875,2473941,2473941.09375,-0.4999998091184352,-0.4062498091184352
10771,112.20729166666668,2474170,2474170.78125,-0.4062498091184352,0.3750001908815648
10772,112.21770833333333,2474401,2474400.46875,0.3750001908815648,-0.15624980911843522
10773,112.228125,2474630,2474630.15625,-0.15624980911843522,1.9088156477664597e-07
10774,112.23854166666668,2474860,2474859.84375,1.9088156477664597e-07,-0.15624980911843522
10775,112.24895833333333,2475089,2475089.53125,-0.15624980911843522,0.3750001908815648
10776,112.25,2475113,2475112.5,0.3750001908815648,-0.12499980911843522
10777,112.26041666666667,2475342,2475342.1875,-0.12499980911843522,0.06250019088156478
10778,112.27083333333333,2475572,2475571.875,0.06250019088156478,-0.06249980911843522
10779,112.28125,2475802,2475801.5625,-0.06249980911843522,-0.4999998091184352
10780,112.29166666666667,2476031,2476031.25,-0.4999998091184352,-0.24999980911843522
10781,112.30208333333333,2476261,2476260.9375,-0.24999980911843522,-0.3124998091184352
10782,112.321875,2476697,2476697.34375,-0.3124998091184352,0.03125019088156478
10783,112.33229166666668,2476927,2476927.03125,0.03125019088156478,0.06250019088156478
10784,112.34270833333333,2477157,2477156.71875,0.06250019088156478,-0.21874980911843522
10785,112.353125,2477386,2477386.40625,-0.21874980911843522,0.18750019088156478
10786,112.36354166666668,2477616,2477616.09375,0.18750019088156478,0.2812501908815648
10787,112.37395833333333,2477846,2477845.78125,0.2812501908815648,0.06250019088156478
10788,112.375,2477869,2477868.75,0.06250019088156478,-0.18749980911843522
10789,112.38541666666667,2478098,2478098.4375,-0.18749980911843522,0.2500001908815648
10790,112.39583333333333,2478328,2478328.125,0.2500001908815648,0.3750001908815648
10791,112.40625,2478558,2478557.8125,0.3750001908815648,0.18750019088156478
10792,112.41666666666667,2478788,2478787.5,0.18750019088156478,-0.3124998091184352
10793,112.42708333333333,2479017,2479017.1875,-0.3124998091184352,-0.12499980911843522
10794,112.446875,2479453,2479453.59375,-0.12499980911843522,0.4687501908815648
10795,112.45729166666668,2479684,2479683.28125,0.4687501908815648,-0.24999980911843522
10796,112.46770833333333,2479913,2479912.96875,-0.24999980911843522,-0.2812498091184352
10797,112.478125,2480142,2480142.65625,-0.2812498091184352,0.3750001908815648
10798,112.48854166666668,2480373,2480372.34375,0.3750001908815648,-0.2812498091184352
10799,112.49895833333333,2480602,2480602.03125,-0.2812498091184352,-0.24999980911843522
10800,112.5,2480625,2480625.0,-0.24999980911843522,-0.24999980911843522
10801,112.51041666666667,2480854,2480854.6875,-0.24999980911843522,0.4375001908815648
10802,112.52083333333333,2481085,2481084.375,0.4375001908815648,-0.18749980911843522
10803,112.53125,2481314,2481314.0625,-0.18749980911843522,-0.12499980911843522
10804,112.54166666666667,2481544,2481543.75,-0.12499980911843522,-0.3749998091184352
10805,112.55208333333333,2481773,2481773.4375,-0.3749998091184352,0.06250019088156478
10806,112.571875,2482210,2482209.84375,0.06250019088156478,-0.09374980911843522
10807,112.58229166666668,2482439,2482439.53125,-0.09374980911843522,0.4375001908815648
10808,112.59270833333333,2482670,2482669.21875,0.4375001908815648,-0.3437498091184352
10809,112.603125,2482899,2482898.90625,-0.3437498091184352,-0.4374998091184352
10810,112.61354166666668,2483128,2483128.59375,-0.4374998091184352,0.15625019088156478
10811,112.62395833333333,2483358,2483358.28125,0.15625019088156478,0.4375001908815648
10812,112.625,2483382,2483381.25,0.4375001908815648,-0.3124998091184352
10813,112.63541666666667,2483611,2483610.9375,-0.3124998091184352,-0.3749998091184352
10814,112.64583333333333,2483840,2483840.625,-0.3749998091184352,0.2500001908815648
10815,112.65625,2484071,2484070.3125,0.2500001908815648,-0.4374998091184352
10816,112.66666666666667,2484300,2484300.0,-0.4374998091184352,-0.4374998091184352
10817,112.67708333333333,2484529,2484529.6875,-0.4374998091184352,0.2500001908815648
10818,112.696875,2484966,2484966.09375,0.2500001908815648,0.3437501908815648
10819,112.70729166666668,2485196,2485195.78125,0.3437501908815648,0.12500019088156478
10820,112.71770833333333,2485426,2485425.46875,0.12500019088156478,-0.4062498091184352
10821,112.728125,2485655,2485655.15625,-0.4062498091184352,-0.24999980911843522
10822,112.73854166666668,2485885,2485884.84375,-0.24999980911843522,-0.4062498091184352
10823,112.74895833333333,2486114,2486114.53125,-0.4062498091184352,0.12500019088156478
10824,112.75,2486138,2486137.5,0.12500019088156478,-0.3749998091184352
10825,112.76041666666667,2486367,2486367.1875,-0.3749998091184352,-0.18749980911843522
10826,112.77083333333333,2486597,2486596.875,-0.18749980911843522,-0.3124998091184352
10827,112.78125,2486826,2486826.5625,-0.3124998091184352,0.2500001908815648
10828,112.79166666666667,2487057,2487056.25,0.2500001908815648,-0.4999998091184352
10829,112.80208333333333,2487285,2487285.9375,-0.4999998091184352,0.4375001908815648
10830,112.821875,2487723,2487722.34375,0.4375001908815648,-0.21874980911843522
10831,112.83229166666668,2487952,2487952.03125,-0.21874980911843522,-0.18749980911843522
10832,112.84270833333333,2488182,2488181.71875,-0.18749980911843522,-0.4687498091184352
10833,112.853125,2488411,2488411.40625,-0.4687498091184352,-0.06249980911843522
10834,112.86354166666668,2488641,2488641.09375,-0.06249980911843522,0.03125019088156478
10835,112.87395833333333,2488871,2488870.78125,0.03125019088156478,-0.18749980911843522
10836,112.875,2488894,2488893.75,-0.18749980911843522,-0.4374998091184352
10837,112.88541666666667,2489123,2489123.4375,-0.4374998091184352,1.9088156477664597e-07
10838,112.89583333333333,2489353,2489353.125,1.9088156477664597e-07,0.12500019088156478
10839,112.90625,2489583,2489582.8125,0.12500019088156478,-0.06249980911843522
10840,112.91666666666667,2489812,2489812.5,-0.06249980911843522,0.4375001908815648
10841,112.92708333333333,2490043,2490042.1875,0.4375001908815648,-0.3749998091184352
10842,112.946875,2490478,2490478.59375,-0.3749998091184352,0.21875019088156478
10843,112.95729166666668,2490709,2490708.28125,0.21875019088156478,-0.4999998091184352
10844,112.96770833333333,2490937,2490937.96875,-0.4999998091184352,0.4687501908815648
10845,112.978125,2491168,2491167.65625,0.4687501908815648,0.12500019088156478
10846,112.98854166666668,2491397,2491397.34375,0.12500019088156478,0.4687501908815648
10847,112.99895833333333,2491628,2491627.03125,0.4687501908815648,-0.4999998091184352
10848,113.0,2491650,2491650.0,-0.4999998091184352,-0.4999998091184352
10849,113.01041666666667,2491879,2491879.6875,-0.4999998091184352,0.18750019088156478
10850,113.02083333333333,2492110,2492109.375,0.18750019088156478,-0.4374998091184352
10851,113.03125,2492339,2492339.0625,-0.4374998091184352,-0.3749998091184352
10852,113.04166666666667,2492568,2492568.75,-0.3749998091184352,0.3750001908815648
10853,113.05208333333333,2492799,2492798.4375,0.3750001908815648,-0.18749980911843522
10854,113.071875,2493235,2493234.84375,-0.18749980911843522,-0.3437498091184352
10855,113.08229166666668,2493464,2493464.53125,-0.3437498091184352,0.18750019088156478
10856,113.09270833333333,2493694,2493694.21875,0.18750019088156478,0.4062501908815648
10857,113.103125,2493924,2493923.90625,0.4062501908815648,0.3125001908815648
10858,113.11354166666668,2494154,2494153.59375,0.3125001908815648,-0.09374980911843522
10859,113.12395833333333,2494383,2494383.28125,-0.09374980911843522,0.18750019088156478
10860,113.125,2494406,2494406.25,0.18750019088156478,0.4375001908815648
10861,113.13541666666667,2494636,2494635.9375,0.4375001908815648,0.3750001908815648
10862,113.14583333333333,2494866,2494865.625,0.3750001908815648,1.9088156477664597e-07
10863,113.15625,2495095,2495095.3125,1.9088156477664597e-07,0.3125001908815648
10864,113.16666666666667,2495325,2495325.0,0.3125001908815648,0.3125001908815648
10865,113.17708333333333,2495555,2495554.6875,0.3125001908815648,1.9088156477664597e-07
10866,113.196875,2495991,2495991.09375,1.9088156477664597e-07,0.09375019088156478
10867,113.20729166666668,2496221,2496220.78125,0.09375019088156478,-0.12499980911843522
10868,113.21770833333333,2496450,2496450.46875,-0.12499980911843522,0.3437501908815648
10869,113.228125,2496681,2496680.15625,0.3437501908815648,-0.4999998091184352
10870,113.23854166666668,2496909,2496909.84375,-0.4999998091184352,0.3437501908815648
10871,113.24895833333333,2497140,2497139.53125,0.3437501908815648,-0.12499980911843522
10872,113.25,2497162,2497162.5,-0.12499980911843522,0.3750001908815648
10873,113.26041666666667,2497393,2497392.1875,0.3750001908815648,-0.4374998091184352
10874,113.27083333333333,2497621,2497621.875,-0.4374998091184352,0.4375001908815648
10875,113.28125,2497852,2497851.5625,0.4375001908815648,1.9088156477664597e-07
10876,113.29166666666667,2498081,2498081.25,1.9088156477664597e-07,0.2500001908815648
10877,113.30208333333333,2498311,2498310.9375,0.2500001908815648,0.18750019088156478
10878,113.321875,2498748,2498747.34375,0.18750019088156478,-0.4687498091184352
10879,113.33229166666668,2498977,2498977.03125,-0.4687498091184352,-0.4374998091184352
10880,113.34270833333333,2499206,2499206.71875,-0.4374998091184352,0.2812501908815648
10881,113.353125,2499437,2499436.40625,0.2812501908815648,-0.3124998091184352
10882,113.36354166666668,2499666,2499666.09375,-0.3124998091184352,-0.21874980911843522
10883,113.37395833333333,2499896,2499895.78125,-0.21874980911843522,-0.4374998091184352
10884,113.375,2499918,2499918.75,-0.4374998091184352,0.3125001908815648
10885,113.38541666666667,2500149,2500148.4375,0.3125001908815648,-0.24999980911843522
10886,113.39583333333333,2500378,2500378.125,-0.24999980911843522,-0.12499980911843522
10887,113.40625,2500608,2500607.8125,-0.12499980911843522,-0.3124998091184352
10888,113.41666666666667,2500837,2500837.5,-0.3124998091184352,0.18750019088156478
10889,113.42708333333333,2501067,2501067.1875,0.18750019088156478,0.3750001908815648
10890,113.446875,2501504,2501503.59375,0.3750001908815648,-0.031249809118435223
10891,113.45729166666668,2501733,2501733.28125,-0.031249809118435223,0.2500001908815648
10892,113.46770833333333,2501963,2501962.96875,0.2500001908815648,0.21875019088156478
10893,113.478125,2502193,2502192.65625,0.21875019088156478,-0.12499980911843522
10894,113.48854166666668,2502422,2502422.34375,-0.12499980911843522,0.21875019088156478
10895,113.49895833333333,2502652,2502652.03125,0.21875019088156478,0.2500001908815648
10896,113.5,2502675,2502675.0,0.2500001908815648,0.2500001908815648
10897,113.51041666666667,2502905,2502904.6875,0.2500001908815648,-0.06249980911843522
10898,113.52083333333333,2503134,2503134.375,-0.06249980911843522,0.3125001908815648
10899,113.53125,2503364,2503364.0625,0.3125001908815648,0.3750001908815648
10900,113.54166666666667,2503594,2503593.75,0.3750001908815648,0.12500019088156478
10901,113.55208333333333,2503824,2503823.4375,0.12500019088156478,-0.4374998091184352
10902,113.571875,2504259,2504259.84375,-0.4374998091184352,0.4062501908815648
10903,113.58229166666668,2504490,2504489.53125,0.4062501908815648,-0.06249980911843522
10904,113.59270833333333,2504719,2504719.21875,-0.06249980911843522,0.15625019088156478
10905,113.603125,2504949,2504948.90625,0.15625019088156478,0.06250019088156478
10906,113.61354166666668,2505179,2505178.59375,0.06250019088156478,-0.3437498091184352
10907,113.62395833333333,2505408,2505408.28125,-0.3437498091184352,-0.06249980911843522
10908,113.625,2505431,2505431.25,-0.06249980911843522,0.18750019088156478
10909,113.63541666666667,2505661,2505660.9375,0.18750019088156478,0.12500019088156478
10910,113.64583333333333,2505891,2505890.625,0.12500019088156478,-0.24999980911843522
10911,113.65625,2506120,2506120.3125,-0.24999980911843522,0.06250019088156478
10912,113.66666666666667,2506350,2506350.0,0.06250019088156478,0.06250019088156478
10913,113.67708333333333,2506580,2506579.6875,0.06250019088156478,-0.24999980911843522
10914,113.696875,2507016,2507016.09375,-0.24999980911843522,-0.15624980911843522
10915,113.70729166666668,2507246,2507245.78125,-0.15624980911843522,-0.3749998091184352
10916,113.71770833333333,2507475,2507475.46875,-0.3749998091184352,0.09375019088156478
10917,113.728125,2507705,2507705.15625,0.09375019088156478,0.2500001908815648
10918,113.73854166666668,2507935,2507934.84375,0.2500001908815648,0.09375019088156478
10919,113.74895833333333,2508165,2508164.53125,0.09375019088156478,-0.3749998091184352
10920,113.75,2508187,2508187.5,-0.3749998091184352,0.12500019088156478
10921,113.76041666666667,2508417,2508417.1875,0.12500019088156478,0.3125001908815648
10922,113.77083333333333,2508647,2508646.875,0.3125001908815648,0.18750019088156478
10923,113.78125,2508877,2508876.5625,0.18750019088156478,-0.24999980911843522
10924,113.79166666666667,2509106,2509106.25,-0.24999980911843522,1.9088156477664597e-07
10925,113.80208333333333,2509336,2509335.9375,1.9088156477664597e-07,-0.06249980911843522
10926,113.821875,2509772,2509772.34375,-0.06249980911843522,0.2812501908815648
10927,113.83229166666668,2510002,2510002.03125,0.2812501908815648,0.3125001908815648
10928,113.84270833333333,2510232,2510231.71875,0.3125001908815648,0.03125019088156478
10929,113.853125,2510461,2510461.40625,0.03125019088156478,0.4375001908815648
10930,113.86354166666668,2510692,2510691.09375,0.4375001908815648,-0.4687498091184352
10931,113.87395833333333,2510920,2510920.78125,-0.4687498091184352,0.3125001908815648
10932,113.875,2510944,2510943.75,0.3125001908815648,0.06250019088156478
10933,113.88541666666667,2511174,2511173.4375,0.06250019088156478,-0.4999998091184352
10934,113.89583333333333,2511403,2511403.125,-0.4999998091184352,-0.3749998091184352
10935,113.90625,2511632,2511632.8125,-0.3749998091184352,0.4375001908815648
10936,113.91666666666667,2511863,2511862.5,0.4375001908815648,-0.06249980911843522
10937,113.92708333333333,2512092,2512092.1875,-0.06249980911843522,0.12500019088156478
10938,113.946875,2512529,2512528.59375,0.12500019088156478,-0.2812498091184352
10939,113.95729166666668,2512758,2512758.28125,-0.2812498091184352,1.9088156477664597e-07
10940,113.96770833333333,2512988,2512987.96875,1.9088156477664597e-07,-0.031249809118435223
10941,113.978125,2513218,2513217.65625,-0.031249809118435223,-0.3749998091184352
10942,113.98854166666668,2513447,2513447.34375,-0.3749998091184352,-0.031249809118435223
10943,113.99895833333333,2513677,2513677.03125,-0.031249809118435223,1.9088156477664597e-07
10944,114.0,2513700,2513700.0,1.9088156477664597e-07,1.9088156477664597e-07
10945,114.01041666666667,2513930,2513929.6875,1.9088156477664597e-07,-0.3124998091184352
10946,114.02083333333333,2514159,2514159.375,-0.3124998091184352,0.06250019088156478
10947,114.03125,2514389,2514389.0625,0.06250019088156478,0.12500019088156478
10948,114.04166666666667,2514619,2514618.75,0.12500019088156478,-0.12499980911843522
10949,114.05208333333333,2514848,2514848.4375,-0.12499980911843522,0.3125001908815648
10950,114.071875,2515285,2515284.84375,0.3125001908815648,0.15625019088156478
10951,114.08229166666668,2515515,2515514.53125,0.15625019088156478,-0.3124998091184352
10952,114.09270833333333,2515744,2515744.21875,-0.3124998091184352,-0.09374980911843522
10953,114.103125,2515974,2515973.90625,-0.09374980911843522,-0.18749980911843522
10954,114.11354166666668,2516203,2516203.59375,-0.18749980911843522,0.4062501908815648
10955,114.12395833333333,2516434,2516433.28125,0.4062501908815648,-0.3124998091184352
10956,114.125,2516456,2516456.25,-0.3124998091184352,-0.06249980911843522
10957,114.13541666666667,2516686,2516685.9375,-0.06249980911843522,-0.12499980911843522
10958,114.14583333333333,2516916,2516915.625,-0.12499980911843522,-0.4999998091184352
10959,114.15625,2517145,2517145.3125,-0.4999998091184352,-0.18749980911843522
10960,114.16666666666667,2517375,2517375.0,-0.18749980911843522,-0.18749980911843522
10961,114.17708333333333,2517605,2517604.6875,-0.18749980911843522,-0.4999998091184352
10962,114.196875,2518041,2518041.09375,-0.4999998091184352,-0.4062498091184352
10963,114.20729166666668,2518270,2518270.78125,-0.4062498091184352,0.3750001908815648
10964,114.21770833333333,2518501,2518500.46875,0.3750001908815648,-0.15624980911843522
10965,114.228125,2518730,2518730.15625,-0.15624980911843522,1.9088156477664597e-07
10966,114.23854166666668,2518960,2518959.84375,1.9088156477664597e-07,-0.15624980911843522
10967,114.24895833333333,2519189,2519189.53125,-0.15624980911843522,0.3750001908815648
10968,114.25,2519213,2519212.5,0.3750001908815648,-0.12499980911843522
10969,114.26041666666667,2519442,2519442.1875,-0.12499980911843522,0.06250019088156478
10970,114.27083333333333,2519672,2519671.875,0.06250019088156478,-0.06249980911843522
10971,114.28125,2519902,2519901.5625,-0.06249980911843522,-0.4999998091184352
10972,114.29166666666667,2520131,2520131.25,-0.4999998091184352,-0.24999980911843522
10973,114.30208333333333,2520361,2520360.9375,-0.24999980911843522,-0.3124998091184352
10974,114.321875,2520797,2520797.34375,-0.3124998091184352,0.03125019088156478
10975,114.33229166666668,2521027,2521027.03125,0.03125019088156478,0.06250019088156478
10976,114.34270833333333,2521257,2521256.71875,0.06250019088156478,-0.21874980911843522
10977,114.353125,2521486,2521486.40625,-0.21874980911843522,0.18750019088156478
10978,114.36354166666668,2521716,2521716.09375,0.18750019088156478,0.2812501908815648
10979,114.37395833333333,2521946,2521945.78125,0.2812501908815648,0.06250019088156478
10980,114.375,2521969,2521968.75,0.06250019088156478,-0.18749980911843522
10981,114.38541666666667,2522198,2522198.4375,-0.18749980911843522,0.2500001908815648
10982,114.39583333333333,2522428,2522428.125,0.2500001908815648,0.3750001908815648
10983,114.40625,2522658,2522657.8125,0.3750001908815648,0.18750019088156478
10984,114.41666666666667,2522888,2522887.5,0.18750019088156478,-0.3124998091184352
10985,114.42708333333333,2523117,2523117.1875,-0.3124998091184352,-0.12499980911843522
10986,114.446875,2523553,2523553.59375,-0.12499980911843522,0.4687501908815648
10987,114.45729166666668,2523784,2523783.28125,0.4687501908815648,-0.24999980911843522
10988,114.46770833333333,2524013,2524012.96875,-0.24999980911843522,-0.2812498091184352
10989,114.478125,2524242,2524242.65625,-0.2812498091184352,0.3750001908815648
10990,114.48854166666668,2524473,2524472.34375,0.3750001908815648,-0.2812498091184352
10991,114.49895833333333,2524702,2524702.03125,-0.2812498091184352,-0.24999980911843522
10992,114.5,2524725,2524725.0,-0.24999980911843522,-0.24999980911843522
10993,114.51041666666667,2524954,2524954.6875,-0.24999980911843522,0.4375001908815648
10994,114.52083333333333,2525185,2525184.375,0.4375001908815648,-0.18749980911843522
10995,114.53125,2525414,2525414.0625,-0.18749980911843522,-0.12499980911843522
10996,114.54166666666667,2525644,2525643.75,-0.12499980911843522,-0.3749998091184352
10997,114.55208333333333,2525873,2525873.4375,-0.3749998091184352,0.06250019088156478
10998,114.571875,2526310,2526309.84375,0.06250019088156478,-0.09374980911843522
10999,114.58229166666668,2526539,2526539.53125,-0.09374980911843522,0.4375001908815648
11000,114.59270833333333,2526770,2526769.21875,0.4375001908815648,-0.3437498091184352
11001,114.603125,2526999,2526998.90625,-0.3437498091184352,-0.4374998091184352
11002,114.61354166666668,2527228,2527228.59375,-0.4374998091184352,0.15625019088156478
11003,114.62395833333333,2527458,2527458.28125,0.15625019088156478,0.4375001908815648
11004,114.625,2527482,2527481.25,0.4375001908815648,-0.3124998091184352
11005,114.63541666666667,2527711,2527710.9375,-0.3124998091184352,-0.3749998091184352
11006,114.64583333333333,2527940,2527940.625,-0.3749998091184352,0.2500001908815648
11007,114.65625,2528171,2528170.3125,0.2500001908815648,-0.4374998091184352
11008,114.66666666666667,2528400,2528400.0,-0.4374998091184352,-0.4374998091184352
11009,114.67708333333333,2528629,2528629.6875,-0.4374998091184352,0.2500001908815648
11010,114.696875,2529066,2529066.09375,0.2500001908815648,0.3437501908815648
11011,114.70729166666668,2529296,2529295.78125,0.3437501908815648,0.12500019088156478
11012,114.71770833333333,2529526,2529525.46875,0.12500019088156478,-0.4062498091184352
11013,114.728125,2529755,2529755.15625,-0.4062498091184352,-0.24999980911843522
11014,114.73854166666668,2529985,2529984.84375,-0.24999980911843522,-0.4062498091184352
11015,114.74895833333333,2530214,2530214.53125,-0.4062498091184352,0.12500019088156478
11016,114.75,2530238,2530237.5,0.12500019088156478,-0.3749998091184352
11017,114.76041666666667,2530467,2530467.1875,-0.3749998091184352,-0.18749980911843522
11018,114.77083333333333,2530697,2530696.875,-0.18749980911843522,-0.3124998091184352
11019,114.78125,2530926,2530926.5625,-0.3124998091184352,0.2500001908815648
11020,114.79166666666667,2531157,2531156.25,0.2500001908815648,-0.4999998091184352
11021,114.80208333333333,2531385,2531385.9375,-0.4999998091184352,0.4375001908815648
11022,114.821875,2531823,2531822.34375,0.4375001908815648,-0.21874980911843522
11023,114.83229166666668,2532052,2532052.03125,-0.21874980911843522,-0.18749980911843522
11024,114.84270833333333,2532282,2532281.71875,-0.18749980911843522,-0.4687498091184352
11025,114.853125,2532511,2532511.40625,-0.4687498091184352,-0.06249980911843522
11026,114.86354166666668,2532741,2532741.09375,-0.06249980911843522,0.03125019088156478
11027,114.87395833333333,2532971,2532970.78125,0.03125019088156478,-0.18749980911843522
11028,114.875,2532994,2532993.75,-0.18749980911843522,-0.4374998091184352
11029,114.88541666666667,2533223,2533223.4375,-0.4374998091184352,1.9088156477664597e-07
11030,114.89583333333333,2533453,2533453.125,1.9088156477664597e-07,0.12500019088156478
11031,114.90625,2533683,2533682.8125,0.12500019088156478,-0.06249980911843522
11032,114.91666666666667,2533912,2533912.5,-0.06249980911843522,0.4375001908815648
11033,114.92708333333333,2534143,2534142.1875,0.4375001908815648,-0.3749998091184352
11034,114.946875,2534578,2534578.59375,-0.3749998091184352,0.21875019088156478
11035,114.95729166666668,2534809,2534808.28125,0.21875019088156478,-0.4999998091184352
11036,114.96770833333333,2535037,2535037.96875,-0.4999998091184352,0.4687501908815648
11037,114.978125,2535268,2535267.65625,0.4687501908815648,0.12500019088156478
11038,114.98854166666668,2535497,2535497.34375,0.12500019088156478,0.4687501908815648
11039,114.99895833333333,2535728,2535727.03125,0.4687501908815648,-0.4999998091184352
11040,115.0,2535750,2535750.0,-0.4999998091184352,-0.4999998091184352
11041,115.01041666666667,2535979,2535979.6875,-0.4999998091184352,0.18750019088156478
11042,115.02083333333333,2536210,2536209.375,0.18750019088156478,-0.4374998091184352
11043,115.03125,2536439,2536439.0625,-0.4374998091184352,-0.3749998091184352
11044,115.04166666666667,2536668,2536668.75,-0.3749998091184352,0.3750001908815648
11045,115.05208333333333,2536899,2536898.4375,0.3750001908815648,-0.18749980911843522
11046,115.071875,2537335,2537334.84375,-0.18749980911843522,-0.3437498091184352
11047,115.08229166666668,2537564,2537564.53125,-0.3437498091184352,0.18750019088156478
11048,115.09270833333333,2537794,2537794.21875,0.18750019088156478,0.4062501908815648
11049,115.103125,2538024,2538023.90625,0.4062501908815648,0.3125001908815648
11050,115.11354166666668,2538254,2538253.59375,0.3125001908815648,-0.09374980911843522
11051,115.12395833333333,2538483,2538483.28125,-0.09374980911843522,0.18750019088156478
11052,115.125,2538506,2538506.25,0.18750019088156478,0.4375001908815648
11053,115.13541666666667,2538736,2538735.9375,0.4375001908815648,0.3750001908815648
11054,115.14583333333333,2538966,2538965.625,0.3750001908815648,1.9088156477664597e-07
11055,115.15625,2539195,2539195.3125,1.9088156477664597e-07,0.3125001908815648
11056,115.16666666666667,2539425,2539425.0,0.3125001908815648,0.3125001908815648
11057,115.17708333333333,2539655,2539654.6875,0.3125001908815648,1.9088156477664597e-07
11058,115.196875,2540091,2540091.09375,1.9088156477664597e-07,0.09375019088156478
11059,115.20729166666668,2540321,2540320.78125,0.09375019088156478,-0.12499980911843522
11060,115.21770833333333,2540550,2540550.46875,-0.12499980911843522,0.3437501908815648
11061,115.228125,2540781,2540780.15625,0.3437501908815648,-0.4999998091184352
11062,115.23854166666668,2541009,2541009.84375,-0.4999998091184352,0.3437501908815648
11063,115.24895833333333,2541240,2541239.53125,0.3437501908815648,-0.12499980911843522
11064,115.25,2541262,2541262.5,-0.12499980911843522,0.3750001908815648
11065,115.26041666666667,2541493,2541492.1875,0.3750001908815648,-0.4374998091184352
11066,115.27083333333333,2541721,2541721.875,-0.4374998091184352,0.4375001908815648
11067,115.28125,2541952,2541951.5625,0.4375001908815648,1.9088156477664597e-07
11068,115.29166666666667,2542181,2542181.25,1.9088156477664597e-07,0.2500001908815648
11069,115.30208333333333,2542411,2542410.9375,0.2500001908815648,0.18750019088156478
11070,115.321875,2542848,2542847.34375,0.18750019088156478,-0.4687498091184352
11071,115.33229166666668,2543077,2543077.03125,-0.4687498091184352,-0.4374998091184352
11072,115.34270833333333,2543306,2543306.71875,-0.4374998091184352,0.2812501908815648
11073,115.353125,2543537,2543536.40625,0.2812501908815648,-0.3124998091184352
11074,115.36354166666668,2543766,2543766.09375,-0.3124998091184352,-0.21874980911843522
11075,115.37395833333333,2543996,2543995.78125,-0.21874980911843522,-0.4374998091184352
11076,115.375,2544018,2544018.75,-0.4374998091184352,0.3125001908815648
11077,115.38541666666667,2544249,2544248.4375,0.3125001908815648,-0.24999980911843522
11078,115.39583333333333,2544478,2544478.125,-0.24999980911843522,-0.12499980911843522
11079,115.40625,2544708,2544707.8125,-0.12499980911843522,-0.3124998091184352
11080,115.41666666666667,2544937,2544937.5,-0.3124998091184352,0.18750019088156478
11081,115.42708333333333,2545167,2545167.1875,0.18750019088156478,0.3750001908815648
11082,115.446875,2545604,2545603.59375,0.3750001908815648,-0.031249809118435223
11083,115.45729166666668,2545833,2545833.28125,-0.031249809118435223,0.2500001908815648
11084,115.46770833333333,2546063,2546062.96875,0.2500001908815648,0.21875019088156478
11085,115.478125,2546293,2546292.65625,0.21875019088156478,-0.12499980911843522
11086,115.48854166666668,2546522,2546522.34375,-0.12499980911843522,0.21875019088156478
11087,115.49895833333333,2546752,2546752.03125,0.21875019088156478,0.2500001908815648
11088,115.5,2546775,2546775.0,0.2500001908815648,0.2500001908815648
11089,115.51041666666667,2547005,2547004.6875,0.2500001908815648,-0.06249980911843522
11090,115.52083333333333,2547234,2547234.375,-0.06249980911843522,0.3125001908815648
11091,115.53125,2547464,2547464.0625,0.3125001908815648,0.3750001908815648
11092,115.54166666666667,2547694,2547693.75,0.3750001908815648,0.12500019088156478
11093,115.55208333333333,2547924,2547923.4375,0.12500019088156478,-0.4374998091184352
11094,115.571875,2548359,2548359.84375,-0.4374998091184352,0.4062501908815648
11095,115.58229166666668,2548590,2548589.53125,0.4062501908815648,-0.06249980911843522
11096,115.59270833333333,2548819,2548819.21875,-0.06249980911843522,0.15625019088156478
11097,115.603125,2549049,2549048.90625,0.15625019088156478,0.06250019088156478
11098,115.61354166666668,2549279,2549278.59375,0.06250019088156478,-0.3437498091184352
11099,115.62395833333333,2549508,2549508.28125,-0.3437498091184352,-0.06249980911843522
11100,115.625,2549531,2549531.25,-0.06249980911843522,0.18750019088156478
11101,115.63541666666667,2549761,2549760.9375,0.18750019088156478,0.12500019088156478
11102,115.64583333333333,2549991,2549990.625,0.12500019088156478,-0.24999980911843522
11103,115.65625,2550220,2550220.3125,-0.24999980911843522,0.06250019088156478
11104,115.66666666666667,2550450,2550450.0,0.06250019088156478,0.06250019088156478
11105,115.67708333333333,2550680,2550679.6875,0.06250019088156478,-0.24999980911843522
11106,115.696875,2551116,2551116.09375,-0.24999980911843522,-0.15624980911843522
11107,115.70729166666668,2551346,2551345.78125,-0.15624980911843522,-0.3749998091184352
11108,115.71770833333333,2551575,2551575.46875,-0.3749998091184352,0.09375019088156478
11109,115.728125,2551805,2551805.15625,0.09375019088156478,0.2500001908815648
11110,115.73854166666668,2552035,2552034.84375,0.2500001908815648,0.09375019088156478
11111,115.74895833333333,2552265,2552264.53125,0.09375019088156478,-0.3749998091184352
11112,115.75,2552287,2552287.5,-0.3749998091184352,0.12500019088156478
11113,115.76041666666667,2552517,2552517.1875,0.12500019088156478,0.3125001908815648
11114,115.77083333333333,2552747,2552746.875,0.3125001908815648,0.18750019088156478
11115,115.78125,2552977,2552976.5625,0.18750019088156478,-0.24999980911843522
11116,115.79166666666667,2553206,2553206.25,-0.24999980911843522,1.9088156477664597e-07
11117,115.80208333333333,2553436,2553435.9375,1.9088156477664597e-07,-0.06249980911843522
11118,115.821875,2553872,2553872.34375,-0.06249980911843522,0.2812501908815648
11119,115.83229166666668,2554102,2554102.03125,0.2812501908815648,0.3125001908815648
11120,115.84270833333333,2554332,2554331.71875,0.3125001908815648,0.03125019088156478
11121,115.853125,2554561,2554561.40625,0.03125019088156478,0.4375001908815648
11122,115.86354166666668,2554792,2554791.09375,0.4375001908815648,-0.4687498091184352
11123,115.87395833333333,2555020,2555020.78125,-0.4687498091184352,0.3125001908815648
11124,115.875,2555044,2555043.75,0.3125001908815648,0.06250019088156478
11125,115.88541666666667,2555274,2555273.4375,0.06250019088156478,-0.4999998091184352
11126,115.89583333333333,2555503,2555503.125,-0.4999998091184352,-0.3749998091184352
11127,115.90625,2555732,2555732.8125,-0.3749998091184352,0.4375001908815648
11128,115.91666666666667,2555963,2555962.5,0.4375001908815648,-0.06249980911843522
11129,115.92708333333333,2556192,2556192.1875,-0.06249980911843522,0.12500019088156478
11130,115.946875,2556629,2556628.59375,0.12500019088156478,-0.2812498091184352
11131,115.95729166666668,2556858,2556858.28125,-0.2812498091184352,1.9088156477664597e-07
11132,115.96770833333333,2557088,2557087.96875,1.9088156477664597e-07,-0.031249809118435223
11133,115.978125,2557318,2557317.65625,-0.031249809118435223,-0.3749998091184352
11134,115.98854166666668,2557547,2557547.34375,-0.3749998091184352,-0.031249809118435223
11135,115.99895833333333,2557777,2557777.03125,-0.031249809118435223,1.9088156477664597e-07
11136,116.0,2557800,2557800.0,1.9088156477664597e-07,1.9088156477664597e-07
11137,116.01041666666667,2558030,2558029.6875,1.9088156477664597e-07,-0.3124998091184352
11138,116.02083333333333,2558259,2558259.375,-0.3124998091184352,0.06250019088156478
11139,116.03125,2558489,2558489.0625,0.06250019088156478,0.12500019088156478
11140,116.04166666666667,2558719,2558718.75,0.12500019088156478,-0.12499980911843522
11141,116.05208333333333,2558948,2558948.4375,-0.12499980911843522,0.3125001908815648
11142,116.071875,2559385,2559384.84375,0.3125001908815648,0.15625019088156478
11143,116.08229166666668,2559615,2559614.53125,0.15625019088156478,-0.3124998091184352
11144,116.09270833333333,2559844,2559844.21875,-0.3124998091184352,-0.09374980911843522
11145,116.103125,2560074,2560073.90625,-0.09374980911843522,-0.18749980911843522
11146,116.11354166666668,2560303,2560303.59375,-0.18749980911843522,0.4062501908815648
11147,116.12395833333333,2560534,2560533.28125,0.4062501908815648,-0.3124998091184352
11148,116.125,2560556,2560556.25,-0.3124998091184352,-0.06249980911843522
11149,116.13541666666667,2560786,2560785.9375,-0.06249980911843522,-0.12499980911843522
11150,116.14583333333333,2561016,2561015.625,-0.12499980911843522,-0.4999998091184352
11151,116.15625,2561245,2561245.3125,-0.4999998091184352,-0.18749980911843522
11152,116.16666666666667,2561475,2561475.0,-0.18749980911843522,-0.18749980911843522
11153,116.17708333333333,2561705,2561704.6875,-0.18749980911843522,-0.4999998091184352
11154,116.196875,2562141,2562141.09375,-0.4999998091184352,-0.4062498091184352
11155,116.20729166666668,2562370,2562370.78125,-0.4062498091184352,0.3750001908815648
11156,116.21770833333333,2562601,2562600.46875,0.3750001908815648,-0.15624980911843522
11157,116.228125,2562830,2562830.15625,-0.15624980911843522,1.9088156477664597e-07
11158,116.23854166666668,2563060,2563059.84375,1.9088156477664597e-07,-0.15624980911843522
11159,116.24895833333333,2563289,2563289.53125,-0.15624980911843522,0.3750001908815648
11160,116.25,2563313,2563312.5,0.3750001908815648,-0.12499980911843522
11161,116.26041666666667,2563542,2563542.1875,-0.12499980911843522,0.06250019088156478
11162,116.27083333333333,2563772,2563771.875,0.06250019088156478,-0.06249980911843522
11163,116.28125,2564002,2564001.5625,-0.06249980911843522,-0.4999998091184352
11164,116.29166666666667,2564231,2564231.25,-0.4999998091184352,-0.24999980911843522
11165,116.30208333333333,2564461,2564460.9375,-0.24999980911843522,-0.3124998091184352
11166,116.321875,2564897,2564897.34375,-0.3124998091184352,0.03125019088156478
11167,116.33229166666668,2565127,2565127.03125,0.03125019088156478,0.06250019088156478
11168,116.34270833333333,2565357,2565356.71875,0.06250019088156478,-0.21874980911843522
11169,116.353125,2565586,2565586.40625,-0.21874980911843522,0.18750019088156478
11170,116.36354166666668,2565816,2565816.09375,0.18750019088156478,0.2812501908815648
11171,116.37395833333333,2566046,2566045.78125,0.2812501908815648,0.06250019088156478
11172,116.375,2566069,2566068.75,0.06250019088156478,-0.18749980911843522
11173,116.38541666666667,2566298,2566298.4375,-0.18749980911843522,0.2500001908815648
11174,116.39583333333333,2566528,2566528.125,0.2500001908815648,0.3750001908815648
11175,116.40625,2566758,2566757.8125,0.3750001908815648,0.18750019088156478
11176,116.41666666666667,2566988,2566987.5,0.18750019088156478,-0.3124998091184352
11177,116.42708333333333,2567217,2567217.1875,-0.3124998091184352,-0.12499980911843522
11178,116.446875,2567653,2567653.59375,-0.12499980911843522,0.4687501908815648
11179,116.45729166666668,2567884,2567883.28125,0.4687501908815648,-0.24999980911843522
11180,116.46770833333333,2568113,2568112.96875,-0.24999980911843522,-0.2812498091184352
11181,116.478125,2568342,2568342.65625,-0.2812498091184352,0.3750001908815648
11182,116.48854166666668,2568573,2568572.34375,0.3750001908815648,-0.2812498091184352
11183,116.49895833333333,2568802,2568802.03125,-0.2812498091184352,-0.24999980911843522
11184,116.5,2568825,2568825.0,-0.24999980911843522,-0.24999980911843522
11185,116.51041666666667,2569054,2569054.6875,-0.24999980911843522,0.4375001908815648
11186,116.52083333333333,2569285,2569284.375,0.4375001908815648,-0.18749980911843522
11187,116.53125,2569514,2569514.0625,-0.18749980911843522,-0.12499980911843522
11188,116.54166666666667,2569744,2569743.75,-0.12499980911843522,-0.3749998091184352
11189,116.55208333333333,2569973,2569973.4375,-0.3749998091184352,0.06250019088156478
11190,116.571875,2570410,2570409.84375,0.06250019088156478,-0.09374980911843522
11191,116.58229166666668,2570639,2570639.53125,-0.09374980911843522,0.4375001908815648
11192,116.59270833333333,2570870,2570869.21875,0.4375001908815648,-0.3437498091184352
11193,116.603125,2571099,2571098.90625,-0.3437498091184352,-0.4374998091184352
11194,116.61354166666668,2571328,2571328.59375,-0.4374998091184352,0.15625019088156478
11195,116.62395833333333,2571558,2571558.28125,0.15625019088156478,0.4375001908815648
11196,116.625,2571582,2571581.25,0.4375001908815648,-0.3124998091184352
11197,116.63541666666667,2571811,2571810.9375,-0.3124998091184352,-0.3749998091184352
11198,116.64583333333333,2572040,2572040.625,-0.3749998091184352,0.2500001908815648
11199,116.65625,2572271,2572270.3125,0.2500001908815648,-0.4374998091184352
11200,116.66666666666667,2572500,2572500.0,-0.4374998091184352,-0.4374998091184352
11201,116.67708333333333,2572729,2572729.6875,-0.4374998091184352,0.2500001908815648
11202,116.696875,2573166,2573166.09375,0.2500001908815648,0.3437501908815648
11203,116.70729166666668,2573396,2573395.78125,0.3437501908815648,0.12500019088156478
11204,116.71770833333333,2573626,2573625.46875,0.12500019088156478,-0.4062498091184352
11205,116.728125,2573855,2573855.15625,-0.4062498091184352,-0.24999980911843522
11206,116.73854166666668,2574085,2574084.84375,-0.24999980911843522,-0.4062498091184352
11207,116.74895833333333,2574314,2574314.53125,-0.4062498091184352,0.12500019088156478
11208,116.75,2574338,2574337.5,0.12500019088156478,-0.3749998091184352
11209,116.76041666666667,2574567,2574567.1875,-0.3749998091184352,-0.18749980911843522
11210,116.77083333333333,2574797,2574796.875,-0.18749980911843522,-0.3124998091184352
11211,116.78125,2575026,2575026.5625,-0.3124998091184352,0.2500001908815648
11212,116.79166666666667,2575257,2575256.25,0.2500001908815648,-0.4999998091184352
11213,116.80208333333333,2575485,2575485.9375,-0.4999998091184352,0.4375001908815648
11214,116.821875,2575923,2575922.34375,0.4375001908815648,-0.21874980911843522
11215,116.83229166666668,2576152,2576152.03125,-0.21874980911843522,-0.18749980911843522
11216,116.84270833333333,2576382,2576381.71875,-0.18749980911843522,-0.4687498091184352
11217,116.853125,2576611,2576611.40625,-0.4687498091184352,-0.06249980911843522
11218,116.86354166666668,2576841,2576841.09375,-0.06249980911843522,0.03125019088156478
11219,116.87395833333333,2577071,2577070.78125,0.03125019088156478,-0.18749980911843522
11220,116.875,2577094,2577093.75,-0.18749980911843522,-0.4374998091184352
11221,116.88541666666667,2577323,2577323.4375,-0.4374998091184352,1.9088156477664597e-07
11222,116.89583333333333,2577553,2577553.125,1.9088156477664597e-07,0.12500019088156478
11223,116.90625,2577783,2577782.8125,0.12500019088156478,-0.06249980911843522
11224,116.91666666666667,2578012,2578012.5,-0.06249980911843522,0.4375001908815648
11225,116.92708333333333,2578243,2578242.1875,0.4375001908815648,-0.3749998091184352
11226,116.946875,2578678,2578678.59375,-0.3749998091184352,0.21875019088156478
11227,116.95729166666668,2578909,2578908.28125,0.21875019088156478,-0.4999998091184352
11228,116.96770833333333,2579137,2579137.96875,-0.4999998091184352,0.4687501908815648
11229,116.978125,2579368,2579367.65625,0.4687501908815648,0.12500019088156478
11230,116.98854166666668,2579597,2579597.34375,0.12500019088156478,0.4687501908815648
11231,116.99895833333333,2579828,2579827.03125,0.4687501908815648,-0.4999998091184352
11232,117.0,2579850,2579850.0,-0.4999998091184352,-0.4999998091184352
11233,117.01041666666667,2580079,2580079.6875,-0.4999998091184352,0.18750019088156478
11234,117.02083333333333,2580310,2580309.375,0.18750019088156478,-0.4374998091184352
11235,117.03125,2580539,2580539.0625,-0.4374998091184352,-0.3749998091184352
11236,117.04166666666667,2580768,2580768.75,-0.3749998091184352,0.3750001908815648
11237,117.05208333333333,2580999,2580998.4375,0.3750001908815648,-0.18749980911843522
11238,117.071875,2581435,2581434.84375,-0.18749980911843522,-0.3437498091184352
11239,117.08229166666668,2581664,2581664.53125,-0.3437498091184352,0.18750019088156478
11240,117.09270833333333,2581894,2581894.21875,0.18750019088156478,0.4062501908815648
11241,117.103125,2582124,2582123.90625,0.4062501908815648,0.3125001908815648
11242,117.11354166666668,2582354,2582353.59375,0.3125001908815648,-0.09374980911843522
11243,117.12395833333333,2582583,2582583.28125,-0.09374980911843522,0.18750019088156478
11244,117.125,2582606,2582606.25,0.18750019088156478,0.4375001908815648
11245,117.13541666666667,2582836,2582835.9375,0.4375001908815648,0.3750001908815648
11246,117.14583333333333,2583066,2583065.625,0.3750001908815648,1.9088156477664597e-07
11247,117.15625,2583295,2583295.3125,1.9088156477664597e-07,0.3125001908815648
11248,117.16666666666667,2583525,2583525.0,0.3125001908815648,0.3125001908815648
11249,117.17708333333333,2583755,2583754.6875,0.3125001908815648,1.9088156477664597e-07
11250,117.196875,2584191,2584191.09375,1.9088156477664597e-07,0.09375019088156478
11251,117.20729166666668,2584421,2584420.78125,0.09375019088156478,-0.12499980911843522
11252,117.21770833333333,2584650,2584650.46875,-0.12499980911843522,0.3437501908815648
11253,117.228125,2584881,2584880.15625,0.3437501908815648,-0.4999998091184352
11254,117.23854166666668,2585109,2585109.84375,-0.4999998091184352,0.3437501908815648
11255,117.24895833333333,2585340,2585339.53125,0.3437501908815648,-0.12499980911843522
11256,117.25,2585362,2585362.5,-0.12499980911843522,0.3750001908815648
11257,117.26041666666667,2585593,2585592.1875,0.3750001908815648,-0.4374998091184352
11258,117.27083333333333,2585821,2585821.875,-0.4374998091184352,0.4375001908815648
11259,117.28125,2586052,2586051.5625,0.4375001908815648,1.9088156477664597e-07
11260,117.29166666666667,2586281,2586281.25,1.9088156477664597e-07,0.2500001908815648
11261,117.30208333333333,2586511,2586510.9375,0.2500001908815648,0.18750019088156478
11262,117.321875,2586948,2586947.34375,0.18750019088156478,-0.4687498091184352
11263,117.33229166666668,2587177,2587177.03125,-0.4687498091184352,-0.4374998091184352
11264,117.34270833333333,2587406,2587406.71875,-0.4374998091184352,0.2812501908815648
11265,117.353125,2587637,2587636.40625,0.2812501908815648,-0.3124998091184352
11266,117.36354166666668,2587866,2587866.09375,-0.3124998091184352,-0.21874980911843522
11267,117.37395833333333,2588096,2588095.78125,-0.21874980911843522,-0.4374998091184352
11268,117.375,2588118,2588118.75,-0.4374998091184352,0.3125001908815648
11269,117.38541666666667,2588349,2588348.4375,0.3125001908815648,-0.24999980911843522
11270,117.39583333333333,2588578,2588578.125,-0.24999980911843522,-0.12499980911843522
11271,117.40625,2588808,2588807.8125,-0.12499980911843522,-0.3124998091184352
11272,117.41666666666667,2589037,2589037.5,-0.3124998091184352,0.18750019088156478
11273,117.42708333333333,2589267,2589267.1875,0.18750019088156478,0.3750001908815648
11274,117.446875,2589704,2589703.59375,0.3750001908815648,-0.031249809118435223
11275,117.45729166666668,2589933,2589933.28125,-0.031249809118435223,0.2500001908815648
11276,117.46770833333333,2590163,2590162.96875,0.2500001908815648,0.21875019088156478
11277,117.478125,2590393,2590392.65625,0.21875019088156478,-0.12499980911843522
11278,117.48854166666668,2590622,2590622.34375,-0.12499980911843522,0.21875019088156478
11279,117.49895833333333,2590852,2590852.03125,0.21875019088156478,0.2500001908815648
11280,117.5,2590875,2590875.0,0.2500001908815648,0.2500001908815648
11281,117.51041666666667,2591105,2591104.6875,0.2500001908815648,-0.06249980911843522
11282,117.52083333333333,2591334,2591334.375,-0.06249980911843522,0.3125001908815648
11283,117.53125,2591564,2591564.0625,0.3125001908815648,0.3750001908815648
11284,117.54166666666667,2591794,2591793.75,0.3750001908815648,0.12500019088156478
11285,117.55208333333333,2592024,2592023.4375,0.12500019088156478,-0.4374998091184352
11286,117.571875,2592459,2592459.84375,-0.4374998091184352,0.4062501908815648
11287,117.58229166666668,2592690,2592689.53125,0.4062501908815648,-0.06249980911843522
11288,117.59270833333333,2592919,2592919.21875,-0.06249980911843522,0.15625019088156478
11289,117.603125,2593149,2593148.90625,0.15625019088156478,0.06250019088156478
11290,117.61354166666668,2593379,2593378.59375,0.06250019088156478,-0.3437498091184352
11291,117.62395833333333,2593608,2593608.28125,-0.3437498091184352,-0.06249980911843522
11292,117.625,2593631,2593631.25,-0.06249980911843522,0.18750019088156478
11293,117.63541666666667,2593861,2593860.9375,0.18750019088156478,0.12500019088156478
11294,117.64583333333333,2594091,2594090.625,0.12500019088156478,-0.24999980911843522
11295,117.65625,2594320,2594320.3125,-0.24999980911843522,0.06250019088156478
11296,117.66666666666667,2594550,2594550.0,0.06250019088156478,0.06250019088156478
11297,117.67708333333333,2594780,2594779.6875,0.06250019088156478,-0.24999980911843522
11298,117.696875,2595216,2595216.09375,-0.24999980911843522,-0.15624980911843522
11299,117.70729166666668,2595446,2595445.78125,-0.15624980911843522,-0.3749998091184352
11300,117.71770833333333,2595675,2595675.46875,-0.3749998091184352,0.09375019088156478
11301,117.728125,2595905,2595905.15625,0.09375019088156478,0.2500001908815648
11302,117.73854166666668,2596135,2596134.84375,0.2500001908815648,0.09375019088156478
11303,117.74895833333333,2596365,2596364.53125,0.09375019088156478,-0.3749998091184352
11304,117.75,2596387,2596387.5,-0.3749998091184352,0.12500019088156478
11305,117.76041666666667,2596617,2596617.1875,0.12500019088156478,0.3125001908815648
11306,117.77083333333333,2596847,2596846.875,0.3125001908815648,0.18750019088156478
11307,117.78125,2597077,2597076.5625,0.18750019088156478,-0.24999980911843522
11308,117.79166666666667,2597306,2597306.25,-0.24999980911843522,1.9088156477664597e-07
11309,117.80208333333333,2597536,2597535.9375,1.9088156477664597e-07,-0.06249980911843522
11310,117.821875,2597972,2597972.34375,-0.06249980911843522,0.2812501908815648
11311,117.83229166666668,2598202,2598202.03125,0.2812501908815648,0.3125001908815648
11312,117.84270833333333,2598432,2598431.71875,0.3125001908815648,0.03125019088156478
11313,117.853125,2598661,2598661.40625,0.03125019088156478,0.4375001908815648
11314,117.86354166666668,2598892,2598891.09375,0.4375001908815648,-0.4687498091184352
11315,117.87395833333333,2599120,2599120.78125,-0.4687498091184352,0.3125001908815648
11316,117.875,2599144,2599143.75,0.3125001908815648,0.06250019088156478
11317,117.88541666666667,2599374,2599373.4375,0.06250019088156478,-0.4999998091184352
11318,117.89583333333333,2599603,2599603.125,-0.4999998091184352,-0.3749998091184352
11319,117.90625,2599832,2599832.8125,-0.3749998091184352,0.4375001908815648
11320,117.91666666666667,2600063,2600062.5,0.4375001908815648,-0.06249980911843522
11321,117.92708333333333,2600292,2600292.1875,-0.06249980911843522,0.12500019088156478
11322,117.946875,2600729,2600728.59375,0.12500019088156478,-0.2812498091184352
11323,117.95729166666668,2600958,2600958.28125,-0.2812498091184352,1.9088156477664597e-07
11324,117.96770833333333,2601188,2601187.96875,1.9088156477664597e-07,-0.031249809118435223
11325,117.978125,2601418,2601417.65625,-0.031249809118435223,-0.3749998091184352
11326,117.98854166666668,2601647,2601647.34375,-0.3749998091184352,-0.031249809118435223
11327,117.99895833333333,2601877,2601877.03125,-0.031249809118435223,1.9088156477664597e-07
11328,118.0,2601900,2601900.0,1.9088156477664597e-07,1.9088156477664597e-07
11329,118.01041666666667,2602130,2602129.6875,1.9088156477664597e-07,-0.3124998091184352
11330,118.02083333333333,2602359,2602359.375,-0.3124998091184352,0.06250019088156478
11331,118.03125,2602589,2602589.0625,0.06250019088156478,0.12500019088156478
11332,118.04166666666667,2602819,2602818.75,0.12500019088156478,-0.12499980911843522
11333,118.05208333333333,2603048,2603048.4375,-0.12499980911843522,0.3125001908815648
11334,118.071875,2603485,2603484.84375,0.3125001908815648,0.15625019088156478
11335,118.08229166666668,2603715,2603714.53125,0.15625019088156478,-0.3124998091184352
11336,118.09270833333333,2603944,2603944.21875,-0.3124998091184352,-0.09374980911843522
11337,118.103125,2604174,2604173.90625,-0.09374980911843522,-0.18749980911843522
11338,118.11354166666668,2604403,2604403.59375,-0.18749980911843522,0.4062501908815648
11339,118.12395833333333,2604634,2604633.28125,0.4062501908815648,-0.3124998091184352
11340,118.125,2604656,2604656.25,-0.3124998091184352,-0.06249980911843522
11341,118.13541666666667,2604886,2604885.9375,-0.06249980911843522,-0.12499980911843522
11342,118.14583333333333,2605116,2605115.625,-0.12499980911843522,-0.4999998091184352
11343,118.15625,2605345,2605345.3125,-0.4999998091184352,-0.18749980911843522
11344,118.16666666666667,2605575,2605575.0,-0.18749980911843522,-0.18749980911843522
11345,118.17708333333333,2605805,2605804.6875,-0.18749980911843522,-0.4999998091184352
11346,118.196875,2606241,2606241.09375,-0.4999998091184352,-0.4062498091184352
11347,118.20729166666668,2606470,2606470.78125,-0.4062498091184352,0.3750001908815648
11348,118.21770833333333,2606701,2606700.46875,0.3750001908815648,-0.15624980911843522
11349,118.228125,2606930,2606930.15625,-0.15624980911843522,1.9088156477664597e-07
11350,118.23854166666668,2607160,2607159.84375,1.9088156477664597e-07,-0.15624980911843522
11351,118.24895833333333,2607389,2607389.53125,-0.15624980911843522,0.3750001908815648
11352,118.25,2607413,2607412.5,0.3750001908815648,-0.12499980911843522
11353,118.26041666666667,2607642,2607642.1875,-0.12499980911843522,0.06250019088156478
11354,118.27083333333333,2607872,2607871.875,0.06250019088156478,-0.06249980911843522
11355,118.28125,2608102,2608101.5625,-0.06249980911843522,-0.4999998091184352
11356,118.29166666666667,2608331,2608331.25,-0.4999998091184352,-0.24999980911843522
11357,118.30208333333333,2608561,2608560.9375,-0.24999980911843522,-0.3124998091184352
11358,118.321875,2608997,2608997.34375,-0.3124998091184352,0.03125019088156478
11359,118.33229166666668,2609227,2609227.03125,0.03125019088156478,0.06250019088156478
11360,118.34270833333333,2609457,2609456.71875,0.06250019088156478,-0.21874980911843522
11361,118.353125,2609686,2609686.40625,-0.21874980911843522,0.18750019088156478
11362,118.36354166666668,2609916,2609916.09375,0.18750019088156478,0.2812501908815648
11363,118.37395833333333,2610146,2610145.78125,0.2812501908815648,0.06250019088156478
11364,118.375,2610169,2610168.75,0.06250019088156478,-0.18749980911843522
11365,118.38541666666667,2610398,2610398.4375,-0.18749980911843522,0.2500001908815648
11366,118.39583333333333,2610628,2610628.125,0.2500001908815648,0.3750001908815648
11367,118.40625,2610858,2610857.8125,0.3750001908815648,0.18750019088156478
11368,118.41666666666667,2611088,2611087.5,0.18750019088156478,-0.3124998091184352
11369,118.42708333333333,2611317,2611317.1875,-0.3124998091184352,-0.12499980911843522
11370,118.446875,2611753,2611753.59375,-0.12499980911843522,0.4687501908815648
11371,118.45729166666668,2611984,2611983.28125,0.4687501908815648,-0.24999980911843522
11372,118.46770833333333,2612213,2612212.96875,-0.24999980911843522,-0.2812498091184352
11373,118.478125,2612442,2612442.65625,-0.2812498091184352,0.3750001908815648
11374,118.48854166666668,2612673,2612672.34375,0.3750001908815648,-0.2812498091184352
11375,118.49895833333333,2612902,2612902.03125,-0.2812498091184352,-0.24999980911843522
11376,118.5,2612925,2612925.0,-0.24999980911843522,-0.24999980911843522
11377,118.51041666666667,2613154,2613154.6875,-0.24999980911843522,0.4375001908815648
11378,118.52083333333333,2613385,2613384.375,0.4375001908815648,-0.18749980911843522
11379,118.53125,2613614,2613614.0625,-0.18749980911843522,-0.12499980911843522
11380,118.54166666666667,2613844,2613843.75,-0.12499980911843522,-0.3749998091184352
11381,118.55208333333333,2614073,2614073.4375,-0.3749998091184352,0.06250019088156478
11382,118.571875,2614510,2614509.84375,0.06250019088156478,-0.09374980911843522
11383,118.58229166666668,2614739,2614739.53125,-0.09374980911843522,0.4375001908815648
11384,118.59270833333333,2614970,2614969.21875,0.4375001908815648,-0.3437498091184352
11385,118.603125,2615199,2615198.90625,-0.3437498091184352,-0.4374998091184352
11386,118.61354166666668,2615428,2615428.59375,-0.4374998091184352,0.15625019088156478
11387,118.62395833333333,2615658,2615658.28125,0.15625019088156478,0.4375001908815648
11388,118.625,2615682,2615681.25,0.4375001908815648,-0.3124998091184352
11389,118.63541666666667,2615911,2615910.9375,-0.3124998091184352,-0.3749998091184352
11390,118.64583333333333,2616140,2616140.625,-0.3749998091184352,0.2500001908815648
11391,118.65625,2616371,2616370.3125,0.2500001908815648,-0.4374998091184352
11392,118.66666666666667,2616600,2616600.0,-0.4374998091184352,-0.4374998091184352
11393,118.67708333333333,2616829,2616829.6875,-0.4374998091184352,0.2500001908815648
11394,118.696875,2617266,2617266.09375,0.2500001908815648,0.3437501908815648
11395,118.70729166666668,2617496,2617495.78125,0.3437501908815648,0.12500019088156478
11396,118.71770833333333,2617726,2617725.46875,0.12500019088156478,-0.4062498091184352
11397,118.728125,2617955,2617955.15625,-0.4062498091184352,-0.24999980911843522
11398,118.73854166666668,2618185,2618184.84375,-0.24999980911843522,-0.4062498091184352
11399,118.74895833333333,2618414,2618414.53125,-0.4062498091184352,0.12500019088156478
11400,118.75,2618438,2618437.5,0.12500019088156478,-0.3749998091184352
11401,118.76041666666667,2618667,2618667.1875,-0.3749998091184352,-0.18749980911843522
11402,118.77083333333333,2618897,2618896.875,-0.18749980911843522,-0.3124998091184352
11403,118.78125,2619126,2619126.5625,-0.3124998091184352,0.2500001908815648
11404,118.79166666666667,2619357,2619356.25,0.2500001908815648,-0.4999998091184352
11405,118.80208333333333,2619585,2619585.9375,-0.4999998091184352,0.4375001908815648
11406,118.821875,2620023,2620022.34375,0.4375001908815648,-0.21874980911843522
11407,118.83229166666668,2620252,2620252.03125,-0.21874980911843522,-0.18749980911843522
11408,118.84270833333333,2620482,2620481.71875,-0.18749980911843522,-0.4687498091184352
11409,118.853125,2620711,2620711.40625,-0.4687498091184352,-0.06249980911843522
11410,118.86354166666668,2620941,2620941.09375,-0.06249980911843522,0.03125019088156478
11411,118.87395833333333,2621171,2621170.78125,0.03125019088156478,-0.18749980911843522
11412,118.875,2621194,2621193.75,-0.18749980911843522,-0.4374998091184352
11413,118.88541666666667,2621423,2621423.4375,-0.4374998091184352,1.9088156477664597e-07
11414,118.89583333333333,2621653,2621653.125,1.9088156477664597e-07,0.12500019088156478
11415,118.90625,2621883,2621882.8125,0.12500019088156478,-0.06249980911843522
11416,118.91666666666667,2622112,2622112.5,-0.06249980911843522,0.4375001908815648
11417,118.92708333333333,2622343,2622342.1875,0.4375001908815648,-0.3749998091184352
11418,118.946875,2622778,2622778.59375,-0.3749998091184352,0.21875019088156478
11419,118.95729166666668,2623009,2623008.28125,0.21875019088156478,-0.4999998091184352
11420,118.96770833333333,2623237,2623237.96875,-0.4999998091184352,0.4687501908815648
11421,118.978125,2623468,2623467.65625,0.4687501908815648,0.12500019088156478
11422,118.98854166666668,2623697,2623697.34375,0.12500019088156478,0.4687501908815648
11423,118.99895833333333,2623928,2623927.03125,0.4687501908815648,-0.4999998091184352
11424,119.0,2623950,2623950.0,-0.4999998091184352,-0.4999998091184352
11425,119.01041666666667,2624179,2624179.6875,-0.4999998091184352,0.18750019088156478
11426,119.02083333333333,2624410,2624409.375,0.18750019088156478,-0.4374998091184352
11427,119.03125,2624639,2624639.0625,-0.4374998091184352,-0.3749998091184352
11428,119.04166666666667,2624868,2624868.75,-0.3749998091184352,0.3750001908815648
11429,119.05208333333333,2625099,2625098.4375,0.3750001908815648,-0.18749980911843522
11430,119.071875,2625535,2625534.84375,-0.18749980911843522,-0.3437498091184352
11431,119.08229166666668,2625764,2625764.53125,-0.3437498091184352,0.18750019088156478
11432,119.09270833333333,2625994,2625994.21875,0.18750019088156478,0.4062501908815648
11433,119.103125,2626224,2626223.90625,0.4062501908815648,0.3125001908815648
11434,119.11354166666668,2626454,2626453.59375,0.3125001908815648,-0.09374980911843522
11435,119.12395833333333,2626683,2626683.28125,-0.09374980911843522,0.18750019088156478
11436,119.125,2626706,2626706.25,0.18750019088156478,0.4375001908815648
11437,119.13541666666667,2626936,2626935.9375,0.4375001908815648,0.3750001908815648
11438,119.14583333333333,2627166,2627165.625,0.3750001908815648,1.9088156477664597e-07
11439,119.15625,2627395,2627395.3125,1.9088156477664597e-07,0.3125001908815648
11440,119.16666666666667,2627625,2627625.0,0.3125001908815648,0.3125001908815648
11441,119.17708333333333,2627855,2627854.6875,0.3125001908815648,1.9088156477664597e-07
11442,119.196875,2628291,2628291.09375,1.9088156477664597e-07,0.09375019088156478
11443,119.20729166666668,2628521,2628520.78125,0.09375019088156478,-0.12499980911843522
11444,119.21770833333333,2628750,2628750.46875,-0.12499980911843522,0.3437501908815648
11445,119.228125,2628981,2628980.15625,0.3437501908815648,-0.4999998091184352
11446,119.23854166666668,2629209,2629209.84375,-0.4999998091184352,0.3437501908815648
11447,119.24895833333333,2629440,2629439.53125,0.3437501908815648,-0.12499980911843522
11448,119.25,2629462,2629462.5,-0.12499980911843522,0.3750001908815648
11449,119.26041666666667,2629693,2629692.1875,0.3750001908815648,-0.4374998091184352
11450,119.27083333333333,2629921,2629921.875,-0.4374998091184352,0.4375001908815648
11451,119.28125,2630152,2630151.5625,0.4375001908815648,1.9088156477664597e-07
11452,119.29166666666667,2630381,2630381.25,1.9088156477664597e-07,0.2500001908815648
11453,119.30208333333333,2630611,2630610.9375,0.2500001908815648,0.18750019088156478
11454,119.321875,2631048,2631047.34375,0.18750019088156478,-0.4687498091184352
11455,119.33229166666668,2631277,2631277.03125,-0.4687498091184352,-0.4374998091184352
11456,119.34270833333333,2631506,2631506.71875,-0.4374998091184352,0.2812501908815648
11457,119.353125,2631737,2631736.40625,0.2812501908815648,-0.3124998091184352
11458,119.36354166666668,2631966,2631966.09375,-0.3124998091184352,-0.21874980911843522
11459,119.37395833333333,2632196,2632195.78125,-0.21874980911843522,-0.4374998091184352
11460,119.375,2632218,2632218.75,-0.4374998091184352,0.3125001908815648
11461,119.38541666666667,2632449,2632448.4375,0.3125001908815648,-0.24999980911843522
11462,119.39583333333333,2632678,2632678.125,-0.24999980911843522,-0.12499980911843522
11463,119.40625,2632908,2632907.8125,-0.12499980911843522,-0.3124998091184352
11464,119.41666666666667,2633137,2633137.5,-0.3124998091184352,0.18750019088156478
11465,119.42708333333333,2633367,2633367.1875,0.18750019088156478,0.3750001908815648
11466,119.446875,2633804,2633803.59375,0.3750001908815648,-0.031249809118435223
11467,119.45729166666668,2634033,2634033.28125,-0.031249809118435223,0.2500001908815648
11468,119.46770833333333,2634263,2634262.96875,0.2500001908815648,0.21875019088156478
11469,119.478125,2634493,2634492.65625,0.21875019088156478,-0.12499980911843522
11470,119.48854166666668,2634722,2634722.34375,-0.12499980911843522,0.21875019088156478
11471,119.49895833333333,2634952,2634952.03125,0.21875019088156478,0.2500001908815648
11472,119.5,2634975,2634975.0,0.2500001908815648,0.2500001908815648
11473,119.51041666666667,2635205,2635204.6875,0.2500001908815648,-0.06249980911843522
11474,119.52083333333333,2635434,2635434.375,-0.06249980911843522,0.3125001908815648
11475,119.53125,2635664,2635664.0625,0.3125001908815648,0.3750001908815648
11476,119.54166666666667,2635894,2635893.75,0.3750001908815648,0.12500019088156478
11477,119.55208333333333,2636124,2636123.4375,0.12500019088156478,-0.4374998091184352
11478,119.571875,2636559,2636559.84375,-0.4374998091184352,0.4062501908815648
11479,119.58229166666668,2636790,2636789.53125,0.4062501908815648,-0.06249980911843522
11480,119.59270833333333,2637019,2637019.21875,-0.06249980911843522,0.15625019088156478
11481,119.603125,2637249,2637248.90625,0.15625019088156478,0.06250019088156478
11482,119.61354166666668,2637479,2637478.59375,0.06250019088156478,-0.3437498091184352
11483,119.62395833333333,2637708,2637708.28125,-0.3437498091184352,-0.06249980911843522
11484,119.625,2637731,2637731.25,-0.06249980911843522,0.18750019088156478
11485,119.63541666666667,2637961,2637960.9375,0.18750019088156478,0.12500019088156478
11486,119.64583333333333,2638191,2638190.625,0.12500019088156478,-0.24999980911843522
11487,119.65625,2638420,2638420.3125,-0.24999980911843522,0.06250019088156478
11488,119.66666666666667,2638650,2638650.0,0.06250019088156478,0.06250019088156478
11489,119.67708333333333,2638880,2638879.6875,0.06250019088156478,-0.24999980911843522
11490,119.696875,2639316,2639316.09375,-0.24999980911843522,-0.15624980911843522
11491,119.70729166666668,2639546,2639545.78125,-0.15624980911843522,-0.3749998091184352
11492,119.71770833333333,2639775,2639775.46875,-0.3749998091184352,0.09375019088156478
11493,119.728125,2640005,2640005.15625,0.09375019088156478,0.2500001908815648
11494,119.73854166666668,2640235,2640234.84375,0.2500001908815648,0.09375019088156478
11495,119.74895833333333,2640465,2640464.53125,0.09375019088156478,-0.3749998091184352
11496,119.75,2640487,2640487.5,-0.3749998091184352,0.12500019088156478
11497,119.76041666666667,2640717,2640717.1875,0.12500019088156478,0.3125001908815648
11498,119.77083333333333,2640947,2640946.875,0.3125001908815648,0.18750019088156478
11499,119.78125,2641177,2641176.5625,0.18750019088156478,-0.24999980911843522
11500,119.79166666666667,2641406,2641406.25,-0.24999980911843522,1.9088156477664597e-07
11501,119.80208333333333,2641636,2641635.9375,1.9088156477664597e-07,-0.06249980911843522
11502,119.821875,2642072,2642072.34375,-0.06249980911843522,0.2812501908815648
11503,119.83229166666668,2642302,2642302.03125,0.2812501908815648,0.3125001908815648
11504,119.84270833333333,2642532,2642531.71875,0.3125001908815648,0.03125019088156478
11505,119.853125,2642761,2642761.40625,0.03125019088156478,0.4375001908815648
11506,119.86354166666668,2642992,2642991.09375,0.4375001908815648,-0.4687498091184352
11507,119.87395833333333,2643220,2643220.78125,-0.4687498091184352,0.3125001908815648
11508,119.875,2643244,2643243.75,0.3125001908815648,0.06250019088156478
11509,119.88541666666667,2643474,2643473.4375,0.06250019088156478,-0.4999998091184352
11510,119.89583333333333,2643703,2643703.125,-0.4999998091184352,-0.3749998091184352
11511,119.90625,2643932,2643932.8125,-0.3749998091184352,0.4375001908815648
11512,119.91666666666667,2644163,2644162.5,0.4375001908815648,-0.06249980911843522
11513,119.92708333333333,2644392,2644392.1875,-0.06249980911843522,0.12500019088156478
11514,119.946875,2644829,2644828.59375,0.12500019088156478,-0.2812498091184352
11515,119.95729166666668,2645058,2645058.28125,-0.2812498091184352,1.9088156477664597e-07
11516,119.96770833333333,2645288,2645287.96875,1.9088156477664597e-07,-0.031249809118435223
11517,119.978125,2645518,2645517.65625,-0.031249809118435223,-0.3749998091184352
11518,119.98854166666668,2645747,2645747.34375,-0.3749998091184352,-0.031249809118435223
11519,119.99895833333333,2645977,2645977.03125,-0.031249809118435223,1.9088156477664597e-07
11520,120.0,2646000,2646000.0,1.9088156477664597e-07,1.9088156477664597e-07
11521,120.01041666666667,2646230,2646229.6875,1.9088156477664597e-07,-0.3124998091184352
11522,120.02083333333333,2646459,2646459.375,-0.3124998091184352,0.06250019088156478
11523,120.03125,2646689,2646689.0625,0.06250019088156478,0.12500019088156478
11524,120.04166666666667,2646919,2646918.75,0.12500019088156478,-0.12499980911843522
11525,120.05208333333333,2647148,2647148.4375,-0.12499980911843522,0.3125001908815648
11526,120.071875,2647585,2647584.84375,0.3125001908815648,0.15625019088156478
11527,120.08229166666668,2647815,2647814.53125,0.15625019088156478,-0.3124998091184352
11528,120.09270833333333,2648044,2648044.21875,-0.3124998091184352,-0.09374980911843522
11529,120.103125,2648274,2648273.90625,-0.09374980911843522,-0.18749980911843522
11530,120.11354166666668,2648503,2648503.59375,-0.18749980911843522,0.4062501908815648
11531,120.12395833333333,2648734,2648733.28125,0.4062501908815648,-0.3124998091184352
11532,120.125,2648756,2648756.25,-0.3124998091184352,-0.06249980911843522
11533,120.13541666666667,2648986,2648985.9375,-0.06249980911843522,-0.12499980911843522
11534,120.14583333333333,2649216,2649215.625,-0.12499980911843522,-0.4999998091184352
11535,120.15625,2649445,2649445.3125,-0.4999998091184352,-0.18749980911843522
11536,120.16666666666667,2649675,2649675.0,-0.18749980911843522,-0.18749980911843522
11537,120.17708333333333,2649905,2649904.6875,-0.18749980911843522,-0.4999998091184352
11538,120.196875,2650341,2650341.09375,-0.4999998091184352,-0.4062498091184352
11539,120.20729166666668,2650570,2650570.78125,-0.4062498091184352,0.3750001908815648
11540,120.21770833333333,2650801,2650800.46875,0.3750001908815648,-0.15624980911843522
11541,120.228125,2651030,2651030.15625,-0.15624980911843522,1.9088156477664597e-07
11542,120.23854166666668,2651260,2651259.84375,1.9088156477664597e-07,-0.15624980911843522
11543,120.24895833333333,2651489,2651489.53125,-0.15624980911843522,0.3750001908815648
11544,120.25,2651513,2651512.5,0.3750001908815648,-0.12499980911843522
11545,120.26041666666667,2651742,2651742.1875,-0.12499980911843522,0.06250019088156478
11546,120.27083333333333,2651972,2651971.875,0.06250019088156478,-0.06249980911843522
11547,120.28125,2652202,2652201.5625,-0.06249980911843522,-0.4999998091184352
11548,120.29166666666667,2652431,2652431.25,-0.4999998091184352,-0.24999980911843522
11549,120.30208333333333,2652661,2652660.9375,-0.24999980911843522,-0.3124998091184352
11550,120.321875,2653097,2653097.34375,-0.3124998091184352,0.03125019088156478
11551,120.33229166666668,2653327,2653327.03125,0.03125019088156478,0.06250019088156478
11552,120.34270833333333,2653557,2653556.71875,0.06250019088156478,-0.21874980911843522
11553,120.353125,2653786,2653786.40625,-0.21874980911843522,0.18750019088156478
11554,120.36354166666668,2654016,2654016.09375,0.18750019088156478,0.2812501908815648
11555,120.37395833333333,2654246,2654245.78125,0.2812501908815648,0.06250019088156478
11556,120.375,2654269,2654268.75,0.06250019088156478,-0.18749980911843522
11557,120.38541666666667,2654498,2654498.4375,-0.18749980911843522,0.2500001908815648
11558,120.39583333333333,2654728,2654728.125,0.2500001908815648,0.3750001908815648
11559,120.40625,2654958,2654957.8125,0.3750001908815648,0.18750019088156478
11560,120.41666666666667,2655188,2655187.5,0.18750019088156478,-0.3124998091184352
11561,120.42708333333333,2655417,2655417.1875,-0.3124998091184352,-0.12499980911843522
11562,120.446875,2655853,2655853.59375,-0.12499980911843522,0.4687501908815648
11563,120.45729166666668,2656084,2656083.28125,0.4687501908815648,-0.24999980911843522
11564,120.46770833333333,2656313,2656312.96875,-0.24999980911843522,-0.2812498091184352
11565,120.478125,2656542,2656542.65625,-0.2812498091184352,0.3750001908815648
11566,120.48854166666668,2656773,2656772.34375,0.3750001908815648,-0.2812498091184352
11567,120.49895833333333,2657002,2657002.03125,-0.2812498091184352,-0.24999980911843522
11568,120.5,2657025,2657025.0,-0.24999980911843522,-0.24999980911843522
11569,120.51041666666667,2657254,2657254.6875,-0.24999980911843522,0.4375001908815648
11570,120.52083333333333,2657485,2657484.375,0.4375001908815648,-0.18749980911843522
11571,120.53125,2657714,2657714.0625,-0.18749980911843522,-0.12499980911843522
11572,120.54166666666667,2657944,2657943.75,-0.12499980911843522,-0.3749998091184352
11573,120.55208333333333,2658173,2658173.4375,-0.3749998091184352,0.06250019088156478
11574,120.571875,2658610,2658609.84375,0.06250019088156478,-0.09374980911843522
11575,120.58229166666668,2658839,2658839.53125,-0.09374980911843522,0.4375001908815648
11576,120.59270833333333,2659070,2659069.21875,0.4375001908815648,-0.3437498091184352
11577,120.603125,2659299,2659298.90625,-0.3437498091184352,-0.4374998091184352
11578,120.61354166666668,2659528,2659528.59375,-0.4374998091184352,0.15625019088156478
11579,120.62395833333333,2659758,2659758.28125,0.15625019088156478,0.4375001908815648
11580,120.625,2659782,2659781.25,0.4375001908815648,-0.3124998091184352
11581,120.63541666666667,2660011,2660010.9375,-0.3124998091184352,-0.3749998091184352
11582,120.64583333333333,2660240,2660240.625,-0.3749998091184352,0.2500001908815648
11583,120.65625,2660471,2660470.3125,0.2500001908815648,-0.4374998091184352
11584,120.66666666666667,2660700,2660700.0,-0.4374998091184352,-0.4374998091184352
11585,120.67708333333333,2660929,2660929.6875,-0.4374998091184352,0.2500001908815648
11586,120.696875,2661366,2661366.09375,0.2500001908815648,0.3437501908815648
11587,120.70729166666668,2661596,2661595.78125,0.3437501908815648,0.12500019088156478
11588,120.71770833333333,2661826,2661825.46875,0.12500019088156478,-0.4062498091184352
11589,120.728125,2662055,2662055.15625,-0.4062498091184352,-0.24999980911843522
11590,120.73854166666668,2662285,2662284.84375,-0.24999980911843522,-0.4062498091184352
11591,120.74895833333333,2662514,2662514.53125,-0.4062498091184352,0.12500019088156478
11592,120.75,2662538,2662537.5,0.12500019088156478,-0.3749998091184352
11593,120.76041666666667,2662767,2662767.1875,-0.3749998091184352,-0.18749980911843522
11594,120.77083333333333,2662997,2662996.875,-0.18749980911843522,-0.3124998091184352
11595,120.78125,2663226,2663226.5625,-0.3124998091184352,0.2500001908815648
11596,120.79166666666667,2663457,2663456.25,0.2500001908815648,-0.4999998091184352
11597,120.80208333333333,2663685,2663685.9375,-0.4999998091184352,0.4375001908815648
11598,120.821875,2664123,2664122.34375,0.4375001908815648,-0.21874980911843522
11599,120.83229166666668,2664352,2664352.03125,-0.21874980911843522,-0.18749980911843522
11600,120.84270833333333,2664582,2664581.71875,-0.18749980911843522,-0.4687498091184352
11601,120.853125,2664811,2664811.40625,-0.4687498091184352,-0.06249980911843522
11602,120.86354166666668,2665041,2665041.09375,-0.06249980911843522,0.03125019088156478
11603,120.87395833333333,2665271,2665270.78125,0.03125019088156478,-0.18749980911843522
11604,120.875,2665294,2665293.75,-0.18749980911843522,-0.4374998091184352
11605,120.88541666666667,2665523,2665523.4375,-0.4374998091184352,1.9088156477664597e-07
11606,120.89583333333333,2665753,2665753.125,1.9088156477664597e-07,0.12500019088156478
11607,120.90625,2665983,2665982.8125,0.12500019088156478,-0.06249980911843522
11608,120.91666666666667,2666212,2666212.5,-0.06249980911843522,0.4375001908815648
11609,120.92708333333333,2666443,2666442.1875,0.4375001908815648,-0.3749998091184352
11610,120.946875,2666878,2666878.59375,-0.3749998091184352,0.21875019088156478
11611,120.95729166666668,2667109,2667108.28125,0.21875019088156478,-0.4999998091184352
11612,120.96770833333333,2667337,2667337.96875,-0.4999998091184352,0.4687501908815648
11613,120.978125,2667568,2667567.65625,0.4687501908815648,0.12500019088156478
11614,120.98854166666668,2667797,2667797.34375,0.12500019088156478,0.4687501908815648
11615,120.99895833333333,2668028,2668027.03125,0.4687501908815648,-0.4999998091184352
11616,121.0,2668050,2668050.0,-0.4999998091184352,-0.4999998091184352
11617,121.01041666666667,2668279,2668279.6875,-0.4999998091184352,0.18750019088156478
11618,121.02083333333333,2668510,2668509.375,0.18750019088156478,-0.4374998091184352
11619,121.03125,2668739,2668739.0625,-0.4374998091184352,-0.3749998091184352
11620,121.04166666666667,2668968,2668968.75,-0.3749998091184352,0.3750001908815648
11621,121.05208333333333,2669199,2669198.4375,0.3750001908815648,-0.18749980911843522
11622,121.071875,2669635,2669634.84375,-0.18749980911843522,-0.3437498091184352
11623,121.08229166666668,2669864,2669864.53125,-0.3437498091184352,0.18750019088156478
11624,121.09270833333333,2670094,2670094.21875,0.18750019088156478,0.4062501908815648
11625,121.103125,2670324,2670323.90625,0.4062501908815648,0.3125001908815648
11626,121.11354166666668,2670554,2670553.59375,0.3125001908815648,-0.09374980911843522
11627,121.12395833333333,2670783,2670783.28125,-0.09374980911843522,0.18750019088156478
11628,121.125,2670806,2670806.25,0.18750019088156478,0.4375001908815648
11629,121.13541666666667,2671036,2671035.9375,0.4375001908815648,0.3750001908815648
11630,121.14583333333333,2671266,2671265.625,0.3750001908815648,1.9088156477664597e-07
11631,121.15625,2671495,2671495.3125,1.9088156477664597e-07,0.3125001908815648
11632,121.16666666666667,2671725,2671725.0,0.3125001908815648,0.3125001908815648
11633,121.17708333333333,2671955,2671954.6875,0.3125001908815648,1.9088156477664597e-07
11634,121.196875,2672391,2672391.09375,1.9088156477664597e-07,0.09375019088156478
11635,121.20729166666668,2672621,2672620.78125,0.09375019088156478,-0.12499980911843522
11636,121.21770833333333,2672850,2672850.46875,-0.12499980911843522,0.3437501908815648
11637,121.228125,2673081,2673080.15625,0.3437501908815648,-0.4999998091184352
11638,121.23854166666668,2673309,2673309.84375,-0.4999998091184352,0.3437501908815648
11639,121.24895833333333,2673540,2673539.53125,0.3437501908815648,-0.12499980911843522
11640,121.25,2673562,2673562.5,-0.12499980911843522,0.3750001908815648
11641,121.26041666666667,2673793,2673792.1875,0.3750001908815648,-0.4374998091184352
11642,121.27083333333333,2674021,2674021.875,-0.4374998091184352,0.4375001908815648
11643,121.28125,2674252,2674251.5625,0.4375001908815648,1.9088156477664597e-07
11644,121.29166666666667,2674481,2674481.25,1.9088156477664597e-07,0.2500001908815648
11645,121.30208333333333,2674711,2674710.9375,0.2500001908815648,0.18750019088156478
11646,121.321875,2675148,2675147.34375,0.18750019088156478,-0.4687498091184352
11647,121.33229166666668,2675377,2675377.03125,-0.4687498091184352,-0.4374998091184352
11648,121.34270833333333,2675606,2675606.71875,-0.4374998091184352,0.2812501908815648
11649,121.353125,2675837,2675836.40625,0.2812501908815648,-0.3124998091184352
11650,121.36354166666668,2676066,2676066.09375,-0.3124998091184352,-0.21874980911843522
11651,121.37395833333333,2676296,2676295.78125,-0.21874980911843522,-0.4374998091184352
11652,121.375,2676318,2676318.75,-0.4374998091184352,0.3125001908815648
11653,121.38541666666667,2676549,2676548.4375,0.3125001908815648,-0.24999980911843522
11654,121.39583333333333,2676778,2676778.125,-0.24999980911843522,-0.12499980911843522
11655,121.40625,2677008,2677007.8125,-0.12499980911843522,-0.3124998091184352
11656,121.41666666666667,2677237,2677237.5,-0.3124998091184352,0.18750019088156478
11657,121.42708333333333,2677467,2677467.1875,0.18750019088156478,0.3750001908815648
11658,121.446875,2677904,2677903.59375,0.3750001908815648,-0.031249809118435223
11659,121.45729166666668,2678133,2678133.28125,-0.031249809118435223,0.2500001908815648
11660,121.46770833333333,2678363,2678362.96875,0.2500001908815648,0.21875019088156478
11661,121.478125,2678593,2678592.65625,0.21875019088156478,-0.12499980911843522
11662,121.48854166666668,2678822,2678822.34375,-0.12499980911843522,0.21875019088156478
11663,121.49895833333333,2679052,2679052.03125,0.21875019088156478,0.2500001908815648
11664,121.5,2679075,2679075.0,0.2500001908815648,0.2500001908815648
11665,121.51041666666667,2679305,2679304.6875,0.2500001908815648,-0.06249980911843522
11666,121.52083333333333,2679534,2679534.375,-0.06249980911843522,0.3125001908815648
11667,121.53125,2679764,2679764.0625,0.3125001908815648,0.3750001908815648
11668,121.54166666666667,2679994,2679993.75,0.3750001908815648,0.12500019088156478
11669,121.55208333333333,2680224,2680223.4375,0.12500019088156478,-0.4374998091184352
11670,121.571875,2680659,2680659.84375,-0.4374998091184352,0.4062501908815648
11671,121.58229166666668,2680890,2680889.53125,0.4062501908815648,-0.06249980911843522
11672,121.59270833333333,2681119,2681119.21875,-0.06249980911843522,0.15625019088156478
11673,121.603125,2681349,2681348.90625,0.15625019088156478,0.06250019088156478
11674,121.61354166666668,2681579,2681578.59375,0.06250019088156478,-0.3437498091184352
11675,121.62395833333333,2681808,2681808.28125,-0.3437498091184352,-0.06249980911843522
11676,121.625,2681831,2681831.25,-0.06249980911843522,0.18750019088156478
11677,121.63541666666667,2682061,2682060.9375,0.18750019088156478,0.12500019088156478
11678,121.64583333333333,2682291,2682290.625,0.12500019088156478,-0.24999980911843522
11679,121.65625,2682520,2682520.3125,-0.24999980911843522,0.06250019088156478
11680,121.66666666666667,2682750,2682750.0,0.06250019088156478,0.06250019088156478
11681,121.67708333333333,2682980,2682979.6875,0.06250019088156478,-0.24999980911843522
11682,121.696875,2683416,2683416.09375,-0.24999980911843522,-0.15624980911843522
11683,121.70729166666668,2683646,2683645.78125,-0.15624980911843522,-0.3749998091184352
11684,121.71770833333333,2683875,2683875.46875,-0.3749998091184352,0.09375019088156478
11685,121.728125,2684105,2684105.15625,0.09375019088156478,0.2500001908815648
11686,121.73854166666668,2684335,2684334.84375,0.2500001908815648,0.09375019088156478
11687,121.74895833333333,2684565,2684564.53125,0.09375019088156478,-0.3749998091184352
11688,121.75,2684587,2684587.5,-0.3749998091184352,0.12500019088156478
11689,121.76041666666667,2684817,2684817.1875,0.12500019088156478,0.3125001908815648
11690,121.77083333333333,2685047,2685046.875,0.3125001908815648,0.18750019088156478
11691,121.78125,2685277,2685276.5625,0.18750019088156478,-0.24999980911843522
11692,121.79166666666667,2685506,2685506.25,-0.24999980911843522,1.9088156477664597e-07
11693,121.80208333333333,2685736,2685735.9375,1.9088156477664597e-07,-0.06249980911843522
11694,121.821875,2686172,2686172.34375,-0.06249980911843522,0.2812501908815648
11695,121.83229166666668,2686402,2686402.03125,0.2812501908815648,0.3125001908815648
11696,121.84270833333333,2686632,2686631.71875,0.3125001908815648,0.03125019088156478
11697,121.853125,2686861,2686861.40625,0.03125019088156478,0.4375001908815648
11698,121.86354166666668,2687092,2687091.09375,0.4375001908815648,-0.4687498091184352
11699,121.87395833333333,2687320,2687320.78125,-0.4687498091184352,0.3125001908815648
11700,121.875,2687344,2687343.75,0.3125001908815648,0.06250019088156478
11701,121.88541666666667,2687574,2687573.4375,0.06250019088156478,-0.4999998091184352
11702,121.89583333333333,2687803,2687803.125,-0.4999998091184352,-0.3749998091184352
11703,121.90625,2688032,2688032.8125,-0.3749998091184352,0.4375001908815648
11704,121.91666666666667,2688263,2688262.5,0.4375001908815648,-0.06249980911843522
11705,121.92708333333333,2688492,2688492.1875,-0.06249980911843522,0.12500019088156478
11706,121.946875,2688929,2688928.59375,0.12500019088156478,-0.2812498091184352
11707,121.95729166666668,2689158,2689158.28125,-0.2812498091184352,1.9088156477664597e-07
11708,121.96770833333333,2689388,2689387.96875,1.9088156477664597e-07,-0.031249809118435223
11709,121.978125,2689618,2689617.65625,-0.031249809118435223,-0.3749998091184352
11710,121.98854166666668,2689847,2689847.34375,-0.3749998091184352,-0.031249809118435223
11711,121.99895833333333,2690077,2690077.03125,-0.031249809118435223,1.9088156477664597e-07
11712,122.0,2690100,2690100.0,1.9088156477664597e-07,1.9088156477664597e-07
11713,122.01041666666667,2690330,2690329.6875,1.9088156477664597e-07,-0.3124998091184352
11714,122.02083333333333,2690559,2690559.375,-0.3124998091184352,0.06250019088156478
11715,122.03125,2690789,2690789.0625,0.06250019088156478,0.12500019088156478
11716,122.04166666666667,2691019,2691018.75,0.12500019088156478,-0.12499980911843522
11717,122.05208333333333,2691248,2691248.4375,-0.12499980911843522,0.3125001908815648
11718,122.071875,2691685,2691684.84375,0.3125001908815648,0.15625019088156478
11719,122.08229166666668,2691915,2691914.53125,0.15625019088156478,-0.3124998091184352
11720,122.09270833333333,2692144,2692144.21875,-0.3124998091184352,-0.09374980911843522
11721,122.103125,2692374,2692373.90625,-0.09374980911843522,-0.18749980911843522
11722,122.11354166666668,2692603,2692603.59375,-0.18749980911843522,0.4062501908815648
11723,122.12395833333333,2692834,2692833.28125,0.4062501908815648,-0.3124998091184352
11724,122.125,2692856,2692856.25,-0.3124998091184352,-0.06249980911843522
11725,122.13541666666667,2693086,2693085.9375,-0.06249980911843522,-0.12499980911843522
11726,122.14583333333333,2693316,2693315.625,-0.12499980911843522,-0.4999998091184352
11727,122.15625,2693545,2693545.3125,-0.4999998091184352,-0.18749980911843522
11728,122.16666666666667,2693775,2693775.0,-0.18749980911843522,-0.18749980911843522
11729,122.17708333333333,2694005,2694004.6875,-0.18749980911843522,-0.4999998091184352
11730,122.196875,2694441,2694441.09375,-0.4999998091184352,-0.4062498091184352
11731,122.20729166666668,2694670,2694670.78125,-0.4062498091184352,0.3750001908815648
11732,122.21770833333333,2694901,2694900.46875,0.3750001908815648,-0.15624980911843522
11733,122.228125,2695130,2695130.15625,-0.15624980911843522,1.9088156477664597e-07
11734,122.23854166666668,2695360,2695359.84375,1.9088156477664597e-07,-0.15624980911843522
11735,122.24895833333333,2695589,2695589.53125,-0.15624980911843522,0.3750001908815648
11736,122.25,2695613,2695612.5,0.3750001908815648,-0.12499980911843522
11737,122.26041666666667,2695842,2695842.1875,-0.12499980911843522,0.06250019088156478
11738,122.27083333333333,2696072,2696071.875,0.06250019088156478,-0.06249980911843522
11739,122.28125,2696302,2696301.5625,-0.06249980911843522,-0.4999998091184352
11740,122.29166666666667,2696531,2696531.25,-0.4999998091184352,-0.24999980911843522
11741,122.30208333333333,2696761,2696760.9375,-0.24999980911843522,-0.3124998091184352
11742,122.321875,2697197,2697197.34375,-0.3124998091184352,0.03125019088156478
11743,122.33229166666668,2697427,2697427.03125,0.03125019088156478,0.06250019088156478
11744,122.34270833333333,2697657,2697656.71875,0.06250019088156478,-0.21874980911843522
11745,122.353125,2697886,2697886.40625,-0.21874980911843522,0.18750019088156478
11746,122.36354166666668,2698116,2698116.09375,0.18750019088156478,0.2812501908815648
11747,122.37395833333333,2698346,2698345.78125,0.2812501908815648,0.06250019088156478
11748,122.375,2698369,2698368.75,0.06250019088156478,-0.18749980911843522
11749,122.38541666666667,2698598,2698598.4375,-0.18749980911843522,0.2500001908815648
11750,122.39583333333333,2698828,2698828.125,0.2500001908815648,0.3750001908815648
11751,122.40625,2699058,2699057.8125,0.3750001908815648,0.18750019088156478
11752,122.41666666666667,2699288,2699287.5,0.18750019088156478,-0.3124998091184352
11753,122.42708333333333,2699517,2699517.1875,-0.3124998091184352,-0.12499980911843522
11754,122.446875,2699953,2699953.59375,-0.12499980911843522,0.4687501908815648
11755,122.45729166666668,2700184,2700183.28125,0.4687501908815648,-0.24999980911843522
11756,122.46770833333333,2700413,2700412.96875,-0.24999980911843522,-0.2812498091184352
11757,122.478125,2700642,2700642.65625,-0.2812498091184352,0.3750001908815648
11758,122.48854166666668,2700873,2700872.34375,0.3750001908815648,-0.2812498091184352
11759,122.49895833333333,2701102,2701102.03125,-0.2812498091184352,-0.24999980911843522
11760,122.5,2701125,2701125.0,-0.24999980911843522,-0.24999980911843522
11761,122.51041666666667,2701354,2701354.6875,-0.24999980911843522,0.4375001908815648
11762,122.52083333333333,2701585,2701584.375,0.4375001908815648,-0.18749980911843522
11763,122.53125,2701814,2701814.0625,-0.18749980911843522,-0.12499980911843522
11764,122.54166666666667,2702044,2702043.75,-0.12499980911843522,-0.3749998091184352
11765,122.55208333333333,2702273,2702273.4375,-0.3749998091184352,0.06250019088156478
11766,122.571875,2702710,2702709.84375,0.06250019088156478,-0.09374980911843522
11767,122.58229166666668,2702939,2702939.53125,-0.09374980911843522,0.4375001908815648
11768,122.59270833333333,2703170,2703169.21875,0.4375001908815648,-0.3437498091184352
11769,122.603125,2703399,2703398.90625,-0.3437498091184352,-0.4374998091184352
11770,122.61354166666668,2703628,2703628.59375,-0.4374998091184352,0.15625019088156478
11771,122.62395833333333,2703858,2703858.28125,0.15625019088156478,0.4375001908815648
11772,122.625,2703882,2703881.25,0.4375001908815648,-0.3124998091184352
11773,122.63541666666667,2704111,2704110.9375,-0.3124998091184352,-0.3749998091184352
11774,122.64583333333333,2704340,2704340.625,-0.3749998091184352,0.2500001908815648
11775,122.65625,2704571,2704570.3125,0.2500001908815648,-0.4374998091184352
11776,122.66666666666667,2704800,2704800.0,-0.4374998091184352,-0.4374998091184352
11777,122.67708333333333,2705029,2705029.6875,-0.4374998091184352,0.2500001908815648
11778,122.696875,2705466,2705466.09375,0.2500001908815648,0.3437501908815648
11779,122.70729166666668,2705696,2705695.78125,0.3437501908815648,0.12500019088156478
11780,122.71770833333333,2705926,2705925.46875,0.12500019088156478,-0.4062498091184352
11781,122.728125,2706155,2706155.15625,-0.4062498091184352,-0.24999980911843522
11782,122.73854166666668,2706385,2706384.84375,-0.24999980911843522,-0.4062498091184352
11783,122.74895833333333,2706614,2706614.53125,-0.4062498091184352,0.12500019088156478
11784,122.75,2706638,2706637.5,0.12500019088156478,-0.3749998091184352
11785,122.76041666666667,2706867,2706867.1875,-0.3749998091184352,-0.18749980911843522
11786,122.77083333333333,2707097,2707096.875,-0.18749980911843522,-0.3124998091184352
11787,122.78125,2707326,2707326.5625,-0.3124998091184352,0.2500001908815648
11788,122.79166666666667,2707557,2707556.25,0.2500001908815648,-0.4999998091184352
11789,122.80208333333333,2707785,2707785.9375,-0.4999998091184352,0.4375001908815648
11790,122.821875,2708223,2708222.34375,0.4375001908815648,-0.21874980911843522
11791,122.83229166666668,2708452,2708452.03125,-0.21874980911843522,-0.18749980911843522
11792,122.84270833333333,2708682,2708681.71875,-0.18749980911843522,-0.4687498091184352
11793,122.853125,2708911,2708911.40625,-0.4687498091184352,-0.06249980911843522
11794,122.86354166666668,2709141,2709141.09375,-0.06249980911843522,0.03125019088156478
11795,122.87395833333333,2709371,2709370.78125,0.03125019088156478,-0.18749980911843522
11796,122.875,2709394,2709393.75,-0.18749980911843522,-0.4374998091184352
11797,122.88541666666667,2709623,2709623.4375,-0.4374998091184352,1.9088156477664597e-07
11798,122.89583333333333,2709853,2709853.125,1.9088156477664597e-07,0.12500019088156478
11799,122.90625,2710083,2710082.8125,0.12500019088156478,-0.06249980911843522
11800,122.91666666666667,2710312,2710312.5,-0.06249980911843522,0.4375001908815648
11801,122.92708333333333,2710543,2710542.1875,0.4375001908815648,-0.3749998091184352
11802,122.946875,2710978,2710978.59375,-0.3749998091184352,0.21875019088156478
11803,122.95729166666668,2711209,2711208.28125,0.21875019088156478,-0.4999998091184352
11804,122.96770833333333,2711437,2711437.96875,-0.4999998091184352,0.4687501908815648
11805,122.978125,2711668,2711667.65625,0.4687501908815648,0.12500019088156478
11806,122.98854166666668,2711897,2711897.34375,0.12500019088156478,0.4687501908815648
11807,122.99895833333333,2712128,2712127.03125,0.4687501908815648,-0.4999998091184352
11808,123.0,2712150,2712150.0,-0.4999998091184352,-0.4999998091184352
11809,123.01041666666667,2712379,2712379.6875,-0.4999998091184352,0.18750019088156478
11810,123.02083333333333,2712610,2712609.375,0.18750019088156478,-0.4374998091184352
11811,123.03125,2712839,2712839.0625,-0.4374998091184352,-0.3749998091184352
11812,123.04166666666667,2713068,2713068.75,-0.3749998091184352,0.3750001908815648
11813,123.05208333333333,2713299,2713298.4375,0.3750001908815648,-0.18749980911843522
11814,123.071875,2713735,2713734.84375,-0.18749980911843522,-0.3437498091184352
11815,123.08229166666668,2713964,2713964.53125,-0.3437498091184352,0.18750019088156478
11816,123.09270833333333,2714194,2714194.21875,0.18750019088156478,0.4062501908815648
11817,123.103125,2714424,2714423.90625,0.4062501908815648,0.3125001908815648
11818,123.11354166666668,2714654,2714653.59375,0.3125001908815648,-0.09374980911843522
11819,123.12395833333333,2714883,2714883.28125,-0.09374980911843522,0.18750019088156478
11820,123.125,2714906,2714906.25,0.18750019088156478,0.4375001908815648
11821,123.13541666666667,2715136,2715135.9375,0.4375001908815648,0.3750001908815648
11822,123.14583333333333,2715366,2715365.625,0.3750001908815648,1.9088156477664597e-07
11823,123.15625,2715595,2715595.3125,1.9088156477664597e-07,0.3125001908815648
11824,123.16666666666667,2715825,2715825.0,0.3125001908815648,0.3125001908815648
11825,123.17708333333333,2716055,2716054.6875,0.3125001908815648,1.9088156477664597e-07
11826,123.196875,2716491,2716491.09375,1.9088156477664597e-07,0.09375019088156478
11827,123.20729166666668,2716721,2716720.78125,0.09375019088156478,-0.12499980911843522
11828,123.21770833333333,2716950,2716950.46875,-0.12499980911843522,0.3437501908815648
11829,123.228125,2717181,2717180.15625,0.3437501908815648,-0.4999998091184352
11830,123.23854166666668,2717409,2717409.84375,-0.4999998091184352,0.3437501908815648
11831,123.24895833333333,2717640,2717639.53125,0.3437501908815648,-0.12499980911843522
11832,123.25,2717662,2717662.5,-0.12499980911843522,0.3750001908815648
11833,123.26041666666667,2717893,2717892.1875,0.3750001908815648,-0.4374998091184352
11834,123.27083333333333,2718121,2718121.875,-0.4374998091184352,0.4375001908815648
11835,123.28125,2718352,2718351.5625,0.4375001908815648,1.9088156477664597e-07
11836,123.29166666666667,2718581,2718581.25,1.9088156477664597e-07,0.2500001908815648
11837,123.30208333333333,2718811,2718810.9375,0.2500001908815648,0.18750019088156478
11838,123.321875,2719248,2719247.34375,0.18750019088156478,-0.4687498091184352
11839,123.33229166666668,2719477,2719477.03125,-0.4687498091184352,-0.4374998091184352
11840,123.34270833333333,2719706,2719706.71875,-0.4374998091184352,0.2812501908815648
11841,123.353125,2719937,2719936.40625,0.2812501908815648,-0.3124998091184352
11842,123.36354166666668,2720166,2720166.09375,-0.3124998091184352,-0.21874980911843522
11843,123.37395833333333,2720396,2720395.78125,-0.21874980911843522,-0.4374998091184352
11844,123.375,2720418,2720418.75,-0.4374998091184352,0.3125001908815648
11845,123.38541666666667,2720649,2720648.4375,0.3125001908815648,-0.24999980911843522
11846,123.39583333333333,2720878,2720878.125,-0.24999980911843522,-0.12499980911843522
11847,123.40625,2721108,2721107.8125,-0.12499980911843522,-0.3124998091184352
11848,123.41666666666667,2721337,2721337.5,-0.3124998091184352,0.18750019088156478
11849,123.42708333333333,2721567,2721567.1875,0.18750019088156478,0.3750001908815648
11850,123.446875,2722004,2722003.59375,0.3750001908815648,-0.031249809118435223
11851,123.45729166666668,2722233,2722233.28125,-0.031249809118435223,0.2500001908815648
11852,123.46770833333333,2722463,2722462.96875,0.2500001908815648,0.21875019088156478
11853,123.478125,2722693,2722692.65625,0.21875019088156478,-0.12499980911843522
11854,123.48854166666668,2722922,2722922.34375,-0.12499980911843522,0.21875019088156478
11855,123.49895833333333,2723152,2723152.03125,0.21875019088156478,0.2500001908815648
11856,123.5,2723175,2723175.0,0.2500001908815648,0.2500001908815648
11857,123.51041666666667,2723405,2723404.6875,0.2500001908815648,-0.06249980911843522
11858,123.52083333333333,2723634,2723634.375,-0.06249980911843522,0.3125001908815648
11859,123.53125,2723864,2723864.0625,0.3125001908815648,0.3750001908815648
11860,123.54166666666667,2724094,2724093.75,0.3750001908815648,0.12500019088156478
11861,123.55208333333333,2724324,2724323.4375,0.12500019088156478,-0.4374998091184352
11862,123.571875,2724759,2724759.84375,-0.4374998091184352,0.4062501908815648
11863,123.58229166666668,2724990,2724989.53125,0.4062501908815648,-0.06249980911843522
11864,123.59270833333333,2725219,2725219.21875,-0.06249980911843522,0.15625019088156478
11865,123.603125,2725449,2725448.90625,0.15625019088156478,0.06250019088156478
11866,123.61354166666668,2725679,2725678.59375,0.06250019088156478,-0.3437498091184352
11867,123.62395833333333,2725908,2725908.28125,-0.3437498091184352,-0.06249980911843522
11868,123.625,2725931,2725931.25,-0.06249980911843522,0.18750019088156478
11869,123.63541666666667,2726161,2726160.9375,0.18750019088156478,0.12500019088156478
11870,123.64583333333333,2726391,2726390.625,0.12500019088156478,-0.24999980911843522
11871,123.65625,2726620,2726620.3125,-0.24999980911843522,0.06250019088156478
11872,123.66666666666667,2726850,2726850.0,0.06250019088156478,0.06250019088156478
11873,123.67708333333333,2727080,2727079.6875,0.06250019088156478,-0.24999980911843522
11874,123.696875,2727516,2727516.09375,-0.24999980911843522,-0.15624980911843522
11875,123.70729166666668,2727746,2727745.78125,-0.15624980911843522,-0.3749998091184352
11876,123.71770833333333,2727975,2727975.46875,-0.3749998091184352,0.09375019088156478
11877,123.728125,2728205,2728205.15625,0.09375019088156478,0.2500001908815648
11878,123.73854166666668,2728435,2728434.84375,0.2500001908815648,0.09375019088156478
11879,123.74895833333333,2728665,2728664.53125,0.09375019088156478,-0.3749998091184352
11880,123.75,2728687,2728687.5,-0.3749998091184352,0.12500019088156478
11881,123.76041666666667,2728917,2728917.1875,0.12500019088156478,0.3125001908815648
11882,123.77083333333333,2729147,2729146.875,0.3125001908815648,0.18750019088156478
11883,123.78125,2729377,2729376.5625,0.18750019088156478,-0.24999980911843522
11884,123.79166666666667,2729606,2729606.25,-0.24999980911843522,1.9088156477664597e-07
11885,123.80208333333333,2729836,2729835.9375,1.9088156477664597e-07,-0.06249980911843522
11886,123.821875,2730272,2730272.34375,-0.06249980911843522,0.2812501908815648
11887,123.83229166666668,2730502,2730502.03125,0.2812501908815648,0.3125001908815648
11888,123.84270833333333,2730732,2730731.71875,0.3125001908815648,0.03125019088156478
11889,123.853125,2730961,2730961.40625,0.03125019088156478,0.4375001908815648
11890,123.86354166666668,2731192,2731191.09375,0.4375001908815648,-0.4687498091184352
11891,123.87395833333333,2731420,2731420.78125,-0.4687498091184352,0.3125001908815648
11892,123.875,2731444,2731443.75,0.3125001908815648,0.06250019088156478
11893,123.88541666666667,2731674,2731673.4375,0.06250019088156478,-0.4999998091184352
11894,123.89583333333333,2731903,2731903.125,-0.4999998091184352,-0.3749998091184352
11895,123.90625,2732132,2732132.8125,-0.3749998091184352,0.4375001908815648
11896,123.91666666666667,2732363,2732362.5,0.4375001908815648,-0.06249980911843522
11897,123.92708333333333,2732592,2732592.1875,-0.06249980911843522,0.12500019088156478
11898,123.946875,2733029,2733028.59375,0.12500019088156478,-0.2812498091184352
11899,123.95729166666668,2733258,2733258.28125,-0.2812498091184352,1.9088156477664597e-07
11900,123.96770833333333,2733488,2733487.96875,1.9088156477664597e-07,-0.031249809118435223
11901,123.978125,2733718,2733717.65625,-0.031249809118435223,-0.3749998091184352
11902,123.98854166666668,2733947,2733947.34375,-0.3749998091184352,-0.031249809118435223
11903,123.99895833333333,2734177,2734177.03125,-0.031249809118435223,1.9088156477664597e-07
11904,124.0,2734200,2734200.0,1.9088156477664597e-07,1.9088156477664597e-07
11905,124.01041666666667,2734430,2734429.6875,1.9088156477664597e-07,-0.3124998091184352
11906,124.02083333333333,2734659,2734659.375,-0.3124998091184352,0.06250019088156478
11907,124.03125,2734889,2734889.0625,0.06250019088156478,0.12500019088156478
11908,124.04166666666667,2735119,2735118.75,0.12500019088156478,-0.12499980911843522
11909,124.05208333333333,2735348,2735348.4375,-0.12499980911843522,0.3125001908815648
11910,124.071875,2735785,2735784.84375,0.3125001908815648,0.15625019088156478
11911,124.08229166666668,2736015,2736014.53125,0.15625019088156478,-0.3124998091184352
11912,124.09270833333333,2736244,2736244.21875,-0.3124998091184352,-0.09374980911843522
11913,124.103125,2736474,2736473.90625,-0.09374980911843522,-0.18749980911843522
11914,124.11354166666668,2736703,2736703.59375,-0.18749980911843522,0.4062501908815648
11915,124.12395833333333,2736934,2736933.28125,0.4062501908815648,-0.3124998091184352
11916,124.125,2736956,2736956.25,-0.3124998091184352,-0.06249980911843522
11917,124.13541666666667,2737186,2737185.9375,-0.06249980911843522,-0.12499980911843522
11918,124.14583333333333,2737416,2737415.625,-0.12499980911843522,-0.4999998091184352
11919,124.15625,2737645,2737645.3125,-0.4999998091184352,-0.18749980911843522
11920,124.16666666666667,2737875,2737875.0,-0.18749980911843522,-0.18749980911843522
11921,124.17708333333333,2738105,2738104.6875,-0.18749980911843522,-0.4999998091184352
11922,124.196875,2738541,2738541.09375,-0.4999998091184352,-0.4062498091184352
11923,124.20729166666668,2738770,2738770.78125,-0.4062498091184352,0.3750001908815648
11924,124.21770833333333,2739001,2739000.46875,0.3750001908815648,-0.15624980911843522
11925,124.228125,2739230,2739230.15625,-0.15624980911843522,1.9088156477664597e-07
11926,124.23854166666668,2739460,2739459.84375,1.9088156477664597e-07,-0.15624980911843522
11927,124.24895833333333,2739689,2739689.53125,-0.15624980911843522,0.3750001908815648
11928,124.25,2739713,2739712.5,0.3750001908815648,-0.12499980911843522
11929,124.26041666666667,2739942,2739942.1875,-0.12499980911843522,0.06250019088156478
11930,124.27083333333333,2740172,2740171.875,0.06250019088156478,-0.06249980911843522
11931,124.28125,2740402,2740401.5625,-0.06249980911843522,-0.4999998091184352
11932,124.29166666666667,2740631,2740631.25,-0.4999998091184352,-0.24999980911843522
11933,124.30208333333333,2740861,2740860.9375,-0.24999980911843522,-0.3124998091184352
11934,124.321875,2741297,2741297.34375,-0.3124998091184352,0.03125019088156478
11935,124.33229166666668,2741527,2741527.03125,0.03125019088156478,0.06250019088156478
11936,124.34270833333333,2741757,2741756.71875,0.06250019088156478,-0.21874980911843522
11937,124.353125,2741986,2741986.40625,-0.21874980911843522,0.18750019088156478
11938,124.36354166666668,2742216,2742216.09375,0.18750019088156478,0.2812501908815648
11939,124.37395833333333,2742446,2742445.78125,0.2812501908815648,0.06250019088156478
11940,124.375,2742469,2742468.75,0.06250019088156478,-0.18749980911843522
11941,124.38541666666667,2742698,2742698.4375,-0.18749980911843522,0.2500001908815648
11942,124.39583333333333,2742928,2742928.125,0.2500001908815648,0.3750001908815648
11943,124.40625,2743158,2743157.8125,0.3750001908815648,0.18750019088156478
11944,124.41666666666667,2743388,2743387.5,0.18750019088156478,-0.3124998091184352
11945,124.42708333333333,2743617,2743617.1875,-0.3124998091184352,-0.12499980911843522
11946,124.446875,2744053,2744053.59375,-0.12499980911843522,0.4687501908815648
11947,124.45729166666668,2744284,2744283.28125,0.4687501908815648,-0.24999980911843522
11948,124.46770833333333,2744513,2744512.96875,-0.24999980911843522,-0.2812498091184352
11949,124.478125,2744742,2744742.65625,-0.2812498091184352,0.3750001908815648
11950,124.48854166666668,2744973,2744972.34375,0.3750001908815648,-0.2812498091184352
11951,124.49895833333333,2745202,2745202.03125,-0.2812498091184352,-0.24999980911843522
11952,124.5,2745225,2745225.0,-0.24999980911843522,-0.24999980911843522
11953,124.51041666666667,2745454,2745454.6875,-0.24999980911843522,0.4375001908815648
11954,124.52083333333333,2745685,2745684.375,0.4375001908815648,-0.18749980911843522
11955,124.53125,2745914,2745914.0625,-0.18749980911843522,-0.12499980911843522
11956,124.54166666666667,2746144,2746143.75,-0.12499980911843522,-0.3749998091184352
11957,124.55208333333333,2746373,2746373.4375,-0.3749998091184352,0.06250019088156478
11958,124.571875,2746810,2746809.84375,0.06250019088156478,-0.09374980911843522
11959,124.58229166666668,2747039,2747039.53125,-0.09374980911843522,0.4375001908815648
11960,124.59270833333333,2747270,2747269.21875,0.4375001908815648,-0.3437498091184352
11961,124.603125,2747499,2747498.90625,-0.3437498091184352,-0.4374998091184352
11962,124.61354166666668,2747728,2747728.59375,-0.4374998091184352,0.15625019088156478
11963,124.62395833333333,2747958,2747958.28125,0.15625019088156478,0.4375001908815648
11964,124.625,2747982,2747981.25,0.4375001908815648,-0.3124998091184352
11965,124.63541666666667,2748211,2748210.9375,-0.3124998091184352,-0.3749998091184352
11966,124.64583333333333,2748440,2748440.625,-0.3749998091184352,0.2500001908815648
11967,124.65625,2748671,2748670.3125,0.2500001908815648,-0.4374998091184352
11968,124.66666666666667,2748900,2748900.0,-0.4374998091184352,-0.4374998091184352
11969,124.67708333333333,2749129,2749129.6875,-0.4374998091184352,0.2500001908815648
11970,124.696875,2749566,2749566.09375,0.2500001908815648,0.3437501908815648
11971,124.70729166666668,2749796,2749795.78125,0.3437501908815648,0.12500019088156478
11972,124.71770833333333,2750026,2750025.46875,0.12500019088156478,-0.4062498091184352
11973,124.728125,2750255,2750255.15625,-0.4062498091184352,-0.24999980911843522
11974,124.73854166666668,2750485,2750484.84375,-0.24999980911843522,-0.4062498091184352
11975,124.74895833333333,2750714,2750714.53125,-0.4062498091184352,0.12500019088156478
11976,124.75,2750738,2750737.5,0.12500019088156478,-0.3749998091184352
11977,124.76041666666667,2750967,2750967.1875,-0.3749998091184352,-0.18749980911843522
11978,124.77083333333333,2751197,2751196.875,-0.18749980911843522,-0.3124998091184352
11979,124.78125,2751426,2751426.5625,-0.3124998091184352,0.2500001908815648
11980,124.79166666666667,2751657,2751656.25,0.2500001908815648,-0.4999998091184352
11981,124.80208333333333,2751885,2751885.9375,-0.4999998091184352,0.4375001908815648
11982,124.821875,2752323,2752322.34375,0.4375001908815648,-0.21874980911843522
11983,124.83229166666668,2752552,2752552.03125,-0.21874980911843522,-0.18749980911843522
11984,124.84270833333333,2752782,2752781.71875,-0.18749980911843522,-0.4687498091184352
11985,124.853125,2753011,2753011.40625,-0.4687498091184352,-0.06249980911843522
11986,124.86354166666668,2753241,2753241.09375,-0.06249980911843522,0.03125019088156478
11987,124.87395833333333,2753471,2753470.78125,0.03125019088156478,-0.18749980911843522
11988,124.875,2753494,2753493.75,-0.18749980911843522,-0.4374998091184352
11989,124.88541666666667,2753723,2753723.4375,-0.4374998091184352,1.9088156477664597e-07
11990,124.89583333333333,2753953,2753953.125,1.9088156477664597e-07,0.12500019088156478
11991,124.90625,2754183,2754182.8125,0.12500019088156478,-0.06249980911843522
11992,124.91666666666667,2754412,2754412.5,-0.06249980911843522,0.4375001908815648
11993,124.92708333333333,2754643,2754642.1875,0.4375001908815648,-0.3749998091184352
11994,124.946875,2755078,2755078.59375,-0.3749998091184352,0.21875019088156478
11995,124.95729166666668,2755309,2755308.28125,0.21875019088156478,-0.4999998091184352
11996,124.96770833333333,2755537,2755537.96875,-0.4999998091184352,0.4687501908815648
11997,124.978125,2755768,2755767.65625,0.4687501908815648,0.12500019088156478
11998,124.98854166666668,2755997,2755997.34375,0.12500019088156478,0.4687501908815648
11999,124.99895833333333,2756228,2756227.03125,0.4687501908815648,-0.4999998091184352
